ISO-10303-21;
HEADER;
/* Generated by software containing ST-Developer
 * from STEP Tools, Inc. (www.steptools.com) 
 */
/* OPTION: using custom renumber hook */

FILE_DESCRIPTION(
/* description */ ('STEP AP242 Edition 2',
'CAx-IF Rec.Pracs.---Representation and Presentation of Product Manufa
cturing Information (PMI)---4.0---2014-10-13',
'CAx-IF Rec.Pracs.---3D Tessellated Geometry---0.4---2014-09-14','2;1',
'CAx-IF Rec.Pracs.---User Defined Attributes---1.5---2016-08-15'),
/* implementation_level */ '2;1');

FILE_NAME(
/* name */ 'Part Studio 1 - Middle Case',
/* time_stamp */ '2026-07-04T16:40:45Z',
/* author */ (''),
/* organization */ (''),
/* preprocessor_version */ 'ST-DEVELOPER v20',
/* originating_system */ 'ONSHAPE BY PTC INC, 1.217',
/* authorisation */ '  ');

FILE_SCHEMA (('AP242_MANAGED_MODEL_BASED_3D_ENGINEERING_MIM_LF { 1 0 10303 442 3 1 4 }'));
ENDSEC;

DATA;
#10=SHAPE_REPRESENTATION_RELATIONSHIP('','',#3328,#11);
#11=ADVANCED_BREP_SHAPE_REPRESENTATION('',(#3326),#5708);
#12=B_SPLINE_SURFACE_WITH_KNOTS('',5,1,((#5453,#5454),(#5455,#5456),(#5457,
#5458),(#5459,#5460),(#5461,#5462),(#5463,#5464),(#5465,#5466),(#5467,#5468)),
 .SURF_OF_LINEAR_EXTRUSION.,.F.,.F.,.F.,(6,2,6),(2,2),(0.,0.5,1.),(0.,1.),
 .UNSPECIFIED.);
#13=B_SPLINE_SURFACE_WITH_KNOTS('',5,1,((#5469,#5470),(#5471,#5472),(#5473,
#5474),(#5475,#5476),(#5477,#5478),(#5479,#5480),(#5481,#5482),(#5483,#5484)),
 .SURF_OF_LINEAR_EXTRUSION.,.F.,.F.,.F.,(6,2,6),(2,2),(0.,0.5,1.),(0.,1.),
 .UNSPECIFIED.);
#14=B_SPLINE_SURFACE_WITH_KNOTS('',5,1,((#5485,#5486),(#5487,#5488),(#5489,
#5490),(#5491,#5492),(#5493,#5494),(#5495,#5496),(#5497,#5498),(#5499,#5500)),
 .SURF_OF_LINEAR_EXTRUSION.,.F.,.F.,.F.,(6,2,6),(2,2),(0.,0.5,1.),(0.,1.),
 .UNSPECIFIED.);
#15=B_SPLINE_SURFACE_WITH_KNOTS('',5,1,((#5501,#5502),(#5503,#5504),(#5505,
#5506),(#5507,#5508),(#5509,#5510),(#5511,#5512),(#5513,#5514),(#5515,#5516)),
 .SURF_OF_LINEAR_EXTRUSION.,.F.,.F.,.F.,(6,2,6),(2,2),(0.,0.5,1.),(0.,1.),
 .UNSPECIFIED.);
#16=CYLINDRICAL_SURFACE('',#3468,0.002);
#17=CYLINDRICAL_SURFACE('',#3470,0.002);
#18=CYLINDRICAL_SURFACE('',#3472,0.002);
#19=CYLINDRICAL_SURFACE('',#3474,0.002);
#20=CYLINDRICAL_SURFACE('',#3475,0.002);
#21=CYLINDRICAL_SURFACE('',#3477,0.002);
#22=CYLINDRICAL_SURFACE('',#3479,0.002);
#23=CYLINDRICAL_SURFACE('',#3481,0.002);
#24=CYLINDRICAL_SURFACE('',#3524,0.004375);
#25=CYLINDRICAL_SURFACE('',#3525,0.0015);
#26=CYLINDRICAL_SURFACE('',#3526,0.0015);
#27=CYLINDRICAL_SURFACE('',#3527,0.0015);
#28=CYLINDRICAL_SURFACE('',#3528,0.0015);
#29=CYLINDRICAL_SURFACE('',#3529,0.00201);
#30=CYLINDRICAL_SURFACE('',#3535,0.006375);
#31=CYLINDRICAL_SURFACE('',#3536,0.003);
#32=CYLINDRICAL_SURFACE('',#3537,0.003);
#33=CYLINDRICAL_SURFACE('',#3538,0.003);
#34=CYLINDRICAL_SURFACE('',#3539,0.003);
#35=CYLINDRICAL_SURFACE('',#3540,0.003);
#36=CYLINDRICAL_SURFACE('',#3541,0.003);
#37=CYLINDRICAL_SURFACE('',#3546,0.003);
#38=CYLINDRICAL_SURFACE('',#3547,0.003);
#39=CYLINDRICAL_SURFACE('',#3548,0.003);
#40=CYLINDRICAL_SURFACE('',#3549,0.003);
#41=CYLINDRICAL_SURFACE('',#3554,0.003);
#42=CYLINDRICAL_SURFACE('',#3555,0.003);
#43=CYLINDRICAL_SURFACE('',#3556,0.003);
#44=CYLINDRICAL_SURFACE('',#3557,0.003);
#45=CYLINDRICAL_SURFACE('',#3562,0.003);
#46=CYLINDRICAL_SURFACE('',#3563,0.003);
#47=CYLINDRICAL_SURFACE('',#3564,0.003);
#48=CYLINDRICAL_SURFACE('',#3565,0.003);
#49=CYLINDRICAL_SURFACE('',#3569,0.003);
#50=CYLINDRICAL_SURFACE('',#3570,0.003);
#51=CYLINDRICAL_SURFACE('',#3571,0.003);
#52=CYLINDRICAL_SURFACE('',#3573,0.006375);
#53=CYLINDRICAL_SURFACE('',#3575,0.00201);
#54=CYLINDRICAL_SURFACE('',#3576,0.00201);
#55=CYLINDRICAL_SURFACE('',#3579,0.003);
#56=CYLINDRICAL_SURFACE('',#3580,0.003);
#57=CYLINDRICAL_SURFACE('',#3581,0.003);
#58=CYLINDRICAL_SURFACE('',#3582,0.003);
#59=CYLINDRICAL_SURFACE('',#3583,0.003);
#60=CYLINDRICAL_SURFACE('',#3588,0.003);
#61=CYLINDRICAL_SURFACE('',#3589,0.003);
#62=CYLINDRICAL_SURFACE('',#3590,0.003);
#63=CYLINDRICAL_SURFACE('',#3591,0.003);
#64=CYLINDRICAL_SURFACE('',#3596,0.00370869709369389);
#65=CYLINDRICAL_SURFACE('',#3597,0.003);
#66=CYLINDRICAL_SURFACE('',#3598,0.003);
#67=CYLINDRICAL_SURFACE('',#3599,0.003);
#68=CYLINDRICAL_SURFACE('',#3600,0.003);
#69=CYLINDRICAL_SURFACE('',#3601,0.003);
#70=CYLINDRICAL_SURFACE('',#3606,0.004);
#71=CYLINDRICAL_SURFACE('',#3607,0.003);
#72=CYLINDRICAL_SURFACE('',#3608,0.003);
#73=CYLINDRICAL_SURFACE('',#3609,0.003);
#74=CYLINDRICAL_SURFACE('',#3610,0.003);
#75=CYLINDRICAL_SURFACE('',#3611,0.003);
#76=CYLINDRICAL_SURFACE('',#3615,0.00370869709369389);
#77=CYLINDRICAL_SURFACE('',#3617,0.004);
#78=CYLINDRICAL_SURFACE('',#3618,0.003);
#79=CYLINDRICAL_SURFACE('',#3619,0.003);
#80=CYLINDRICAL_SURFACE('',#3620,0.003);
#81=CYLINDRICAL_SURFACE('',#3621,0.003);
#82=CYLINDRICAL_SURFACE('',#3622,0.003);
#83=CYLINDRICAL_SURFACE('',#3623,0.003);
#84=B_SPLINE_CURVE_WITH_KNOTS('',3,(#4658,#4659,#4660,#4661,#4662,#4663,
#4664,#4665,#4666,#4667,#4668,#4669,#4670,#4671,#4672,#4673,#4674),
 .UNSPECIFIED.,.F.,.F.,(4,1,1,1,1,1,1,1,1,1,1,1,1,1,4),(0.,0.0625,0.125,
0.15625,0.1875,0.25,0.375,0.5,0.625,0.75,0.8125,0.875,0.90625,0.9375,1.),
 .UNSPECIFIED.);
#85=B_SPLINE_CURVE_WITH_KNOTS('',3,(#4678,#4679,#4680,#4681,#4682,#4683,
#4684,#4685,#4686,#4687,#4688,#4689,#4690,#4691,#4692,#4693,#4694),
 .UNSPECIFIED.,.F.,.F.,(4,1,1,1,1,1,1,1,1,1,1,1,1,1,4),(0.,0.0625,0.125,
0.15625,0.1875,0.25,0.375,0.5,0.625,0.75,0.8125,0.875,0.90625,0.9375,1.),
 .UNSPECIFIED.);
#86=B_SPLINE_CURVE_WITH_KNOTS('',3,(#4698,#4699,#4700,#4701,#4702,#4703,
#4704,#4705,#4706,#4707,#4708,#4709,#4710,#4711,#4712,#4713,#4714),
 .UNSPECIFIED.,.F.,.F.,(4,1,1,1,1,1,1,1,1,1,1,1,1,1,4),(0.,0.0625,0.125,
0.15625,0.1875,0.25,0.375,0.5,0.625,0.75,0.8125,0.875,0.90625,0.9375,1.),
 .UNSPECIFIED.);
#87=B_SPLINE_CURVE_WITH_KNOTS('',3,(#4718,#4719,#4720,#4721,#4722,#4723,
#4724,#4725,#4726,#4727,#4728,#4729,#4730,#4731,#4732,#4733,#4734),
 .UNSPECIFIED.,.F.,.F.,(4,1,1,1,1,1,1,1,1,1,1,1,1,1,4),(0.,0.0625,0.125,
0.15625,0.1875,0.25,0.375,0.5,0.625,0.75,0.8125,0.875,0.90625,0.9375,1.),
 .UNSPECIFIED.);
#88=B_SPLINE_CURVE_WITH_KNOTS('',3,(#5077,#5078,#5079,#5080,#5081,#5082,
#5083,#5084,#5085,#5086,#5087,#5088,#5089,#5090,#5091,#5092,#5093),
 .UNSPECIFIED.,.F.,.F.,(4,1,1,1,1,1,1,1,1,1,1,1,1,1,4),(0.,0.0625,0.125,
0.15625,0.1875,0.25,0.375,0.5,0.625,0.75,0.8125,0.875,0.90625,0.9375,1.),
 .UNSPECIFIED.);
#89=B_SPLINE_CURVE_WITH_KNOTS('',3,(#5097,#5098,#5099,#5100,#5101,#5102,
#5103,#5104,#5105,#5106,#5107,#5108,#5109,#5110,#5111,#5112,#5113),
 .UNSPECIFIED.,.F.,.F.,(4,1,1,1,1,1,1,1,1,1,1,1,1,1,4),(0.,0.0625,0.125,
0.15625,0.1875,0.25,0.375,0.5,0.625,0.75,0.8125,0.875,0.90625,0.9375,1.),
 .UNSPECIFIED.);
#90=B_SPLINE_CURVE_WITH_KNOTS('',3,(#5117,#5118,#5119,#5120,#5121,#5122,
#5123,#5124,#5125,#5126,#5127,#5128,#5129,#5130,#5131,#5132,#5133),
 .UNSPECIFIED.,.F.,.F.,(4,1,1,1,1,1,1,1,1,1,1,1,1,1,4),(0.,0.0625,0.125,
0.15625,0.1875,0.25,0.375,0.5,0.625,0.75,0.8125,0.875,0.90625,0.9375,1.),
 .UNSPECIFIED.);
#91=B_SPLINE_CURVE_WITH_KNOTS('',3,(#5137,#5138,#5139,#5140,#5141,#5142,
#5143,#5144,#5145,#5146,#5147,#5148,#5149,#5150,#5151,#5152,#5153),
 .UNSPECIFIED.,.F.,.F.,(4,1,1,1,1,1,1,1,1,1,1,1,1,1,4),(0.,0.0625,0.125,
0.15625,0.1875,0.25,0.375,0.5,0.625,0.75,0.8125,0.875,0.90625,0.9375,1.),
 .UNSPECIFIED.);
#92=B_SPLINE_CURVE_WITH_KNOTS('',3,(#5402,#5403,#5404,#5405),
 .UNSPECIFIED.,.F.,.F.,(4,4),(0.,1.),.UNSPECIFIED.);
#93=B_SPLINE_CURVE_WITH_KNOTS('',3,(#5406,#5407,#5408,#5409),
 .UNSPECIFIED.,.F.,.F.,(4,4),(0.,1.),.UNSPECIFIED.);
#94=B_SPLINE_CURVE_WITH_KNOTS('',3,(#5411,#5412,#5413,#5414),
 .UNSPECIFIED.,.F.,.F.,(4,4),(0.,1.),.UNSPECIFIED.);
#95=B_SPLINE_CURVE_WITH_KNOTS('',3,(#5415,#5416,#5417,#5418),
 .UNSPECIFIED.,.F.,.F.,(4,4),(0.,1.),.UNSPECIFIED.);
#96=B_SPLINE_CURVE_WITH_KNOTS('',3,(#5420,#5421,#5422,#5423),
 .UNSPECIFIED.,.F.,.F.,(4,4),(0.,1.),.UNSPECIFIED.);
#97=B_SPLINE_CURVE_WITH_KNOTS('',3,(#5424,#5425,#5426,#5427),
 .UNSPECIFIED.,.F.,.F.,(4,4),(0.,1.),.UNSPECIFIED.);
#98=B_SPLINE_CURVE_WITH_KNOTS('',3,(#5440,#5441,#5442,#5443),
 .UNSPECIFIED.,.F.,.F.,(4,4),(0.,1.),.UNSPECIFIED.);
#99=B_SPLINE_CURVE_WITH_KNOTS('',3,(#5444,#5445,#5446,#5447),
 .UNSPECIFIED.,.F.,.F.,(4,4),(0.,1.),.UNSPECIFIED.);
#100=LINE('',#4546,#423);
#101=LINE('',#4550,#424);
#102=LINE('',#4558,#425);
#103=LINE('',#4562,#426);
#104=LINE('',#4566,#427);
#105=LINE('',#4570,#428);
#106=LINE('',#4574,#429);
#107=LINE('',#4578,#430);
#108=LINE('',#4579,#431);
#109=LINE('',#4584,#432);
#110=LINE('',#4588,#433);
#111=LINE('',#4596,#434);
#112=LINE('',#4606,#435);
#113=LINE('',#4610,#436);
#114=LINE('',#4614,#437);
#115=LINE('',#4618,#438);
#116=LINE('',#4622,#439);
#117=LINE('',#4626,#440);
#118=LINE('',#4630,#441);
#119=LINE('',#4634,#442);
#120=LINE('',#4635,#443);
#121=LINE('',#4640,#444);
#122=LINE('',#4644,#445);
#123=LINE('',#4648,#446);
#124=LINE('',#4655,#447);
#125=LINE('',#4676,#448);
#126=LINE('',#4696,#449);
#127=LINE('',#4716,#450);
#128=LINE('',#4735,#451);
#129=LINE('',#4738,#452);
#130=LINE('',#4740,#453);
#131=LINE('',#4742,#454);
#132=LINE('',#4743,#455);
#133=LINE('',#4746,#456);
#134=LINE('',#4748,#457);
#135=LINE('',#4750,#458);
#136=LINE('',#4751,#459);
#137=LINE('',#4754,#460);
#138=LINE('',#4756,#461);
#139=LINE('',#4758,#462);
#140=LINE('',#4759,#463);
#141=LINE('',#4762,#464);
#142=LINE('',#4764,#465);
#143=LINE('',#4766,#466);
#144=LINE('',#4767,#467);
#145=LINE('',#4770,#468);
#146=LINE('',#4772,#469);
#147=LINE('',#4774,#470);
#148=LINE('',#4775,#471);
#149=LINE('',#4778,#472);
#150=LINE('',#4780,#473);
#151=LINE('',#4782,#474);
#152=LINE('',#4783,#475);
#153=LINE('',#4786,#476);
#154=LINE('',#4788,#477);
#155=LINE('',#4790,#478);
#156=LINE('',#4791,#479);
#157=LINE('',#4794,#480);
#158=LINE('',#4796,#481);
#159=LINE('',#4798,#482);
#160=LINE('',#4799,#483);
#161=LINE('',#4802,#484);
#162=LINE('',#4804,#485);
#163=LINE('',#4806,#486);
#164=LINE('',#4810,#487);
#165=LINE('',#4814,#488);
#166=LINE('',#4818,#489);
#167=LINE('',#4822,#490);
#168=LINE('',#4826,#491);
#169=LINE('',#4830,#492);
#170=LINE('',#4834,#493);
#171=LINE('',#4838,#494);
#172=LINE('',#4848,#495);
#173=LINE('',#4852,#496);
#174=LINE('',#4856,#497);
#175=LINE('',#4862,#498);
#176=LINE('',#4866,#499);
#177=LINE('',#4874,#500);
#178=LINE('',#4878,#501);
#179=LINE('',#4882,#502);
#180=LINE('',#4890,#503);
#181=LINE('',#4894,#504);
#182=LINE('',#4898,#505);
#183=LINE('',#4902,#506);
#184=LINE('',#4906,#507);
#185=LINE('',#4914,#508);
#186=LINE('',#4918,#509);
#187=LINE('',#4922,#510);
#188=LINE('',#4924,#511);
#189=LINE('',#4929,#512);
#190=LINE('',#4937,#513);
#191=LINE('',#4941,#514);
#192=LINE('',#4948,#515);
#193=LINE('',#4957,#516);
#194=LINE('',#4961,#517);
#195=LINE('',#4965,#518);
#196=LINE('',#4968,#519);
#197=LINE('',#4973,#520);
#198=LINE('',#4977,#521);
#199=LINE('',#4981,#522);
#200=LINE('',#4984,#523);
#201=LINE('',#4989,#524);
#202=LINE('',#4993,#525);
#203=LINE('',#4996,#526);
#204=LINE('',#5001,#527);
#205=LINE('',#5005,#528);
#206=LINE('',#5009,#529);
#207=LINE('',#5012,#530);
#208=LINE('',#5017,#531);
#209=LINE('',#5021,#532);
#210=LINE('',#5025,#533);
#211=LINE('',#5028,#534);
#212=LINE('',#5033,#535);
#213=LINE('',#5037,#536);
#214=LINE('',#5041,#537);
#215=LINE('',#5047,#538);
#216=LINE('',#5051,#539);
#217=LINE('',#5057,#540);
#218=LINE('',#5061,#541);
#219=LINE('',#5065,#542);
#220=LINE('',#5074,#543);
#221=LINE('',#5095,#544);
#222=LINE('',#5115,#545);
#223=LINE('',#5135,#546);
#224=LINE('',#5154,#547);
#225=LINE('',#5157,#548);
#226=LINE('',#5159,#549);
#227=LINE('',#5161,#550);
#228=LINE('',#5162,#551);
#229=LINE('',#5165,#552);
#230=LINE('',#5167,#553);
#231=LINE('',#5169,#554);
#232=LINE('',#5170,#555);
#233=LINE('',#5173,#556);
#234=LINE('',#5175,#557);
#235=LINE('',#5177,#558);
#236=LINE('',#5178,#559);
#237=LINE('',#5181,#560);
#238=LINE('',#5183,#561);
#239=LINE('',#5185,#562);
#240=LINE('',#5186,#563);
#241=LINE('',#5189,#564);
#242=LINE('',#5191,#565);
#243=LINE('',#5193,#566);
#244=LINE('',#5194,#567);
#245=LINE('',#5197,#568);
#246=LINE('',#5199,#569);
#247=LINE('',#5201,#570);
#248=LINE('',#5202,#571);
#249=LINE('',#5205,#572);
#250=LINE('',#5207,#573);
#251=LINE('',#5209,#574);
#252=LINE('',#5210,#575);
#253=LINE('',#5213,#576);
#254=LINE('',#5215,#577);
#255=LINE('',#5217,#578);
#256=LINE('',#5218,#579);
#257=LINE('',#5221,#580);
#258=LINE('',#5223,#581);
#259=LINE('',#5225,#582);
#260=LINE('',#5229,#583);
#261=LINE('',#5233,#584);
#262=LINE('',#5237,#585);
#263=LINE('',#5241,#586);
#264=LINE('',#5245,#587);
#265=LINE('',#5249,#588);
#266=LINE('',#5253,#589);
#267=LINE('',#5257,#590);
#268=LINE('',#5267,#591);
#269=LINE('',#5275,#592);
#270=LINE('',#5279,#593);
#271=LINE('',#5283,#594);
#272=LINE('',#5293,#595);
#273=LINE('',#5297,#596);
#274=LINE('',#5301,#597);
#275=LINE('',#5305,#598);
#276=LINE('',#5309,#599);
#277=LINE('',#5310,#600);
#278=LINE('',#5312,#601);
#279=LINE('',#5314,#602);
#280=LINE('',#5316,#603);
#281=LINE('',#5318,#604);
#282=LINE('',#5320,#605);
#283=LINE('',#5322,#606);
#284=LINE('',#5324,#607);
#285=LINE('',#5325,#608);
#286=LINE('',#5327,#609);
#287=LINE('',#5329,#610);
#288=LINE('',#5331,#611);
#289=LINE('',#5333,#612);
#290=LINE('',#5335,#613);
#291=LINE('',#5337,#614);
#292=LINE('',#5339,#615);
#293=LINE('',#5340,#616);
#294=LINE('',#5342,#617);
#295=LINE('',#5344,#618);
#296=LINE('',#5346,#619);
#297=LINE('',#5347,#620);
#298=LINE('',#5349,#621);
#299=LINE('',#5351,#622);
#300=LINE('',#5353,#623);
#301=LINE('',#5354,#624);
#302=LINE('',#5356,#625);
#303=LINE('',#5358,#626);
#304=LINE('',#5360,#627);
#305=LINE('',#5361,#628);
#306=LINE('',#5363,#629);
#307=LINE('',#5365,#630);
#308=LINE('',#5367,#631);
#309=LINE('',#5368,#632);
#310=LINE('',#5370,#633);
#311=LINE('',#5372,#634);
#312=LINE('',#5374,#635);
#313=LINE('',#5375,#636);
#314=LINE('',#5377,#637);
#315=LINE('',#5379,#638);
#316=LINE('',#5381,#639);
#317=LINE('',#5382,#640);
#318=LINE('',#5384,#641);
#319=LINE('',#5386,#642);
#320=LINE('',#5388,#643);
#321=LINE('',#5389,#644);
#322=LINE('',#5391,#645);
#323=LINE('',#5393,#646);
#324=LINE('',#5395,#647);
#325=LINE('',#5396,#648);
#326=LINE('',#5398,#649);
#327=LINE('',#5400,#650);
#328=LINE('',#5518,#651);
#329=LINE('',#5519,#652);
#330=LINE('',#5521,#653);
#331=LINE('',#5523,#654);
#332=LINE('',#5524,#655);
#333=LINE('',#5526,#656);
#334=LINE('',#5527,#657);
#335=LINE('',#5529,#658);
#336=LINE('',#5530,#659);
#337=LINE('',#5532,#660);
#338=LINE('',#5533,#661);
#339=LINE('',#5535,#662);
#340=LINE('',#5536,#663);
#341=LINE('',#5544,#664);
#342=LINE('',#5545,#665);
#343=LINE('',#5547,#666);
#344=LINE('',#5548,#667);
#345=LINE('',#5550,#668);
#346=LINE('',#5551,#669);
#347=LINE('',#5553,#670);
#348=LINE('',#5554,#671);
#349=LINE('',#5560,#672);
#350=LINE('',#5561,#673);
#351=LINE('',#5563,#674);
#352=LINE('',#5564,#675);
#353=LINE('',#5566,#676);
#354=LINE('',#5567,#677);
#355=LINE('',#5569,#678);
#356=LINE('',#5570,#679);
#357=LINE('',#5576,#680);
#358=LINE('',#5577,#681);
#359=LINE('',#5579,#682);
#360=LINE('',#5580,#683);
#361=LINE('',#5582,#684);
#362=LINE('',#5583,#685);
#363=LINE('',#5585,#686);
#364=LINE('',#5586,#687);
#365=LINE('',#5592,#688);
#366=LINE('',#5593,#689);
#367=LINE('',#5595,#690);
#368=LINE('',#5596,#691);
#369=LINE('',#5598,#692);
#370=LINE('',#5599,#693);
#371=LINE('',#5604,#694);
#372=LINE('',#5605,#695);
#373=LINE('',#5607,#696);
#374=LINE('',#5608,#697);
#375=LINE('',#5610,#698);
#376=LINE('',#5611,#699);
#377=LINE('',#5613,#700);
#378=LINE('',#5615,#701);
#379=LINE('',#5617,#702);
#380=LINE('',#5618,#703);
#381=LINE('',#5620,#704);
#382=LINE('',#5621,#705);
#383=LINE('',#5628,#706);
#384=LINE('',#5629,#707);
#385=LINE('',#5631,#708);
#386=LINE('',#5632,#709);
#387=LINE('',#5634,#710);
#388=LINE('',#5635,#711);
#389=LINE('',#5637,#712);
#390=LINE('',#5638,#713);
#391=LINE('',#5644,#714);
#392=LINE('',#5645,#715);
#393=LINE('',#5647,#716);
#394=LINE('',#5648,#717);
#395=LINE('',#5650,#718);
#396=LINE('',#5651,#719);
#397=LINE('',#5653,#720);
#398=LINE('',#5654,#721);
#399=LINE('',#5656,#722);
#400=LINE('',#5657,#723);
#401=LINE('',#5664,#724);
#402=LINE('',#5665,#725);
#403=LINE('',#5667,#726);
#404=LINE('',#5668,#727);
#405=LINE('',#5670,#728);
#406=LINE('',#5671,#729);
#407=LINE('',#5673,#730);
#408=LINE('',#5674,#731);
#409=LINE('',#5676,#732);
#410=LINE('',#5677,#733);
#411=LINE('',#5684,#734);
#412=LINE('',#5685,#735);
#413=LINE('',#5687,#736);
#414=LINE('',#5688,#737);
#415=LINE('',#5690,#738);
#416=LINE('',#5691,#739);
#417=LINE('',#5693,#740);
#418=LINE('',#5694,#741);
#419=LINE('',#5696,#742);
#420=LINE('',#5697,#743);
#421=LINE('',#5699,#744);
#422=LINE('',#5700,#745);
#423=VECTOR('',#3634,1.);
#424=VECTOR('',#3637,1.);
#425=VECTOR('',#3644,1.);
#426=VECTOR('',#3647,1.);
#427=VECTOR('',#3650,1.);
#428=VECTOR('',#3653,1.);
#429=VECTOR('',#3656,1.);
#430=VECTOR('',#3659,1.);
#431=VECTOR('',#3660,1.);
#432=VECTOR('',#3663,1.);
#433=VECTOR('',#3666,1.);
#434=VECTOR('',#3673,1.);
#435=VECTOR('',#3682,1.);
#436=VECTOR('',#3685,1.);
#437=VECTOR('',#3688,1.);
#438=VECTOR('',#3691,1.);
#439=VECTOR('',#3694,1.);
#440=VECTOR('',#3697,1.);
#441=VECTOR('',#3700,1.);
#442=VECTOR('',#3703,1.);
#443=VECTOR('',#3704,1.);
#444=VECTOR('',#3707,1.);
#445=VECTOR('',#3710,1.);
#446=VECTOR('',#3713,1.);
#447=VECTOR('',#3720,1.);
#448=VECTOR('',#3721,1.);
#449=VECTOR('',#3722,1.);
#450=VECTOR('',#3723,1.);
#451=VECTOR('',#3724,1.);
#452=VECTOR('',#3725,1.);
#453=VECTOR('',#3726,1.);
#454=VECTOR('',#3727,1.);
#455=VECTOR('',#3728,1.);
#456=VECTOR('',#3729,1.);
#457=VECTOR('',#3730,1.);
#458=VECTOR('',#3731,1.);
#459=VECTOR('',#3732,1.);
#460=VECTOR('',#3733,1.);
#461=VECTOR('',#3734,1.);
#462=VECTOR('',#3735,1.);
#463=VECTOR('',#3736,1.);
#464=VECTOR('',#3737,1.);
#465=VECTOR('',#3738,1.);
#466=VECTOR('',#3739,1.);
#467=VECTOR('',#3740,1.);
#468=VECTOR('',#3741,1.);
#469=VECTOR('',#3742,1.);
#470=VECTOR('',#3743,1.);
#471=VECTOR('',#3744,1.);
#472=VECTOR('',#3745,1.);
#473=VECTOR('',#3746,1.);
#474=VECTOR('',#3747,1.);
#475=VECTOR('',#3748,1.);
#476=VECTOR('',#3749,1.);
#477=VECTOR('',#3750,1.);
#478=VECTOR('',#3751,1.);
#479=VECTOR('',#3752,1.);
#480=VECTOR('',#3753,1.);
#481=VECTOR('',#3754,1.);
#482=VECTOR('',#3755,1.);
#483=VECTOR('',#3756,1.);
#484=VECTOR('',#3757,1.);
#485=VECTOR('',#3758,1.);
#486=VECTOR('',#3759,1.);
#487=VECTOR('',#3762,1.);
#488=VECTOR('',#3765,1.);
#489=VECTOR('',#3768,1.);
#490=VECTOR('',#3771,1.);
#491=VECTOR('',#3774,1.);
#492=VECTOR('',#3777,1.);
#493=VECTOR('',#3780,1.);
#494=VECTOR('',#3783,1.);
#495=VECTOR('',#3792,1.);
#496=VECTOR('',#3795,1.);
#497=VECTOR('',#3798,1.);
#498=VECTOR('',#3803,1.);
#499=VECTOR('',#3806,1.);
#500=VECTOR('',#3813,1.);
#501=VECTOR('',#3816,1.);
#502=VECTOR('',#3819,1.);
#503=VECTOR('',#3826,1.);
#504=VECTOR('',#3829,1.);
#505=VECTOR('',#3832,1.);
#506=VECTOR('',#3835,1.);
#507=VECTOR('',#3838,1.);
#508=VECTOR('',#3845,1.);
#509=VECTOR('',#3848,1.);
#510=VECTOR('',#3851,1.);
#511=VECTOR('',#3854,1.);
#512=VECTOR('',#3857,1.);
#513=VECTOR('',#3864,1.);
#514=VECTOR('',#3867,1.);
#515=VECTOR('',#3874,1.);
#516=VECTOR('',#3881,1.);
#517=VECTOR('',#3884,1.);
#518=VECTOR('',#3887,1.);
#519=VECTOR('',#3890,1.);
#520=VECTOR('',#3893,1.);
#521=VECTOR('',#3896,1.);
#522=VECTOR('',#3899,1.);
#523=VECTOR('',#3902,1.);
#524=VECTOR('',#3905,1.);
#525=VECTOR('',#3908,1.);
#526=VECTOR('',#3911,1.);
#527=VECTOR('',#3914,1.);
#528=VECTOR('',#3917,1.);
#529=VECTOR('',#3920,1.);
#530=VECTOR('',#3923,1.);
#531=VECTOR('',#3926,1.);
#532=VECTOR('',#3929,1.);
#533=VECTOR('',#3932,1.);
#534=VECTOR('',#3935,1.);
#535=VECTOR('',#3938,1.);
#536=VECTOR('',#3941,1.);
#537=VECTOR('',#3944,1.);
#538=VECTOR('',#3949,1.);
#539=VECTOR('',#3952,1.);
#540=VECTOR('',#3957,1.);
#541=VECTOR('',#3960,1.);
#542=VECTOR('',#3963,1.);
#543=VECTOR('',#3972,1.);
#544=VECTOR('',#3973,1.);
#545=VECTOR('',#3974,1.);
#546=VECTOR('',#3975,1.);
#547=VECTOR('',#3976,1.);
#548=VECTOR('',#3977,1.);
#549=VECTOR('',#3978,1.);
#550=VECTOR('',#3979,1.);
#551=VECTOR('',#3980,1.);
#552=VECTOR('',#3981,1.);
#553=VECTOR('',#3982,1.);
#554=VECTOR('',#3983,1.);
#555=VECTOR('',#3984,1.);
#556=VECTOR('',#3985,1.);
#557=VECTOR('',#3986,1.);
#558=VECTOR('',#3987,1.);
#559=VECTOR('',#3988,1.);
#560=VECTOR('',#3989,1.);
#561=VECTOR('',#3990,1.);
#562=VECTOR('',#3991,1.);
#563=VECTOR('',#3992,1.);
#564=VECTOR('',#3993,1.);
#565=VECTOR('',#3994,1.);
#566=VECTOR('',#3995,1.);
#567=VECTOR('',#3996,1.);
#568=VECTOR('',#3997,1.);
#569=VECTOR('',#3998,1.);
#570=VECTOR('',#3999,1.);
#571=VECTOR('',#4000,1.);
#572=VECTOR('',#4001,1.);
#573=VECTOR('',#4002,1.);
#574=VECTOR('',#4003,1.);
#575=VECTOR('',#4004,1.);
#576=VECTOR('',#4005,1.);
#577=VECTOR('',#4006,1.);
#578=VECTOR('',#4007,1.);
#579=VECTOR('',#4008,1.);
#580=VECTOR('',#4009,1.);
#581=VECTOR('',#4010,1.);
#582=VECTOR('',#4011,1.);
#583=VECTOR('',#4014,1.);
#584=VECTOR('',#4017,1.);
#585=VECTOR('',#4020,1.);
#586=VECTOR('',#4023,1.);
#587=VECTOR('',#4026,1.);
#588=VECTOR('',#4029,1.);
#589=VECTOR('',#4032,1.);
#590=VECTOR('',#4035,1.);
#591=VECTOR('',#4044,1.);
#592=VECTOR('',#4051,1.);
#593=VECTOR('',#4054,1.);
#594=VECTOR('',#4057,1.);
#595=VECTOR('',#4066,1.);
#596=VECTOR('',#4069,1.);
#597=VECTOR('',#4072,1.);
#598=VECTOR('',#4075,1.);
#599=VECTOR('',#4080,1.);
#600=VECTOR('',#4081,1.);
#601=VECTOR('',#4084,1.);
#602=VECTOR('',#4087,1.);
#603=VECTOR('',#4090,1.);
#604=VECTOR('',#4093,1.);
#605=VECTOR('',#4096,1.);
#606=VECTOR('',#4099,1.);
#607=VECTOR('',#4102,1.);
#608=VECTOR('',#4103,1.);
#609=VECTOR('',#4106,1.);
#610=VECTOR('',#4109,1.);
#611=VECTOR('',#4112,1.);
#612=VECTOR('',#4115,1.);
#613=VECTOR('',#4118,1.);
#614=VECTOR('',#4121,1.);
#615=VECTOR('',#4124,1.);
#616=VECTOR('',#4125,1.);
#617=VECTOR('',#4128,1.);
#618=VECTOR('',#4131,1.);
#619=VECTOR('',#4134,1.);
#620=VECTOR('',#4135,1.);
#621=VECTOR('',#4138,1.);
#622=VECTOR('',#4141,1.);
#623=VECTOR('',#4144,1.);
#624=VECTOR('',#4145,1.);
#625=VECTOR('',#4148,1.);
#626=VECTOR('',#4151,1.);
#627=VECTOR('',#4154,1.);
#628=VECTOR('',#4155,1.);
#629=VECTOR('',#4158,1.);
#630=VECTOR('',#4161,1.);
#631=VECTOR('',#4164,1.);
#632=VECTOR('',#4165,1.);
#633=VECTOR('',#4168,1.);
#634=VECTOR('',#4171,1.);
#635=VECTOR('',#4174,1.);
#636=VECTOR('',#4175,1.);
#637=VECTOR('',#4178,1.);
#638=VECTOR('',#4181,1.);
#639=VECTOR('',#4184,1.);
#640=VECTOR('',#4185,1.);
#641=VECTOR('',#4188,1.);
#642=VECTOR('',#4191,1.);
#643=VECTOR('',#4194,1.);
#644=VECTOR('',#4195,1.);
#645=VECTOR('',#4198,1.);
#646=VECTOR('',#4201,1.);
#647=VECTOR('',#4204,1.);
#648=VECTOR('',#4205,1.);
#649=VECTOR('',#4208,1.);
#650=VECTOR('',#4211,1.);
#651=VECTOR('',#4254,1.);
#652=VECTOR('',#4255,1.);
#653=VECTOR('',#4258,1.);
#654=VECTOR('',#4261,1.);
#655=VECTOR('',#4262,1.);
#656=VECTOR('',#4265,1.);
#657=VECTOR('',#4266,1.);
#658=VECTOR('',#4269,1.);
#659=VECTOR('',#4270,1.);
#660=VECTOR('',#4273,1.);
#661=VECTOR('',#4274,1.);
#662=VECTOR('',#4277,1.);
#663=VECTOR('',#4278,1.);
#664=VECTOR('',#4293,1.);
#665=VECTOR('',#4294,1.);
#666=VECTOR('',#4297,1.);
#667=VECTOR('',#4298,1.);
#668=VECTOR('',#4301,1.);
#669=VECTOR('',#4302,1.);
#670=VECTOR('',#4305,1.);
#671=VECTOR('',#4306,1.);
#672=VECTOR('',#4317,1.);
#673=VECTOR('',#4318,1.);
#674=VECTOR('',#4321,1.);
#675=VECTOR('',#4322,1.);
#676=VECTOR('',#4325,1.);
#677=VECTOR('',#4326,1.);
#678=VECTOR('',#4329,1.);
#679=VECTOR('',#4330,1.);
#680=VECTOR('',#4341,1.);
#681=VECTOR('',#4342,1.);
#682=VECTOR('',#4345,1.);
#683=VECTOR('',#4346,1.);
#684=VECTOR('',#4349,1.);
#685=VECTOR('',#4350,1.);
#686=VECTOR('',#4353,1.);
#687=VECTOR('',#4354,1.);
#688=VECTOR('',#4365,1.);
#689=VECTOR('',#4366,1.);
#690=VECTOR('',#4369,1.);
#691=VECTOR('',#4370,1.);
#692=VECTOR('',#4373,1.);
#693=VECTOR('',#4374,1.);
#694=VECTOR('',#4383,1.);
#695=VECTOR('',#4384,1.);
#696=VECTOR('',#4387,1.);
#697=VECTOR('',#4388,1.);
#698=VECTOR('',#4391,1.);
#699=VECTOR('',#4392,1.);
#700=VECTOR('',#4395,1.);
#701=VECTOR('',#4398,1.);
#702=VECTOR('',#4401,1.);
#703=VECTOR('',#4402,1.);
#704=VECTOR('',#4405,1.);
#705=VECTOR('',#4406,1.);
#706=VECTOR('',#4419,1.);
#707=VECTOR('',#4420,1.);
#708=VECTOR('',#4423,1.);
#709=VECTOR('',#4424,1.);
#710=VECTOR('',#4427,1.);
#711=VECTOR('',#4428,1.);
#712=VECTOR('',#4431,1.);
#713=VECTOR('',#4432,1.);
#714=VECTOR('',#4443,1.);
#715=VECTOR('',#4444,1.);
#716=VECTOR('',#4447,1.);
#717=VECTOR('',#4448,1.);
#718=VECTOR('',#4451,1.);
#719=VECTOR('',#4452,1.);
#720=VECTOR('',#4455,1.);
#721=VECTOR('',#4456,1.);
#722=VECTOR('',#4459,1.);
#723=VECTOR('',#4460,1.);
#724=VECTOR('',#4473,1.);
#725=VECTOR('',#4474,1.);
#726=VECTOR('',#4477,1.);
#727=VECTOR('',#4478,1.);
#728=VECTOR('',#4481,1.);
#729=VECTOR('',#4482,1.);
#730=VECTOR('',#4485,1.);
#731=VECTOR('',#4486,1.);
#732=VECTOR('',#4489,1.);
#733=VECTOR('',#4490,1.);
#734=VECTOR('',#4503,1.);
#735=VECTOR('',#4504,1.);
#736=VECTOR('',#4507,1.);
#737=VECTOR('',#4508,1.);
#738=VECTOR('',#4511,1.);
#739=VECTOR('',#4512,1.);
#740=VECTOR('',#4515,1.);
#741=VECTOR('',#4516,1.);
#742=VECTOR('',#4519,1.);
#743=VECTOR('',#4520,1.);
#744=VECTOR('',#4523,1.);
#745=VECTOR('',#4524,1.);
#746=ORIENTED_EDGE('',*,*,#1696,.F.);
#747=ORIENTED_EDGE('',*,*,#1697,.T.);
#748=ORIENTED_EDGE('',*,*,#1698,.F.);
#749=ORIENTED_EDGE('',*,*,#1699,.F.);
#750=ORIENTED_EDGE('',*,*,#1700,.F.);
#751=ORIENTED_EDGE('',*,*,#1701,.F.);
#752=ORIENTED_EDGE('',*,*,#1702,.F.);
#753=ORIENTED_EDGE('',*,*,#1703,.T.);
#754=ORIENTED_EDGE('',*,*,#1704,.F.);
#755=ORIENTED_EDGE('',*,*,#1705,.T.);
#756=ORIENTED_EDGE('',*,*,#1706,.F.);
#757=ORIENTED_EDGE('',*,*,#1707,.T.);
#758=ORIENTED_EDGE('',*,*,#1708,.F.);
#759=ORIENTED_EDGE('',*,*,#1709,.T.);
#760=ORIENTED_EDGE('',*,*,#1710,.F.);
#761=ORIENTED_EDGE('',*,*,#1711,.T.);
#762=ORIENTED_EDGE('',*,*,#1712,.F.);
#763=ORIENTED_EDGE('',*,*,#1713,.F.);
#764=ORIENTED_EDGE('',*,*,#1714,.F.);
#765=ORIENTED_EDGE('',*,*,#1715,.F.);
#766=ORIENTED_EDGE('',*,*,#1716,.F.);
#767=ORIENTED_EDGE('',*,*,#1717,.F.);
#768=ORIENTED_EDGE('',*,*,#1718,.T.);
#769=ORIENTED_EDGE('',*,*,#1719,.F.);
#770=ORIENTED_EDGE('',*,*,#1720,.F.);
#771=ORIENTED_EDGE('',*,*,#1721,.F.);
#772=ORIENTED_EDGE('',*,*,#1722,.T.);
#773=ORIENTED_EDGE('',*,*,#1723,.F.);
#774=ORIENTED_EDGE('',*,*,#1724,.F.);
#775=ORIENTED_EDGE('',*,*,#1725,.F.);
#776=ORIENTED_EDGE('',*,*,#1726,.F.);
#777=ORIENTED_EDGE('',*,*,#1727,.F.);
#778=ORIENTED_EDGE('',*,*,#1728,.F.);
#779=ORIENTED_EDGE('',*,*,#1729,.F.);
#780=ORIENTED_EDGE('',*,*,#1730,.F.);
#781=ORIENTED_EDGE('',*,*,#1731,.T.);
#782=ORIENTED_EDGE('',*,*,#1732,.F.);
#783=ORIENTED_EDGE('',*,*,#1733,.T.);
#784=ORIENTED_EDGE('',*,*,#1734,.F.);
#785=ORIENTED_EDGE('',*,*,#1735,.F.);
#786=ORIENTED_EDGE('',*,*,#1736,.F.);
#787=ORIENTED_EDGE('',*,*,#1737,.T.);
#788=ORIENTED_EDGE('',*,*,#1738,.F.);
#789=ORIENTED_EDGE('',*,*,#1739,.F.);
#790=ORIENTED_EDGE('',*,*,#1740,.F.);
#791=ORIENTED_EDGE('',*,*,#1741,.F.);
#792=ORIENTED_EDGE('',*,*,#1742,.F.);
#793=ORIENTED_EDGE('',*,*,#1743,.T.);
#794=ORIENTED_EDGE('',*,*,#1744,.F.);
#795=ORIENTED_EDGE('',*,*,#1745,.F.);
#796=ORIENTED_EDGE('',*,*,#1746,.T.);
#797=ORIENTED_EDGE('',*,*,#1747,.F.);
#798=ORIENTED_EDGE('',*,*,#1748,.F.);
#799=ORIENTED_EDGE('',*,*,#1749,.F.);
#800=ORIENTED_EDGE('',*,*,#1750,.F.);
#801=ORIENTED_EDGE('',*,*,#1751,.F.);
#802=ORIENTED_EDGE('',*,*,#1752,.T.);
#803=ORIENTED_EDGE('',*,*,#1753,.T.);
#804=ORIENTED_EDGE('',*,*,#1754,.T.);
#805=ORIENTED_EDGE('',*,*,#1755,.T.);
#806=ORIENTED_EDGE('',*,*,#1756,.F.);
#807=ORIENTED_EDGE('',*,*,#1757,.T.);
#808=ORIENTED_EDGE('',*,*,#1758,.F.);
#809=ORIENTED_EDGE('',*,*,#1759,.T.);
#810=ORIENTED_EDGE('',*,*,#1760,.T.);
#811=ORIENTED_EDGE('',*,*,#1761,.T.);
#812=ORIENTED_EDGE('',*,*,#1762,.F.);
#813=ORIENTED_EDGE('',*,*,#1763,.T.);
#814=ORIENTED_EDGE('',*,*,#1764,.T.);
#815=ORIENTED_EDGE('',*,*,#1765,.F.);
#816=ORIENTED_EDGE('',*,*,#1766,.F.);
#817=ORIENTED_EDGE('',*,*,#1767,.F.);
#818=ORIENTED_EDGE('',*,*,#1768,.T.);
#819=ORIENTED_EDGE('',*,*,#1769,.T.);
#820=ORIENTED_EDGE('',*,*,#1770,.F.);
#821=ORIENTED_EDGE('',*,*,#1771,.F.);
#822=ORIENTED_EDGE('',*,*,#1772,.T.);
#823=ORIENTED_EDGE('',*,*,#1773,.T.);
#824=ORIENTED_EDGE('',*,*,#1774,.F.);
#825=ORIENTED_EDGE('',*,*,#1775,.F.);
#826=ORIENTED_EDGE('',*,*,#1776,.T.);
#827=ORIENTED_EDGE('',*,*,#1777,.T.);
#828=ORIENTED_EDGE('',*,*,#1778,.F.);
#829=ORIENTED_EDGE('',*,*,#1779,.F.);
#830=ORIENTED_EDGE('',*,*,#1780,.T.);
#831=ORIENTED_EDGE('',*,*,#1781,.T.);
#832=ORIENTED_EDGE('',*,*,#1782,.F.);
#833=ORIENTED_EDGE('',*,*,#1783,.F.);
#834=ORIENTED_EDGE('',*,*,#1784,.T.);
#835=ORIENTED_EDGE('',*,*,#1785,.T.);
#836=ORIENTED_EDGE('',*,*,#1786,.F.);
#837=ORIENTED_EDGE('',*,*,#1787,.F.);
#838=ORIENTED_EDGE('',*,*,#1788,.T.);
#839=ORIENTED_EDGE('',*,*,#1789,.T.);
#840=ORIENTED_EDGE('',*,*,#1790,.F.);
#841=ORIENTED_EDGE('',*,*,#1791,.F.);
#842=ORIENTED_EDGE('',*,*,#1792,.T.);
#843=ORIENTED_EDGE('',*,*,#1793,.T.);
#844=ORIENTED_EDGE('',*,*,#1794,.F.);
#845=ORIENTED_EDGE('',*,*,#1795,.F.);
#846=ORIENTED_EDGE('',*,*,#1796,.T.);
#847=ORIENTED_EDGE('',*,*,#1797,.T.);
#848=ORIENTED_EDGE('',*,*,#1798,.F.);
#849=ORIENTED_EDGE('',*,*,#1799,.T.);
#850=ORIENTED_EDGE('',*,*,#1800,.F.);
#851=ORIENTED_EDGE('',*,*,#1801,.F.);
#852=ORIENTED_EDGE('',*,*,#1802,.F.);
#853=ORIENTED_EDGE('',*,*,#1803,.F.);
#854=ORIENTED_EDGE('',*,*,#1804,.F.);
#855=ORIENTED_EDGE('',*,*,#1805,.T.);
#856=ORIENTED_EDGE('',*,*,#1806,.F.);
#857=ORIENTED_EDGE('',*,*,#1807,.F.);
#858=ORIENTED_EDGE('',*,*,#1808,.F.);
#859=ORIENTED_EDGE('',*,*,#1809,.F.);
#860=ORIENTED_EDGE('',*,*,#1810,.F.);
#861=ORIENTED_EDGE('',*,*,#1811,.F.);
#862=ORIENTED_EDGE('',*,*,#1812,.F.);
#863=ORIENTED_EDGE('',*,*,#1813,.F.);
#864=ORIENTED_EDGE('',*,*,#1814,.F.);
#865=ORIENTED_EDGE('',*,*,#1815,.F.);
#866=ORIENTED_EDGE('',*,*,#1816,.F.);
#867=ORIENTED_EDGE('',*,*,#1817,.F.);
#868=ORIENTED_EDGE('',*,*,#1818,.T.);
#869=ORIENTED_EDGE('',*,*,#1819,.F.);
#870=ORIENTED_EDGE('',*,*,#1820,.F.);
#871=ORIENTED_EDGE('',*,*,#1821,.F.);
#872=ORIENTED_EDGE('',*,*,#1822,.F.);
#873=ORIENTED_EDGE('',*,*,#1823,.F.);
#874=ORIENTED_EDGE('',*,*,#1824,.F.);
#875=ORIENTED_EDGE('',*,*,#1825,.F.);
#876=ORIENTED_EDGE('',*,*,#1826,.F.);
#877=ORIENTED_EDGE('',*,*,#1827,.F.);
#878=ORIENTED_EDGE('',*,*,#1828,.F.);
#879=ORIENTED_EDGE('',*,*,#1829,.T.);
#880=ORIENTED_EDGE('',*,*,#1830,.F.);
#881=ORIENTED_EDGE('',*,*,#1831,.T.);
#882=ORIENTED_EDGE('',*,*,#1832,.F.);
#883=ORIENTED_EDGE('',*,*,#1833,.T.);
#884=ORIENTED_EDGE('',*,*,#1834,.F.);
#885=ORIENTED_EDGE('',*,*,#1835,.T.);
#886=ORIENTED_EDGE('',*,*,#1836,.F.);
#887=ORIENTED_EDGE('',*,*,#1837,.T.);
#888=ORIENTED_EDGE('',*,*,#1838,.F.);
#889=ORIENTED_EDGE('',*,*,#1839,.T.);
#890=ORIENTED_EDGE('',*,*,#1840,.F.);
#891=ORIENTED_EDGE('',*,*,#1841,.F.);
#892=ORIENTED_EDGE('',*,*,#1842,.F.);
#893=ORIENTED_EDGE('',*,*,#1843,.F.);
#894=ORIENTED_EDGE('',*,*,#1844,.F.);
#895=ORIENTED_EDGE('',*,*,#1845,.F.);
#896=ORIENTED_EDGE('',*,*,#1846,.F.);
#897=ORIENTED_EDGE('',*,*,#1847,.T.);
#898=ORIENTED_EDGE('',*,*,#1848,.F.);
#899=ORIENTED_EDGE('',*,*,#1849,.T.);
#900=ORIENTED_EDGE('',*,*,#1850,.F.);
#901=ORIENTED_EDGE('',*,*,#1851,.T.);
#902=ORIENTED_EDGE('',*,*,#1852,.F.);
#903=ORIENTED_EDGE('',*,*,#1853,.F.);
#904=ORIENTED_EDGE('',*,*,#1854,.F.);
#905=ORIENTED_EDGE('',*,*,#1855,.T.);
#906=ORIENTED_EDGE('',*,*,#1856,.T.);
#907=ORIENTED_EDGE('',*,*,#1857,.T.);
#908=ORIENTED_EDGE('',*,*,#1858,.T.);
#909=ORIENTED_EDGE('',*,*,#1859,.T.);
#910=ORIENTED_EDGE('',*,*,#1860,.F.);
#911=ORIENTED_EDGE('',*,*,#1861,.T.);
#912=ORIENTED_EDGE('',*,*,#1862,.F.);
#913=ORIENTED_EDGE('',*,*,#1863,.T.);
#914=ORIENTED_EDGE('',*,*,#1864,.F.);
#915=ORIENTED_EDGE('',*,*,#1865,.T.);
#916=ORIENTED_EDGE('',*,*,#1866,.F.);
#917=ORIENTED_EDGE('',*,*,#1867,.T.);
#918=ORIENTED_EDGE('',*,*,#1868,.F.);
#919=ORIENTED_EDGE('',*,*,#1869,.T.);
#920=ORIENTED_EDGE('',*,*,#1870,.F.);
#921=ORIENTED_EDGE('',*,*,#1871,.T.);
#922=ORIENTED_EDGE('',*,*,#1872,.T.);
#923=ORIENTED_EDGE('',*,*,#1873,.T.);
#924=ORIENTED_EDGE('',*,*,#1874,.T.);
#925=ORIENTED_EDGE('',*,*,#1875,.T.);
#926=ORIENTED_EDGE('',*,*,#1876,.T.);
#927=ORIENTED_EDGE('',*,*,#1877,.T.);
#928=ORIENTED_EDGE('',*,*,#1878,.F.);
#929=ORIENTED_EDGE('',*,*,#1879,.T.);
#930=ORIENTED_EDGE('',*,*,#1880,.F.);
#931=ORIENTED_EDGE('',*,*,#1881,.T.);
#932=ORIENTED_EDGE('',*,*,#1882,.T.);
#933=ORIENTED_EDGE('',*,*,#1883,.T.);
#934=ORIENTED_EDGE('',*,*,#1884,.T.);
#935=ORIENTED_EDGE('',*,*,#1885,.T.);
#936=ORIENTED_EDGE('',*,*,#1886,.F.);
#937=ORIENTED_EDGE('',*,*,#1887,.T.);
#938=ORIENTED_EDGE('',*,*,#1888,.F.);
#939=ORIENTED_EDGE('',*,*,#1889,.T.);
#940=ORIENTED_EDGE('',*,*,#1890,.F.);
#941=ORIENTED_EDGE('',*,*,#1891,.T.);
#942=ORIENTED_EDGE('',*,*,#1892,.F.);
#943=ORIENTED_EDGE('',*,*,#1893,.T.);
#944=ORIENTED_EDGE('',*,*,#1894,.T.);
#945=ORIENTED_EDGE('',*,*,#1895,.T.);
#946=ORIENTED_EDGE('',*,*,#1896,.T.);
#947=ORIENTED_EDGE('',*,*,#1897,.T.);
#948=ORIENTED_EDGE('',*,*,#1898,.F.);
#949=ORIENTED_EDGE('',*,*,#1899,.T.);
#950=ORIENTED_EDGE('',*,*,#1900,.T.);
#951=ORIENTED_EDGE('',*,*,#1901,.T.);
#952=ORIENTED_EDGE('',*,*,#1902,.F.);
#953=ORIENTED_EDGE('',*,*,#1903,.T.);
#954=ORIENTED_EDGE('',*,*,#1904,.F.);
#955=ORIENTED_EDGE('',*,*,#1905,.T.);
#956=ORIENTED_EDGE('',*,*,#1906,.T.);
#957=ORIENTED_EDGE('',*,*,#1907,.T.);
#958=ORIENTED_EDGE('',*,*,#1908,.T.);
#959=ORIENTED_EDGE('',*,*,#1909,.T.);
#960=ORIENTED_EDGE('',*,*,#1910,.T.);
#961=ORIENTED_EDGE('',*,*,#1911,.T.);
#962=ORIENTED_EDGE('',*,*,#1912,.T.);
#963=ORIENTED_EDGE('',*,*,#1913,.T.);
#964=ORIENTED_EDGE('',*,*,#1914,.F.);
#965=ORIENTED_EDGE('',*,*,#1915,.T.);
#966=ORIENTED_EDGE('',*,*,#1916,.T.);
#967=ORIENTED_EDGE('',*,*,#1917,.T.);
#968=ORIENTED_EDGE('',*,*,#1918,.T.);
#969=ORIENTED_EDGE('',*,*,#1919,.T.);
#970=ORIENTED_EDGE('',*,*,#1920,.F.);
#971=ORIENTED_EDGE('',*,*,#1921,.T.);
#972=ORIENTED_EDGE('',*,*,#1922,.T.);
#973=ORIENTED_EDGE('',*,*,#1923,.T.);
#974=ORIENTED_EDGE('',*,*,#1924,.T.);
#975=ORIENTED_EDGE('',*,*,#1925,.T.);
#976=ORIENTED_EDGE('',*,*,#1926,.F.);
#977=ORIENTED_EDGE('',*,*,#1927,.T.);
#978=ORIENTED_EDGE('',*,*,#1928,.F.);
#979=ORIENTED_EDGE('',*,*,#1929,.T.);
#980=ORIENTED_EDGE('',*,*,#1930,.F.);
#981=ORIENTED_EDGE('',*,*,#1931,.T.);
#982=ORIENTED_EDGE('',*,*,#1932,.T.);
#983=ORIENTED_EDGE('',*,*,#1933,.F.);
#984=ORIENTED_EDGE('',*,*,#1934,.T.);
#985=ORIENTED_EDGE('',*,*,#1935,.F.);
#986=ORIENTED_EDGE('',*,*,#1936,.T.);
#987=ORIENTED_EDGE('',*,*,#1937,.T.);
#988=ORIENTED_EDGE('',*,*,#1938,.T.);
#989=ORIENTED_EDGE('',*,*,#1939,.T.);
#990=ORIENTED_EDGE('',*,*,#1940,.T.);
#991=ORIENTED_EDGE('',*,*,#1941,.F.);
#992=ORIENTED_EDGE('',*,*,#1942,.F.);
#993=ORIENTED_EDGE('',*,*,#1943,.T.);
#994=ORIENTED_EDGE('',*,*,#1944,.F.);
#995=ORIENTED_EDGE('',*,*,#1945,.F.);
#996=ORIENTED_EDGE('',*,*,#1946,.T.);
#997=ORIENTED_EDGE('',*,*,#1947,.T.);
#998=ORIENTED_EDGE('',*,*,#1948,.F.);
#999=ORIENTED_EDGE('',*,*,#1949,.F.);
#1000=ORIENTED_EDGE('',*,*,#1950,.T.);
#1001=ORIENTED_EDGE('',*,*,#1951,.T.);
#1002=ORIENTED_EDGE('',*,*,#1952,.F.);
#1003=ORIENTED_EDGE('',*,*,#1953,.F.);
#1004=ORIENTED_EDGE('',*,*,#1954,.T.);
#1005=ORIENTED_EDGE('',*,*,#1955,.T.);
#1006=ORIENTED_EDGE('',*,*,#1956,.F.);
#1007=ORIENTED_EDGE('',*,*,#1957,.F.);
#1008=ORIENTED_EDGE('',*,*,#1958,.T.);
#1009=ORIENTED_EDGE('',*,*,#1959,.T.);
#1010=ORIENTED_EDGE('',*,*,#1960,.F.);
#1011=ORIENTED_EDGE('',*,*,#1961,.F.);
#1012=ORIENTED_EDGE('',*,*,#1962,.T.);
#1013=ORIENTED_EDGE('',*,*,#1963,.T.);
#1014=ORIENTED_EDGE('',*,*,#1964,.F.);
#1015=ORIENTED_EDGE('',*,*,#1965,.F.);
#1016=ORIENTED_EDGE('',*,*,#1966,.T.);
#1017=ORIENTED_EDGE('',*,*,#1967,.T.);
#1018=ORIENTED_EDGE('',*,*,#1968,.F.);
#1019=ORIENTED_EDGE('',*,*,#1969,.F.);
#1020=ORIENTED_EDGE('',*,*,#1970,.T.);
#1021=ORIENTED_EDGE('',*,*,#1971,.T.);
#1022=ORIENTED_EDGE('',*,*,#1972,.F.);
#1023=ORIENTED_EDGE('',*,*,#1973,.F.);
#1024=ORIENTED_EDGE('',*,*,#1974,.T.);
#1025=ORIENTED_EDGE('',*,*,#1975,.T.);
#1026=ORIENTED_EDGE('',*,*,#1976,.F.);
#1027=ORIENTED_EDGE('',*,*,#1977,.T.);
#1028=ORIENTED_EDGE('',*,*,#1978,.T.);
#1029=ORIENTED_EDGE('',*,*,#1979,.T.);
#1030=ORIENTED_EDGE('',*,*,#1980,.T.);
#1031=ORIENTED_EDGE('',*,*,#1981,.T.);
#1032=ORIENTED_EDGE('',*,*,#1982,.F.);
#1033=ORIENTED_EDGE('',*,*,#1983,.T.);
#1034=ORIENTED_EDGE('',*,*,#1984,.T.);
#1035=ORIENTED_EDGE('',*,*,#1985,.T.);
#1036=ORIENTED_EDGE('',*,*,#1986,.T.);
#1037=ORIENTED_EDGE('',*,*,#1987,.T.);
#1038=ORIENTED_EDGE('',*,*,#1988,.T.);
#1039=ORIENTED_EDGE('',*,*,#1989,.T.);
#1040=ORIENTED_EDGE('',*,*,#1990,.T.);
#1041=ORIENTED_EDGE('',*,*,#1991,.T.);
#1042=ORIENTED_EDGE('',*,*,#1992,.F.);
#1043=ORIENTED_EDGE('',*,*,#1993,.T.);
#1044=ORIENTED_EDGE('',*,*,#1994,.F.);
#1045=ORIENTED_EDGE('',*,*,#1995,.T.);
#1046=ORIENTED_EDGE('',*,*,#1996,.T.);
#1047=ORIENTED_EDGE('',*,*,#1997,.F.);
#1048=ORIENTED_EDGE('',*,*,#1998,.T.);
#1049=ORIENTED_EDGE('',*,*,#1999,.T.);
#1050=ORIENTED_EDGE('',*,*,#2000,.T.);
#1051=ORIENTED_EDGE('',*,*,#2001,.F.);
#1052=ORIENTED_EDGE('',*,*,#2002,.T.);
#1053=ORIENTED_EDGE('',*,*,#2003,.T.);
#1054=ORIENTED_EDGE('',*,*,#2004,.F.);
#1055=ORIENTED_EDGE('',*,*,#2005,.T.);
#1056=ORIENTED_EDGE('',*,*,#2006,.F.);
#1057=ORIENTED_EDGE('',*,*,#2007,.T.);
#1058=ORIENTED_EDGE('',*,*,#2008,.F.);
#1059=ORIENTED_EDGE('',*,*,#2009,.T.);
#1060=ORIENTED_EDGE('',*,*,#2010,.F.);
#1061=ORIENTED_EDGE('',*,*,#2011,.T.);
#1062=ORIENTED_EDGE('',*,*,#2012,.T.);
#1063=ORIENTED_EDGE('',*,*,#2013,.T.);
#1064=ORIENTED_EDGE('',*,*,#2014,.F.);
#1065=ORIENTED_EDGE('',*,*,#2015,.T.);
#1066=ORIENTED_EDGE('',*,*,#1983,.F.);
#1067=ORIENTED_EDGE('',*,*,#2016,.F.);
#1068=ORIENTED_EDGE('',*,*,#1806,.T.);
#1069=ORIENTED_EDGE('',*,*,#2017,.T.);
#1070=ORIENTED_EDGE('',*,*,#1990,.F.);
#1071=ORIENTED_EDGE('',*,*,#2018,.F.);
#1072=ORIENTED_EDGE('',*,*,#1807,.T.);
#1073=ORIENTED_EDGE('',*,*,#2016,.T.);
#1074=ORIENTED_EDGE('',*,*,#1989,.F.);
#1075=ORIENTED_EDGE('',*,*,#2019,.F.);
#1076=ORIENTED_EDGE('',*,*,#1808,.T.);
#1077=ORIENTED_EDGE('',*,*,#2018,.T.);
#1078=ORIENTED_EDGE('',*,*,#1988,.F.);
#1079=ORIENTED_EDGE('',*,*,#2020,.F.);
#1080=ORIENTED_EDGE('',*,*,#1809,.T.);
#1081=ORIENTED_EDGE('',*,*,#2019,.T.);
#1082=ORIENTED_EDGE('',*,*,#1987,.F.);
#1083=ORIENTED_EDGE('',*,*,#2021,.F.);
#1084=ORIENTED_EDGE('',*,*,#1810,.T.);
#1085=ORIENTED_EDGE('',*,*,#2020,.T.);
#1086=ORIENTED_EDGE('',*,*,#1986,.F.);
#1087=ORIENTED_EDGE('',*,*,#2022,.F.);
#1088=ORIENTED_EDGE('',*,*,#1811,.T.);
#1089=ORIENTED_EDGE('',*,*,#2021,.T.);
#1090=ORIENTED_EDGE('',*,*,#1985,.F.);
#1091=ORIENTED_EDGE('',*,*,#2023,.F.);
#1092=ORIENTED_EDGE('',*,*,#1812,.T.);
#1093=ORIENTED_EDGE('',*,*,#2022,.T.);
#1094=ORIENTED_EDGE('',*,*,#1975,.F.);
#1095=ORIENTED_EDGE('',*,*,#2024,.F.);
#1096=ORIENTED_EDGE('',*,*,#1798,.T.);
#1097=ORIENTED_EDGE('',*,*,#2025,.T.);
#1098=ORIENTED_EDGE('',*,*,#1982,.T.);
#1099=ORIENTED_EDGE('',*,*,#2026,.F.);
#1100=ORIENTED_EDGE('',*,*,#1799,.F.);
#1101=ORIENTED_EDGE('',*,*,#2024,.T.);
#1102=ORIENTED_EDGE('',*,*,#1981,.F.);
#1103=ORIENTED_EDGE('',*,*,#2027,.F.);
#1104=ORIENTED_EDGE('',*,*,#1800,.T.);
#1105=ORIENTED_EDGE('',*,*,#2026,.T.);
#1106=ORIENTED_EDGE('',*,*,#1980,.F.);
#1107=ORIENTED_EDGE('',*,*,#2028,.F.);
#1108=ORIENTED_EDGE('',*,*,#1801,.T.);
#1109=ORIENTED_EDGE('',*,*,#2027,.T.);
#1110=ORIENTED_EDGE('',*,*,#1979,.F.);
#1111=ORIENTED_EDGE('',*,*,#2029,.F.);
#1112=ORIENTED_EDGE('',*,*,#1802,.T.);
#1113=ORIENTED_EDGE('',*,*,#2028,.T.);
#1114=ORIENTED_EDGE('',*,*,#1978,.F.);
#1115=ORIENTED_EDGE('',*,*,#2030,.F.);
#1116=ORIENTED_EDGE('',*,*,#1803,.T.);
#1117=ORIENTED_EDGE('',*,*,#2029,.T.);
#1118=ORIENTED_EDGE('',*,*,#1977,.F.);
#1119=ORIENTED_EDGE('',*,*,#2031,.F.);
#1120=ORIENTED_EDGE('',*,*,#1804,.T.);
#1121=ORIENTED_EDGE('',*,*,#2030,.T.);
#1122=ORIENTED_EDGE('',*,*,#1971,.F.);
#1123=ORIENTED_EDGE('',*,*,#2032,.F.);
#1124=ORIENTED_EDGE('',*,*,#1794,.T.);
#1125=ORIENTED_EDGE('',*,*,#2033,.T.);
#1126=ORIENTED_EDGE('',*,*,#1974,.F.);
#1127=ORIENTED_EDGE('',*,*,#2034,.F.);
#1128=ORIENTED_EDGE('',*,*,#1795,.T.);
#1129=ORIENTED_EDGE('',*,*,#2032,.T.);
#1130=ORIENTED_EDGE('',*,*,#1973,.T.);
#1131=ORIENTED_EDGE('',*,*,#2035,.F.);
#1132=ORIENTED_EDGE('',*,*,#1796,.F.);
#1133=ORIENTED_EDGE('',*,*,#2034,.T.);
#1134=ORIENTED_EDGE('',*,*,#1967,.F.);
#1135=ORIENTED_EDGE('',*,*,#2036,.F.);
#1136=ORIENTED_EDGE('',*,*,#1790,.T.);
#1137=ORIENTED_EDGE('',*,*,#2037,.T.);
#1138=ORIENTED_EDGE('',*,*,#1970,.F.);
#1139=ORIENTED_EDGE('',*,*,#2038,.F.);
#1140=ORIENTED_EDGE('',*,*,#1791,.T.);
#1141=ORIENTED_EDGE('',*,*,#2036,.T.);
#1142=ORIENTED_EDGE('',*,*,#1969,.T.);
#1143=ORIENTED_EDGE('',*,*,#2039,.F.);
#1144=ORIENTED_EDGE('',*,*,#1792,.F.);
#1145=ORIENTED_EDGE('',*,*,#2038,.T.);
#1146=ORIENTED_EDGE('',*,*,#1963,.F.);
#1147=ORIENTED_EDGE('',*,*,#2040,.F.);
#1148=ORIENTED_EDGE('',*,*,#1786,.T.);
#1149=ORIENTED_EDGE('',*,*,#2041,.T.);
#1150=ORIENTED_EDGE('',*,*,#1966,.F.);
#1151=ORIENTED_EDGE('',*,*,#2042,.F.);
#1152=ORIENTED_EDGE('',*,*,#1787,.T.);
#1153=ORIENTED_EDGE('',*,*,#2040,.T.);
#1154=ORIENTED_EDGE('',*,*,#1965,.T.);
#1155=ORIENTED_EDGE('',*,*,#2043,.F.);
#1156=ORIENTED_EDGE('',*,*,#1788,.F.);
#1157=ORIENTED_EDGE('',*,*,#2042,.T.);
#1158=ORIENTED_EDGE('',*,*,#1959,.F.);
#1159=ORIENTED_EDGE('',*,*,#2044,.F.);
#1160=ORIENTED_EDGE('',*,*,#1782,.T.);
#1161=ORIENTED_EDGE('',*,*,#2045,.T.);
#1162=ORIENTED_EDGE('',*,*,#1962,.F.);
#1163=ORIENTED_EDGE('',*,*,#2046,.F.);
#1164=ORIENTED_EDGE('',*,*,#1783,.T.);
#1165=ORIENTED_EDGE('',*,*,#2044,.T.);
#1166=ORIENTED_EDGE('',*,*,#1961,.T.);
#1167=ORIENTED_EDGE('',*,*,#2047,.F.);
#1168=ORIENTED_EDGE('',*,*,#1784,.F.);
#1169=ORIENTED_EDGE('',*,*,#2046,.T.);
#1170=ORIENTED_EDGE('',*,*,#1955,.F.);
#1171=ORIENTED_EDGE('',*,*,#2048,.F.);
#1172=ORIENTED_EDGE('',*,*,#1778,.T.);
#1173=ORIENTED_EDGE('',*,*,#2049,.T.);
#1174=ORIENTED_EDGE('',*,*,#1958,.F.);
#1175=ORIENTED_EDGE('',*,*,#2050,.F.);
#1176=ORIENTED_EDGE('',*,*,#1779,.T.);
#1177=ORIENTED_EDGE('',*,*,#2048,.T.);
#1178=ORIENTED_EDGE('',*,*,#1957,.T.);
#1179=ORIENTED_EDGE('',*,*,#2051,.F.);
#1180=ORIENTED_EDGE('',*,*,#1780,.F.);
#1181=ORIENTED_EDGE('',*,*,#2050,.T.);
#1182=ORIENTED_EDGE('',*,*,#1951,.F.);
#1183=ORIENTED_EDGE('',*,*,#2052,.F.);
#1184=ORIENTED_EDGE('',*,*,#1774,.T.);
#1185=ORIENTED_EDGE('',*,*,#2053,.T.);
#1186=ORIENTED_EDGE('',*,*,#1954,.F.);
#1187=ORIENTED_EDGE('',*,*,#2054,.F.);
#1188=ORIENTED_EDGE('',*,*,#1775,.T.);
#1189=ORIENTED_EDGE('',*,*,#2052,.T.);
#1190=ORIENTED_EDGE('',*,*,#1953,.T.);
#1191=ORIENTED_EDGE('',*,*,#2055,.F.);
#1192=ORIENTED_EDGE('',*,*,#1776,.F.);
#1193=ORIENTED_EDGE('',*,*,#2054,.T.);
#1194=ORIENTED_EDGE('',*,*,#1947,.F.);
#1195=ORIENTED_EDGE('',*,*,#2056,.F.);
#1196=ORIENTED_EDGE('',*,*,#1770,.T.);
#1197=ORIENTED_EDGE('',*,*,#2057,.T.);
#1198=ORIENTED_EDGE('',*,*,#1950,.F.);
#1199=ORIENTED_EDGE('',*,*,#2058,.F.);
#1200=ORIENTED_EDGE('',*,*,#1771,.T.);
#1201=ORIENTED_EDGE('',*,*,#2056,.T.);
#1202=ORIENTED_EDGE('',*,*,#1949,.T.);
#1203=ORIENTED_EDGE('',*,*,#2059,.F.);
#1204=ORIENTED_EDGE('',*,*,#1772,.F.);
#1205=ORIENTED_EDGE('',*,*,#2058,.T.);
#1206=ORIENTED_EDGE('',*,*,#1943,.F.);
#1207=ORIENTED_EDGE('',*,*,#2060,.F.);
#1208=ORIENTED_EDGE('',*,*,#1766,.T.);
#1209=ORIENTED_EDGE('',*,*,#2061,.T.);
#1210=ORIENTED_EDGE('',*,*,#1946,.F.);
#1211=ORIENTED_EDGE('',*,*,#2062,.F.);
#1212=ORIENTED_EDGE('',*,*,#1767,.T.);
#1213=ORIENTED_EDGE('',*,*,#2060,.T.);
#1214=ORIENTED_EDGE('',*,*,#1945,.T.);
#1215=ORIENTED_EDGE('',*,*,#2063,.F.);
#1216=ORIENTED_EDGE('',*,*,#1768,.F.);
#1217=ORIENTED_EDGE('',*,*,#2062,.T.);
#1218=ORIENTED_EDGE('',*,*,#1939,.F.);
#1219=ORIENTED_EDGE('',*,*,#2064,.F.);
#1220=ORIENTED_EDGE('',*,*,#1762,.T.);
#1221=ORIENTED_EDGE('',*,*,#2065,.T.);
#1222=ORIENTED_EDGE('',*,*,#1942,.T.);
#1223=ORIENTED_EDGE('',*,*,#2066,.F.);
#1224=ORIENTED_EDGE('',*,*,#1763,.F.);
#1225=ORIENTED_EDGE('',*,*,#2064,.T.);
#1226=ORIENTED_EDGE('',*,*,#1941,.T.);
#1227=ORIENTED_EDGE('',*,*,#2067,.F.);
#1228=ORIENTED_EDGE('',*,*,#1764,.F.);
#1229=ORIENTED_EDGE('',*,*,#2066,.T.);
#1230=ORIENTED_EDGE('',*,*,#1758,.T.);
#1231=ORIENTED_EDGE('',*,*,#2068,.T.);
#1232=ORIENTED_EDGE('',*,*,#1937,.F.);
#1233=ORIENTED_EDGE('',*,*,#2069,.T.);
#1234=ORIENTED_EDGE('',*,*,#1935,.T.);
#1235=ORIENTED_EDGE('',*,*,#2070,.T.);
#1236=ORIENTED_EDGE('',*,*,#1760,.F.);
#1237=ORIENTED_EDGE('',*,*,#2071,.T.);
#1238=ORIENTED_EDGE('',*,*,#1933,.T.);
#1239=ORIENTED_EDGE('',*,*,#2072,.T.);
#1240=ORIENTED_EDGE('',*,*,#1754,.F.);
#1241=ORIENTED_EDGE('',*,*,#2073,.T.);
#1242=ORIENTED_EDGE('',*,*,#1984,.F.);
#1243=ORIENTED_EDGE('',*,*,#2017,.F.);
#1244=ORIENTED_EDGE('',*,*,#1813,.T.);
#1245=ORIENTED_EDGE('',*,*,#2023,.T.);
#1246=ORIENTED_EDGE('',*,*,#1976,.T.);
#1247=ORIENTED_EDGE('',*,*,#2025,.F.);
#1248=ORIENTED_EDGE('',*,*,#1805,.F.);
#1249=ORIENTED_EDGE('',*,*,#2031,.T.);
#1250=ORIENTED_EDGE('',*,*,#1972,.T.);
#1251=ORIENTED_EDGE('',*,*,#2033,.F.);
#1252=ORIENTED_EDGE('',*,*,#1797,.F.);
#1253=ORIENTED_EDGE('',*,*,#2035,.T.);
#1254=ORIENTED_EDGE('',*,*,#1968,.T.);
#1255=ORIENTED_EDGE('',*,*,#2037,.F.);
#1256=ORIENTED_EDGE('',*,*,#1793,.F.);
#1257=ORIENTED_EDGE('',*,*,#2039,.T.);
#1258=ORIENTED_EDGE('',*,*,#1964,.T.);
#1259=ORIENTED_EDGE('',*,*,#2041,.F.);
#1260=ORIENTED_EDGE('',*,*,#1789,.F.);
#1261=ORIENTED_EDGE('',*,*,#2043,.T.);
#1262=ORIENTED_EDGE('',*,*,#1960,.T.);
#1263=ORIENTED_EDGE('',*,*,#2045,.F.);
#1264=ORIENTED_EDGE('',*,*,#1785,.F.);
#1265=ORIENTED_EDGE('',*,*,#2047,.T.);
#1266=ORIENTED_EDGE('',*,*,#1956,.T.);
#1267=ORIENTED_EDGE('',*,*,#2049,.F.);
#1268=ORIENTED_EDGE('',*,*,#1781,.F.);
#1269=ORIENTED_EDGE('',*,*,#2051,.T.);
#1270=ORIENTED_EDGE('',*,*,#1952,.T.);
#1271=ORIENTED_EDGE('',*,*,#2053,.F.);
#1272=ORIENTED_EDGE('',*,*,#1777,.F.);
#1273=ORIENTED_EDGE('',*,*,#2055,.T.);
#1274=ORIENTED_EDGE('',*,*,#1948,.T.);
#1275=ORIENTED_EDGE('',*,*,#2057,.F.);
#1276=ORIENTED_EDGE('',*,*,#1773,.F.);
#1277=ORIENTED_EDGE('',*,*,#2059,.T.);
#1278=ORIENTED_EDGE('',*,*,#1944,.T.);
#1279=ORIENTED_EDGE('',*,*,#2061,.F.);
#1280=ORIENTED_EDGE('',*,*,#1769,.F.);
#1281=ORIENTED_EDGE('',*,*,#2063,.T.);
#1282=ORIENTED_EDGE('',*,*,#1940,.F.);
#1283=ORIENTED_EDGE('',*,*,#2065,.F.);
#1284=ORIENTED_EDGE('',*,*,#1765,.T.);
#1285=ORIENTED_EDGE('',*,*,#2067,.T.);
#1286=ORIENTED_EDGE('',*,*,#1756,.T.);
#1287=ORIENTED_EDGE('',*,*,#2074,.T.);
#1288=ORIENTED_EDGE('',*,*,#1931,.F.);
#1289=ORIENTED_EDGE('',*,*,#2075,.T.);
#1290=ORIENTED_EDGE('',*,*,#1814,.T.);
#1291=ORIENTED_EDGE('',*,*,#1991,.F.);
#1292=ORIENTED_EDGE('',*,*,#1753,.F.);
#1293=ORIENTED_EDGE('',*,*,#1930,.T.);
#1294=ORIENTED_EDGE('',*,*,#1815,.T.);
#1295=ORIENTED_EDGE('',*,*,#1929,.F.);
#1296=ORIENTED_EDGE('',*,*,#1752,.F.);
#1297=ORIENTED_EDGE('',*,*,#1992,.T.);
#1298=ORIENTED_EDGE('',*,*,#1816,.T.);
#1299=ORIENTED_EDGE('',*,*,#1993,.F.);
#1300=ORIENTED_EDGE('',*,*,#1755,.F.);
#1301=ORIENTED_EDGE('',*,*,#2072,.F.);
#1302=ORIENTED_EDGE('',*,*,#1932,.F.);
#1303=ORIENTED_EDGE('',*,*,#2074,.F.);
#1304=ORIENTED_EDGE('',*,*,#1761,.F.);
#1305=ORIENTED_EDGE('',*,*,#2070,.F.);
#1306=ORIENTED_EDGE('',*,*,#1934,.F.);
#1307=ORIENTED_EDGE('',*,*,#2073,.F.);
#1308=ORIENTED_EDGE('',*,*,#1757,.F.);
#1309=ORIENTED_EDGE('',*,*,#2075,.F.);
#1310=ORIENTED_EDGE('',*,*,#1938,.F.);
#1311=ORIENTED_EDGE('',*,*,#2068,.F.);
#1312=ORIENTED_EDGE('',*,*,#1759,.F.);
#1313=ORIENTED_EDGE('',*,*,#2069,.F.);
#1314=ORIENTED_EDGE('',*,*,#1936,.F.);
#1315=ORIENTED_EDGE('',*,*,#2071,.F.);
#1316=ORIENTED_EDGE('',*,*,#1920,.T.);
#1317=ORIENTED_EDGE('',*,*,#2076,.T.);
#1318=ORIENTED_EDGE('',*,*,#1824,.T.);
#1319=ORIENTED_EDGE('',*,*,#2077,.F.);
#1320=ORIENTED_EDGE('',*,*,#2078,.F.);
#1321=ORIENTED_EDGE('',*,*,#1825,.T.);
#1322=ORIENTED_EDGE('',*,*,#2076,.F.);
#1323=ORIENTED_EDGE('',*,*,#1919,.F.);
#1324=ORIENTED_EDGE('',*,*,#2079,.F.);
#1325=ORIENTED_EDGE('',*,*,#1827,.T.);
#1326=ORIENTED_EDGE('',*,*,#2080,.F.);
#1327=ORIENTED_EDGE('',*,*,#1917,.F.);
#1328=ORIENTED_EDGE('',*,*,#1926,.T.);
#1329=ORIENTED_EDGE('',*,*,#2081,.F.);
#1330=ORIENTED_EDGE('',*,*,#1818,.F.);
#1331=ORIENTED_EDGE('',*,*,#2082,.F.);
#1332=ORIENTED_EDGE('',*,*,#2083,.F.);
#1333=ORIENTED_EDGE('',*,*,#1822,.T.);
#1334=ORIENTED_EDGE('',*,*,#2084,.F.);
#1335=ORIENTED_EDGE('',*,*,#1922,.F.);
#1336=ORIENTED_EDGE('',*,*,#2085,.F.);
#1337=ORIENTED_EDGE('',*,*,#1820,.T.);
#1338=ORIENTED_EDGE('',*,*,#2086,.F.);
#1339=ORIENTED_EDGE('',*,*,#1924,.F.);
#1340=ORIENTED_EDGE('',*,*,#1928,.T.);
#1341=ORIENTED_EDGE('',*,*,#2087,.F.);
#1342=ORIENTED_EDGE('',*,*,#1829,.F.);
#1343=ORIENTED_EDGE('',*,*,#2088,.F.);
#1344=ORIENTED_EDGE('',*,*,#2080,.T.);
#1345=ORIENTED_EDGE('',*,*,#1826,.T.);
#1346=ORIENTED_EDGE('',*,*,#2078,.T.);
#1347=ORIENTED_EDGE('',*,*,#1918,.F.);
#1348=ORIENTED_EDGE('',*,*,#2088,.T.);
#1349=ORIENTED_EDGE('',*,*,#1828,.T.);
#1350=ORIENTED_EDGE('',*,*,#2079,.T.);
#1351=ORIENTED_EDGE('',*,*,#1916,.F.);
#1352=ORIENTED_EDGE('',*,*,#2082,.T.);
#1353=ORIENTED_EDGE('',*,*,#1817,.T.);
#1354=ORIENTED_EDGE('',*,*,#2087,.T.);
#1355=ORIENTED_EDGE('',*,*,#1927,.F.);
#1356=ORIENTED_EDGE('',*,*,#2077,.T.);
#1357=ORIENTED_EDGE('',*,*,#1823,.T.);
#1358=ORIENTED_EDGE('',*,*,#2083,.T.);
#1359=ORIENTED_EDGE('',*,*,#1921,.F.);
#1360=ORIENTED_EDGE('',*,*,#2086,.T.);
#1361=ORIENTED_EDGE('',*,*,#1819,.T.);
#1362=ORIENTED_EDGE('',*,*,#2081,.T.);
#1363=ORIENTED_EDGE('',*,*,#1925,.F.);
#1364=ORIENTED_EDGE('',*,*,#2084,.T.);
#1365=ORIENTED_EDGE('',*,*,#1821,.T.);
#1366=ORIENTED_EDGE('',*,*,#2085,.T.);
#1367=ORIENTED_EDGE('',*,*,#1923,.F.);
#1368=ORIENTED_EDGE('',*,*,#1914,.T.);
#1369=ORIENTED_EDGE('',*,*,#2089,.F.);
#1370=ORIENTED_EDGE('',*,*,#1746,.F.);
#1371=ORIENTED_EDGE('',*,*,#2090,.F.);
#1372=ORIENTED_EDGE('',*,*,#2091,.F.);
#1373=ORIENTED_EDGE('',*,*,#1748,.T.);
#1374=ORIENTED_EDGE('',*,*,#2092,.F.);
#1375=ORIENTED_EDGE('',*,*,#1912,.F.);
#1376=ORIENTED_EDGE('',*,*,#2093,.F.);
#1377=ORIENTED_EDGE('',*,*,#1750,.T.);
#1378=ORIENTED_EDGE('',*,*,#2094,.F.);
#1379=ORIENTED_EDGE('',*,*,#1910,.F.);
#1380=ORIENTED_EDGE('',*,*,#2095,.F.);
#1381=ORIENTED_EDGE('',*,*,#1744,.T.);
#1382=ORIENTED_EDGE('',*,*,#2096,.F.);
#1383=ORIENTED_EDGE('',*,*,#1908,.F.);
#1384=ORIENTED_EDGE('',*,*,#2090,.T.);
#1385=ORIENTED_EDGE('',*,*,#1745,.T.);
#1386=ORIENTED_EDGE('',*,*,#2095,.T.);
#1387=ORIENTED_EDGE('',*,*,#1915,.F.);
#1388=ORIENTED_EDGE('',*,*,#2096,.T.);
#1389=ORIENTED_EDGE('',*,*,#1751,.T.);
#1390=ORIENTED_EDGE('',*,*,#2093,.T.);
#1391=ORIENTED_EDGE('',*,*,#1909,.F.);
#1392=ORIENTED_EDGE('',*,*,#2094,.T.);
#1393=ORIENTED_EDGE('',*,*,#1749,.T.);
#1394=ORIENTED_EDGE('',*,*,#2091,.T.);
#1395=ORIENTED_EDGE('',*,*,#1911,.F.);
#1396=ORIENTED_EDGE('',*,*,#2092,.T.);
#1397=ORIENTED_EDGE('',*,*,#1747,.T.);
#1398=ORIENTED_EDGE('',*,*,#2089,.T.);
#1399=ORIENTED_EDGE('',*,*,#1913,.F.);
#1400=ORIENTED_EDGE('',*,*,#2097,.F.);
#1401=ORIENTED_EDGE('',*,*,#1739,.T.);
#1402=ORIENTED_EDGE('',*,*,#2098,.F.);
#1403=ORIENTED_EDGE('',*,*,#1900,.F.);
#1404=ORIENTED_EDGE('',*,*,#2099,.F.);
#1405=ORIENTED_EDGE('',*,*,#1741,.T.);
#1406=ORIENTED_EDGE('',*,*,#2100,.F.);
#1407=ORIENTED_EDGE('',*,*,#1906,.F.);
#1408=ORIENTED_EDGE('',*,*,#1904,.T.);
#1409=ORIENTED_EDGE('',*,*,#2101,.F.);
#1410=ORIENTED_EDGE('',*,*,#1743,.F.);
#1411=ORIENTED_EDGE('',*,*,#2102,.F.);
#1412=ORIENTED_EDGE('',*,*,#1902,.T.);
#1413=ORIENTED_EDGE('',*,*,#2103,.F.);
#1414=ORIENTED_EDGE('',*,*,#1737,.F.);
#1415=ORIENTED_EDGE('',*,*,#2104,.F.);
#1416=ORIENTED_EDGE('',*,*,#2098,.T.);
#1417=ORIENTED_EDGE('',*,*,#1738,.T.);
#1418=ORIENTED_EDGE('',*,*,#2103,.T.);
#1419=ORIENTED_EDGE('',*,*,#1901,.F.);
#1420=ORIENTED_EDGE('',*,*,#2100,.T.);
#1421=ORIENTED_EDGE('',*,*,#1740,.T.);
#1422=ORIENTED_EDGE('',*,*,#2097,.T.);
#1423=ORIENTED_EDGE('',*,*,#1907,.F.);
#1424=ORIENTED_EDGE('',*,*,#2104,.T.);
#1425=ORIENTED_EDGE('',*,*,#1736,.T.);
#1426=ORIENTED_EDGE('',*,*,#2101,.T.);
#1427=ORIENTED_EDGE('',*,*,#1903,.F.);
#1428=ORIENTED_EDGE('',*,*,#2102,.T.);
#1429=ORIENTED_EDGE('',*,*,#1742,.T.);
#1430=ORIENTED_EDGE('',*,*,#2099,.T.);
#1431=ORIENTED_EDGE('',*,*,#1905,.F.);
#1432=ORIENTED_EDGE('',*,*,#1898,.T.);
#1433=ORIENTED_EDGE('',*,*,#2105,.F.);
#1434=ORIENTED_EDGE('',*,*,#1733,.F.);
#1435=ORIENTED_EDGE('',*,*,#2106,.F.);
#1436=ORIENTED_EDGE('',*,*,#2107,.F.);
#1437=ORIENTED_EDGE('',*,*,#1729,.T.);
#1438=ORIENTED_EDGE('',*,*,#2108,.F.);
#1439=ORIENTED_EDGE('',*,*,#1894,.F.);
#1440=ORIENTED_EDGE('',*,*,#2109,.F.);
#1441=ORIENTED_EDGE('',*,*,#1735,.T.);
#1442=ORIENTED_EDGE('',*,*,#2110,.F.);
#1443=ORIENTED_EDGE('',*,*,#1896,.F.);
#1444=ORIENTED_EDGE('',*,*,#1892,.T.);
#1445=ORIENTED_EDGE('',*,*,#2111,.F.);
#1446=ORIENTED_EDGE('',*,*,#1731,.F.);
#1447=ORIENTED_EDGE('',*,*,#2112,.F.);
#1448=ORIENTED_EDGE('',*,*,#2112,.T.);
#1449=ORIENTED_EDGE('',*,*,#1730,.T.);
#1450=ORIENTED_EDGE('',*,*,#2107,.T.);
#1451=ORIENTED_EDGE('',*,*,#1893,.F.);
#1452=ORIENTED_EDGE('',*,*,#2106,.T.);
#1453=ORIENTED_EDGE('',*,*,#1732,.T.);
#1454=ORIENTED_EDGE('',*,*,#2111,.T.);
#1455=ORIENTED_EDGE('',*,*,#1899,.F.);
#1456=ORIENTED_EDGE('',*,*,#2108,.T.);
#1457=ORIENTED_EDGE('',*,*,#1728,.T.);
#1458=ORIENTED_EDGE('',*,*,#2109,.T.);
#1459=ORIENTED_EDGE('',*,*,#1895,.F.);
#1460=ORIENTED_EDGE('',*,*,#2110,.T.);
#1461=ORIENTED_EDGE('',*,*,#1734,.T.);
#1462=ORIENTED_EDGE('',*,*,#2105,.T.);
#1463=ORIENTED_EDGE('',*,*,#1897,.F.);
#1464=ORIENTED_EDGE('',*,*,#1890,.T.);
#1465=ORIENTED_EDGE('',*,*,#2113,.F.);
#1466=ORIENTED_EDGE('',*,*,#1833,.F.);
#1467=ORIENTED_EDGE('',*,*,#2114,.F.);
#1468=ORIENTED_EDGE('',*,*,#1888,.T.);
#1469=ORIENTED_EDGE('',*,*,#2115,.F.);
#1470=ORIENTED_EDGE('',*,*,#1835,.F.);
#1471=ORIENTED_EDGE('',*,*,#2116,.F.);
#1472=ORIENTED_EDGE('',*,*,#1886,.T.);
#1473=ORIENTED_EDGE('',*,*,#2117,.F.);
#1474=ORIENTED_EDGE('',*,*,#1831,.F.);
#1475=ORIENTED_EDGE('',*,*,#2118,.F.);
#1476=ORIENTED_EDGE('',*,*,#2114,.T.);
#1477=ORIENTED_EDGE('',*,*,#1832,.T.);
#1478=ORIENTED_EDGE('',*,*,#2117,.T.);
#1479=ORIENTED_EDGE('',*,*,#1891,.F.);
#1480=ORIENTED_EDGE('',*,*,#2118,.T.);
#1481=ORIENTED_EDGE('',*,*,#1830,.T.);
#1482=ORIENTED_EDGE('',*,*,#2115,.T.);
#1483=ORIENTED_EDGE('',*,*,#1887,.F.);
#1484=ORIENTED_EDGE('',*,*,#2116,.T.);
#1485=ORIENTED_EDGE('',*,*,#1834,.T.);
#1486=ORIENTED_EDGE('',*,*,#2113,.T.);
#1487=ORIENTED_EDGE('',*,*,#1889,.F.);
#1488=ORIENTED_EDGE('',*,*,#2119,.F.);
#1489=ORIENTED_EDGE('',*,*,#1716,.T.);
#1490=ORIENTED_EDGE('',*,*,#2120,.F.);
#1491=ORIENTED_EDGE('',*,*,#2003,.F.);
#1492=ORIENTED_EDGE('',*,*,#1997,.T.);
#1493=ORIENTED_EDGE('',*,*,#2121,.F.);
#1494=ORIENTED_EDGE('',*,*,#1722,.F.);
#1495=ORIENTED_EDGE('',*,*,#2122,.F.);
#1496=ORIENTED_EDGE('',*,*,#2123,.F.);
#1497=ORIENTED_EDGE('',*,*,#1724,.T.);
#1498=ORIENTED_EDGE('',*,*,#2124,.F.);
#1499=ORIENTED_EDGE('',*,*,#1995,.F.);
#1500=ORIENTED_EDGE('',*,*,#1994,.T.);
#1501=ORIENTED_EDGE('',*,*,#2125,.F.);
#1502=ORIENTED_EDGE('',*,*,#1725,.T.);
#1503=ORIENTED_EDGE('',*,*,#2123,.T.);
#1504=ORIENTED_EDGE('',*,*,#2004,.T.);
#1505=ORIENTED_EDGE('',*,*,#2120,.T.);
#1506=ORIENTED_EDGE('',*,*,#1727,.T.);
#1507=ORIENTED_EDGE('',*,*,#2126,.F.);
#1508=ORIENTED_EDGE('',*,*,#2127,.F.);
#1509=ORIENTED_EDGE('',*,*,#1720,.T.);
#1510=ORIENTED_EDGE('',*,*,#2128,.F.);
#1511=ORIENTED_EDGE('',*,*,#1999,.F.);
#1512=ORIENTED_EDGE('',*,*,#2001,.T.);
#1513=ORIENTED_EDGE('',*,*,#2129,.F.);
#1514=ORIENTED_EDGE('',*,*,#1718,.F.);
#1515=ORIENTED_EDGE('',*,*,#2130,.F.);
#1516=ORIENTED_EDGE('',*,*,#2124,.T.);
#1517=ORIENTED_EDGE('',*,*,#1723,.T.);
#1518=ORIENTED_EDGE('',*,*,#2121,.T.);
#1519=ORIENTED_EDGE('',*,*,#1996,.F.);
#1520=ORIENTED_EDGE('',*,*,#2126,.T.);
#1521=ORIENTED_EDGE('',*,*,#1726,.T.);
#1522=ORIENTED_EDGE('',*,*,#2125,.T.);
#1523=ORIENTED_EDGE('',*,*,#2005,.F.);
#1524=ORIENTED_EDGE('',*,*,#2122,.T.);
#1525=ORIENTED_EDGE('',*,*,#1721,.T.);
#1526=ORIENTED_EDGE('',*,*,#2127,.T.);
#1527=ORIENTED_EDGE('',*,*,#1998,.F.);
#1528=ORIENTED_EDGE('',*,*,#2130,.T.);
#1529=ORIENTED_EDGE('',*,*,#1717,.T.);
#1530=ORIENTED_EDGE('',*,*,#2119,.T.);
#1531=ORIENTED_EDGE('',*,*,#2002,.F.);
#1532=ORIENTED_EDGE('',*,*,#2128,.T.);
#1533=ORIENTED_EDGE('',*,*,#1719,.T.);
#1534=ORIENTED_EDGE('',*,*,#2129,.T.);
#1535=ORIENTED_EDGE('',*,*,#2000,.F.);
#1536=ORIENTED_EDGE('',*,*,#1878,.T.);
#1537=ORIENTED_EDGE('',*,*,#2131,.F.);
#1538=ORIENTED_EDGE('',*,*,#1711,.F.);
#1539=ORIENTED_EDGE('',*,*,#2132,.F.);
#1540=ORIENTED_EDGE('',*,*,#1880,.T.);
#1541=ORIENTED_EDGE('',*,*,#2133,.F.);
#1542=ORIENTED_EDGE('',*,*,#1709,.F.);
#1543=ORIENTED_EDGE('',*,*,#2134,.F.);
#1544=ORIENTED_EDGE('',*,*,#2135,.F.);
#1545=ORIENTED_EDGE('',*,*,#1713,.T.);
#1546=ORIENTED_EDGE('',*,*,#2136,.F.);
#1547=ORIENTED_EDGE('',*,*,#1884,.F.);
#1548=ORIENTED_EDGE('',*,*,#2137,.F.);
#1549=ORIENTED_EDGE('',*,*,#1715,.T.);
#1550=ORIENTED_EDGE('',*,*,#2138,.F.);
#1551=ORIENTED_EDGE('',*,*,#1882,.F.);
#1552=ORIENTED_EDGE('',*,*,#2132,.T.);
#1553=ORIENTED_EDGE('',*,*,#1710,.T.);
#1554=ORIENTED_EDGE('',*,*,#2133,.T.);
#1555=ORIENTED_EDGE('',*,*,#1879,.F.);
#1556=ORIENTED_EDGE('',*,*,#2136,.T.);
#1557=ORIENTED_EDGE('',*,*,#1712,.T.);
#1558=ORIENTED_EDGE('',*,*,#2131,.T.);
#1559=ORIENTED_EDGE('',*,*,#1885,.F.);
#1560=ORIENTED_EDGE('',*,*,#2134,.T.);
#1561=ORIENTED_EDGE('',*,*,#1708,.T.);
#1562=ORIENTED_EDGE('',*,*,#2137,.T.);
#1563=ORIENTED_EDGE('',*,*,#1881,.F.);
#1564=ORIENTED_EDGE('',*,*,#2138,.T.);
#1565=ORIENTED_EDGE('',*,*,#1714,.T.);
#1566=ORIENTED_EDGE('',*,*,#2135,.T.);
#1567=ORIENTED_EDGE('',*,*,#1883,.F.);
#1568=ORIENTED_EDGE('',*,*,#1868,.T.);
#1569=ORIENTED_EDGE('',*,*,#2139,.F.);
#1570=ORIENTED_EDGE('',*,*,#1839,.F.);
#1571=ORIENTED_EDGE('',*,*,#2140,.F.);
#1572=ORIENTED_EDGE('',*,*,#2141,.F.);
#1573=ORIENTED_EDGE('',*,*,#1841,.T.);
#1574=ORIENTED_EDGE('',*,*,#2142,.F.);
#1575=ORIENTED_EDGE('',*,*,#1876,.F.);
#1576=ORIENTED_EDGE('',*,*,#2143,.F.);
#1577=ORIENTED_EDGE('',*,*,#1843,.T.);
#1578=ORIENTED_EDGE('',*,*,#2144,.F.);
#1579=ORIENTED_EDGE('',*,*,#1874,.F.);
#1580=ORIENTED_EDGE('',*,*,#2145,.F.);
#1581=ORIENTED_EDGE('',*,*,#1845,.T.);
#1582=ORIENTED_EDGE('',*,*,#2146,.F.);
#1583=ORIENTED_EDGE('',*,*,#1872,.F.);
#1584=ORIENTED_EDGE('',*,*,#1870,.T.);
#1585=ORIENTED_EDGE('',*,*,#2147,.F.);
#1586=ORIENTED_EDGE('',*,*,#1837,.F.);
#1587=ORIENTED_EDGE('',*,*,#2148,.F.);
#1588=ORIENTED_EDGE('',*,*,#2140,.T.);
#1589=ORIENTED_EDGE('',*,*,#1838,.T.);
#1590=ORIENTED_EDGE('',*,*,#2147,.T.);
#1591=ORIENTED_EDGE('',*,*,#1869,.F.);
#1592=ORIENTED_EDGE('',*,*,#2148,.T.);
#1593=ORIENTED_EDGE('',*,*,#1836,.T.);
#1594=ORIENTED_EDGE('',*,*,#2145,.T.);
#1595=ORIENTED_EDGE('',*,*,#1871,.F.);
#1596=ORIENTED_EDGE('',*,*,#2142,.T.);
#1597=ORIENTED_EDGE('',*,*,#1840,.T.);
#1598=ORIENTED_EDGE('',*,*,#2139,.T.);
#1599=ORIENTED_EDGE('',*,*,#1877,.F.);
#1600=ORIENTED_EDGE('',*,*,#2144,.T.);
#1601=ORIENTED_EDGE('',*,*,#1842,.T.);
#1602=ORIENTED_EDGE('',*,*,#2141,.T.);
#1603=ORIENTED_EDGE('',*,*,#1875,.F.);
#1604=ORIENTED_EDGE('',*,*,#2146,.T.);
#1605=ORIENTED_EDGE('',*,*,#1844,.T.);
#1606=ORIENTED_EDGE('',*,*,#2143,.T.);
#1607=ORIENTED_EDGE('',*,*,#1873,.F.);
#1608=ORIENTED_EDGE('',*,*,#2014,.T.);
#1609=ORIENTED_EDGE('',*,*,#2149,.F.);
#1610=ORIENTED_EDGE('',*,*,#1851,.F.);
#1611=ORIENTED_EDGE('',*,*,#2150,.F.);
#1612=ORIENTED_EDGE('',*,*,#2008,.T.);
#1613=ORIENTED_EDGE('',*,*,#2151,.F.);
#1614=ORIENTED_EDGE('',*,*,#1847,.F.);
#1615=ORIENTED_EDGE('',*,*,#2152,.F.);
#1616=ORIENTED_EDGE('',*,*,#2153,.F.);
#1617=ORIENTED_EDGE('',*,*,#1853,.T.);
#1618=ORIENTED_EDGE('',*,*,#2154,.F.);
#1619=ORIENTED_EDGE('',*,*,#2012,.F.);
#1620=ORIENTED_EDGE('',*,*,#2010,.T.);
#1621=ORIENTED_EDGE('',*,*,#2155,.F.);
#1622=ORIENTED_EDGE('',*,*,#1855,.F.);
#1623=ORIENTED_EDGE('',*,*,#2156,.F.);
#1624=ORIENTED_EDGE('',*,*,#2006,.T.);
#1625=ORIENTED_EDGE('',*,*,#2157,.F.);
#1626=ORIENTED_EDGE('',*,*,#1849,.F.);
#1627=ORIENTED_EDGE('',*,*,#2158,.F.);
#1628=ORIENTED_EDGE('',*,*,#2150,.T.);
#1629=ORIENTED_EDGE('',*,*,#1850,.T.);
#1630=ORIENTED_EDGE('',*,*,#2157,.T.);
#1631=ORIENTED_EDGE('',*,*,#2015,.F.);
#1632=ORIENTED_EDGE('',*,*,#2158,.T.);
#1633=ORIENTED_EDGE('',*,*,#1848,.T.);
#1634=ORIENTED_EDGE('',*,*,#2151,.T.);
#1635=ORIENTED_EDGE('',*,*,#2007,.F.);
#1636=ORIENTED_EDGE('',*,*,#2154,.T.);
#1637=ORIENTED_EDGE('',*,*,#1852,.T.);
#1638=ORIENTED_EDGE('',*,*,#2149,.T.);
#1639=ORIENTED_EDGE('',*,*,#2013,.F.);
#1640=ORIENTED_EDGE('',*,*,#2152,.T.);
#1641=ORIENTED_EDGE('',*,*,#1846,.T.);
#1642=ORIENTED_EDGE('',*,*,#2155,.T.);
#1643=ORIENTED_EDGE('',*,*,#2009,.F.);
#1644=ORIENTED_EDGE('',*,*,#2156,.T.);
#1645=ORIENTED_EDGE('',*,*,#1854,.T.);
#1646=ORIENTED_EDGE('',*,*,#2153,.T.);
#1647=ORIENTED_EDGE('',*,*,#2011,.F.);
#1648=ORIENTED_EDGE('',*,*,#2159,.F.);
#1649=ORIENTED_EDGE('',*,*,#1701,.T.);
#1650=ORIENTED_EDGE('',*,*,#2160,.F.);
#1651=ORIENTED_EDGE('',*,*,#1856,.F.);
#1652=ORIENTED_EDGE('',*,*,#1864,.T.);
#1653=ORIENTED_EDGE('',*,*,#2161,.F.);
#1654=ORIENTED_EDGE('',*,*,#1705,.F.);
#1655=ORIENTED_EDGE('',*,*,#2162,.F.);
#1656=ORIENTED_EDGE('',*,*,#1862,.T.);
#1657=ORIENTED_EDGE('',*,*,#2163,.F.);
#1658=ORIENTED_EDGE('',*,*,#1707,.F.);
#1659=ORIENTED_EDGE('',*,*,#2164,.F.);
#1660=ORIENTED_EDGE('',*,*,#1860,.T.);
#1661=ORIENTED_EDGE('',*,*,#2165,.F.);
#1662=ORIENTED_EDGE('',*,*,#1697,.F.);
#1663=ORIENTED_EDGE('',*,*,#2166,.F.);
#1664=ORIENTED_EDGE('',*,*,#2167,.F.);
#1665=ORIENTED_EDGE('',*,*,#1699,.T.);
#1666=ORIENTED_EDGE('',*,*,#2168,.F.);
#1667=ORIENTED_EDGE('',*,*,#1858,.F.);
#1668=ORIENTED_EDGE('',*,*,#1866,.T.);
#1669=ORIENTED_EDGE('',*,*,#2169,.F.);
#1670=ORIENTED_EDGE('',*,*,#1703,.F.);
#1671=ORIENTED_EDGE('',*,*,#2170,.F.);
#1672=ORIENTED_EDGE('',*,*,#2170,.T.);
#1673=ORIENTED_EDGE('',*,*,#1702,.T.);
#1674=ORIENTED_EDGE('',*,*,#2159,.T.);
#1675=ORIENTED_EDGE('',*,*,#1867,.F.);
#1676=ORIENTED_EDGE('',*,*,#2162,.T.);
#1677=ORIENTED_EDGE('',*,*,#1704,.T.);
#1678=ORIENTED_EDGE('',*,*,#2169,.T.);
#1679=ORIENTED_EDGE('',*,*,#1865,.F.);
#1680=ORIENTED_EDGE('',*,*,#2166,.T.);
#1681=ORIENTED_EDGE('',*,*,#1696,.T.);
#1682=ORIENTED_EDGE('',*,*,#2163,.T.);
#1683=ORIENTED_EDGE('',*,*,#1861,.F.);
#1684=ORIENTED_EDGE('',*,*,#2168,.T.);
#1685=ORIENTED_EDGE('',*,*,#1698,.T.);
#1686=ORIENTED_EDGE('',*,*,#2165,.T.);
#1687=ORIENTED_EDGE('',*,*,#1859,.F.);
#1688=ORIENTED_EDGE('',*,*,#2160,.T.);
#1689=ORIENTED_EDGE('',*,*,#1700,.T.);
#1690=ORIENTED_EDGE('',*,*,#2167,.T.);
#1691=ORIENTED_EDGE('',*,*,#1857,.F.);
#1692=ORIENTED_EDGE('',*,*,#2164,.T.);
#1693=ORIENTED_EDGE('',*,*,#1706,.T.);
#1694=ORIENTED_EDGE('',*,*,#2161,.T.);
#1695=ORIENTED_EDGE('',*,*,#1863,.F.);
#1696=EDGE_CURVE('',#2171,#2172,#2491,.T.);
#1697=EDGE_CURVE('',#2171,#2173,#2492,.T.);
#1698=EDGE_CURVE('',#2174,#2173,#2493,.T.);
#1699=EDGE_CURVE('',#2175,#2174,#100,.T.);
#1700=EDGE_CURVE('',#2176,#2175,#2494,.T.);
#1701=EDGE_CURVE('',#2177,#2176,#101,.T.);
#1702=EDGE_CURVE('',#2178,#2177,#2495,.T.);
#1703=EDGE_CURVE('',#2178,#2179,#2496,.T.);
#1704=EDGE_CURVE('',#2180,#2179,#2497,.T.);
#1705=EDGE_CURVE('',#2180,#2181,#102,.T.);
#1706=EDGE_CURVE('',#2182,#2181,#2498,.T.);
#1707=EDGE_CURVE('',#2182,#2172,#103,.T.);
#1708=EDGE_CURVE('',#2183,#2184,#2499,.T.);
#1709=EDGE_CURVE('',#2183,#2185,#104,.T.);
#1710=EDGE_CURVE('',#2186,#2185,#2500,.T.);
#1711=EDGE_CURVE('',#2186,#2187,#105,.T.);
#1712=EDGE_CURVE('',#2188,#2187,#2501,.T.);
#1713=EDGE_CURVE('',#2189,#2188,#106,.T.);
#1714=EDGE_CURVE('',#2190,#2189,#2502,.T.);
#1715=EDGE_CURVE('',#2184,#2190,#107,.T.);
#1716=EDGE_CURVE('',#2191,#2192,#108,.T.);
#1717=EDGE_CURVE('',#2193,#2191,#2503,.T.);
#1718=EDGE_CURVE('',#2193,#2194,#109,.T.);
#1719=EDGE_CURVE('',#2195,#2194,#2504,.T.);
#1720=EDGE_CURVE('',#2196,#2195,#110,.T.);
#1721=EDGE_CURVE('',#2197,#2196,#2505,.T.);
#1722=EDGE_CURVE('',#2197,#2198,#2506,.T.);
#1723=EDGE_CURVE('',#2199,#2198,#2507,.T.);
#1724=EDGE_CURVE('',#2200,#2199,#111,.T.);
#1725=EDGE_CURVE('',#2201,#2200,#2508,.F.);
#1726=EDGE_CURVE('',#2202,#2201,#2509,.T.);
#1727=EDGE_CURVE('',#2192,#2202,#2510,.F.);
#1728=EDGE_CURVE('',#2203,#2204,#2511,.T.);
#1729=EDGE_CURVE('',#2205,#2203,#112,.T.);
#1730=EDGE_CURVE('',#2206,#2205,#2512,.T.);
#1731=EDGE_CURVE('',#2206,#2207,#113,.T.);
#1732=EDGE_CURVE('',#2208,#2207,#2513,.T.);
#1733=EDGE_CURVE('',#2208,#2209,#114,.T.);
#1734=EDGE_CURVE('',#2210,#2209,#2514,.T.);
#1735=EDGE_CURVE('',#2204,#2210,#115,.T.);
#1736=EDGE_CURVE('',#2211,#2212,#2515,.T.);
#1737=EDGE_CURVE('',#2211,#2213,#116,.T.);
#1738=EDGE_CURVE('',#2214,#2213,#2516,.T.);
#1739=EDGE_CURVE('',#2215,#2214,#117,.T.);
#1740=EDGE_CURVE('',#2216,#2215,#2517,.T.);
#1741=EDGE_CURVE('',#2217,#2216,#118,.T.);
#1742=EDGE_CURVE('',#2218,#2217,#2518,.T.);
#1743=EDGE_CURVE('',#2218,#2212,#119,.T.);
#1744=EDGE_CURVE('',#2219,#2220,#120,.T.);
#1745=EDGE_CURVE('',#2221,#2219,#2519,.T.);
#1746=EDGE_CURVE('',#2221,#2222,#121,.T.);
#1747=EDGE_CURVE('',#2223,#2222,#2520,.T.);
#1748=EDGE_CURVE('',#2224,#2223,#122,.T.);
#1749=EDGE_CURVE('',#2225,#2224,#2521,.T.);
#1750=EDGE_CURVE('',#2226,#2225,#123,.T.);
#1751=EDGE_CURVE('',#2220,#2226,#2522,.T.);
#1752=EDGE_CURVE('',#2227,#2227,#2523,.F.);
#1753=EDGE_CURVE('',#2228,#2228,#2524,.F.);
#1754=EDGE_CURVE('',#2229,#2230,#124,.T.);
#1755=EDGE_CURVE('',#2230,#2231,#84,.T.);
#1756=EDGE_CURVE('',#2232,#2231,#125,.T.);
#1757=EDGE_CURVE('',#2232,#2233,#85,.T.);
#1758=EDGE_CURVE('',#2234,#2233,#126,.T.);
#1759=EDGE_CURVE('',#2234,#2235,#86,.T.);
#1760=EDGE_CURVE('',#2235,#2236,#127,.T.);
#1761=EDGE_CURVE('',#2236,#2229,#87,.T.);
#1762=EDGE_CURVE('',#2237,#2238,#128,.T.);
#1763=EDGE_CURVE('',#2237,#2239,#129,.T.);
#1764=EDGE_CURVE('',#2239,#2240,#130,.T.);
#1765=EDGE_CURVE('',#2238,#2240,#131,.T.);
#1766=EDGE_CURVE('',#2241,#2242,#132,.T.);
#1767=EDGE_CURVE('',#2243,#2241,#133,.T.);
#1768=EDGE_CURVE('',#2243,#2244,#134,.T.);
#1769=EDGE_CURVE('',#2244,#2242,#135,.T.);
#1770=EDGE_CURVE('',#2245,#2246,#136,.T.);
#1771=EDGE_CURVE('',#2247,#2245,#137,.T.);
#1772=EDGE_CURVE('',#2247,#2248,#138,.T.);
#1773=EDGE_CURVE('',#2248,#2246,#139,.T.);
#1774=EDGE_CURVE('',#2249,#2250,#140,.T.);
#1775=EDGE_CURVE('',#2251,#2249,#141,.T.);
#1776=EDGE_CURVE('',#2251,#2252,#142,.T.);
#1777=EDGE_CURVE('',#2252,#2250,#143,.T.);
#1778=EDGE_CURVE('',#2253,#2254,#144,.T.);
#1779=EDGE_CURVE('',#2255,#2253,#145,.T.);
#1780=EDGE_CURVE('',#2255,#2256,#146,.T.);
#1781=EDGE_CURVE('',#2256,#2254,#147,.T.);
#1782=EDGE_CURVE('',#2257,#2258,#148,.T.);
#1783=EDGE_CURVE('',#2259,#2257,#149,.T.);
#1784=EDGE_CURVE('',#2259,#2260,#150,.T.);
#1785=EDGE_CURVE('',#2260,#2258,#151,.T.);
#1786=EDGE_CURVE('',#2261,#2262,#152,.T.);
#1787=EDGE_CURVE('',#2263,#2261,#153,.T.);
#1788=EDGE_CURVE('',#2263,#2264,#154,.T.);
#1789=EDGE_CURVE('',#2264,#2262,#155,.T.);
#1790=EDGE_CURVE('',#2265,#2266,#156,.T.);
#1791=EDGE_CURVE('',#2267,#2265,#157,.T.);
#1792=EDGE_CURVE('',#2267,#2268,#158,.T.);
#1793=EDGE_CURVE('',#2268,#2266,#159,.T.);
#1794=EDGE_CURVE('',#2269,#2270,#160,.T.);
#1795=EDGE_CURVE('',#2271,#2269,#161,.T.);
#1796=EDGE_CURVE('',#2271,#2272,#162,.T.);
#1797=EDGE_CURVE('',#2272,#2270,#163,.T.);
#1798=EDGE_CURVE('',#2273,#2274,#2525,.T.);
#1799=EDGE_CURVE('',#2273,#2275,#164,.T.);
#1800=EDGE_CURVE('',#2276,#2275,#2526,.T.);
#1801=EDGE_CURVE('',#2277,#2276,#165,.T.);
#1802=EDGE_CURVE('',#2278,#2277,#2527,.T.);
#1803=EDGE_CURVE('',#2279,#2278,#166,.T.);
#1804=EDGE_CURVE('',#2280,#2279,#2528,.T.);
#1805=EDGE_CURVE('',#2280,#2274,#167,.T.);
#1806=EDGE_CURVE('',#2281,#2282,#2529,.T.);
#1807=EDGE_CURVE('',#2283,#2281,#168,.T.);
#1808=EDGE_CURVE('',#2284,#2283,#2530,.T.);
#1809=EDGE_CURVE('',#2285,#2284,#169,.T.);
#1810=EDGE_CURVE('',#2286,#2285,#2531,.T.);
#1811=EDGE_CURVE('',#2287,#2286,#170,.T.);
#1812=EDGE_CURVE('',#2288,#2287,#2532,.T.);
#1813=EDGE_CURVE('',#2282,#2288,#171,.T.);
#1814=EDGE_CURVE('',#2289,#2289,#2533,.T.);
#1815=EDGE_CURVE('',#2290,#2290,#2534,.T.);
#1816=EDGE_CURVE('',#2291,#2291,#2535,.T.);
#1817=EDGE_CURVE('',#2292,#2293,#2536,.T.);
#1818=EDGE_CURVE('',#2292,#2294,#172,.T.);
#1819=EDGE_CURVE('',#2295,#2294,#2537,.T.);
#1820=EDGE_CURVE('',#2296,#2295,#173,.T.);
#1821=EDGE_CURVE('',#2297,#2296,#2538,.T.);
#1822=EDGE_CURVE('',#2298,#2297,#174,.T.);
#1823=EDGE_CURVE('',#2299,#2298,#2539,.T.);
#1824=EDGE_CURVE('',#2300,#2299,#2540,.F.);
#1825=EDGE_CURVE('',#2301,#2300,#175,.T.);
#1826=EDGE_CURVE('',#2302,#2301,#2541,.T.);
#1827=EDGE_CURVE('',#2303,#2302,#176,.T.);
#1828=EDGE_CURVE('',#2304,#2303,#2542,.T.);
#1829=EDGE_CURVE('',#2304,#2293,#2543,.T.);
#1830=EDGE_CURVE('',#2305,#2306,#2544,.T.);
#1831=EDGE_CURVE('',#2305,#2307,#177,.T.);
#1832=EDGE_CURVE('',#2308,#2307,#2545,.T.);
#1833=EDGE_CURVE('',#2308,#2309,#178,.T.);
#1834=EDGE_CURVE('',#2310,#2309,#2546,.T.);
#1835=EDGE_CURVE('',#2310,#2306,#179,.T.);
#1836=EDGE_CURVE('',#2311,#2312,#2547,.T.);
#1837=EDGE_CURVE('',#2311,#2313,#2548,.T.);
#1838=EDGE_CURVE('',#2314,#2313,#2549,.T.);
#1839=EDGE_CURVE('',#2314,#2315,#180,.T.);
#1840=EDGE_CURVE('',#2316,#2315,#2550,.T.);
#1841=EDGE_CURVE('',#2317,#2316,#181,.T.);
#1842=EDGE_CURVE('',#2318,#2317,#2551,.T.);
#1843=EDGE_CURVE('',#2319,#2318,#182,.T.);
#1844=EDGE_CURVE('',#2320,#2319,#2552,.T.);
#1845=EDGE_CURVE('',#2312,#2320,#183,.T.);
#1846=EDGE_CURVE('',#2321,#2322,#2553,.T.);
#1847=EDGE_CURVE('',#2321,#2323,#184,.T.);
#1848=EDGE_CURVE('',#2324,#2323,#2554,.T.);
#1849=EDGE_CURVE('',#2324,#2325,#2555,.T.);
#1850=EDGE_CURVE('',#2326,#2325,#2556,.T.);
#1851=EDGE_CURVE('',#2326,#2327,#185,.T.);
#1852=EDGE_CURVE('',#2328,#2327,#2557,.T.);
#1853=EDGE_CURVE('',#2329,#2328,#186,.T.);
#1854=EDGE_CURVE('',#2330,#2329,#2558,.T.);
#1855=EDGE_CURVE('',#2330,#2322,#187,.T.);
#1856=EDGE_CURVE('',#2331,#2332,#188,.T.);
#1857=EDGE_CURVE('',#2332,#2333,#2559,.T.);
#1858=EDGE_CURVE('',#2333,#2334,#189,.T.);
#1859=EDGE_CURVE('',#2334,#2335,#2560,.T.);
#1860=EDGE_CURVE('',#2336,#2335,#2561,.T.);
#1861=EDGE_CURVE('',#2336,#2337,#2562,.T.);
#1862=EDGE_CURVE('',#2338,#2337,#190,.T.);
#1863=EDGE_CURVE('',#2338,#2339,#2563,.T.);
#1864=EDGE_CURVE('',#2340,#2339,#191,.T.);
#1865=EDGE_CURVE('',#2340,#2341,#2564,.T.);
#1866=EDGE_CURVE('',#2342,#2341,#2565,.T.);
#1867=EDGE_CURVE('',#2342,#2331,#2566,.T.);
#1868=EDGE_CURVE('',#2343,#2344,#192,.T.);
#1869=EDGE_CURVE('',#2343,#2345,#2567,.T.);
#1870=EDGE_CURVE('',#2346,#2345,#2568,.T.);
#1871=EDGE_CURVE('',#2346,#2347,#2569,.T.);
#1872=EDGE_CURVE('',#2347,#2348,#193,.T.);
#1873=EDGE_CURVE('',#2348,#2349,#2570,.T.);
#1874=EDGE_CURVE('',#2349,#2350,#194,.T.);
#1875=EDGE_CURVE('',#2350,#2351,#2571,.T.);
#1876=EDGE_CURVE('',#2351,#2352,#195,.T.);
#1877=EDGE_CURVE('',#2352,#2344,#2572,.T.);
#1878=EDGE_CURVE('',#2353,#2354,#196,.T.);
#1879=EDGE_CURVE('',#2353,#2355,#2573,.T.);
#1880=EDGE_CURVE('',#2356,#2355,#197,.T.);
#1881=EDGE_CURVE('',#2356,#2357,#2574,.T.);
#1882=EDGE_CURVE('',#2357,#2358,#198,.T.);
#1883=EDGE_CURVE('',#2358,#2359,#2575,.T.);
#1884=EDGE_CURVE('',#2359,#2360,#199,.T.);
#1885=EDGE_CURVE('',#2360,#2354,#2576,.T.);
#1886=EDGE_CURVE('',#2361,#2362,#200,.T.);
#1887=EDGE_CURVE('',#2361,#2363,#2577,.T.);
#1888=EDGE_CURVE('',#2364,#2363,#201,.T.);
#1889=EDGE_CURVE('',#2364,#2365,#2578,.T.);
#1890=EDGE_CURVE('',#2366,#2365,#202,.T.);
#1891=EDGE_CURVE('',#2366,#2362,#2579,.T.);
#1892=EDGE_CURVE('',#2367,#2368,#203,.T.);
#1893=EDGE_CURVE('',#2367,#2369,#2580,.T.);
#1894=EDGE_CURVE('',#2369,#2370,#204,.T.);
#1895=EDGE_CURVE('',#2370,#2371,#2581,.T.);
#1896=EDGE_CURVE('',#2371,#2372,#205,.T.);
#1897=EDGE_CURVE('',#2372,#2373,#2582,.T.);
#1898=EDGE_CURVE('',#2374,#2373,#206,.T.);
#1899=EDGE_CURVE('',#2374,#2368,#2583,.T.);
#1900=EDGE_CURVE('',#2375,#2376,#207,.T.);
#1901=EDGE_CURVE('',#2376,#2377,#2584,.T.);
#1902=EDGE_CURVE('',#2378,#2377,#208,.T.);
#1903=EDGE_CURVE('',#2378,#2379,#2585,.T.);
#1904=EDGE_CURVE('',#2380,#2379,#209,.T.);
#1905=EDGE_CURVE('',#2380,#2381,#2586,.T.);
#1906=EDGE_CURVE('',#2381,#2382,#210,.T.);
#1907=EDGE_CURVE('',#2382,#2375,#2587,.T.);
#1908=EDGE_CURVE('',#2383,#2384,#211,.T.);
#1909=EDGE_CURVE('',#2384,#2385,#2588,.T.);
#1910=EDGE_CURVE('',#2385,#2386,#212,.T.);
#1911=EDGE_CURVE('',#2386,#2387,#2589,.T.);
#1912=EDGE_CURVE('',#2387,#2388,#213,.T.);
#1913=EDGE_CURVE('',#2388,#2389,#2590,.T.);
#1914=EDGE_CURVE('',#2390,#2389,#214,.T.);
#1915=EDGE_CURVE('',#2390,#2383,#2591,.T.);
#1916=EDGE_CURVE('',#2391,#2392,#2592,.T.);
#1917=EDGE_CURVE('',#2392,#2393,#215,.T.);
#1918=EDGE_CURVE('',#2393,#2394,#2593,.T.);
#1919=EDGE_CURVE('',#2394,#2395,#216,.T.);
#1920=EDGE_CURVE('',#2396,#2395,#2594,.T.);
#1921=EDGE_CURVE('',#2396,#2397,#2595,.T.);
#1922=EDGE_CURVE('',#2397,#2398,#217,.T.);
#1923=EDGE_CURVE('',#2398,#2399,#2596,.T.);
#1924=EDGE_CURVE('',#2399,#2400,#218,.T.);
#1925=EDGE_CURVE('',#2400,#2401,#2597,.T.);
#1926=EDGE_CURVE('',#2402,#2401,#219,.T.);
#1927=EDGE_CURVE('',#2402,#2403,#2598,.T.);
#1928=EDGE_CURVE('',#2391,#2403,#2599,.T.);
#1929=EDGE_CURVE('',#2404,#2404,#2600,.T.);
#1930=EDGE_CURVE('',#2405,#2405,#2601,.F.);
#1931=EDGE_CURVE('',#2406,#2407,#220,.T.);
#1932=EDGE_CURVE('',#2407,#2408,#88,.T.);
#1933=EDGE_CURVE('',#2409,#2408,#221,.T.);
#1934=EDGE_CURVE('',#2409,#2410,#89,.T.);
#1935=EDGE_CURVE('',#2411,#2410,#222,.T.);
#1936=EDGE_CURVE('',#2411,#2412,#90,.T.);
#1937=EDGE_CURVE('',#2412,#2413,#223,.T.);
#1938=EDGE_CURVE('',#2413,#2406,#91,.T.);
#1939=EDGE_CURVE('',#2414,#2415,#224,.T.);
#1940=EDGE_CURVE('',#2415,#2416,#225,.T.);
#1941=EDGE_CURVE('',#2417,#2416,#226,.T.);
#1942=EDGE_CURVE('',#2414,#2417,#227,.T.);
#1943=EDGE_CURVE('',#2418,#2419,#228,.T.);
#1944=EDGE_CURVE('',#2420,#2419,#229,.T.);
#1945=EDGE_CURVE('',#2421,#2420,#230,.T.);
#1946=EDGE_CURVE('',#2421,#2418,#231,.T.);
#1947=EDGE_CURVE('',#2422,#2423,#232,.T.);
#1948=EDGE_CURVE('',#2424,#2423,#233,.T.);
#1949=EDGE_CURVE('',#2425,#2424,#234,.T.);
#1950=EDGE_CURVE('',#2425,#2422,#235,.T.);
#1951=EDGE_CURVE('',#2426,#2427,#236,.T.);
#1952=EDGE_CURVE('',#2428,#2427,#237,.T.);
#1953=EDGE_CURVE('',#2429,#2428,#238,.T.);
#1954=EDGE_CURVE('',#2429,#2426,#239,.T.);
#1955=EDGE_CURVE('',#2430,#2431,#240,.T.);
#1956=EDGE_CURVE('',#2432,#2431,#241,.T.);
#1957=EDGE_CURVE('',#2433,#2432,#242,.T.);
#1958=EDGE_CURVE('',#2433,#2430,#243,.T.);
#1959=EDGE_CURVE('',#2434,#2435,#244,.T.);
#1960=EDGE_CURVE('',#2436,#2435,#245,.T.);
#1961=EDGE_CURVE('',#2437,#2436,#246,.T.);
#1962=EDGE_CURVE('',#2437,#2434,#247,.T.);
#1963=EDGE_CURVE('',#2438,#2439,#248,.T.);
#1964=EDGE_CURVE('',#2440,#2439,#249,.T.);
#1965=EDGE_CURVE('',#2441,#2440,#250,.T.);
#1966=EDGE_CURVE('',#2441,#2438,#251,.T.);
#1967=EDGE_CURVE('',#2442,#2443,#252,.T.);
#1968=EDGE_CURVE('',#2444,#2443,#253,.T.);
#1969=EDGE_CURVE('',#2445,#2444,#254,.T.);
#1970=EDGE_CURVE('',#2445,#2442,#255,.T.);
#1971=EDGE_CURVE('',#2446,#2447,#256,.T.);
#1972=EDGE_CURVE('',#2448,#2447,#257,.T.);
#1973=EDGE_CURVE('',#2449,#2448,#258,.T.);
#1974=EDGE_CURVE('',#2449,#2446,#259,.T.);
#1975=EDGE_CURVE('',#2450,#2451,#2602,.T.);
#1976=EDGE_CURVE('',#2452,#2451,#260,.T.);
#1977=EDGE_CURVE('',#2452,#2453,#2603,.T.);
#1978=EDGE_CURVE('',#2453,#2454,#261,.T.);
#1979=EDGE_CURVE('',#2454,#2455,#2604,.T.);
#1980=EDGE_CURVE('',#2455,#2456,#262,.T.);
#1981=EDGE_CURVE('',#2456,#2457,#2605,.T.);
#1982=EDGE_CURVE('',#2450,#2457,#263,.T.);
#1983=EDGE_CURVE('',#2458,#2459,#2606,.T.);
#1984=EDGE_CURVE('',#2459,#2460,#264,.T.);
#1985=EDGE_CURVE('',#2460,#2461,#2607,.T.);
#1986=EDGE_CURVE('',#2461,#2462,#265,.T.);
#1987=EDGE_CURVE('',#2462,#2463,#2608,.T.);
#1988=EDGE_CURVE('',#2463,#2464,#266,.T.);
#1989=EDGE_CURVE('',#2464,#2465,#2609,.T.);
#1990=EDGE_CURVE('',#2465,#2458,#267,.T.);
#1991=EDGE_CURVE('',#2466,#2466,#2610,.T.);
#1992=EDGE_CURVE('',#2467,#2467,#2611,.F.);
#1993=EDGE_CURVE('',#2468,#2468,#2612,.T.);
#1994=EDGE_CURVE('',#2469,#2470,#2613,.T.);
#1995=EDGE_CURVE('',#2469,#2471,#268,.T.);
#1996=EDGE_CURVE('',#2471,#2472,#2614,.T.);
#1997=EDGE_CURVE('',#2473,#2472,#2615,.T.);
#1998=EDGE_CURVE('',#2473,#2474,#2616,.T.);
#1999=EDGE_CURVE('',#2474,#2475,#269,.T.);
#2000=EDGE_CURVE('',#2475,#2476,#2617,.T.);
#2001=EDGE_CURVE('',#2477,#2476,#270,.T.);
#2002=EDGE_CURVE('',#2477,#2478,#2618,.T.);
#2003=EDGE_CURVE('',#2478,#2479,#271,.T.);
#2004=EDGE_CURVE('',#2480,#2479,#2619,.T.);
#2005=EDGE_CURVE('',#2480,#2470,#2620,.T.);
#2006=EDGE_CURVE('',#2481,#2482,#2621,.T.);
#2007=EDGE_CURVE('',#2481,#2483,#2622,.T.);
#2008=EDGE_CURVE('',#2484,#2483,#272,.T.);
#2009=EDGE_CURVE('',#2484,#2485,#2623,.T.);
#2010=EDGE_CURVE('',#2486,#2485,#273,.T.);
#2011=EDGE_CURVE('',#2486,#2487,#2624,.T.);
#2012=EDGE_CURVE('',#2487,#2488,#274,.T.);
#2013=EDGE_CURVE('',#2488,#2489,#2625,.T.);
#2014=EDGE_CURVE('',#2490,#2489,#275,.T.);
#2015=EDGE_CURVE('',#2490,#2482,#2626,.T.);
#2016=EDGE_CURVE('',#2281,#2458,#276,.T.);
#2017=EDGE_CURVE('',#2282,#2459,#277,.T.);
#2018=EDGE_CURVE('',#2283,#2465,#278,.T.);
#2019=EDGE_CURVE('',#2284,#2464,#279,.T.);
#2020=EDGE_CURVE('',#2285,#2463,#280,.T.);
#2021=EDGE_CURVE('',#2286,#2462,#281,.T.);
#2022=EDGE_CURVE('',#2287,#2461,#282,.T.);
#2023=EDGE_CURVE('',#2288,#2460,#283,.T.);
#2024=EDGE_CURVE('',#2273,#2450,#284,.T.);
#2025=EDGE_CURVE('',#2274,#2451,#285,.T.);
#2026=EDGE_CURVE('',#2275,#2457,#286,.T.);
#2027=EDGE_CURVE('',#2276,#2456,#287,.T.);
#2028=EDGE_CURVE('',#2277,#2455,#288,.T.);
#2029=EDGE_CURVE('',#2278,#2454,#289,.T.);
#2030=EDGE_CURVE('',#2279,#2453,#290,.T.);
#2031=EDGE_CURVE('',#2280,#2452,#291,.T.);
#2032=EDGE_CURVE('',#2269,#2446,#292,.T.);
#2033=EDGE_CURVE('',#2270,#2447,#293,.T.);
#2034=EDGE_CURVE('',#2271,#2449,#294,.T.);
#2035=EDGE_CURVE('',#2272,#2448,#295,.T.);
#2036=EDGE_CURVE('',#2265,#2442,#296,.T.);
#2037=EDGE_CURVE('',#2266,#2443,#297,.T.);
#2038=EDGE_CURVE('',#2267,#2445,#298,.T.);
#2039=EDGE_CURVE('',#2268,#2444,#299,.T.);
#2040=EDGE_CURVE('',#2261,#2438,#300,.T.);
#2041=EDGE_CURVE('',#2262,#2439,#301,.T.);
#2042=EDGE_CURVE('',#2263,#2441,#302,.T.);
#2043=EDGE_CURVE('',#2264,#2440,#303,.T.);
#2044=EDGE_CURVE('',#2257,#2434,#304,.T.);
#2045=EDGE_CURVE('',#2258,#2435,#305,.T.);
#2046=EDGE_CURVE('',#2259,#2437,#306,.T.);
#2047=EDGE_CURVE('',#2260,#2436,#307,.T.);
#2048=EDGE_CURVE('',#2253,#2430,#308,.T.);
#2049=EDGE_CURVE('',#2254,#2431,#309,.T.);
#2050=EDGE_CURVE('',#2255,#2433,#310,.T.);
#2051=EDGE_CURVE('',#2256,#2432,#311,.T.);
#2052=EDGE_CURVE('',#2249,#2426,#312,.T.);
#2053=EDGE_CURVE('',#2250,#2427,#313,.T.);
#2054=EDGE_CURVE('',#2251,#2429,#314,.T.);
#2055=EDGE_CURVE('',#2252,#2428,#315,.T.);
#2056=EDGE_CURVE('',#2245,#2422,#316,.T.);
#2057=EDGE_CURVE('',#2246,#2423,#317,.T.);
#2058=EDGE_CURVE('',#2247,#2425,#318,.T.);
#2059=EDGE_CURVE('',#2248,#2424,#319,.T.);
#2060=EDGE_CURVE('',#2241,#2418,#320,.T.);
#2061=EDGE_CURVE('',#2242,#2419,#321,.T.);
#2062=EDGE_CURVE('',#2243,#2421,#322,.T.);
#2063=EDGE_CURVE('',#2244,#2420,#323,.T.);
#2064=EDGE_CURVE('',#2237,#2414,#324,.T.);
#2065=EDGE_CURVE('',#2238,#2415,#325,.T.);
#2066=EDGE_CURVE('',#2239,#2417,#326,.T.);
#2067=EDGE_CURVE('',#2240,#2416,#327,.T.);
#2068=EDGE_CURVE('',#2233,#2413,#92,.T.);
#2069=EDGE_CURVE('',#2412,#2234,#93,.T.);
#2070=EDGE_CURVE('',#2410,#2236,#94,.T.);
#2071=EDGE_CURVE('',#2235,#2411,#95,.T.);
#2072=EDGE_CURVE('',#2408,#2230,#96,.T.);
#2073=EDGE_CURVE('',#2229,#2409,#97,.T.);
#2074=EDGE_CURVE('',#2231,#2407,#98,.T.);
#2075=EDGE_CURVE('',#2406,#2232,#99,.T.);
#2076=EDGE_CURVE('',#2395,#2300,#328,.F.);
#2077=EDGE_CURVE('',#2396,#2299,#329,.F.);
#2078=EDGE_CURVE('',#2301,#2394,#330,.T.);
#2079=EDGE_CURVE('',#2303,#2392,#331,.T.);
#2080=EDGE_CURVE('',#2393,#2302,#332,.F.);
#2081=EDGE_CURVE('',#2294,#2401,#333,.T.);
#2082=EDGE_CURVE('',#2402,#2292,#334,.T.);
#2083=EDGE_CURVE('',#2298,#2397,#335,.F.);
#2084=EDGE_CURVE('',#2398,#2297,#336,.F.);
#2085=EDGE_CURVE('',#2296,#2399,#337,.T.);
#2086=EDGE_CURVE('',#2400,#2295,#338,.F.);
#2087=EDGE_CURVE('',#2293,#2403,#339,.F.);
#2088=EDGE_CURVE('',#2391,#2304,#340,.T.);
#2089=EDGE_CURVE('',#2222,#2389,#341,.T.);
#2090=EDGE_CURVE('',#2390,#2221,#342,.T.);
#2091=EDGE_CURVE('',#2224,#2387,#343,.T.);
#2092=EDGE_CURVE('',#2388,#2223,#344,.F.);
#2093=EDGE_CURVE('',#2226,#2385,#345,.F.);
#2094=EDGE_CURVE('',#2386,#2225,#346,.F.);
#2095=EDGE_CURVE('',#2219,#2383,#347,.F.);
#2096=EDGE_CURVE('',#2384,#2220,#348,.T.);
#2097=EDGE_CURVE('',#2215,#2375,#349,.T.);
#2098=EDGE_CURVE('',#2376,#2214,#350,.F.);
#2099=EDGE_CURVE('',#2217,#2381,#351,.T.);
#2100=EDGE_CURVE('',#2382,#2216,#352,.F.);
#2101=EDGE_CURVE('',#2212,#2379,#353,.T.);
#2102=EDGE_CURVE('',#2380,#2218,#354,.F.);
#2103=EDGE_CURVE('',#2213,#2377,#355,.T.);
#2104=EDGE_CURVE('',#2378,#2211,#356,.F.);
#2105=EDGE_CURVE('',#2209,#2373,#357,.T.);
#2106=EDGE_CURVE('',#2374,#2208,#358,.F.);
#2107=EDGE_CURVE('',#2205,#2369,#359,.T.);
#2108=EDGE_CURVE('',#2370,#2203,#360,.F.);
#2109=EDGE_CURVE('',#2204,#2371,#361,.T.);
#2110=EDGE_CURVE('',#2372,#2210,#362,.F.);
#2111=EDGE_CURVE('',#2207,#2368,#363,.T.);
#2112=EDGE_CURVE('',#2367,#2206,#364,.F.);
#2113=EDGE_CURVE('',#2309,#2365,#365,.T.);
#2114=EDGE_CURVE('',#2366,#2308,#366,.F.);
#2115=EDGE_CURVE('',#2306,#2363,#367,.F.);
#2116=EDGE_CURVE('',#2364,#2310,#368,.F.);
#2117=EDGE_CURVE('',#2307,#2362,#369,.T.);
#2118=EDGE_CURVE('',#2361,#2305,#370,.T.);
#2119=EDGE_CURVE('',#2191,#2478,#371,.F.);
#2120=EDGE_CURVE('',#2479,#2192,#372,.F.);
#2121=EDGE_CURVE('',#2198,#2472,#373,.F.);
#2122=EDGE_CURVE('',#2473,#2197,#374,.T.);
#2123=EDGE_CURVE('',#2200,#2469,#375,.T.);
#2124=EDGE_CURVE('',#2471,#2199,#376,.F.);
#2125=EDGE_CURVE('',#2201,#2470,#377,.F.);
#2126=EDGE_CURVE('',#2480,#2202,#378,.F.);
#2127=EDGE_CURVE('',#2196,#2474,#379,.T.);
#2128=EDGE_CURVE('',#2475,#2195,#380,.F.);
#2129=EDGE_CURVE('',#2194,#2476,#381,.T.);
#2130=EDGE_CURVE('',#2477,#2193,#382,.T.);
#2131=EDGE_CURVE('',#2187,#2354,#383,.F.);
#2132=EDGE_CURVE('',#2353,#2186,#384,.T.);
#2133=EDGE_CURVE('',#2185,#2355,#385,.F.);
#2134=EDGE_CURVE('',#2356,#2183,#386,.F.);
#2135=EDGE_CURVE('',#2189,#2359,#387,.T.);
#2136=EDGE_CURVE('',#2360,#2188,#388,.T.);
#2137=EDGE_CURVE('',#2184,#2357,#389,.T.);
#2138=EDGE_CURVE('',#2358,#2190,#390,.F.);
#2139=EDGE_CURVE('',#2315,#2344,#391,.T.);
#2140=EDGE_CURVE('',#2343,#2314,#392,.T.);
#2141=EDGE_CURVE('',#2317,#2351,#393,.T.);
#2142=EDGE_CURVE('',#2352,#2316,#394,.F.);
#2143=EDGE_CURVE('',#2319,#2349,#395,.T.);
#2144=EDGE_CURVE('',#2350,#2318,#396,.F.);
#2145=EDGE_CURVE('',#2312,#2347,#397,.T.);
#2146=EDGE_CURVE('',#2348,#2320,#398,.F.);
#2147=EDGE_CURVE('',#2313,#2345,#399,.F.);
#2148=EDGE_CURVE('',#2346,#2311,#400,.T.);
#2149=EDGE_CURVE('',#2327,#2489,#401,.T.);
#2150=EDGE_CURVE('',#2490,#2326,#402,.T.);
#2151=EDGE_CURVE('',#2323,#2483,#403,.F.);
#2152=EDGE_CURVE('',#2484,#2321,#404,.F.);
#2153=EDGE_CURVE('',#2329,#2487,#405,.T.);
#2154=EDGE_CURVE('',#2488,#2328,#406,.F.);
#2155=EDGE_CURVE('',#2322,#2485,#407,.T.);
#2156=EDGE_CURVE('',#2486,#2330,#408,.F.);
#2157=EDGE_CURVE('',#2325,#2482,#409,.F.);
#2158=EDGE_CURVE('',#2481,#2324,#410,.T.);
#2159=EDGE_CURVE('',#2177,#2331,#411,.T.);
#2160=EDGE_CURVE('',#2332,#2176,#412,.F.);
#2161=EDGE_CURVE('',#2181,#2339,#413,.T.);
#2162=EDGE_CURVE('',#2340,#2180,#414,.T.);
#2163=EDGE_CURVE('',#2172,#2337,#415,.F.);
#2164=EDGE_CURVE('',#2338,#2182,#416,.F.);
#2165=EDGE_CURVE('',#2173,#2335,#417,.F.);
#2166=EDGE_CURVE('',#2336,#2171,#418,.T.);
#2167=EDGE_CURVE('',#2175,#2333,#419,.T.);
#2168=EDGE_CURVE('',#2334,#2174,#420,.F.);
#2169=EDGE_CURVE('',#2179,#2341,#421,.F.);
#2170=EDGE_CURVE('',#2342,#2178,#422,.T.);
#2171=VERTEX_POINT('',#4540);
#2172=VERTEX_POINT('',#4541);
#2173=VERTEX_POINT('',#4543);
#2174=VERTEX_POINT('',#4545);
#2175=VERTEX_POINT('',#4547);
#2176=VERTEX_POINT('',#4549);
#2177=VERTEX_POINT('',#4551);
#2178=VERTEX_POINT('',#4553);
#2179=VERTEX_POINT('',#4555);
#2180=VERTEX_POINT('',#4557);
#2181=VERTEX_POINT('',#4559);
#2182=VERTEX_POINT('',#4561);
#2183=VERTEX_POINT('',#4564);
#2184=VERTEX_POINT('',#4565);
#2185=VERTEX_POINT('',#4567);
#2186=VERTEX_POINT('',#4569);
#2187=VERTEX_POINT('',#4571);
#2188=VERTEX_POINT('',#4573);
#2189=VERTEX_POINT('',#4575);
#2190=VERTEX_POINT('',#4577);
#2191=VERTEX_POINT('',#4580);
#2192=VERTEX_POINT('',#4581);
#2193=VERTEX_POINT('',#4583);
#2194=VERTEX_POINT('',#4585);
#2195=VERTEX_POINT('',#4587);
#2196=VERTEX_POINT('',#4589);
#2197=VERTEX_POINT('',#4591);
#2198=VERTEX_POINT('',#4593);
#2199=VERTEX_POINT('',#4595);
#2200=VERTEX_POINT('',#4597);
#2201=VERTEX_POINT('',#4599);
#2202=VERTEX_POINT('',#4601);
#2203=VERTEX_POINT('',#4604);
#2204=VERTEX_POINT('',#4605);
#2205=VERTEX_POINT('',#4607);
#2206=VERTEX_POINT('',#4609);
#2207=VERTEX_POINT('',#4611);
#2208=VERTEX_POINT('',#4613);
#2209=VERTEX_POINT('',#4615);
#2210=VERTEX_POINT('',#4617);
#2211=VERTEX_POINT('',#4620);
#2212=VERTEX_POINT('',#4621);
#2213=VERTEX_POINT('',#4623);
#2214=VERTEX_POINT('',#4625);
#2215=VERTEX_POINT('',#4627);
#2216=VERTEX_POINT('',#4629);
#2217=VERTEX_POINT('',#4631);
#2218=VERTEX_POINT('',#4633);
#2219=VERTEX_POINT('',#4636);
#2220=VERTEX_POINT('',#4637);
#2221=VERTEX_POINT('',#4639);
#2222=VERTEX_POINT('',#4641);
#2223=VERTEX_POINT('',#4643);
#2224=VERTEX_POINT('',#4645);
#2225=VERTEX_POINT('',#4647);
#2226=VERTEX_POINT('',#4649);
#2227=VERTEX_POINT('',#4652);
#2228=VERTEX_POINT('',#4654);
#2229=VERTEX_POINT('',#4656);
#2230=VERTEX_POINT('',#4657);
#2231=VERTEX_POINT('',#4675);
#2232=VERTEX_POINT('',#4677);
#2233=VERTEX_POINT('',#4695);
#2234=VERTEX_POINT('',#4697);
#2235=VERTEX_POINT('',#4715);
#2236=VERTEX_POINT('',#4717);
#2237=VERTEX_POINT('',#4736);
#2238=VERTEX_POINT('',#4737);
#2239=VERTEX_POINT('',#4739);
#2240=VERTEX_POINT('',#4741);
#2241=VERTEX_POINT('',#4744);
#2242=VERTEX_POINT('',#4745);
#2243=VERTEX_POINT('',#4747);
#2244=VERTEX_POINT('',#4749);
#2245=VERTEX_POINT('',#4752);
#2246=VERTEX_POINT('',#4753);
#2247=VERTEX_POINT('',#4755);
#2248=VERTEX_POINT('',#4757);
#2249=VERTEX_POINT('',#4760);
#2250=VERTEX_POINT('',#4761);
#2251=VERTEX_POINT('',#4763);
#2252=VERTEX_POINT('',#4765);
#2253=VERTEX_POINT('',#4768);
#2254=VERTEX_POINT('',#4769);
#2255=VERTEX_POINT('',#4771);
#2256=VERTEX_POINT('',#4773);
#2257=VERTEX_POINT('',#4776);
#2258=VERTEX_POINT('',#4777);
#2259=VERTEX_POINT('',#4779);
#2260=VERTEX_POINT('',#4781);
#2261=VERTEX_POINT('',#4784);
#2262=VERTEX_POINT('',#4785);
#2263=VERTEX_POINT('',#4787);
#2264=VERTEX_POINT('',#4789);
#2265=VERTEX_POINT('',#4792);
#2266=VERTEX_POINT('',#4793);
#2267=VERTEX_POINT('',#4795);
#2268=VERTEX_POINT('',#4797);
#2269=VERTEX_POINT('',#4800);
#2270=VERTEX_POINT('',#4801);
#2271=VERTEX_POINT('',#4803);
#2272=VERTEX_POINT('',#4805);
#2273=VERTEX_POINT('',#4808);
#2274=VERTEX_POINT('',#4809);
#2275=VERTEX_POINT('',#4811);
#2276=VERTEX_POINT('',#4813);
#2277=VERTEX_POINT('',#4815);
#2278=VERTEX_POINT('',#4817);
#2279=VERTEX_POINT('',#4819);
#2280=VERTEX_POINT('',#4821);
#2281=VERTEX_POINT('',#4824);
#2282=VERTEX_POINT('',#4825);
#2283=VERTEX_POINT('',#4827);
#2284=VERTEX_POINT('',#4829);
#2285=VERTEX_POINT('',#4831);
#2286=VERTEX_POINT('',#4833);
#2287=VERTEX_POINT('',#4835);
#2288=VERTEX_POINT('',#4837);
#2289=VERTEX_POINT('',#4840);
#2290=VERTEX_POINT('',#4842);
#2291=VERTEX_POINT('',#4844);
#2292=VERTEX_POINT('',#4846);
#2293=VERTEX_POINT('',#4847);
#2294=VERTEX_POINT('',#4849);
#2295=VERTEX_POINT('',#4851);
#2296=VERTEX_POINT('',#4853);
#2297=VERTEX_POINT('',#4855);
#2298=VERTEX_POINT('',#4857);
#2299=VERTEX_POINT('',#4859);
#2300=VERTEX_POINT('',#4861);
#2301=VERTEX_POINT('',#4863);
#2302=VERTEX_POINT('',#4865);
#2303=VERTEX_POINT('',#4867);
#2304=VERTEX_POINT('',#4869);
#2305=VERTEX_POINT('',#4872);
#2306=VERTEX_POINT('',#4873);
#2307=VERTEX_POINT('',#4875);
#2308=VERTEX_POINT('',#4877);
#2309=VERTEX_POINT('',#4879);
#2310=VERTEX_POINT('',#4881);
#2311=VERTEX_POINT('',#4884);
#2312=VERTEX_POINT('',#4885);
#2313=VERTEX_POINT('',#4887);
#2314=VERTEX_POINT('',#4889);
#2315=VERTEX_POINT('',#4891);
#2316=VERTEX_POINT('',#4893);
#2317=VERTEX_POINT('',#4895);
#2318=VERTEX_POINT('',#4897);
#2319=VERTEX_POINT('',#4899);
#2320=VERTEX_POINT('',#4901);
#2321=VERTEX_POINT('',#4904);
#2322=VERTEX_POINT('',#4905);
#2323=VERTEX_POINT('',#4907);
#2324=VERTEX_POINT('',#4909);
#2325=VERTEX_POINT('',#4911);
#2326=VERTEX_POINT('',#4913);
#2327=VERTEX_POINT('',#4915);
#2328=VERTEX_POINT('',#4917);
#2329=VERTEX_POINT('',#4919);
#2330=VERTEX_POINT('',#4921);
#2331=VERTEX_POINT('',#4925);
#2332=VERTEX_POINT('',#4926);
#2333=VERTEX_POINT('',#4928);
#2334=VERTEX_POINT('',#4930);
#2335=VERTEX_POINT('',#4932);
#2336=VERTEX_POINT('',#4934);
#2337=VERTEX_POINT('',#4936);
#2338=VERTEX_POINT('',#4938);
#2339=VERTEX_POINT('',#4940);
#2340=VERTEX_POINT('',#4942);
#2341=VERTEX_POINT('',#4944);
#2342=VERTEX_POINT('',#4946);
#2343=VERTEX_POINT('',#4949);
#2344=VERTEX_POINT('',#4950);
#2345=VERTEX_POINT('',#4952);
#2346=VERTEX_POINT('',#4954);
#2347=VERTEX_POINT('',#4956);
#2348=VERTEX_POINT('',#4958);
#2349=VERTEX_POINT('',#4960);
#2350=VERTEX_POINT('',#4962);
#2351=VERTEX_POINT('',#4964);
#2352=VERTEX_POINT('',#4966);
#2353=VERTEX_POINT('',#4969);
#2354=VERTEX_POINT('',#4970);
#2355=VERTEX_POINT('',#4972);
#2356=VERTEX_POINT('',#4974);
#2357=VERTEX_POINT('',#4976);
#2358=VERTEX_POINT('',#4978);
#2359=VERTEX_POINT('',#4980);
#2360=VERTEX_POINT('',#4982);
#2361=VERTEX_POINT('',#4985);
#2362=VERTEX_POINT('',#4986);
#2363=VERTEX_POINT('',#4988);
#2364=VERTEX_POINT('',#4990);
#2365=VERTEX_POINT('',#4992);
#2366=VERTEX_POINT('',#4994);
#2367=VERTEX_POINT('',#4997);
#2368=VERTEX_POINT('',#4998);
#2369=VERTEX_POINT('',#5000);
#2370=VERTEX_POINT('',#5002);
#2371=VERTEX_POINT('',#5004);
#2372=VERTEX_POINT('',#5006);
#2373=VERTEX_POINT('',#5008);
#2374=VERTEX_POINT('',#5010);
#2375=VERTEX_POINT('',#5013);
#2376=VERTEX_POINT('',#5014);
#2377=VERTEX_POINT('',#5016);
#2378=VERTEX_POINT('',#5018);
#2379=VERTEX_POINT('',#5020);
#2380=VERTEX_POINT('',#5022);
#2381=VERTEX_POINT('',#5024);
#2382=VERTEX_POINT('',#5026);
#2383=VERTEX_POINT('',#5029);
#2384=VERTEX_POINT('',#5030);
#2385=VERTEX_POINT('',#5032);
#2386=VERTEX_POINT('',#5034);
#2387=VERTEX_POINT('',#5036);
#2388=VERTEX_POINT('',#5038);
#2389=VERTEX_POINT('',#5040);
#2390=VERTEX_POINT('',#5042);
#2391=VERTEX_POINT('',#5045);
#2392=VERTEX_POINT('',#5046);
#2393=VERTEX_POINT('',#5048);
#2394=VERTEX_POINT('',#5050);
#2395=VERTEX_POINT('',#5052);
#2396=VERTEX_POINT('',#5054);
#2397=VERTEX_POINT('',#5056);
#2398=VERTEX_POINT('',#5058);
#2399=VERTEX_POINT('',#5060);
#2400=VERTEX_POINT('',#5062);
#2401=VERTEX_POINT('',#5064);
#2402=VERTEX_POINT('',#5066);
#2403=VERTEX_POINT('',#5068);
#2404=VERTEX_POINT('',#5071);
#2405=VERTEX_POINT('',#5073);
#2406=VERTEX_POINT('',#5075);
#2407=VERTEX_POINT('',#5076);
#2408=VERTEX_POINT('',#5094);
#2409=VERTEX_POINT('',#5096);
#2410=VERTEX_POINT('',#5114);
#2411=VERTEX_POINT('',#5116);
#2412=VERTEX_POINT('',#5134);
#2413=VERTEX_POINT('',#5136);
#2414=VERTEX_POINT('',#5155);
#2415=VERTEX_POINT('',#5156);
#2416=VERTEX_POINT('',#5158);
#2417=VERTEX_POINT('',#5160);
#2418=VERTEX_POINT('',#5163);
#2419=VERTEX_POINT('',#5164);
#2420=VERTEX_POINT('',#5166);
#2421=VERTEX_POINT('',#5168);
#2422=VERTEX_POINT('',#5171);
#2423=VERTEX_POINT('',#5172);
#2424=VERTEX_POINT('',#5174);
#2425=VERTEX_POINT('',#5176);
#2426=VERTEX_POINT('',#5179);
#2427=VERTEX_POINT('',#5180);
#2428=VERTEX_POINT('',#5182);
#2429=VERTEX_POINT('',#5184);
#2430=VERTEX_POINT('',#5187);
#2431=VERTEX_POINT('',#5188);
#2432=VERTEX_POINT('',#5190);
#2433=VERTEX_POINT('',#5192);
#2434=VERTEX_POINT('',#5195);
#2435=VERTEX_POINT('',#5196);
#2436=VERTEX_POINT('',#5198);
#2437=VERTEX_POINT('',#5200);
#2438=VERTEX_POINT('',#5203);
#2439=VERTEX_POINT('',#5204);
#2440=VERTEX_POINT('',#5206);
#2441=VERTEX_POINT('',#5208);
#2442=VERTEX_POINT('',#5211);
#2443=VERTEX_POINT('',#5212);
#2444=VERTEX_POINT('',#5214);
#2445=VERTEX_POINT('',#5216);
#2446=VERTEX_POINT('',#5219);
#2447=VERTEX_POINT('',#5220);
#2448=VERTEX_POINT('',#5222);
#2449=VERTEX_POINT('',#5224);
#2450=VERTEX_POINT('',#5227);
#2451=VERTEX_POINT('',#5228);
#2452=VERTEX_POINT('',#5230);
#2453=VERTEX_POINT('',#5232);
#2454=VERTEX_POINT('',#5234);
#2455=VERTEX_POINT('',#5236);
#2456=VERTEX_POINT('',#5238);
#2457=VERTEX_POINT('',#5240);
#2458=VERTEX_POINT('',#5243);
#2459=VERTEX_POINT('',#5244);
#2460=VERTEX_POINT('',#5246);
#2461=VERTEX_POINT('',#5248);
#2462=VERTEX_POINT('',#5250);
#2463=VERTEX_POINT('',#5252);
#2464=VERTEX_POINT('',#5254);
#2465=VERTEX_POINT('',#5256);
#2466=VERTEX_POINT('',#5259);
#2467=VERTEX_POINT('',#5261);
#2468=VERTEX_POINT('',#5263);
#2469=VERTEX_POINT('',#5265);
#2470=VERTEX_POINT('',#5266);
#2471=VERTEX_POINT('',#5268);
#2472=VERTEX_POINT('',#5270);
#2473=VERTEX_POINT('',#5272);
#2474=VERTEX_POINT('',#5274);
#2475=VERTEX_POINT('',#5276);
#2476=VERTEX_POINT('',#5278);
#2477=VERTEX_POINT('',#5280);
#2478=VERTEX_POINT('',#5282);
#2479=VERTEX_POINT('',#5284);
#2480=VERTEX_POINT('',#5286);
#2481=VERTEX_POINT('',#5289);
#2482=VERTEX_POINT('',#5290);
#2483=VERTEX_POINT('',#5292);
#2484=VERTEX_POINT('',#5294);
#2485=VERTEX_POINT('',#5296);
#2486=VERTEX_POINT('',#5298);
#2487=VERTEX_POINT('',#5300);
#2488=VERTEX_POINT('',#5302);
#2489=VERTEX_POINT('',#5304);
#2490=VERTEX_POINT('',#5306);
#2491=CIRCLE('',#3331,0.003);
#2492=CIRCLE('',#3332,0.00370869709369389);
#2493=CIRCLE('',#3333,0.003);
#2494=CIRCLE('',#3334,0.003);
#2495=CIRCLE('',#3335,0.003);
#2496=CIRCLE('',#3336,0.004);
#2497=CIRCLE('',#3337,0.003);
#2498=CIRCLE('',#3338,0.003);
#2499=CIRCLE('',#3339,0.003);
#2500=CIRCLE('',#3340,0.003);
#2501=CIRCLE('',#3341,0.003);
#2502=CIRCLE('',#3342,0.003);
#2503=CIRCLE('',#3343,0.003);
#2504=CIRCLE('',#3344,0.003);
#2505=CIRCLE('',#3345,0.003);
#2506=CIRCLE('',#3346,0.006375);
#2507=CIRCLE('',#3347,0.003);
#2508=CIRCLE('',#3348,0.00201);
#2509=CIRCLE('',#3349,0.003);
#2510=CIRCLE('',#3350,0.00201);
#2511=CIRCLE('',#3351,0.003);
#2512=CIRCLE('',#3352,0.003);
#2513=CIRCLE('',#3353,0.003);
#2514=CIRCLE('',#3354,0.003);
#2515=CIRCLE('',#3355,0.003);
#2516=CIRCLE('',#3356,0.003);
#2517=CIRCLE('',#3357,0.003);
#2518=CIRCLE('',#3358,0.003);
#2519=CIRCLE('',#3359,0.003);
#2520=CIRCLE('',#3360,0.003);
#2521=CIRCLE('',#3361,0.003);
#2522=CIRCLE('',#3362,0.003);
#2523=CIRCLE('',#3363,0.0015);
#2524=CIRCLE('',#3364,0.0015);
#2525=CIRCLE('',#3365,0.002);
#2526=CIRCLE('',#3366,0.002);
#2527=CIRCLE('',#3367,0.002);
#2528=CIRCLE('',#3368,0.002);
#2529=CIRCLE('',#3369,0.002);
#2530=CIRCLE('',#3370,0.002);
#2531=CIRCLE('',#3371,0.002);
#2532=CIRCLE('',#3372,0.002);
#2533=CIRCLE('',#3373,0.004375);
#2534=CIRCLE('',#3374,0.0015);
#2535=CIRCLE('',#3375,0.0015);
#2536=CIRCLE('',#3376,0.003);
#2537=CIRCLE('',#3377,0.003);
#2538=CIRCLE('',#3378,0.003);
#2539=CIRCLE('',#3379,0.003);
#2540=CIRCLE('',#3380,0.00201);
#2541=CIRCLE('',#3381,0.003);
#2542=CIRCLE('',#3382,0.003);
#2543=CIRCLE('',#3383,0.006375);
#2544=CIRCLE('',#3384,0.003);
#2545=CIRCLE('',#3385,0.003);
#2546=CIRCLE('',#3386,0.003);
#2547=CIRCLE('',#3387,0.003);
#2548=CIRCLE('',#3388,0.00370869709369389);
#2549=CIRCLE('',#3389,0.003);
#2550=CIRCLE('',#3390,0.003);
#2551=CIRCLE('',#3391,0.003);
#2552=CIRCLE('',#3392,0.003);
#2553=CIRCLE('',#3393,0.003);
#2554=CIRCLE('',#3394,0.003);
#2555=CIRCLE('',#3395,0.004);
#2556=CIRCLE('',#3396,0.003);
#2557=CIRCLE('',#3397,0.003);
#2558=CIRCLE('',#3398,0.003);
#2559=CIRCLE('',#3400,0.003);
#2560=CIRCLE('',#3401,0.003);
#2561=CIRCLE('',#3402,0.00370869709369389);
#2562=CIRCLE('',#3403,0.003);
#2563=CIRCLE('',#3404,0.003);
#2564=CIRCLE('',#3405,0.003);
#2565=CIRCLE('',#3406,0.004);
#2566=CIRCLE('',#3407,0.003);
#2567=CIRCLE('',#3408,0.003);
#2568=CIRCLE('',#3409,0.00370869709369389);
#2569=CIRCLE('',#3410,0.003);
#2570=CIRCLE('',#3411,0.003);
#2571=CIRCLE('',#3412,0.003);
#2572=CIRCLE('',#3413,0.003);
#2573=CIRCLE('',#3414,0.003);
#2574=CIRCLE('',#3415,0.003);
#2575=CIRCLE('',#3416,0.003);
#2576=CIRCLE('',#3417,0.003);
#2577=CIRCLE('',#3418,0.003);
#2578=CIRCLE('',#3419,0.003);
#2579=CIRCLE('',#3420,0.003);
#2580=CIRCLE('',#3421,0.003);
#2581=CIRCLE('',#3422,0.003);
#2582=CIRCLE('',#3423,0.003);
#2583=CIRCLE('',#3424,0.003);
#2584=CIRCLE('',#3425,0.003);
#2585=CIRCLE('',#3426,0.003);
#2586=CIRCLE('',#3427,0.003);
#2587=CIRCLE('',#3428,0.003);
#2588=CIRCLE('',#3429,0.003);
#2589=CIRCLE('',#3430,0.003);
#2590=CIRCLE('',#3431,0.003);
#2591=CIRCLE('',#3432,0.003);
#2592=CIRCLE('',#3433,0.003);
#2593=CIRCLE('',#3434,0.003);
#2594=CIRCLE('',#3435,0.00201);
#2595=CIRCLE('',#3436,0.003);
#2596=CIRCLE('',#3437,0.003);
#2597=CIRCLE('',#3438,0.003);
#2598=CIRCLE('',#3439,0.003);
#2599=CIRCLE('',#3440,0.006375);
#2600=CIRCLE('',#3441,0.0015);
#2601=CIRCLE('',#3442,0.0015);
#2602=CIRCLE('',#3443,0.002);
#2603=CIRCLE('',#3444,0.002);
#2604=CIRCLE('',#3445,0.002);
#2605=CIRCLE('',#3446,0.002);
#2606=CIRCLE('',#3447,0.002);
#2607=CIRCLE('',#3448,0.002);
#2608=CIRCLE('',#3449,0.002);
#2609=CIRCLE('',#3450,0.002);
#2610=CIRCLE('',#3451,0.004375);
#2611=CIRCLE('',#3452,0.0015);
#2612=CIRCLE('',#3453,0.0015);
#2613=CIRCLE('',#3454,0.00201);
#2614=CIRCLE('',#3455,0.003);
#2615=CIRCLE('',#3456,0.006375);
#2616=CIRCLE('',#3457,0.003);
#2617=CIRCLE('',#3458,0.003);
#2618=CIRCLE('',#3459,0.003);
#2619=CIRCLE('',#3460,0.00201);
#2620=CIRCLE('',#3461,0.003);
#2621=CIRCLE('',#3462,0.004);
#2622=CIRCLE('',#3463,0.003);
#2623=CIRCLE('',#3464,0.003);
#2624=CIRCLE('',#3465,0.003);
#2625=CIRCLE('',#3466,0.003);
#2626=CIRCLE('',#3467,0.003);
#2627=EDGE_LOOP('',(#746,#747,#748,#749,#750,#751,#752,#753,#754,#755,#756,
#757));
#2628=EDGE_LOOP('',(#758,#759,#760,#761,#762,#763,#764,#765));
#2629=EDGE_LOOP('',(#766,#767,#768,#769,#770,#771,#772,#773,#774,#775,#776,
#777));
#2630=EDGE_LOOP('',(#778,#779,#780,#781,#782,#783,#784,#785));
#2631=EDGE_LOOP('',(#786,#787,#788,#789,#790,#791,#792,#793));
#2632=EDGE_LOOP('',(#794,#795,#796,#797,#798,#799,#800,#801));
#2633=EDGE_LOOP('',(#802));
#2634=EDGE_LOOP('',(#803));
#2635=EDGE_LOOP('',(#804,#805,#806,#807,#808,#809,#810,#811));
#2636=EDGE_LOOP('',(#812,#813,#814,#815));
#2637=EDGE_LOOP('',(#816,#817,#818,#819));
#2638=EDGE_LOOP('',(#820,#821,#822,#823));
#2639=EDGE_LOOP('',(#824,#825,#826,#827));
#2640=EDGE_LOOP('',(#828,#829,#830,#831));
#2641=EDGE_LOOP('',(#832,#833,#834,#835));
#2642=EDGE_LOOP('',(#836,#837,#838,#839));
#2643=EDGE_LOOP('',(#840,#841,#842,#843));
#2644=EDGE_LOOP('',(#844,#845,#846,#847));
#2645=EDGE_LOOP('',(#848,#849,#850,#851,#852,#853,#854,#855));
#2646=EDGE_LOOP('',(#856,#857,#858,#859,#860,#861,#862,#863));
#2647=EDGE_LOOP('',(#864));
#2648=EDGE_LOOP('',(#865));
#2649=EDGE_LOOP('',(#866));
#2650=EDGE_LOOP('',(#867,#868,#869,#870,#871,#872,#873,#874,#875,#876,#877,
#878,#879));
#2651=EDGE_LOOP('',(#880,#881,#882,#883,#884,#885));
#2652=EDGE_LOOP('',(#886,#887,#888,#889,#890,#891,#892,#893,#894,#895));
#2653=EDGE_LOOP('',(#896,#897,#898,#899,#900,#901,#902,#903,#904,#905));
#2654=EDGE_LOOP('',(#906,#907,#908,#909,#910,#911,#912,#913,#914,#915,#916,
#917));
#2655=EDGE_LOOP('',(#918,#919,#920,#921,#922,#923,#924,#925,#926,#927));
#2656=EDGE_LOOP('',(#928,#929,#930,#931,#932,#933,#934,#935));
#2657=EDGE_LOOP('',(#936,#937,#938,#939,#940,#941));
#2658=EDGE_LOOP('',(#942,#943,#944,#945,#946,#947,#948,#949));
#2659=EDGE_LOOP('',(#950,#951,#952,#953,#954,#955,#956,#957));
#2660=EDGE_LOOP('',(#958,#959,#960,#961,#962,#963,#964,#965));
#2661=EDGE_LOOP('',(#966,#967,#968,#969,#970,#971,#972,#973,#974,#975,#976,
#977,#978));
#2662=EDGE_LOOP('',(#979));
#2663=EDGE_LOOP('',(#980));
#2664=EDGE_LOOP('',(#981,#982,#983,#984,#985,#986,#987,#988));
#2665=EDGE_LOOP('',(#989,#990,#991,#992));
#2666=EDGE_LOOP('',(#993,#994,#995,#996));
#2667=EDGE_LOOP('',(#997,#998,#999,#1000));
#2668=EDGE_LOOP('',(#1001,#1002,#1003,#1004));
#2669=EDGE_LOOP('',(#1005,#1006,#1007,#1008));
#2670=EDGE_LOOP('',(#1009,#1010,#1011,#1012));
#2671=EDGE_LOOP('',(#1013,#1014,#1015,#1016));
#2672=EDGE_LOOP('',(#1017,#1018,#1019,#1020));
#2673=EDGE_LOOP('',(#1021,#1022,#1023,#1024));
#2674=EDGE_LOOP('',(#1025,#1026,#1027,#1028,#1029,#1030,#1031,#1032));
#2675=EDGE_LOOP('',(#1033,#1034,#1035,#1036,#1037,#1038,#1039,#1040));
#2676=EDGE_LOOP('',(#1041));
#2677=EDGE_LOOP('',(#1042));
#2678=EDGE_LOOP('',(#1043));
#2679=EDGE_LOOP('',(#1044,#1045,#1046,#1047,#1048,#1049,#1050,#1051,#1052,
#1053,#1054,#1055));
#2680=EDGE_LOOP('',(#1056,#1057,#1058,#1059,#1060,#1061,#1062,#1063,#1064,
#1065));
#2681=EDGE_LOOP('',(#1066,#1067,#1068,#1069));
#2682=EDGE_LOOP('',(#1070,#1071,#1072,#1073));
#2683=EDGE_LOOP('',(#1074,#1075,#1076,#1077));
#2684=EDGE_LOOP('',(#1078,#1079,#1080,#1081));
#2685=EDGE_LOOP('',(#1082,#1083,#1084,#1085));
#2686=EDGE_LOOP('',(#1086,#1087,#1088,#1089));
#2687=EDGE_LOOP('',(#1090,#1091,#1092,#1093));
#2688=EDGE_LOOP('',(#1094,#1095,#1096,#1097));
#2689=EDGE_LOOP('',(#1098,#1099,#1100,#1101));
#2690=EDGE_LOOP('',(#1102,#1103,#1104,#1105));
#2691=EDGE_LOOP('',(#1106,#1107,#1108,#1109));
#2692=EDGE_LOOP('',(#1110,#1111,#1112,#1113));
#2693=EDGE_LOOP('',(#1114,#1115,#1116,#1117));
#2694=EDGE_LOOP('',(#1118,#1119,#1120,#1121));
#2695=EDGE_LOOP('',(#1122,#1123,#1124,#1125));
#2696=EDGE_LOOP('',(#1126,#1127,#1128,#1129));
#2697=EDGE_LOOP('',(#1130,#1131,#1132,#1133));
#2698=EDGE_LOOP('',(#1134,#1135,#1136,#1137));
#2699=EDGE_LOOP('',(#1138,#1139,#1140,#1141));
#2700=EDGE_LOOP('',(#1142,#1143,#1144,#1145));
#2701=EDGE_LOOP('',(#1146,#1147,#1148,#1149));
#2702=EDGE_LOOP('',(#1150,#1151,#1152,#1153));
#2703=EDGE_LOOP('',(#1154,#1155,#1156,#1157));
#2704=EDGE_LOOP('',(#1158,#1159,#1160,#1161));
#2705=EDGE_LOOP('',(#1162,#1163,#1164,#1165));
#2706=EDGE_LOOP('',(#1166,#1167,#1168,#1169));
#2707=EDGE_LOOP('',(#1170,#1171,#1172,#1173));
#2708=EDGE_LOOP('',(#1174,#1175,#1176,#1177));
#2709=EDGE_LOOP('',(#1178,#1179,#1180,#1181));
#2710=EDGE_LOOP('',(#1182,#1183,#1184,#1185));
#2711=EDGE_LOOP('',(#1186,#1187,#1188,#1189));
#2712=EDGE_LOOP('',(#1190,#1191,#1192,#1193));
#2713=EDGE_LOOP('',(#1194,#1195,#1196,#1197));
#2714=EDGE_LOOP('',(#1198,#1199,#1200,#1201));
#2715=EDGE_LOOP('',(#1202,#1203,#1204,#1205));
#2716=EDGE_LOOP('',(#1206,#1207,#1208,#1209));
#2717=EDGE_LOOP('',(#1210,#1211,#1212,#1213));
#2718=EDGE_LOOP('',(#1214,#1215,#1216,#1217));
#2719=EDGE_LOOP('',(#1218,#1219,#1220,#1221));
#2720=EDGE_LOOP('',(#1222,#1223,#1224,#1225));
#2721=EDGE_LOOP('',(#1226,#1227,#1228,#1229));
#2722=EDGE_LOOP('',(#1230,#1231,#1232,#1233));
#2723=EDGE_LOOP('',(#1234,#1235,#1236,#1237));
#2724=EDGE_LOOP('',(#1238,#1239,#1240,#1241));
#2725=EDGE_LOOP('',(#1242,#1243,#1244,#1245));
#2726=EDGE_LOOP('',(#1246,#1247,#1248,#1249));
#2727=EDGE_LOOP('',(#1250,#1251,#1252,#1253));
#2728=EDGE_LOOP('',(#1254,#1255,#1256,#1257));
#2729=EDGE_LOOP('',(#1258,#1259,#1260,#1261));
#2730=EDGE_LOOP('',(#1262,#1263,#1264,#1265));
#2731=EDGE_LOOP('',(#1266,#1267,#1268,#1269));
#2732=EDGE_LOOP('',(#1270,#1271,#1272,#1273));
#2733=EDGE_LOOP('',(#1274,#1275,#1276,#1277));
#2734=EDGE_LOOP('',(#1278,#1279,#1280,#1281));
#2735=EDGE_LOOP('',(#1282,#1283,#1284,#1285));
#2736=EDGE_LOOP('',(#1286,#1287,#1288,#1289));
#2737=EDGE_LOOP('',(#1290));
#2738=EDGE_LOOP('',(#1291));
#2739=EDGE_LOOP('',(#1292));
#2740=EDGE_LOOP('',(#1293));
#2741=EDGE_LOOP('',(#1294));
#2742=EDGE_LOOP('',(#1295));
#2743=EDGE_LOOP('',(#1296));
#2744=EDGE_LOOP('',(#1297));
#2745=EDGE_LOOP('',(#1298));
#2746=EDGE_LOOP('',(#1299));
#2747=EDGE_LOOP('',(#1300,#1301,#1302,#1303));
#2748=EDGE_LOOP('',(#1304,#1305,#1306,#1307));
#2749=EDGE_LOOP('',(#1308,#1309,#1310,#1311));
#2750=EDGE_LOOP('',(#1312,#1313,#1314,#1315));
#2751=EDGE_LOOP('',(#1316,#1317,#1318,#1319));
#2752=EDGE_LOOP('',(#1320,#1321,#1322,#1323));
#2753=EDGE_LOOP('',(#1324,#1325,#1326,#1327));
#2754=EDGE_LOOP('',(#1328,#1329,#1330,#1331));
#2755=EDGE_LOOP('',(#1332,#1333,#1334,#1335));
#2756=EDGE_LOOP('',(#1336,#1337,#1338,#1339));
#2757=EDGE_LOOP('',(#1340,#1341,#1342,#1343));
#2758=EDGE_LOOP('',(#1344,#1345,#1346,#1347));
#2759=EDGE_LOOP('',(#1348,#1349,#1350,#1351));
#2760=EDGE_LOOP('',(#1352,#1353,#1354,#1355));
#2761=EDGE_LOOP('',(#1356,#1357,#1358,#1359));
#2762=EDGE_LOOP('',(#1360,#1361,#1362,#1363));
#2763=EDGE_LOOP('',(#1364,#1365,#1366,#1367));
#2764=EDGE_LOOP('',(#1368,#1369,#1370,#1371));
#2765=EDGE_LOOP('',(#1372,#1373,#1374,#1375));
#2766=EDGE_LOOP('',(#1376,#1377,#1378,#1379));
#2767=EDGE_LOOP('',(#1380,#1381,#1382,#1383));
#2768=EDGE_LOOP('',(#1384,#1385,#1386,#1387));
#2769=EDGE_LOOP('',(#1388,#1389,#1390,#1391));
#2770=EDGE_LOOP('',(#1392,#1393,#1394,#1395));
#2771=EDGE_LOOP('',(#1396,#1397,#1398,#1399));
#2772=EDGE_LOOP('',(#1400,#1401,#1402,#1403));
#2773=EDGE_LOOP('',(#1404,#1405,#1406,#1407));
#2774=EDGE_LOOP('',(#1408,#1409,#1410,#1411));
#2775=EDGE_LOOP('',(#1412,#1413,#1414,#1415));
#2776=EDGE_LOOP('',(#1416,#1417,#1418,#1419));
#2777=EDGE_LOOP('',(#1420,#1421,#1422,#1423));
#2778=EDGE_LOOP('',(#1424,#1425,#1426,#1427));
#2779=EDGE_LOOP('',(#1428,#1429,#1430,#1431));
#2780=EDGE_LOOP('',(#1432,#1433,#1434,#1435));
#2781=EDGE_LOOP('',(#1436,#1437,#1438,#1439));
#2782=EDGE_LOOP('',(#1440,#1441,#1442,#1443));
#2783=EDGE_LOOP('',(#1444,#1445,#1446,#1447));
#2784=EDGE_LOOP('',(#1448,#1449,#1450,#1451));
#2785=EDGE_LOOP('',(#1452,#1453,#1454,#1455));
#2786=EDGE_LOOP('',(#1456,#1457,#1458,#1459));
#2787=EDGE_LOOP('',(#1460,#1461,#1462,#1463));
#2788=EDGE_LOOP('',(#1464,#1465,#1466,#1467));
#2789=EDGE_LOOP('',(#1468,#1469,#1470,#1471));
#2790=EDGE_LOOP('',(#1472,#1473,#1474,#1475));
#2791=EDGE_LOOP('',(#1476,#1477,#1478,#1479));
#2792=EDGE_LOOP('',(#1480,#1481,#1482,#1483));
#2793=EDGE_LOOP('',(#1484,#1485,#1486,#1487));
#2794=EDGE_LOOP('',(#1488,#1489,#1490,#1491));
#2795=EDGE_LOOP('',(#1492,#1493,#1494,#1495));
#2796=EDGE_LOOP('',(#1496,#1497,#1498,#1499));
#2797=EDGE_LOOP('',(#1500,#1501,#1502,#1503));
#2798=EDGE_LOOP('',(#1504,#1505,#1506,#1507));
#2799=EDGE_LOOP('',(#1508,#1509,#1510,#1511));
#2800=EDGE_LOOP('',(#1512,#1513,#1514,#1515));
#2801=EDGE_LOOP('',(#1516,#1517,#1518,#1519));
#2802=EDGE_LOOP('',(#1520,#1521,#1522,#1523));
#2803=EDGE_LOOP('',(#1524,#1525,#1526,#1527));
#2804=EDGE_LOOP('',(#1528,#1529,#1530,#1531));
#2805=EDGE_LOOP('',(#1532,#1533,#1534,#1535));
#2806=EDGE_LOOP('',(#1536,#1537,#1538,#1539));
#2807=EDGE_LOOP('',(#1540,#1541,#1542,#1543));
#2808=EDGE_LOOP('',(#1544,#1545,#1546,#1547));
#2809=EDGE_LOOP('',(#1548,#1549,#1550,#1551));
#2810=EDGE_LOOP('',(#1552,#1553,#1554,#1555));
#2811=EDGE_LOOP('',(#1556,#1557,#1558,#1559));
#2812=EDGE_LOOP('',(#1560,#1561,#1562,#1563));
#2813=EDGE_LOOP('',(#1564,#1565,#1566,#1567));
#2814=EDGE_LOOP('',(#1568,#1569,#1570,#1571));
#2815=EDGE_LOOP('',(#1572,#1573,#1574,#1575));
#2816=EDGE_LOOP('',(#1576,#1577,#1578,#1579));
#2817=EDGE_LOOP('',(#1580,#1581,#1582,#1583));
#2818=EDGE_LOOP('',(#1584,#1585,#1586,#1587));
#2819=EDGE_LOOP('',(#1588,#1589,#1590,#1591));
#2820=EDGE_LOOP('',(#1592,#1593,#1594,#1595));
#2821=EDGE_LOOP('',(#1596,#1597,#1598,#1599));
#2822=EDGE_LOOP('',(#1600,#1601,#1602,#1603));
#2823=EDGE_LOOP('',(#1604,#1605,#1606,#1607));
#2824=EDGE_LOOP('',(#1608,#1609,#1610,#1611));
#2825=EDGE_LOOP('',(#1612,#1613,#1614,#1615));
#2826=EDGE_LOOP('',(#1616,#1617,#1618,#1619));
#2827=EDGE_LOOP('',(#1620,#1621,#1622,#1623));
#2828=EDGE_LOOP('',(#1624,#1625,#1626,#1627));
#2829=EDGE_LOOP('',(#1628,#1629,#1630,#1631));
#2830=EDGE_LOOP('',(#1632,#1633,#1634,#1635));
#2831=EDGE_LOOP('',(#1636,#1637,#1638,#1639));
#2832=EDGE_LOOP('',(#1640,#1641,#1642,#1643));
#2833=EDGE_LOOP('',(#1644,#1645,#1646,#1647));
#2834=EDGE_LOOP('',(#1648,#1649,#1650,#1651));
#2835=EDGE_LOOP('',(#1652,#1653,#1654,#1655));
#2836=EDGE_LOOP('',(#1656,#1657,#1658,#1659));
#2837=EDGE_LOOP('',(#1660,#1661,#1662,#1663));
#2838=EDGE_LOOP('',(#1664,#1665,#1666,#1667));
#2839=EDGE_LOOP('',(#1668,#1669,#1670,#1671));
#2840=EDGE_LOOP('',(#1672,#1673,#1674,#1675));
#2841=EDGE_LOOP('',(#1676,#1677,#1678,#1679));
#2842=EDGE_LOOP('',(#1680,#1681,#1682,#1683));
#2843=EDGE_LOOP('',(#1684,#1685,#1686,#1687));
#2844=EDGE_LOOP('',(#1688,#1689,#1690,#1691));
#2845=EDGE_LOOP('',(#1692,#1693,#1694,#1695));
#2846=FACE_BOUND('',#2627,.T.);
#2847=FACE_BOUND('',#2628,.T.);
#2848=FACE_BOUND('',#2629,.T.);
#2849=FACE_BOUND('',#2630,.T.);
#2850=FACE_BOUND('',#2631,.T.);
#2851=FACE_BOUND('',#2632,.T.);
#2852=FACE_BOUND('',#2633,.T.);
#2853=FACE_BOUND('',#2634,.T.);
#2854=FACE_BOUND('',#2635,.T.);
#2855=FACE_BOUND('',#2636,.T.);
#2856=FACE_BOUND('',#2637,.T.);
#2857=FACE_BOUND('',#2638,.T.);
#2858=FACE_BOUND('',#2639,.T.);
#2859=FACE_BOUND('',#2640,.T.);
#2860=FACE_BOUND('',#2641,.T.);
#2861=FACE_BOUND('',#2642,.T.);
#2862=FACE_BOUND('',#2643,.T.);
#2863=FACE_BOUND('',#2644,.T.);
#2864=FACE_BOUND('',#2645,.T.);
#2865=FACE_BOUND('',#2646,.T.);
#2866=FACE_BOUND('',#2647,.T.);
#2867=FACE_BOUND('',#2648,.T.);
#2868=FACE_BOUND('',#2649,.T.);
#2869=FACE_BOUND('',#2650,.T.);
#2870=FACE_BOUND('',#2651,.T.);
#2871=FACE_BOUND('',#2652,.T.);
#2872=FACE_BOUND('',#2653,.T.);
#2873=FACE_BOUND('',#2654,.T.);
#2874=FACE_BOUND('',#2655,.T.);
#2875=FACE_BOUND('',#2656,.T.);
#2876=FACE_BOUND('',#2657,.T.);
#2877=FACE_BOUND('',#2658,.T.);
#2878=FACE_BOUND('',#2659,.T.);
#2879=FACE_BOUND('',#2660,.T.);
#2880=FACE_BOUND('',#2661,.T.);
#2881=FACE_BOUND('',#2662,.T.);
#2882=FACE_BOUND('',#2663,.T.);
#2883=FACE_BOUND('',#2664,.T.);
#2884=FACE_BOUND('',#2665,.T.);
#2885=FACE_BOUND('',#2666,.T.);
#2886=FACE_BOUND('',#2667,.T.);
#2887=FACE_BOUND('',#2668,.T.);
#2888=FACE_BOUND('',#2669,.T.);
#2889=FACE_BOUND('',#2670,.T.);
#2890=FACE_BOUND('',#2671,.T.);
#2891=FACE_BOUND('',#2672,.T.);
#2892=FACE_BOUND('',#2673,.T.);
#2893=FACE_BOUND('',#2674,.T.);
#2894=FACE_BOUND('',#2675,.T.);
#2895=FACE_BOUND('',#2676,.T.);
#2896=FACE_BOUND('',#2677,.T.);
#2897=FACE_BOUND('',#2678,.T.);
#2898=FACE_BOUND('',#2679,.T.);
#2899=FACE_BOUND('',#2680,.T.);
#2900=FACE_BOUND('',#2681,.T.);
#2901=FACE_BOUND('',#2682,.T.);
#2902=FACE_BOUND('',#2683,.T.);
#2903=FACE_BOUND('',#2684,.T.);
#2904=FACE_BOUND('',#2685,.T.);
#2905=FACE_BOUND('',#2686,.T.);
#2906=FACE_BOUND('',#2687,.T.);
#2907=FACE_BOUND('',#2688,.T.);
#2908=FACE_BOUND('',#2689,.T.);
#2909=FACE_BOUND('',#2690,.T.);
#2910=FACE_BOUND('',#2691,.T.);
#2911=FACE_BOUND('',#2692,.T.);
#2912=FACE_BOUND('',#2693,.T.);
#2913=FACE_BOUND('',#2694,.T.);
#2914=FACE_BOUND('',#2695,.T.);
#2915=FACE_BOUND('',#2696,.T.);
#2916=FACE_BOUND('',#2697,.T.);
#2917=FACE_BOUND('',#2698,.T.);
#2918=FACE_BOUND('',#2699,.T.);
#2919=FACE_BOUND('',#2700,.T.);
#2920=FACE_BOUND('',#2701,.T.);
#2921=FACE_BOUND('',#2702,.T.);
#2922=FACE_BOUND('',#2703,.T.);
#2923=FACE_BOUND('',#2704,.T.);
#2924=FACE_BOUND('',#2705,.T.);
#2925=FACE_BOUND('',#2706,.T.);
#2926=FACE_BOUND('',#2707,.T.);
#2927=FACE_BOUND('',#2708,.T.);
#2928=FACE_BOUND('',#2709,.T.);
#2929=FACE_BOUND('',#2710,.T.);
#2930=FACE_BOUND('',#2711,.T.);
#2931=FACE_BOUND('',#2712,.T.);
#2932=FACE_BOUND('',#2713,.T.);
#2933=FACE_BOUND('',#2714,.T.);
#2934=FACE_BOUND('',#2715,.T.);
#2935=FACE_BOUND('',#2716,.T.);
#2936=FACE_BOUND('',#2717,.T.);
#2937=FACE_BOUND('',#2718,.T.);
#2938=FACE_BOUND('',#2719,.T.);
#2939=FACE_BOUND('',#2720,.T.);
#2940=FACE_BOUND('',#2721,.T.);
#2941=FACE_BOUND('',#2722,.T.);
#2942=FACE_BOUND('',#2723,.T.);
#2943=FACE_BOUND('',#2724,.T.);
#2944=FACE_BOUND('',#2725,.T.);
#2945=FACE_BOUND('',#2726,.T.);
#2946=FACE_BOUND('',#2727,.T.);
#2947=FACE_BOUND('',#2728,.T.);
#2948=FACE_BOUND('',#2729,.T.);
#2949=FACE_BOUND('',#2730,.T.);
#2950=FACE_BOUND('',#2731,.T.);
#2951=FACE_BOUND('',#2732,.T.);
#2952=FACE_BOUND('',#2733,.T.);
#2953=FACE_BOUND('',#2734,.T.);
#2954=FACE_BOUND('',#2735,.T.);
#2955=FACE_BOUND('',#2736,.T.);
#2956=FACE_BOUND('',#2737,.T.);
#2957=FACE_BOUND('',#2738,.T.);
#2958=FACE_BOUND('',#2739,.T.);
#2959=FACE_BOUND('',#2740,.T.);
#2960=FACE_BOUND('',#2741,.T.);
#2961=FACE_BOUND('',#2742,.T.);
#2962=FACE_BOUND('',#2743,.T.);
#2963=FACE_BOUND('',#2744,.T.);
#2964=FACE_BOUND('',#2745,.T.);
#2965=FACE_BOUND('',#2746,.T.);
#2966=FACE_BOUND('',#2747,.T.);
#2967=FACE_BOUND('',#2748,.T.);
#2968=FACE_BOUND('',#2749,.T.);
#2969=FACE_BOUND('',#2750,.T.);
#2970=FACE_BOUND('',#2751,.T.);
#2971=FACE_BOUND('',#2752,.T.);
#2972=FACE_BOUND('',#2753,.T.);
#2973=FACE_BOUND('',#2754,.T.);
#2974=FACE_BOUND('',#2755,.T.);
#2975=FACE_BOUND('',#2756,.T.);
#2976=FACE_BOUND('',#2757,.T.);
#2977=FACE_BOUND('',#2758,.T.);
#2978=FACE_BOUND('',#2759,.T.);
#2979=FACE_BOUND('',#2760,.T.);
#2980=FACE_BOUND('',#2761,.T.);
#2981=FACE_BOUND('',#2762,.T.);
#2982=FACE_BOUND('',#2763,.T.);
#2983=FACE_BOUND('',#2764,.T.);
#2984=FACE_BOUND('',#2765,.T.);
#2985=FACE_BOUND('',#2766,.T.);
#2986=FACE_BOUND('',#2767,.T.);
#2987=FACE_BOUND('',#2768,.T.);
#2988=FACE_BOUND('',#2769,.T.);
#2989=FACE_BOUND('',#2770,.T.);
#2990=FACE_BOUND('',#2771,.T.);
#2991=FACE_BOUND('',#2772,.T.);
#2992=FACE_BOUND('',#2773,.T.);
#2993=FACE_BOUND('',#2774,.T.);
#2994=FACE_BOUND('',#2775,.T.);
#2995=FACE_BOUND('',#2776,.T.);
#2996=FACE_BOUND('',#2777,.T.);
#2997=FACE_BOUND('',#2778,.T.);
#2998=FACE_BOUND('',#2779,.T.);
#2999=FACE_BOUND('',#2780,.T.);
#3000=FACE_BOUND('',#2781,.T.);
#3001=FACE_BOUND('',#2782,.T.);
#3002=FACE_BOUND('',#2783,.T.);
#3003=FACE_BOUND('',#2784,.T.);
#3004=FACE_BOUND('',#2785,.T.);
#3005=FACE_BOUND('',#2786,.T.);
#3006=FACE_BOUND('',#2787,.T.);
#3007=FACE_BOUND('',#2788,.T.);
#3008=FACE_BOUND('',#2789,.T.);
#3009=FACE_BOUND('',#2790,.T.);
#3010=FACE_BOUND('',#2791,.T.);
#3011=FACE_BOUND('',#2792,.T.);
#3012=FACE_BOUND('',#2793,.T.);
#3013=FACE_BOUND('',#2794,.T.);
#3014=FACE_BOUND('',#2795,.T.);
#3015=FACE_BOUND('',#2796,.T.);
#3016=FACE_BOUND('',#2797,.T.);
#3017=FACE_BOUND('',#2798,.T.);
#3018=FACE_BOUND('',#2799,.T.);
#3019=FACE_BOUND('',#2800,.T.);
#3020=FACE_BOUND('',#2801,.T.);
#3021=FACE_BOUND('',#2802,.T.);
#3022=FACE_BOUND('',#2803,.T.);
#3023=FACE_BOUND('',#2804,.T.);
#3024=FACE_BOUND('',#2805,.T.);
#3025=FACE_BOUND('',#2806,.T.);
#3026=FACE_BOUND('',#2807,.T.);
#3027=FACE_BOUND('',#2808,.T.);
#3028=FACE_BOUND('',#2809,.T.);
#3029=FACE_BOUND('',#2810,.T.);
#3030=FACE_BOUND('',#2811,.T.);
#3031=FACE_BOUND('',#2812,.T.);
#3032=FACE_BOUND('',#2813,.T.);
#3033=FACE_BOUND('',#2814,.T.);
#3034=FACE_BOUND('',#2815,.T.);
#3035=FACE_BOUND('',#2816,.T.);
#3036=FACE_BOUND('',#2817,.T.);
#3037=FACE_BOUND('',#2818,.T.);
#3038=FACE_BOUND('',#2819,.T.);
#3039=FACE_BOUND('',#2820,.T.);
#3040=FACE_BOUND('',#2821,.T.);
#3041=FACE_BOUND('',#2822,.T.);
#3042=FACE_BOUND('',#2823,.T.);
#3043=FACE_BOUND('',#2824,.T.);
#3044=FACE_BOUND('',#2825,.T.);
#3045=FACE_BOUND('',#2826,.T.);
#3046=FACE_BOUND('',#2827,.T.);
#3047=FACE_BOUND('',#2828,.T.);
#3048=FACE_BOUND('',#2829,.T.);
#3049=FACE_BOUND('',#2830,.T.);
#3050=FACE_BOUND('',#2831,.T.);
#3051=FACE_BOUND('',#2832,.T.);
#3052=FACE_BOUND('',#2833,.T.);
#3053=FACE_BOUND('',#2834,.T.);
#3054=FACE_BOUND('',#2835,.T.);
#3055=FACE_BOUND('',#2836,.T.);
#3056=FACE_BOUND('',#2837,.T.);
#3057=FACE_BOUND('',#2838,.T.);
#3058=FACE_BOUND('',#2839,.T.);
#3059=FACE_BOUND('',#2840,.T.);
#3060=FACE_BOUND('',#2841,.T.);
#3061=FACE_BOUND('',#2842,.T.);
#3062=FACE_BOUND('',#2843,.T.);
#3063=FACE_BOUND('',#2844,.T.);
#3064=FACE_BOUND('',#2845,.T.);
#3065=PLANE('',#3330);
#3066=PLANE('',#3399);
#3067=PLANE('',#3469);
#3068=PLANE('',#3471);
#3069=PLANE('',#3473);
#3070=PLANE('',#3476);
#3071=PLANE('',#3478);
#3072=PLANE('',#3480);
#3073=PLANE('',#3482);
#3074=PLANE('',#3483);
#3075=PLANE('',#3484);
#3076=PLANE('',#3485);
#3077=PLANE('',#3486);
#3078=PLANE('',#3487);
#3079=PLANE('',#3488);
#3080=PLANE('',#3489);
#3081=PLANE('',#3490);
#3082=PLANE('',#3491);
#3083=PLANE('',#3492);
#3084=PLANE('',#3493);
#3085=PLANE('',#3494);
#3086=PLANE('',#3495);
#3087=PLANE('',#3496);
#3088=PLANE('',#3497);
#3089=PLANE('',#3498);
#3090=PLANE('',#3499);
#3091=PLANE('',#3500);
#3092=PLANE('',#3501);
#3093=PLANE('',#3502);
#3094=PLANE('',#3503);
#3095=PLANE('',#3504);
#3096=PLANE('',#3505);
#3097=PLANE('',#3506);
#3098=PLANE('',#3507);
#3099=PLANE('',#3508);
#3100=PLANE('',#3509);
#3101=PLANE('',#3510);
#3102=PLANE('',#3511);
#3103=PLANE('',#3512);
#3104=PLANE('',#3513);
#3105=PLANE('',#3514);
#3106=PLANE('',#3515);
#3107=PLANE('',#3516);
#3108=PLANE('',#3517);
#3109=PLANE('',#3518);
#3110=PLANE('',#3519);
#3111=PLANE('',#3520);
#3112=PLANE('',#3521);
#3113=PLANE('',#3522);
#3114=PLANE('',#3523);
#3115=PLANE('',#3530);
#3116=PLANE('',#3531);
#3117=PLANE('',#3532);
#3118=PLANE('',#3533);
#3119=PLANE('',#3534);
#3120=PLANE('',#3542);
#3121=PLANE('',#3543);
#3122=PLANE('',#3544);
#3123=PLANE('',#3545);
#3124=PLANE('',#3550);
#3125=PLANE('',#3551);
#3126=PLANE('',#3552);
#3127=PLANE('',#3553);
#3128=PLANE('',#3558);
#3129=PLANE('',#3559);
#3130=PLANE('',#3560);
#3131=PLANE('',#3561);
#3132=PLANE('',#3566);
#3133=PLANE('',#3567);
#3134=PLANE('',#3568);
#3135=PLANE('',#3572);
#3136=PLANE('',#3574);
#3137=PLANE('',#3577);
#3138=PLANE('',#3578);
#3139=PLANE('',#3584);
#3140=PLANE('',#3585);
#3141=PLANE('',#3586);
#3142=PLANE('',#3587);
#3143=PLANE('',#3592);
#3144=PLANE('',#3593);
#3145=PLANE('',#3594);
#3146=PLANE('',#3595);
#3147=PLANE('',#3602);
#3148=PLANE('',#3603);
#3149=PLANE('',#3604);
#3150=PLANE('',#3605);
#3151=PLANE('',#3612);
#3152=PLANE('',#3613);
#3153=PLANE('',#3614);
#3154=PLANE('',#3616);
#3155=ADVANCED_FACE('',(#2846,#2847,#2848,#2849,#2850,#2851,#2852,#2853,
#2854,#2855,#2856,#2857,#2858,#2859,#2860,#2861,#2862,#2863,#2864,#2865,
#2866,#2867,#2868,#2869,#2870,#2871,#2872),#3065,.T.);
#3156=ADVANCED_FACE('',(#2873,#2874,#2875,#2876,#2877,#2878,#2879,#2880,
#2881,#2882,#2883,#2884,#2885,#2886,#2887,#2888,#2889,#2890,#2891,#2892,
#2893,#2894,#2895,#2896,#2897,#2898,#2899),#3066,.F.);
#3157=ADVANCED_FACE('',(#2900),#16,.F.);
#3158=ADVANCED_FACE('',(#2901),#3067,.T.);
#3159=ADVANCED_FACE('',(#2902),#17,.F.);
#3160=ADVANCED_FACE('',(#2903),#3068,.T.);
#3161=ADVANCED_FACE('',(#2904),#18,.F.);
#3162=ADVANCED_FACE('',(#2905),#3069,.T.);
#3163=ADVANCED_FACE('',(#2906),#19,.F.);
#3164=ADVANCED_FACE('',(#2907),#20,.F.);
#3165=ADVANCED_FACE('',(#2908),#3070,.F.);
#3166=ADVANCED_FACE('',(#2909),#21,.F.);
#3167=ADVANCED_FACE('',(#2910),#3071,.T.);
#3168=ADVANCED_FACE('',(#2911),#22,.F.);
#3169=ADVANCED_FACE('',(#2912),#3072,.T.);
#3170=ADVANCED_FACE('',(#2913),#23,.F.);
#3171=ADVANCED_FACE('',(#2914),#3073,.T.);
#3172=ADVANCED_FACE('',(#2915),#3074,.T.);
#3173=ADVANCED_FACE('',(#2916),#3075,.F.);
#3174=ADVANCED_FACE('',(#2917),#3076,.T.);
#3175=ADVANCED_FACE('',(#2918),#3077,.T.);
#3176=ADVANCED_FACE('',(#2919),#3078,.F.);
#3177=ADVANCED_FACE('',(#2920),#3079,.T.);
#3178=ADVANCED_FACE('',(#2921),#3080,.T.);
#3179=ADVANCED_FACE('',(#2922),#3081,.F.);
#3180=ADVANCED_FACE('',(#2923),#3082,.T.);
#3181=ADVANCED_FACE('',(#2924),#3083,.T.);
#3182=ADVANCED_FACE('',(#2925),#3084,.F.);
#3183=ADVANCED_FACE('',(#2926),#3085,.T.);
#3184=ADVANCED_FACE('',(#2927),#3086,.T.);
#3185=ADVANCED_FACE('',(#2928),#3087,.F.);
#3186=ADVANCED_FACE('',(#2929),#3088,.T.);
#3187=ADVANCED_FACE('',(#2930),#3089,.T.);
#3188=ADVANCED_FACE('',(#2931),#3090,.F.);
#3189=ADVANCED_FACE('',(#2932),#3091,.T.);
#3190=ADVANCED_FACE('',(#2933),#3092,.T.);
#3191=ADVANCED_FACE('',(#2934),#3093,.F.);
#3192=ADVANCED_FACE('',(#2935),#3094,.T.);
#3193=ADVANCED_FACE('',(#2936),#3095,.T.);
#3194=ADVANCED_FACE('',(#2937),#3096,.F.);
#3195=ADVANCED_FACE('',(#2938),#3097,.T.);
#3196=ADVANCED_FACE('',(#2939),#3098,.F.);
#3197=ADVANCED_FACE('',(#2940),#3099,.F.);
#3198=ADVANCED_FACE('',(#2941),#3100,.T.);
#3199=ADVANCED_FACE('',(#2942),#3101,.F.);
#3200=ADVANCED_FACE('',(#2943),#3102,.F.);
#3201=ADVANCED_FACE('',(#2944),#3103,.T.);
#3202=ADVANCED_FACE('',(#2945),#3104,.F.);
#3203=ADVANCED_FACE('',(#2946),#3105,.F.);
#3204=ADVANCED_FACE('',(#2947),#3106,.F.);
#3205=ADVANCED_FACE('',(#2948),#3107,.F.);
#3206=ADVANCED_FACE('',(#2949),#3108,.F.);
#3207=ADVANCED_FACE('',(#2950),#3109,.F.);
#3208=ADVANCED_FACE('',(#2951),#3110,.F.);
#3209=ADVANCED_FACE('',(#2952),#3111,.F.);
#3210=ADVANCED_FACE('',(#2953),#3112,.F.);
#3211=ADVANCED_FACE('',(#2954),#3113,.T.);
#3212=ADVANCED_FACE('',(#2955),#3114,.T.);
#3213=ADVANCED_FACE('',(#2956,#2957),#24,.F.);
#3214=ADVANCED_FACE('',(#2958,#2959),#25,.F.);
#3215=ADVANCED_FACE('',(#2960,#2961),#26,.F.);
#3216=ADVANCED_FACE('',(#2962,#2963),#27,.F.);
#3217=ADVANCED_FACE('',(#2964,#2965),#28,.F.);
#3218=ADVANCED_FACE('',(#2966),#12,.T.);
#3219=ADVANCED_FACE('',(#2967),#13,.T.);
#3220=ADVANCED_FACE('',(#2968),#14,.T.);
#3221=ADVANCED_FACE('',(#2969),#15,.T.);
#3222=ADVANCED_FACE('',(#2970),#29,.T.);
#3223=ADVANCED_FACE('',(#2971),#3115,.F.);
#3224=ADVANCED_FACE('',(#2972),#3116,.F.);
#3225=ADVANCED_FACE('',(#2973),#3117,.T.);
#3226=ADVANCED_FACE('',(#2974),#3118,.F.);
#3227=ADVANCED_FACE('',(#2975),#3119,.F.);
#3228=ADVANCED_FACE('',(#2976),#30,.T.);
#3229=ADVANCED_FACE('',(#2977),#31,.F.);
#3230=ADVANCED_FACE('',(#2978),#32,.F.);
#3231=ADVANCED_FACE('',(#2979),#33,.F.);
#3232=ADVANCED_FACE('',(#2980),#34,.F.);
#3233=ADVANCED_FACE('',(#2981),#35,.F.);
#3234=ADVANCED_FACE('',(#2982),#36,.F.);
#3235=ADVANCED_FACE('',(#2983),#3120,.T.);
#3236=ADVANCED_FACE('',(#2984),#3121,.F.);
#3237=ADVANCED_FACE('',(#2985),#3122,.F.);
#3238=ADVANCED_FACE('',(#2986),#3123,.F.);
#3239=ADVANCED_FACE('',(#2987),#37,.F.);
#3240=ADVANCED_FACE('',(#2988),#38,.F.);
#3241=ADVANCED_FACE('',(#2989),#39,.F.);
#3242=ADVANCED_FACE('',(#2990),#40,.F.);
#3243=ADVANCED_FACE('',(#2991),#3124,.F.);
#3244=ADVANCED_FACE('',(#2992),#3125,.F.);
#3245=ADVANCED_FACE('',(#2993),#3126,.T.);
#3246=ADVANCED_FACE('',(#2994),#3127,.T.);
#3247=ADVANCED_FACE('',(#2995),#41,.F.);
#3248=ADVANCED_FACE('',(#2996),#42,.F.);
#3249=ADVANCED_FACE('',(#2997),#43,.F.);
#3250=ADVANCED_FACE('',(#2998),#44,.F.);
#3251=ADVANCED_FACE('',(#2999),#3128,.T.);
#3252=ADVANCED_FACE('',(#3000),#3129,.F.);
#3253=ADVANCED_FACE('',(#3001),#3130,.F.);
#3254=ADVANCED_FACE('',(#3002),#3131,.T.);
#3255=ADVANCED_FACE('',(#3003),#45,.F.);
#3256=ADVANCED_FACE('',(#3004),#46,.F.);
#3257=ADVANCED_FACE('',(#3005),#47,.F.);
#3258=ADVANCED_FACE('',(#3006),#48,.F.);
#3259=ADVANCED_FACE('',(#3007),#3132,.T.);
#3260=ADVANCED_FACE('',(#3008),#3133,.T.);
#3261=ADVANCED_FACE('',(#3009),#3134,.T.);
#3262=ADVANCED_FACE('',(#3010),#49,.F.);
#3263=ADVANCED_FACE('',(#3011),#50,.F.);
#3264=ADVANCED_FACE('',(#3012),#51,.F.);
#3265=ADVANCED_FACE('',(#3013),#3135,.F.);
#3266=ADVANCED_FACE('',(#3014),#52,.T.);
#3267=ADVANCED_FACE('',(#3015),#3136,.F.);
#3268=ADVANCED_FACE('',(#3016),#53,.T.);
#3269=ADVANCED_FACE('',(#3017),#54,.T.);
#3270=ADVANCED_FACE('',(#3018),#3137,.F.);
#3271=ADVANCED_FACE('',(#3019),#3138,.T.);
#3272=ADVANCED_FACE('',(#3020),#55,.F.);
#3273=ADVANCED_FACE('',(#3021),#56,.F.);
#3274=ADVANCED_FACE('',(#3022),#57,.F.);
#3275=ADVANCED_FACE('',(#3023),#58,.F.);
#3276=ADVANCED_FACE('',(#3024),#59,.F.);
#3277=ADVANCED_FACE('',(#3025),#3139,.T.);
#3278=ADVANCED_FACE('',(#3026),#3140,.T.);
#3279=ADVANCED_FACE('',(#3027),#3141,.F.);
#3280=ADVANCED_FACE('',(#3028),#3142,.F.);
#3281=ADVANCED_FACE('',(#3029),#60,.F.);
#3282=ADVANCED_FACE('',(#3030),#61,.F.);
#3283=ADVANCED_FACE('',(#3031),#62,.F.);
#3284=ADVANCED_FACE('',(#3032),#63,.F.);
#3285=ADVANCED_FACE('',(#3033),#3143,.T.);
#3286=ADVANCED_FACE('',(#3034),#3144,.F.);
#3287=ADVANCED_FACE('',(#3035),#3145,.F.);
#3288=ADVANCED_FACE('',(#3036),#3146,.F.);
#3289=ADVANCED_FACE('',(#3037),#64,.T.);
#3290=ADVANCED_FACE('',(#3038),#65,.F.);
#3291=ADVANCED_FACE('',(#3039),#66,.F.);
#3292=ADVANCED_FACE('',(#3040),#67,.F.);
#3293=ADVANCED_FACE('',(#3041),#68,.F.);
#3294=ADVANCED_FACE('',(#3042),#69,.F.);
#3295=ADVANCED_FACE('',(#3043),#3147,.T.);
#3296=ADVANCED_FACE('',(#3044),#3148,.T.);
#3297=ADVANCED_FACE('',(#3045),#3149,.F.);
#3298=ADVANCED_FACE('',(#3046),#3150,.T.);
#3299=ADVANCED_FACE('',(#3047),#70,.T.);
#3300=ADVANCED_FACE('',(#3048),#71,.F.);
#3301=ADVANCED_FACE('',(#3049),#72,.F.);
#3302=ADVANCED_FACE('',(#3050),#73,.F.);
#3303=ADVANCED_FACE('',(#3051),#74,.F.);
#3304=ADVANCED_FACE('',(#3052),#75,.F.);
#3305=ADVANCED_FACE('',(#3053),#3151,.F.);
#3306=ADVANCED_FACE('',(#3054),#3152,.T.);
#3307=ADVANCED_FACE('',(#3055),#3153,.T.);
#3308=ADVANCED_FACE('',(#3056),#76,.T.);
#3309=ADVANCED_FACE('',(#3057),#3154,.F.);
#3310=ADVANCED_FACE('',(#3058),#77,.T.);
#3311=ADVANCED_FACE('',(#3059),#78,.F.);
#3312=ADVANCED_FACE('',(#3060),#79,.F.);
#3313=ADVANCED_FACE('',(#3061),#80,.F.);
#3314=ADVANCED_FACE('',(#3062),#81,.F.);
#3315=ADVANCED_FACE('',(#3063),#82,.F.);
#3316=ADVANCED_FACE('',(#3064),#83,.F.);
#3317=CLOSED_SHELL('',(#3155,#3156,#3157,#3158,#3159,#3160,#3161,#3162,
#3163,#3164,#3165,#3166,#3167,#3168,#3169,#3170,#3171,#3172,#3173,#3174,
#3175,#3176,#3177,#3178,#3179,#3180,#3181,#3182,#3183,#3184,#3185,#3186,
#3187,#3188,#3189,#3190,#3191,#3192,#3193,#3194,#3195,#3196,#3197,#3198,
#3199,#3200,#3201,#3202,#3203,#3204,#3205,#3206,#3207,#3208,#3209,#3210,
#3211,#3212,#3213,#3214,#3215,#3216,#3217,#3218,#3219,#3220,#3221,#3222,
#3223,#3224,#3225,#3226,#3227,#3228,#3229,#3230,#3231,#3232,#3233,#3234,
#3235,#3236,#3237,#3238,#3239,#3240,#3241,#3242,#3243,#3244,#3245,#3246,
#3247,#3248,#3249,#3250,#3251,#3252,#3253,#3254,#3255,#3256,#3257,#3258,
#3259,#3260,#3261,#3262,#3263,#3264,#3265,#3266,#3267,#3268,#3269,#3270,
#3271,#3272,#3273,#3274,#3275,#3276,#3277,#3278,#3279,#3280,#3281,#3282,
#3283,#3284,#3285,#3286,#3287,#3288,#3289,#3290,#3291,#3292,#3293,#3294,
#3295,#3296,#3297,#3298,#3299,#3300,#3301,#3302,#3303,#3304,#3305,#3306,
#3307,#3308,#3309,#3310,#3311,#3312,#3313,#3314,#3315,#3316));
#3318=STYLED_ITEM('',(#3319),#3326);
#3319=PRESENTATION_STYLE_ASSIGNMENT((#3320));
#3320=SURFACE_STYLE_USAGE(.BOTH.,#3321);
#3321=SURFACE_SIDE_STYLE('',(#3322));
#3322=SURFACE_STYLE_FILL_AREA(#3323);
#3323=FILL_AREA_STYLE('',(#3324));
#3324=FILL_AREA_STYLE_COLOUR('',#3325);
#3325=COLOUR_RGB('',0.0862745098039216,0.694117647058824,0.6);
#3326=MANIFOLD_SOLID_BREP('Middle Case',#3317);
#3327=SHAPE_DEFINITION_REPRESENTATION(#5713,#3328);
#3328=SHAPE_REPRESENTATION('Middle Case',(#3329),#5708);
#3329=AXIS2_PLACEMENT_3D('',#4537,#3624,#3625);
#3330=AXIS2_PLACEMENT_3D('',#4538,#3626,#3627);
#3331=AXIS2_PLACEMENT_3D('',#4539,#3628,#3629);
#3332=AXIS2_PLACEMENT_3D('',#4542,#3630,#3631);
#3333=AXIS2_PLACEMENT_3D('',#4544,#3632,#3633);
#3334=AXIS2_PLACEMENT_3D('',#4548,#3635,#3636);
#3335=AXIS2_PLACEMENT_3D('',#4552,#3638,#3639);
#3336=AXIS2_PLACEMENT_3D('',#4554,#3640,#3641);
#3337=AXIS2_PLACEMENT_3D('',#4556,#3642,#3643);
#3338=AXIS2_PLACEMENT_3D('',#4560,#3645,#3646);
#3339=AXIS2_PLACEMENT_3D('',#4563,#3648,#3649);
#3340=AXIS2_PLACEMENT_3D('',#4568,#3651,#3652);
#3341=AXIS2_PLACEMENT_3D('',#4572,#3654,#3655);
#3342=AXIS2_PLACEMENT_3D('',#4576,#3657,#3658);
#3343=AXIS2_PLACEMENT_3D('',#4582,#3661,#3662);
#3344=AXIS2_PLACEMENT_3D('',#4586,#3664,#3665);
#3345=AXIS2_PLACEMENT_3D('',#4590,#3667,#3668);
#3346=AXIS2_PLACEMENT_3D('',#4592,#3669,#3670);
#3347=AXIS2_PLACEMENT_3D('',#4594,#3671,#3672);
#3348=AXIS2_PLACEMENT_3D('',#4598,#3674,#3675);
#3349=AXIS2_PLACEMENT_3D('',#4600,#3676,#3677);
#3350=AXIS2_PLACEMENT_3D('',#4602,#3678,#3679);
#3351=AXIS2_PLACEMENT_3D('',#4603,#3680,#3681);
#3352=AXIS2_PLACEMENT_3D('',#4608,#3683,#3684);
#3353=AXIS2_PLACEMENT_3D('',#4612,#3686,#3687);
#3354=AXIS2_PLACEMENT_3D('',#4616,#3689,#3690);
#3355=AXIS2_PLACEMENT_3D('',#4619,#3692,#3693);
#3356=AXIS2_PLACEMENT_3D('',#4624,#3695,#3696);
#3357=AXIS2_PLACEMENT_3D('',#4628,#3698,#3699);
#3358=AXIS2_PLACEMENT_3D('',#4632,#3701,#3702);
#3359=AXIS2_PLACEMENT_3D('',#4638,#3705,#3706);
#3360=AXIS2_PLACEMENT_3D('',#4642,#3708,#3709);
#3361=AXIS2_PLACEMENT_3D('',#4646,#3711,#3712);
#3362=AXIS2_PLACEMENT_3D('',#4650,#3714,#3715);
#3363=AXIS2_PLACEMENT_3D('',#4651,#3716,#3717);
#3364=AXIS2_PLACEMENT_3D('',#4653,#3718,#3719);
#3365=AXIS2_PLACEMENT_3D('',#4807,#3760,#3761);
#3366=AXIS2_PLACEMENT_3D('',#4812,#3763,#3764);
#3367=AXIS2_PLACEMENT_3D('',#4816,#3766,#3767);
#3368=AXIS2_PLACEMENT_3D('',#4820,#3769,#3770);
#3369=AXIS2_PLACEMENT_3D('',#4823,#3772,#3773);
#3370=AXIS2_PLACEMENT_3D('',#4828,#3775,#3776);
#3371=AXIS2_PLACEMENT_3D('',#4832,#3778,#3779);
#3372=AXIS2_PLACEMENT_3D('',#4836,#3781,#3782);
#3373=AXIS2_PLACEMENT_3D('',#4839,#3784,#3785);
#3374=AXIS2_PLACEMENT_3D('',#4841,#3786,#3787);
#3375=AXIS2_PLACEMENT_3D('',#4843,#3788,#3789);
#3376=AXIS2_PLACEMENT_3D('',#4845,#3790,#3791);
#3377=AXIS2_PLACEMENT_3D('',#4850,#3793,#3794);
#3378=AXIS2_PLACEMENT_3D('',#4854,#3796,#3797);
#3379=AXIS2_PLACEMENT_3D('',#4858,#3799,#3800);
#3380=AXIS2_PLACEMENT_3D('',#4860,#3801,#3802);
#3381=AXIS2_PLACEMENT_3D('',#4864,#3804,#3805);
#3382=AXIS2_PLACEMENT_3D('',#4868,#3807,#3808);
#3383=AXIS2_PLACEMENT_3D('',#4870,#3809,#3810);
#3384=AXIS2_PLACEMENT_3D('',#4871,#3811,#3812);
#3385=AXIS2_PLACEMENT_3D('',#4876,#3814,#3815);
#3386=AXIS2_PLACEMENT_3D('',#4880,#3817,#3818);
#3387=AXIS2_PLACEMENT_3D('',#4883,#3820,#3821);
#3388=AXIS2_PLACEMENT_3D('',#4886,#3822,#3823);
#3389=AXIS2_PLACEMENT_3D('',#4888,#3824,#3825);
#3390=AXIS2_PLACEMENT_3D('',#4892,#3827,#3828);
#3391=AXIS2_PLACEMENT_3D('',#4896,#3830,#3831);
#3392=AXIS2_PLACEMENT_3D('',#4900,#3833,#3834);
#3393=AXIS2_PLACEMENT_3D('',#4903,#3836,#3837);
#3394=AXIS2_PLACEMENT_3D('',#4908,#3839,#3840);
#3395=AXIS2_PLACEMENT_3D('',#4910,#3841,#3842);
#3396=AXIS2_PLACEMENT_3D('',#4912,#3843,#3844);
#3397=AXIS2_PLACEMENT_3D('',#4916,#3846,#3847);
#3398=AXIS2_PLACEMENT_3D('',#4920,#3849,#3850);
#3399=AXIS2_PLACEMENT_3D('',#4923,#3852,#3853);
#3400=AXIS2_PLACEMENT_3D('',#4927,#3855,#3856);
#3401=AXIS2_PLACEMENT_3D('',#4931,#3858,#3859);
#3402=AXIS2_PLACEMENT_3D('',#4933,#3860,#3861);
#3403=AXIS2_PLACEMENT_3D('',#4935,#3862,#3863);
#3404=AXIS2_PLACEMENT_3D('',#4939,#3865,#3866);
#3405=AXIS2_PLACEMENT_3D('',#4943,#3868,#3869);
#3406=AXIS2_PLACEMENT_3D('',#4945,#3870,#3871);
#3407=AXIS2_PLACEMENT_3D('',#4947,#3872,#3873);
#3408=AXIS2_PLACEMENT_3D('',#4951,#3875,#3876);
#3409=AXIS2_PLACEMENT_3D('',#4953,#3877,#3878);
#3410=AXIS2_PLACEMENT_3D('',#4955,#3879,#3880);
#3411=AXIS2_PLACEMENT_3D('',#4959,#3882,#3883);
#3412=AXIS2_PLACEMENT_3D('',#4963,#3885,#3886);
#3413=AXIS2_PLACEMENT_3D('',#4967,#3888,#3889);
#3414=AXIS2_PLACEMENT_3D('',#4971,#3891,#3892);
#3415=AXIS2_PLACEMENT_3D('',#4975,#3894,#3895);
#3416=AXIS2_PLACEMENT_3D('',#4979,#3897,#3898);
#3417=AXIS2_PLACEMENT_3D('',#4983,#3900,#3901);
#3418=AXIS2_PLACEMENT_3D('',#4987,#3903,#3904);
#3419=AXIS2_PLACEMENT_3D('',#4991,#3906,#3907);
#3420=AXIS2_PLACEMENT_3D('',#4995,#3909,#3910);
#3421=AXIS2_PLACEMENT_3D('',#4999,#3912,#3913);
#3422=AXIS2_PLACEMENT_3D('',#5003,#3915,#3916);
#3423=AXIS2_PLACEMENT_3D('',#5007,#3918,#3919);
#3424=AXIS2_PLACEMENT_3D('',#5011,#3921,#3922);
#3425=AXIS2_PLACEMENT_3D('',#5015,#3924,#3925);
#3426=AXIS2_PLACEMENT_3D('',#5019,#3927,#3928);
#3427=AXIS2_PLACEMENT_3D('',#5023,#3930,#3931);
#3428=AXIS2_PLACEMENT_3D('',#5027,#3933,#3934);
#3429=AXIS2_PLACEMENT_3D('',#5031,#3936,#3937);
#3430=AXIS2_PLACEMENT_3D('',#5035,#3939,#3940);
#3431=AXIS2_PLACEMENT_3D('',#5039,#3942,#3943);
#3432=AXIS2_PLACEMENT_3D('',#5043,#3945,#3946);
#3433=AXIS2_PLACEMENT_3D('',#5044,#3947,#3948);
#3434=AXIS2_PLACEMENT_3D('',#5049,#3950,#3951);
#3435=AXIS2_PLACEMENT_3D('',#5053,#3953,#3954);
#3436=AXIS2_PLACEMENT_3D('',#5055,#3955,#3956);
#3437=AXIS2_PLACEMENT_3D('',#5059,#3958,#3959);
#3438=AXIS2_PLACEMENT_3D('',#5063,#3961,#3962);
#3439=AXIS2_PLACEMENT_3D('',#5067,#3964,#3965);
#3440=AXIS2_PLACEMENT_3D('',#5069,#3966,#3967);
#3441=AXIS2_PLACEMENT_3D('',#5070,#3968,#3969);
#3442=AXIS2_PLACEMENT_3D('',#5072,#3970,#3971);
#3443=AXIS2_PLACEMENT_3D('',#5226,#4012,#4013);
#3444=AXIS2_PLACEMENT_3D('',#5231,#4015,#4016);
#3445=AXIS2_PLACEMENT_3D('',#5235,#4018,#4019);
#3446=AXIS2_PLACEMENT_3D('',#5239,#4021,#4022);
#3447=AXIS2_PLACEMENT_3D('',#5242,#4024,#4025);
#3448=AXIS2_PLACEMENT_3D('',#5247,#4027,#4028);
#3449=AXIS2_PLACEMENT_3D('',#5251,#4030,#4031);
#3450=AXIS2_PLACEMENT_3D('',#5255,#4033,#4034);
#3451=AXIS2_PLACEMENT_3D('',#5258,#4036,#4037);
#3452=AXIS2_PLACEMENT_3D('',#5260,#4038,#4039);
#3453=AXIS2_PLACEMENT_3D('',#5262,#4040,#4041);
#3454=AXIS2_PLACEMENT_3D('',#5264,#4042,#4043);
#3455=AXIS2_PLACEMENT_3D('',#5269,#4045,#4046);
#3456=AXIS2_PLACEMENT_3D('',#5271,#4047,#4048);
#3457=AXIS2_PLACEMENT_3D('',#5273,#4049,#4050);
#3458=AXIS2_PLACEMENT_3D('',#5277,#4052,#4053);
#3459=AXIS2_PLACEMENT_3D('',#5281,#4055,#4056);
#3460=AXIS2_PLACEMENT_3D('',#5285,#4058,#4059);
#3461=AXIS2_PLACEMENT_3D('',#5287,#4060,#4061);
#3462=AXIS2_PLACEMENT_3D('',#5288,#4062,#4063);
#3463=AXIS2_PLACEMENT_3D('',#5291,#4064,#4065);
#3464=AXIS2_PLACEMENT_3D('',#5295,#4067,#4068);
#3465=AXIS2_PLACEMENT_3D('',#5299,#4070,#4071);
#3466=AXIS2_PLACEMENT_3D('',#5303,#4073,#4074);
#3467=AXIS2_PLACEMENT_3D('',#5307,#4076,#4077);
#3468=AXIS2_PLACEMENT_3D('',#5308,#4078,#4079);
#3469=AXIS2_PLACEMENT_3D('',#5311,#4082,#4083);
#3470=AXIS2_PLACEMENT_3D('',#5313,#4085,#4086);
#3471=AXIS2_PLACEMENT_3D('',#5315,#4088,#4089);
#3472=AXIS2_PLACEMENT_3D('',#5317,#4091,#4092);
#3473=AXIS2_PLACEMENT_3D('',#5319,#4094,#4095);
#3474=AXIS2_PLACEMENT_3D('',#5321,#4097,#4098);
#3475=AXIS2_PLACEMENT_3D('',#5323,#4100,#4101);
#3476=AXIS2_PLACEMENT_3D('',#5326,#4104,#4105);
#3477=AXIS2_PLACEMENT_3D('',#5328,#4107,#4108);
#3478=AXIS2_PLACEMENT_3D('',#5330,#4110,#4111);
#3479=AXIS2_PLACEMENT_3D('',#5332,#4113,#4114);
#3480=AXIS2_PLACEMENT_3D('',#5334,#4116,#4117);
#3481=AXIS2_PLACEMENT_3D('',#5336,#4119,#4120);
#3482=AXIS2_PLACEMENT_3D('',#5338,#4122,#4123);
#3483=AXIS2_PLACEMENT_3D('',#5341,#4126,#4127);
#3484=AXIS2_PLACEMENT_3D('',#5343,#4129,#4130);
#3485=AXIS2_PLACEMENT_3D('',#5345,#4132,#4133);
#3486=AXIS2_PLACEMENT_3D('',#5348,#4136,#4137);
#3487=AXIS2_PLACEMENT_3D('',#5350,#4139,#4140);
#3488=AXIS2_PLACEMENT_3D('',#5352,#4142,#4143);
#3489=AXIS2_PLACEMENT_3D('',#5355,#4146,#4147);
#3490=AXIS2_PLACEMENT_3D('',#5357,#4149,#4150);
#3491=AXIS2_PLACEMENT_3D('',#5359,#4152,#4153);
#3492=AXIS2_PLACEMENT_3D('',#5362,#4156,#4157);
#3493=AXIS2_PLACEMENT_3D('',#5364,#4159,#4160);
#3494=AXIS2_PLACEMENT_3D('',#5366,#4162,#4163);
#3495=AXIS2_PLACEMENT_3D('',#5369,#4166,#4167);
#3496=AXIS2_PLACEMENT_3D('',#5371,#4169,#4170);
#3497=AXIS2_PLACEMENT_3D('',#5373,#4172,#4173);
#3498=AXIS2_PLACEMENT_3D('',#5376,#4176,#4177);
#3499=AXIS2_PLACEMENT_3D('',#5378,#4179,#4180);
#3500=AXIS2_PLACEMENT_3D('',#5380,#4182,#4183);
#3501=AXIS2_PLACEMENT_3D('',#5383,#4186,#4187);
#3502=AXIS2_PLACEMENT_3D('',#5385,#4189,#4190);
#3503=AXIS2_PLACEMENT_3D('',#5387,#4192,#4193);
#3504=AXIS2_PLACEMENT_3D('',#5390,#4196,#4197);
#3505=AXIS2_PLACEMENT_3D('',#5392,#4199,#4200);
#3506=AXIS2_PLACEMENT_3D('',#5394,#4202,#4203);
#3507=AXIS2_PLACEMENT_3D('',#5397,#4206,#4207);
#3508=AXIS2_PLACEMENT_3D('',#5399,#4209,#4210);
#3509=AXIS2_PLACEMENT_3D('',#5401,#4212,#4213);
#3510=AXIS2_PLACEMENT_3D('',#5410,#4214,#4215);
#3511=AXIS2_PLACEMENT_3D('',#5419,#4216,#4217);
#3512=AXIS2_PLACEMENT_3D('',#5428,#4218,#4219);
#3513=AXIS2_PLACEMENT_3D('',#5429,#4220,#4221);
#3514=AXIS2_PLACEMENT_3D('',#5430,#4222,#4223);
#3515=AXIS2_PLACEMENT_3D('',#5431,#4224,#4225);
#3516=AXIS2_PLACEMENT_3D('',#5432,#4226,#4227);
#3517=AXIS2_PLACEMENT_3D('',#5433,#4228,#4229);
#3518=AXIS2_PLACEMENT_3D('',#5434,#4230,#4231);
#3519=AXIS2_PLACEMENT_3D('',#5435,#4232,#4233);
#3520=AXIS2_PLACEMENT_3D('',#5436,#4234,#4235);
#3521=AXIS2_PLACEMENT_3D('',#5437,#4236,#4237);
#3522=AXIS2_PLACEMENT_3D('',#5438,#4238,#4239);
#3523=AXIS2_PLACEMENT_3D('',#5439,#4240,#4241);
#3524=AXIS2_PLACEMENT_3D('',#5448,#4242,#4243);
#3525=AXIS2_PLACEMENT_3D('',#5449,#4244,#4245);
#3526=AXIS2_PLACEMENT_3D('',#5450,#4246,#4247);
#3527=AXIS2_PLACEMENT_3D('',#5451,#4248,#4249);
#3528=AXIS2_PLACEMENT_3D('',#5452,#4250,#4251);
#3529=AXIS2_PLACEMENT_3D('',#5517,#4252,#4253);
#3530=AXIS2_PLACEMENT_3D('',#5520,#4256,#4257);
#3531=AXIS2_PLACEMENT_3D('',#5522,#4259,#4260);
#3532=AXIS2_PLACEMENT_3D('',#5525,#4263,#4264);
#3533=AXIS2_PLACEMENT_3D('',#5528,#4267,#4268);
#3534=AXIS2_PLACEMENT_3D('',#5531,#4271,#4272);
#3535=AXIS2_PLACEMENT_3D('',#5534,#4275,#4276);
#3536=AXIS2_PLACEMENT_3D('',#5537,#4279,#4280);
#3537=AXIS2_PLACEMENT_3D('',#5538,#4281,#4282);
#3538=AXIS2_PLACEMENT_3D('',#5539,#4283,#4284);
#3539=AXIS2_PLACEMENT_3D('',#5540,#4285,#4286);
#3540=AXIS2_PLACEMENT_3D('',#5541,#4287,#4288);
#3541=AXIS2_PLACEMENT_3D('',#5542,#4289,#4290);
#3542=AXIS2_PLACEMENT_3D('',#5543,#4291,#4292);
#3543=AXIS2_PLACEMENT_3D('',#5546,#4295,#4296);
#3544=AXIS2_PLACEMENT_3D('',#5549,#4299,#4300);
#3545=AXIS2_PLACEMENT_3D('',#5552,#4303,#4304);
#3546=AXIS2_PLACEMENT_3D('',#5555,#4307,#4308);
#3547=AXIS2_PLACEMENT_3D('',#5556,#4309,#4310);
#3548=AXIS2_PLACEMENT_3D('',#5557,#4311,#4312);
#3549=AXIS2_PLACEMENT_3D('',#5558,#4313,#4314);
#3550=AXIS2_PLACEMENT_3D('',#5559,#4315,#4316);
#3551=AXIS2_PLACEMENT_3D('',#5562,#4319,#4320);
#3552=AXIS2_PLACEMENT_3D('',#5565,#4323,#4324);
#3553=AXIS2_PLACEMENT_3D('',#5568,#4327,#4328);
#3554=AXIS2_PLACEMENT_3D('',#5571,#4331,#4332);
#3555=AXIS2_PLACEMENT_3D('',#5572,#4333,#4334);
#3556=AXIS2_PLACEMENT_3D('',#5573,#4335,#4336);
#3557=AXIS2_PLACEMENT_3D('',#5574,#4337,#4338);
#3558=AXIS2_PLACEMENT_3D('',#5575,#4339,#4340);
#3559=AXIS2_PLACEMENT_3D('',#5578,#4343,#4344);
#3560=AXIS2_PLACEMENT_3D('',#5581,#4347,#4348);
#3561=AXIS2_PLACEMENT_3D('',#5584,#4351,#4352);
#3562=AXIS2_PLACEMENT_3D('',#5587,#4355,#4356);
#3563=AXIS2_PLACEMENT_3D('',#5588,#4357,#4358);
#3564=AXIS2_PLACEMENT_3D('',#5589,#4359,#4360);
#3565=AXIS2_PLACEMENT_3D('',#5590,#4361,#4362);
#3566=AXIS2_PLACEMENT_3D('',#5591,#4363,#4364);
#3567=AXIS2_PLACEMENT_3D('',#5594,#4367,#4368);
#3568=AXIS2_PLACEMENT_3D('',#5597,#4371,#4372);
#3569=AXIS2_PLACEMENT_3D('',#5600,#4375,#4376);
#3570=AXIS2_PLACEMENT_3D('',#5601,#4377,#4378);
#3571=AXIS2_PLACEMENT_3D('',#5602,#4379,#4380);
#3572=AXIS2_PLACEMENT_3D('',#5603,#4381,#4382);
#3573=AXIS2_PLACEMENT_3D('',#5606,#4385,#4386);
#3574=AXIS2_PLACEMENT_3D('',#5609,#4389,#4390);
#3575=AXIS2_PLACEMENT_3D('',#5612,#4393,#4394);
#3576=AXIS2_PLACEMENT_3D('',#5614,#4396,#4397);
#3577=AXIS2_PLACEMENT_3D('',#5616,#4399,#4400);
#3578=AXIS2_PLACEMENT_3D('',#5619,#4403,#4404);
#3579=AXIS2_PLACEMENT_3D('',#5622,#4407,#4408);
#3580=AXIS2_PLACEMENT_3D('',#5623,#4409,#4410);
#3581=AXIS2_PLACEMENT_3D('',#5624,#4411,#4412);
#3582=AXIS2_PLACEMENT_3D('',#5625,#4413,#4414);
#3583=AXIS2_PLACEMENT_3D('',#5626,#4415,#4416);
#3584=AXIS2_PLACEMENT_3D('',#5627,#4417,#4418);
#3585=AXIS2_PLACEMENT_3D('',#5630,#4421,#4422);
#3586=AXIS2_PLACEMENT_3D('',#5633,#4425,#4426);
#3587=AXIS2_PLACEMENT_3D('',#5636,#4429,#4430);
#3588=AXIS2_PLACEMENT_3D('',#5639,#4433,#4434);
#3589=AXIS2_PLACEMENT_3D('',#5640,#4435,#4436);
#3590=AXIS2_PLACEMENT_3D('',#5641,#4437,#4438);
#3591=AXIS2_PLACEMENT_3D('',#5642,#4439,#4440);
#3592=AXIS2_PLACEMENT_3D('',#5643,#4441,#4442);
#3593=AXIS2_PLACEMENT_3D('',#5646,#4445,#4446);
#3594=AXIS2_PLACEMENT_3D('',#5649,#4449,#4450);
#3595=AXIS2_PLACEMENT_3D('',#5652,#4453,#4454);
#3596=AXIS2_PLACEMENT_3D('',#5655,#4457,#4458);
#3597=AXIS2_PLACEMENT_3D('',#5658,#4461,#4462);
#3598=AXIS2_PLACEMENT_3D('',#5659,#4463,#4464);
#3599=AXIS2_PLACEMENT_3D('',#5660,#4465,#4466);
#3600=AXIS2_PLACEMENT_3D('',#5661,#4467,#4468);
#3601=AXIS2_PLACEMENT_3D('',#5662,#4469,#4470);
#3602=AXIS2_PLACEMENT_3D('',#5663,#4471,#4472);
#3603=AXIS2_PLACEMENT_3D('',#5666,#4475,#4476);
#3604=AXIS2_PLACEMENT_3D('',#5669,#4479,#4480);
#3605=AXIS2_PLACEMENT_3D('',#5672,#4483,#4484);
#3606=AXIS2_PLACEMENT_3D('',#5675,#4487,#4488);
#3607=AXIS2_PLACEMENT_3D('',#5678,#4491,#4492);
#3608=AXIS2_PLACEMENT_3D('',#5679,#4493,#4494);
#3609=AXIS2_PLACEMENT_3D('',#5680,#4495,#4496);
#3610=AXIS2_PLACEMENT_3D('',#5681,#4497,#4498);
#3611=AXIS2_PLACEMENT_3D('',#5682,#4499,#4500);
#3612=AXIS2_PLACEMENT_3D('',#5683,#4501,#4502);
#3613=AXIS2_PLACEMENT_3D('',#5686,#4505,#4506);
#3614=AXIS2_PLACEMENT_3D('',#5689,#4509,#4510);
#3615=AXIS2_PLACEMENT_3D('',#5692,#4513,#4514);
#3616=AXIS2_PLACEMENT_3D('',#5695,#4517,#4518);
#3617=AXIS2_PLACEMENT_3D('',#5698,#4521,#4522);
#3618=AXIS2_PLACEMENT_3D('',#5701,#4525,#4526);
#3619=AXIS2_PLACEMENT_3D('',#5702,#4527,#4528);
#3620=AXIS2_PLACEMENT_3D('',#5703,#4529,#4530);
#3621=AXIS2_PLACEMENT_3D('',#5704,#4531,#4532);
#3622=AXIS2_PLACEMENT_3D('',#5705,#4533,#4534);
#3623=AXIS2_PLACEMENT_3D('',#5706,#4535,#4536);
#3624=DIRECTION('',(0.,0.,1.));
#3625=DIRECTION('',(1.,0.,0.));
#3626=DIRECTION('',(0.,0.,1.));
#3627=DIRECTION('',(1.,0.,0.));
#3628=DIRECTION('',(0.,0.,1.));
#3629=DIRECTION('',(1.,0.,0.));
#3630=DIRECTION('',(0.,0.,1.));
#3631=DIRECTION('',(1.,0.,0.));
#3632=DIRECTION('',(0.,0.,1.));
#3633=DIRECTION('',(1.,0.,0.));
#3634=DIRECTION('',(0.,1.,0.));
#3635=DIRECTION('',(0.,0.,1.));
#3636=DIRECTION('',(1.,0.,0.));
#3637=DIRECTION('',(0.996206511676095,-0.0870206072958945,0.));
#3638=DIRECTION('',(0.,0.,1.));
#3639=DIRECTION('',(1.,0.,0.));
#3640=DIRECTION('',(0.,0.,1.));
#3641=DIRECTION('',(1.,0.,0.));
#3642=DIRECTION('',(0.,0.,1.));
#3643=DIRECTION('',(1.,0.,0.));
#3644=DIRECTION('',(0.471064612316133,0.882098708208697,0.));
#3645=DIRECTION('',(0.,0.,1.));
#3646=DIRECTION('',(1.,0.,0.));
#3647=DIRECTION('',(1.,0.,0.));
#3648=DIRECTION('',(0.,0.,1.));
#3649=DIRECTION('',(1.,0.,0.));
#3650=DIRECTION('',(0.,1.,0.));
#3651=DIRECTION('',(0.,0.,1.));
#3652=DIRECTION('',(1.,0.,0.));
#3653=DIRECTION('',(1.,0.,0.));
#3654=DIRECTION('',(0.,0.,1.));
#3655=DIRECTION('',(1.,0.,0.));
#3656=DIRECTION('',(3.85334102181949E-17,1.,0.));
#3657=DIRECTION('',(0.,0.,1.));
#3658=DIRECTION('',(1.,0.,0.));
#3659=DIRECTION('',(0.84038751325613,-0.541986003106333,0.));
#3660=DIRECTION('',(1.,0.,0.));
#3661=DIRECTION('',(0.,0.,1.));
#3662=DIRECTION('',(1.,0.,0.));
#3663=DIRECTION('',(3.85334102181949E-17,1.,0.));
#3664=DIRECTION('',(0.,0.,1.));
#3665=DIRECTION('',(1.,0.,0.));
#3666=DIRECTION('',(-0.926560929820295,-0.376144710624182,0.));
#3667=DIRECTION('',(0.,0.,1.));
#3668=DIRECTION('',(1.,0.,0.));
#3669=DIRECTION('',(0.,0.,1.));
#3670=DIRECTION('',(1.,0.,0.));
#3671=DIRECTION('',(0.,0.,1.));
#3672=DIRECTION('',(1.,0.,0.));
#3673=DIRECTION('',(1.,0.,0.));
#3674=DIRECTION('',(0.,0.,1.));
#3675=DIRECTION('',(1.,0.,0.));
#3676=DIRECTION('',(0.,0.,1.));
#3677=DIRECTION('',(1.,0.,0.));
#3678=DIRECTION('',(0.,0.,1.));
#3679=DIRECTION('',(1.,0.,0.));
#3680=DIRECTION('',(0.,0.,1.));
#3681=DIRECTION('',(1.,0.,0.));
#3682=DIRECTION('',(0.858294836769355,-0.513156869948232,0.));
#3683=DIRECTION('',(0.,0.,1.));
#3684=DIRECTION('',(1.,0.,0.));
#3685=DIRECTION('',(0.,1.,0.));
#3686=DIRECTION('',(0.,0.,1.));
#3687=DIRECTION('',(1.,0.,0.));
#3688=DIRECTION('',(0.996206511676095,-0.0870206072958945,0.));
#3689=DIRECTION('',(0.,0.,1.));
#3690=DIRECTION('',(1.,0.,0.));
#3691=DIRECTION('',(0.,1.,0.));
#3692=DIRECTION('',(0.,0.,1.));
#3693=DIRECTION('',(1.,0.,0.));
#3694=DIRECTION('',(1.,0.,0.));
#3695=DIRECTION('',(0.,0.,1.));
#3696=DIRECTION('',(1.,0.,0.));
#3697=DIRECTION('',(0.417051428643533,0.908882888972165,0.));
#3698=DIRECTION('',(0.,0.,1.));
#3699=DIRECTION('',(1.,0.,0.));
#3700=DIRECTION('',(1.,0.,0.));
#3701=DIRECTION('',(0.,0.,1.));
#3702=DIRECTION('',(1.,0.,0.));
#3703=DIRECTION('',(0.515153633194751,0.85709785567708,0.));
#3704=DIRECTION('',(0.,1.,0.));
#3705=DIRECTION('',(0.,0.,1.));
#3706=DIRECTION('',(1.,0.,0.));
#3707=DIRECTION('',(-0.830928506714869,-0.556379202278983,0.));
#3708=DIRECTION('',(0.,0.,1.));
#3709=DIRECTION('',(1.,0.,0.));
#3710=DIRECTION('',(0.,-1.,0.));
#3711=DIRECTION('',(0.,0.,1.));
#3712=DIRECTION('',(1.,0.,0.));
#3713=DIRECTION('',(-0.91686908443589,-0.399188028384736,0.));
#3714=DIRECTION('',(0.,0.,1.));
#3715=DIRECTION('',(1.,0.,0.));
#3716=DIRECTION('',(0.,0.,1.));
#3717=DIRECTION('',(1.,0.,0.));
#3718=DIRECTION('',(0.,0.,1.));
#3719=DIRECTION('',(1.,0.,0.));
#3720=DIRECTION('',(-1.,-1.55930200087803E-16,0.));
#3721=DIRECTION('',(-2.31296463463574E-16,1.,0.));
#3722=DIRECTION('',(-1.,-1.55930200087803E-16,0.));
#3723=DIRECTION('',(-2.31296463463574E-16,1.,0.));
#3724=DIRECTION('',(0.,-1.,0.));
#3725=DIRECTION('',(1.,0.,0.));
#3726=DIRECTION('',(0.,-1.,0.));
#3727=DIRECTION('',(1.,0.,0.));
#3728=DIRECTION('',(1.,0.,0.));
#3729=DIRECTION('',(0.,-1.,0.));
#3730=DIRECTION('',(1.,0.,0.));
#3731=DIRECTION('',(0.,-1.,0.));
#3732=DIRECTION('',(1.,0.,0.));
#3733=DIRECTION('',(0.,-1.,0.));
#3734=DIRECTION('',(1.,0.,0.));
#3735=DIRECTION('',(0.,-1.,0.));
#3736=DIRECTION('',(1.,0.,0.));
#3737=DIRECTION('',(0.,-1.,0.));
#3738=DIRECTION('',(1.,0.,0.));
#3739=DIRECTION('',(0.,-1.,0.));
#3740=DIRECTION('',(1.,0.,0.));
#3741=DIRECTION('',(0.,-1.,0.));
#3742=DIRECTION('',(1.,0.,0.));
#3743=DIRECTION('',(0.,-1.,0.));
#3744=DIRECTION('',(1.,0.,0.));
#3745=DIRECTION('',(0.,-1.,0.));
#3746=DIRECTION('',(1.,0.,0.));
#3747=DIRECTION('',(0.,-1.,0.));
#3748=DIRECTION('',(1.,0.,0.));
#3749=DIRECTION('',(0.,-1.,0.));
#3750=DIRECTION('',(1.,0.,0.));
#3751=DIRECTION('',(0.,-1.,0.));
#3752=DIRECTION('',(1.,0.,0.));
#3753=DIRECTION('',(0.,-1.,0.));
#3754=DIRECTION('',(1.,0.,0.));
#3755=DIRECTION('',(0.,-1.,0.));
#3756=DIRECTION('',(1.,0.,0.));
#3757=DIRECTION('',(0.,-1.,0.));
#3758=DIRECTION('',(1.,0.,0.));
#3759=DIRECTION('',(0.,-1.,0.));
#3760=DIRECTION('',(0.,0.,1.));
#3761=DIRECTION('',(1.,0.,0.));
#3762=DIRECTION('',(1.,0.,0.));
#3763=DIRECTION('',(0.,0.,1.));
#3764=DIRECTION('',(1.,0.,0.));
#3765=DIRECTION('',(0.,1.,0.));
#3766=DIRECTION('',(0.,0.,1.));
#3767=DIRECTION('',(1.,0.,0.));
#3768=DIRECTION('',(1.,0.,0.));
#3769=DIRECTION('',(0.,0.,1.));
#3770=DIRECTION('',(1.,0.,0.));
#3771=DIRECTION('',(0.,1.,0.));
#3772=DIRECTION('',(0.,0.,1.));
#3773=DIRECTION('',(1.,0.,0.));
#3774=DIRECTION('',(1.,0.,0.));
#3775=DIRECTION('',(0.,0.,1.));
#3776=DIRECTION('',(1.,0.,0.));
#3777=DIRECTION('',(0.,-1.,0.));
#3778=DIRECTION('',(0.,0.,1.));
#3779=DIRECTION('',(1.,0.,0.));
#3780=DIRECTION('',(-1.,0.,0.));
#3781=DIRECTION('',(0.,0.,1.));
#3782=DIRECTION('',(1.,0.,0.));
#3783=DIRECTION('',(0.,1.,0.));
#3784=DIRECTION('',(0.,0.,1.));
#3785=DIRECTION('',(1.,0.,0.));
#3786=DIRECTION('',(0.,0.,1.));
#3787=DIRECTION('',(1.,0.,0.));
#3788=DIRECTION('',(0.,0.,1.));
#3789=DIRECTION('',(1.,0.,0.));
#3790=DIRECTION('',(0.,0.,1.));
#3791=DIRECTION('',(1.,0.,0.));
#3792=DIRECTION('',(0.858294836769355,-0.513156869948232,0.));
#3793=DIRECTION('',(0.,0.,1.));
#3794=DIRECTION('',(1.,0.,0.));
#3795=DIRECTION('',(0.,1.,0.));
#3796=DIRECTION('',(0.,0.,1.));
#3797=DIRECTION('',(1.,0.,0.));
#3798=DIRECTION('',(1.,0.,0.));
#3799=DIRECTION('',(0.,0.,1.));
#3800=DIRECTION('',(1.,0.,0.));
#3801=DIRECTION('',(0.,0.,1.));
#3802=DIRECTION('',(1.,0.,0.));
#3803=DIRECTION('',(1.,0.,0.));
#3804=DIRECTION('',(0.,0.,1.));
#3805=DIRECTION('',(1.,0.,0.));
#3806=DIRECTION('',(0.229080417214174,-0.973407500715389,0.));
#3807=DIRECTION('',(0.,0.,1.));
#3808=DIRECTION('',(1.,0.,0.));
#3809=DIRECTION('',(0.,0.,1.));
#3810=DIRECTION('',(1.,0.,0.));
#3811=DIRECTION('',(0.,0.,1.));
#3812=DIRECTION('',(1.,0.,0.));
#3813=DIRECTION('',(1.,0.,0.));
#3814=DIRECTION('',(0.,0.,1.));
#3815=DIRECTION('',(1.,0.,0.));
#3816=DIRECTION('',(-0.926560929820295,-0.376144710624182,0.));
#3817=DIRECTION('',(0.,0.,1.));
#3818=DIRECTION('',(1.,0.,0.));
#3819=DIRECTION('',(3.28133990895127E-17,1.,0.));
#3820=DIRECTION('',(0.,0.,1.));
#3821=DIRECTION('',(1.,0.,0.));
#3822=DIRECTION('',(0.,0.,1.));
#3823=DIRECTION('',(1.,0.,0.));
#3824=DIRECTION('',(0.,0.,1.));
#3825=DIRECTION('',(1.,0.,0.));
#3826=DIRECTION('',(1.,0.,0.));
#3827=DIRECTION('',(0.,0.,1.));
#3828=DIRECTION('',(1.,0.,0.));
#3829=DIRECTION('',(0.515153633194751,0.85709785567708,0.));
#3830=DIRECTION('',(0.,0.,1.));
#3831=DIRECTION('',(1.,0.,0.));
#3832=DIRECTION('',(0.960270687498391,-0.279070254114205,0.));
#3833=DIRECTION('',(0.,0.,1.));
#3834=DIRECTION('',(1.,0.,0.));
#3835=DIRECTION('',(0.,-1.,0.));
#3836=DIRECTION('',(0.,0.,1.));
#3837=DIRECTION('',(1.,0.,0.));
#3838=DIRECTION('',(-0.110674559123979,-0.993856700919561,0.));
#3839=DIRECTION('',(0.,0.,1.));
#3840=DIRECTION('',(1.,0.,0.));
#3841=DIRECTION('',(0.,0.,1.));
#3842=DIRECTION('',(1.,0.,0.));
#3843=DIRECTION('',(0.,0.,1.));
#3844=DIRECTION('',(1.,0.,0.));
#3845=DIRECTION('',(-0.91686908443589,-0.399188028384736,0.));
#3846=DIRECTION('',(0.,0.,1.));
#3847=DIRECTION('',(1.,0.,0.));
#3848=DIRECTION('',(0.,-1.,0.));
#3849=DIRECTION('',(0.,0.,1.));
#3850=DIRECTION('',(1.,0.,0.));
#3851=DIRECTION('',(0.960270687498391,-0.279070254114205,0.));
#3852=DIRECTION('',(0.,0.,1.));
#3853=DIRECTION('',(1.,0.,0.));
#3854=DIRECTION('',(0.996206511676095,-0.0870206072958945,0.));
#3855=DIRECTION('',(0.,0.,1.));
#3856=DIRECTION('',(1.,0.,0.));
#3857=DIRECTION('',(0.,1.,0.));
#3858=DIRECTION('',(0.,0.,1.));
#3859=DIRECTION('',(1.,0.,0.));
#3860=DIRECTION('',(0.,0.,1.));
#3861=DIRECTION('',(1.,0.,0.));
#3862=DIRECTION('',(0.,0.,1.));
#3863=DIRECTION('',(1.,0.,0.));
#3864=DIRECTION('',(1.,0.,0.));
#3865=DIRECTION('',(0.,0.,1.));
#3866=DIRECTION('',(1.,0.,0.));
#3867=DIRECTION('',(0.471064612316133,0.882098708208697,0.));
#3868=DIRECTION('',(0.,0.,1.));
#3869=DIRECTION('',(1.,0.,0.));
#3870=DIRECTION('',(0.,0.,1.));
#3871=DIRECTION('',(1.,0.,0.));
#3872=DIRECTION('',(0.,0.,1.));
#3873=DIRECTION('',(1.,0.,0.));
#3874=DIRECTION('',(1.,0.,0.));
#3875=DIRECTION('',(0.,0.,1.));
#3876=DIRECTION('',(1.,0.,0.));
#3877=DIRECTION('',(0.,0.,1.));
#3878=DIRECTION('',(1.,0.,0.));
#3879=DIRECTION('',(0.,0.,1.));
#3880=DIRECTION('',(1.,0.,0.));
#3881=DIRECTION('',(0.,-1.,0.));
#3882=DIRECTION('',(0.,0.,1.));
#3883=DIRECTION('',(1.,0.,0.));
#3884=DIRECTION('',(0.960270687498391,-0.279070254114205,0.));
#3885=DIRECTION('',(0.,0.,1.));
#3886=DIRECTION('',(1.,0.,0.));
#3887=DIRECTION('',(0.515153633194751,0.85709785567708,0.));
#3888=DIRECTION('',(0.,0.,1.));
#3889=DIRECTION('',(1.,0.,0.));
#3890=DIRECTION('',(1.,0.,0.));
#3891=DIRECTION('',(0.,0.,1.));
#3892=DIRECTION('',(1.,0.,0.));
#3893=DIRECTION('',(0.,1.,0.));
#3894=DIRECTION('',(0.,0.,1.));
#3895=DIRECTION('',(1.,0.,0.));
#3896=DIRECTION('',(0.84038751325613,-0.541986003106333,0.));
#3897=DIRECTION('',(0.,0.,1.));
#3898=DIRECTION('',(1.,0.,0.));
#3899=DIRECTION('',(3.85334102181949E-17,1.,0.));
#3900=DIRECTION('',(0.,0.,1.));
#3901=DIRECTION('',(1.,0.,0.));
#3902=DIRECTION('',(1.,0.,0.));
#3903=DIRECTION('',(0.,0.,1.));
#3904=DIRECTION('',(1.,0.,0.));
#3905=DIRECTION('',(3.28133990895127E-17,1.,0.));
#3906=DIRECTION('',(0.,0.,1.));
#3907=DIRECTION('',(1.,0.,0.));
#3908=DIRECTION('',(-0.926560929820295,-0.376144710624182,0.));
#3909=DIRECTION('',(0.,0.,1.));
#3910=DIRECTION('',(1.,0.,0.));
#3911=DIRECTION('',(0.,1.,0.));
#3912=DIRECTION('',(0.,0.,1.));
#3913=DIRECTION('',(1.,0.,0.));
#3914=DIRECTION('',(0.858294836769355,-0.513156869948232,0.));
#3915=DIRECTION('',(0.,0.,1.));
#3916=DIRECTION('',(1.,0.,0.));
#3917=DIRECTION('',(0.,1.,0.));
#3918=DIRECTION('',(0.,0.,1.));
#3919=DIRECTION('',(1.,0.,0.));
#3920=DIRECTION('',(0.996206511676095,-0.0870206072958945,0.));
#3921=DIRECTION('',(0.,0.,1.));
#3922=DIRECTION('',(1.,0.,0.));
#3923=DIRECTION('',(0.417051428643533,0.908882888972165,0.));
#3924=DIRECTION('',(0.,0.,1.));
#3925=DIRECTION('',(1.,0.,0.));
#3926=DIRECTION('',(1.,0.,0.));
#3927=DIRECTION('',(0.,0.,1.));
#3928=DIRECTION('',(1.,0.,0.));
#3929=DIRECTION('',(0.515153633194751,0.85709785567708,0.));
#3930=DIRECTION('',(0.,0.,1.));
#3931=DIRECTION('',(1.,0.,0.));
#3932=DIRECTION('',(1.,0.,0.));
#3933=DIRECTION('',(0.,0.,1.));
#3934=DIRECTION('',(1.,0.,0.));
#3935=DIRECTION('',(0.,1.,0.));
#3936=DIRECTION('',(0.,0.,1.));
#3937=DIRECTION('',(1.,0.,0.));
#3938=DIRECTION('',(-0.91686908443589,-0.399188028384736,0.));
#3939=DIRECTION('',(0.,0.,1.));
#3940=DIRECTION('',(1.,0.,0.));
#3941=DIRECTION('',(0.,-1.,0.));
#3942=DIRECTION('',(0.,0.,1.));
#3943=DIRECTION('',(1.,0.,0.));
#3944=DIRECTION('',(-0.830928506714869,-0.556379202278983,0.));
#3945=DIRECTION('',(0.,0.,1.));
#3946=DIRECTION('',(1.,0.,0.));
#3947=DIRECTION('',(0.,0.,1.));
#3948=DIRECTION('',(1.,0.,0.));
#3949=DIRECTION('',(0.229080417214174,-0.973407500715389,0.));
#3950=DIRECTION('',(0.,0.,1.));
#3951=DIRECTION('',(1.,0.,0.));
#3952=DIRECTION('',(1.,0.,0.));
#3953=DIRECTION('',(0.,0.,1.));
#3954=DIRECTION('',(1.,0.,0.));
#3955=DIRECTION('',(0.,0.,1.));
#3956=DIRECTION('',(1.,0.,0.));
#3957=DIRECTION('',(1.,0.,0.));
#3958=DIRECTION('',(0.,0.,1.));
#3959=DIRECTION('',(1.,0.,0.));
#3960=DIRECTION('',(0.,1.,0.));
#3961=DIRECTION('',(0.,0.,1.));
#3962=DIRECTION('',(1.,0.,0.));
#3963=DIRECTION('',(0.858294836769355,-0.513156869948232,0.));
#3964=DIRECTION('',(0.,0.,1.));
#3965=DIRECTION('',(1.,0.,0.));
#3966=DIRECTION('',(0.,0.,1.));
#3967=DIRECTION('',(1.,0.,0.));
#3968=DIRECTION('',(0.,0.,1.));
#3969=DIRECTION('',(1.,0.,0.));
#3970=DIRECTION('',(0.,0.,1.));
#3971=DIRECTION('',(1.,0.,0.));
#3972=DIRECTION('',(-2.31296463463574E-16,1.,0.));
#3973=DIRECTION('',(-1.,-1.55930200087803E-16,0.));
#3974=DIRECTION('',(-2.31296463463574E-16,1.,0.));
#3975=DIRECTION('',(-1.,-1.55930200087803E-16,0.));
#3976=DIRECTION('',(0.,-1.,0.));
#3977=DIRECTION('',(1.,0.,0.));
#3978=DIRECTION('',(0.,-1.,0.));
#3979=DIRECTION('',(1.,0.,0.));
#3980=DIRECTION('',(1.,0.,0.));
#3981=DIRECTION('',(0.,-1.,0.));
#3982=DIRECTION('',(1.,0.,0.));
#3983=DIRECTION('',(0.,-1.,0.));
#3984=DIRECTION('',(1.,0.,0.));
#3985=DIRECTION('',(0.,-1.,0.));
#3986=DIRECTION('',(1.,0.,0.));
#3987=DIRECTION('',(0.,-1.,0.));
#3988=DIRECTION('',(1.,0.,0.));
#3989=DIRECTION('',(0.,-1.,0.));
#3990=DIRECTION('',(1.,0.,0.));
#3991=DIRECTION('',(0.,-1.,0.));
#3992=DIRECTION('',(1.,0.,0.));
#3993=DIRECTION('',(0.,-1.,0.));
#3994=DIRECTION('',(1.,0.,0.));
#3995=DIRECTION('',(0.,-1.,0.));
#3996=DIRECTION('',(1.,0.,0.));
#3997=DIRECTION('',(0.,-1.,0.));
#3998=DIRECTION('',(1.,0.,0.));
#3999=DIRECTION('',(0.,-1.,0.));
#4000=DIRECTION('',(1.,0.,0.));
#4001=DIRECTION('',(0.,-1.,0.));
#4002=DIRECTION('',(1.,0.,0.));
#4003=DIRECTION('',(0.,-1.,0.));
#4004=DIRECTION('',(1.,0.,0.));
#4005=DIRECTION('',(0.,-1.,0.));
#4006=DIRECTION('',(1.,0.,0.));
#4007=DIRECTION('',(0.,-1.,0.));
#4008=DIRECTION('',(1.,0.,0.));
#4009=DIRECTION('',(0.,-1.,0.));
#4010=DIRECTION('',(1.,0.,0.));
#4011=DIRECTION('',(0.,-1.,0.));
#4012=DIRECTION('',(0.,0.,1.));
#4013=DIRECTION('',(1.,0.,0.));
#4014=DIRECTION('',(0.,1.,0.));
#4015=DIRECTION('',(0.,0.,1.));
#4016=DIRECTION('',(1.,0.,0.));
#4017=DIRECTION('',(1.,0.,0.));
#4018=DIRECTION('',(0.,0.,1.));
#4019=DIRECTION('',(1.,0.,0.));
#4020=DIRECTION('',(0.,1.,0.));
#4021=DIRECTION('',(0.,0.,1.));
#4022=DIRECTION('',(1.,0.,0.));
#4023=DIRECTION('',(1.,0.,0.));
#4024=DIRECTION('',(0.,0.,1.));
#4025=DIRECTION('',(1.,0.,0.));
#4026=DIRECTION('',(0.,1.,0.));
#4027=DIRECTION('',(0.,0.,1.));
#4028=DIRECTION('',(1.,0.,0.));
#4029=DIRECTION('',(-1.,0.,0.));
#4030=DIRECTION('',(0.,0.,1.));
#4031=DIRECTION('',(1.,0.,0.));
#4032=DIRECTION('',(0.,-1.,0.));
#4033=DIRECTION('',(0.,0.,1.));
#4034=DIRECTION('',(1.,0.,0.));
#4035=DIRECTION('',(1.,0.,0.));
#4036=DIRECTION('',(0.,0.,1.));
#4037=DIRECTION('',(1.,0.,0.));
#4038=DIRECTION('',(0.,0.,1.));
#4039=DIRECTION('',(1.,0.,0.));
#4040=DIRECTION('',(0.,0.,1.));
#4041=DIRECTION('',(1.,0.,0.));
#4042=DIRECTION('',(0.,0.,1.));
#4043=DIRECTION('',(1.,0.,0.));
#4044=DIRECTION('',(1.,0.,0.));
#4045=DIRECTION('',(0.,0.,1.));
#4046=DIRECTION('',(1.,0.,0.));
#4047=DIRECTION('',(0.,0.,1.));
#4048=DIRECTION('',(1.,0.,0.));
#4049=DIRECTION('',(0.,0.,1.));
#4050=DIRECTION('',(1.,0.,0.));
#4051=DIRECTION('',(-0.926560929820295,-0.376144710624182,0.));
#4052=DIRECTION('',(0.,0.,1.));
#4053=DIRECTION('',(1.,0.,0.));
#4054=DIRECTION('',(3.85334102181949E-17,1.,0.));
#4055=DIRECTION('',(0.,0.,1.));
#4056=DIRECTION('',(1.,0.,0.));
#4057=DIRECTION('',(1.,0.,0.));
#4058=DIRECTION('',(0.,0.,1.));
#4059=DIRECTION('',(1.,0.,0.));
#4060=DIRECTION('',(0.,0.,1.));
#4061=DIRECTION('',(1.,0.,0.));
#4062=DIRECTION('',(0.,0.,1.));
#4063=DIRECTION('',(1.,0.,0.));
#4064=DIRECTION('',(0.,0.,1.));
#4065=DIRECTION('',(1.,0.,0.));
#4066=DIRECTION('',(-0.110674559123979,-0.993856700919561,0.));
#4067=DIRECTION('',(0.,0.,1.));
#4068=DIRECTION('',(1.,0.,0.));
#4069=DIRECTION('',(0.960270687498391,-0.279070254114205,0.));
#4070=DIRECTION('',(0.,0.,1.));
#4071=DIRECTION('',(1.,0.,0.));
#4072=DIRECTION('',(0.,-1.,0.));
#4073=DIRECTION('',(0.,0.,1.));
#4074=DIRECTION('',(1.,0.,0.));
#4075=DIRECTION('',(-0.91686908443589,-0.399188028384736,0.));
#4076=DIRECTION('',(0.,0.,1.));
#4077=DIRECTION('',(1.,0.,0.));
#4078=DIRECTION('',(0.,0.,-1.));
#4079=DIRECTION('',(-1.,0.,0.));
#4080=DIRECTION('',(0.,0.,-1.));
#4081=DIRECTION('',(0.,0.,-1.));
#4082=DIRECTION('',(0.,1.,0.));
#4083=DIRECTION('',(0.,0.,1.));
#4084=DIRECTION('',(0.,0.,-1.));
#4085=DIRECTION('',(0.,0.,-1.));
#4086=DIRECTION('',(-1.,0.,0.));
#4087=DIRECTION('',(0.,0.,-1.));
#4088=DIRECTION('',(1.,0.,0.));
#4089=DIRECTION('',(0.,0.,-1.));
#4090=DIRECTION('',(0.,0.,-1.));
#4091=DIRECTION('',(0.,0.,-1.));
#4092=DIRECTION('',(-1.,0.,0.));
#4093=DIRECTION('',(0.,0.,-1.));
#4094=DIRECTION('',(0.,-1.,0.));
#4095=DIRECTION('',(0.,0.,-1.));
#4096=DIRECTION('',(0.,0.,-1.));
#4097=DIRECTION('',(0.,0.,-1.));
#4098=DIRECTION('',(-1.,0.,0.));
#4099=DIRECTION('',(0.,0.,-1.));
#4100=DIRECTION('',(0.,0.,-1.));
#4101=DIRECTION('',(-1.,0.,0.));
#4102=DIRECTION('',(0.,0.,-1.));
#4103=DIRECTION('',(0.,0.,-1.));
#4104=DIRECTION('',(0.,1.,0.));
#4105=DIRECTION('',(0.,0.,1.));
#4106=DIRECTION('',(0.,0.,-1.));
#4107=DIRECTION('',(0.,0.,-1.));
#4108=DIRECTION('',(-1.,0.,0.));
#4109=DIRECTION('',(0.,0.,-1.));
#4110=DIRECTION('',(-1.,0.,0.));
#4111=DIRECTION('',(0.,0.,1.));
#4112=DIRECTION('',(0.,0.,-1.));
#4113=DIRECTION('',(0.,0.,-1.));
#4114=DIRECTION('',(-1.,0.,0.));
#4115=DIRECTION('',(0.,0.,-1.));
#4116=DIRECTION('',(0.,1.,0.));
#4117=DIRECTION('',(0.,0.,1.));
#4118=DIRECTION('',(0.,0.,-1.));
#4119=DIRECTION('',(0.,0.,-1.));
#4120=DIRECTION('',(-1.,0.,0.));
#4121=DIRECTION('',(0.,0.,-1.));
#4122=DIRECTION('',(0.,1.,0.));
#4123=DIRECTION('',(0.,0.,1.));
#4124=DIRECTION('',(0.,0.,-1.));
#4125=DIRECTION('',(0.,0.,-1.));
#4126=DIRECTION('',(1.,0.,0.));
#4127=DIRECTION('',(0.,0.,-1.));
#4128=DIRECTION('',(0.,0.,-1.));
#4129=DIRECTION('',(0.,1.,0.));
#4130=DIRECTION('',(0.,0.,1.));
#4131=DIRECTION('',(0.,0.,-1.));
#4132=DIRECTION('',(0.,1.,0.));
#4133=DIRECTION('',(0.,0.,1.));
#4134=DIRECTION('',(0.,0.,-1.));
#4135=DIRECTION('',(0.,0.,-1.));
#4136=DIRECTION('',(1.,0.,0.));
#4137=DIRECTION('',(0.,0.,-1.));
#4138=DIRECTION('',(0.,0.,-1.));
#4139=DIRECTION('',(0.,1.,0.));
#4140=DIRECTION('',(0.,0.,1.));
#4141=DIRECTION('',(0.,0.,-1.));
#4142=DIRECTION('',(0.,1.,0.));
#4143=DIRECTION('',(0.,0.,1.));
#4144=DIRECTION('',(0.,0.,-1.));
#4145=DIRECTION('',(0.,0.,-1.));
#4146=DIRECTION('',(1.,0.,0.));
#4147=DIRECTION('',(0.,0.,-1.));
#4148=DIRECTION('',(0.,0.,-1.));
#4149=DIRECTION('',(0.,1.,0.));
#4150=DIRECTION('',(0.,0.,1.));
#4151=DIRECTION('',(0.,0.,-1.));
#4152=DIRECTION('',(0.,1.,0.));
#4153=DIRECTION('',(0.,0.,1.));
#4154=DIRECTION('',(0.,0.,-1.));
#4155=DIRECTION('',(0.,0.,-1.));
#4156=DIRECTION('',(1.,0.,0.));
#4157=DIRECTION('',(0.,0.,-1.));
#4158=DIRECTION('',(0.,0.,-1.));
#4159=DIRECTION('',(0.,1.,0.));
#4160=DIRECTION('',(0.,0.,1.));
#4161=DIRECTION('',(0.,0.,-1.));
#4162=DIRECTION('',(0.,1.,0.));
#4163=DIRECTION('',(0.,0.,1.));
#4164=DIRECTION('',(0.,0.,-1.));
#4165=DIRECTION('',(0.,0.,-1.));
#4166=DIRECTION('',(1.,0.,0.));
#4167=DIRECTION('',(0.,0.,-1.));
#4168=DIRECTION('',(0.,0.,-1.));
#4169=DIRECTION('',(0.,1.,0.));
#4170=DIRECTION('',(0.,0.,1.));
#4171=DIRECTION('',(0.,0.,-1.));
#4172=DIRECTION('',(0.,1.,0.));
#4173=DIRECTION('',(0.,0.,1.));
#4174=DIRECTION('',(0.,0.,-1.));
#4175=DIRECTION('',(0.,0.,-1.));
#4176=DIRECTION('',(1.,0.,0.));
#4177=DIRECTION('',(0.,0.,-1.));
#4178=DIRECTION('',(0.,0.,-1.));
#4179=DIRECTION('',(0.,1.,0.));
#4180=DIRECTION('',(0.,0.,1.));
#4181=DIRECTION('',(0.,0.,-1.));
#4182=DIRECTION('',(0.,1.,0.));
#4183=DIRECTION('',(0.,0.,1.));
#4184=DIRECTION('',(0.,0.,-1.));
#4185=DIRECTION('',(0.,0.,-1.));
#4186=DIRECTION('',(1.,0.,0.));
#4187=DIRECTION('',(0.,0.,-1.));
#4188=DIRECTION('',(0.,0.,-1.));
#4189=DIRECTION('',(0.,1.,0.));
#4190=DIRECTION('',(0.,0.,1.));
#4191=DIRECTION('',(0.,0.,-1.));
#4192=DIRECTION('',(0.,1.,0.));
#4193=DIRECTION('',(0.,0.,1.));
#4194=DIRECTION('',(0.,0.,-1.));
#4195=DIRECTION('',(0.,0.,-1.));
#4196=DIRECTION('',(1.,0.,0.));
#4197=DIRECTION('',(0.,0.,-1.));
#4198=DIRECTION('',(0.,0.,-1.));
#4199=DIRECTION('',(0.,1.,0.));
#4200=DIRECTION('',(0.,0.,1.));
#4201=DIRECTION('',(0.,0.,-1.));
#4202=DIRECTION('',(1.,0.,0.));
#4203=DIRECTION('',(0.,0.,-1.));
#4204=DIRECTION('',(0.,0.,-1.));
#4205=DIRECTION('',(0.,0.,-1.));
#4206=DIRECTION('',(0.,1.,0.));
#4207=DIRECTION('',(0.,0.,1.));
#4208=DIRECTION('',(0.,0.,-1.));
#4209=DIRECTION('',(1.,0.,0.));
#4210=DIRECTION('',(0.,0.,-1.));
#4211=DIRECTION('',(0.,0.,-1.));
#4212=DIRECTION('',(1.55930200087803E-16,-1.,0.));
#4213=DIRECTION('',(1.,1.55930200087803E-16,0.));
#4214=DIRECTION('',(-1.,-2.31296463463574E-16,0.));
#4215=DIRECTION('',(2.31296463463574E-16,-1.,0.));
#4216=DIRECTION('',(1.55930200087803E-16,-1.,0.));
#4217=DIRECTION('',(1.,1.55930200087803E-16,0.));
#4218=DIRECTION('',(-1.,0.,0.));
#4219=DIRECTION('',(0.,0.,1.));
#4220=DIRECTION('',(-1.,0.,0.));
#4221=DIRECTION('',(0.,0.,1.));
#4222=DIRECTION('',(1.,0.,0.));
#4223=DIRECTION('',(0.,0.,-1.));
#4224=DIRECTION('',(1.,0.,0.));
#4225=DIRECTION('',(0.,0.,-1.));
#4226=DIRECTION('',(1.,0.,0.));
#4227=DIRECTION('',(0.,0.,-1.));
#4228=DIRECTION('',(1.,0.,0.));
#4229=DIRECTION('',(0.,0.,-1.));
#4230=DIRECTION('',(1.,0.,0.));
#4231=DIRECTION('',(0.,0.,-1.));
#4232=DIRECTION('',(1.,0.,0.));
#4233=DIRECTION('',(0.,0.,-1.));
#4234=DIRECTION('',(1.,0.,0.));
#4235=DIRECTION('',(0.,0.,-1.));
#4236=DIRECTION('',(1.,0.,0.));
#4237=DIRECTION('',(0.,0.,-1.));
#4238=DIRECTION('',(0.,1.,0.));
#4239=DIRECTION('',(0.,0.,1.));
#4240=DIRECTION('',(-1.,-2.31296463463574E-16,0.));
#4241=DIRECTION('',(2.31296463463574E-16,-1.,0.));
#4242=DIRECTION('',(0.,0.,-1.));
#4243=DIRECTION('',(-1.,0.,0.));
#4244=DIRECTION('',(0.,0.,1.));
#4245=DIRECTION('',(1.,0.,0.));
#4246=DIRECTION('',(0.,0.,1.));
#4247=DIRECTION('',(1.,0.,0.));
#4248=DIRECTION('',(0.,0.,1.));
#4249=DIRECTION('',(1.,0.,0.));
#4250=DIRECTION('',(0.,0.,1.));
#4251=DIRECTION('',(1.,0.,0.));
#4252=DIRECTION('',(0.,0.,-1.));
#4253=DIRECTION('',(-1.,0.,0.));
#4254=DIRECTION('',(0.,0.,-1.));
#4255=DIRECTION('',(0.,0.,-1.));
#4256=DIRECTION('',(0.,-1.,0.));
#4257=DIRECTION('',(0.,0.,-1.));
#4258=DIRECTION('',(0.,0.,-1.));
#4259=DIRECTION('',(-0.973407500715389,-0.229080417214174,0.));
#4260=DIRECTION('',(0.229080417214174,-0.973407500715389,0.));
#4261=DIRECTION('',(0.,0.,-1.));
#4262=DIRECTION('',(0.,0.,-1.));
#4263=DIRECTION('',(-0.513156869948232,-0.858294836769355,0.));
#4264=DIRECTION('',(0.858294836769355,-0.513156869948232,0.));
#4265=DIRECTION('',(0.,0.,-1.));
#4266=DIRECTION('',(0.,0.,1.));
#4267=DIRECTION('',(0.,-1.,0.));
#4268=DIRECTION('',(0.,0.,-1.));
#4269=DIRECTION('',(0.,0.,1.));
#4270=DIRECTION('',(0.,0.,-1.));
#4271=DIRECTION('',(1.,0.,0.));
#4272=DIRECTION('',(0.,0.,-1.));
#4273=DIRECTION('',(0.,0.,-1.));
#4274=DIRECTION('',(0.,0.,-1.));
#4275=DIRECTION('',(0.,0.,1.));
#4276=DIRECTION('',(1.,0.,0.));
#4277=DIRECTION('',(0.,0.,1.));
#4278=DIRECTION('',(0.,0.,1.));
#4279=DIRECTION('',(0.,0.,-1.));
#4280=DIRECTION('',(-1.,0.,0.));
#4281=DIRECTION('',(0.,0.,1.));
#4282=DIRECTION('',(1.,0.,0.));
#4283=DIRECTION('',(0.,0.,1.));
#4284=DIRECTION('',(1.,0.,0.));
#4285=DIRECTION('',(0.,0.,-1.));
#4286=DIRECTION('',(-1.,0.,0.));
#4287=DIRECTION('',(0.,0.,1.));
#4288=DIRECTION('',(1.,0.,0.));
#4289=DIRECTION('',(0.,0.,-1.));
#4290=DIRECTION('',(-1.,0.,0.));
#4291=DIRECTION('',(-0.556379202278983,0.830928506714869,0.));
#4292=DIRECTION('',(-0.830928506714869,-0.556379202278983,0.));
#4293=DIRECTION('',(0.,0.,-1.));
#4294=DIRECTION('',(0.,0.,1.));
#4295=DIRECTION('',(-1.,0.,0.));
#4296=DIRECTION('',(0.,0.,1.));
#4297=DIRECTION('',(0.,0.,-1.));
#4298=DIRECTION('',(0.,0.,-1.));
#4299=DIRECTION('',(-0.399188028384736,0.91686908443589,0.));
#4300=DIRECTION('',(-0.91686908443589,-0.399188028384736,0.));
#4301=DIRECTION('',(0.,0.,1.));
#4302=DIRECTION('',(0.,0.,-1.));
#4303=DIRECTION('',(1.,0.,0.));
#4304=DIRECTION('',(0.,0.,-1.));
#4305=DIRECTION('',(0.,0.,1.));
#4306=DIRECTION('',(0.,0.,1.));
#4307=DIRECTION('',(0.,0.,-1.));
#4308=DIRECTION('',(-1.,0.,0.));
#4309=DIRECTION('',(0.,0.,1.));
#4310=DIRECTION('',(1.,0.,0.));
#4311=DIRECTION('',(0.,0.,-1.));
#4312=DIRECTION('',(-1.,0.,0.));
#4313=DIRECTION('',(0.,0.,1.));
#4314=DIRECTION('',(1.,0.,0.));
#4315=DIRECTION('',(0.908882888972165,-0.417051428643533,0.));
#4316=DIRECTION('',(0.417051428643533,0.908882888972165,0.));
#4317=DIRECTION('',(0.,0.,-1.));
#4318=DIRECTION('',(0.,0.,-1.));
#4319=DIRECTION('',(0.,-1.,0.));
#4320=DIRECTION('',(0.,0.,-1.));
#4321=DIRECTION('',(0.,0.,-1.));
#4322=DIRECTION('',(0.,0.,-1.));
#4323=DIRECTION('',(0.85709785567708,-0.515153633194751,0.));
#4324=DIRECTION('',(0.515153633194751,0.85709785567708,0.));
#4325=DIRECTION('',(0.,0.,-1.));
#4326=DIRECTION('',(0.,0.,-1.));
#4327=DIRECTION('',(0.,-1.,0.));
#4328=DIRECTION('',(0.,0.,-1.));
#4329=DIRECTION('',(0.,0.,-1.));
#4330=DIRECTION('',(0.,0.,-1.));
#4331=DIRECTION('',(0.,0.,1.));
#4332=DIRECTION('',(1.,0.,0.));
#4333=DIRECTION('',(0.,0.,-1.));
#4334=DIRECTION('',(-1.,0.,0.));
#4335=DIRECTION('',(0.,0.,-1.));
#4336=DIRECTION('',(-1.,0.,0.));
#4337=DIRECTION('',(0.,0.,1.));
#4338=DIRECTION('',(1.,0.,0.));
#4339=DIRECTION('',(-0.0870206072958945,-0.996206511676095,0.));
#4340=DIRECTION('',(0.996206511676095,-0.0870206072958945,0.));
#4341=DIRECTION('',(0.,0.,-1.));
#4342=DIRECTION('',(0.,0.,-1.));
#4343=DIRECTION('',(-0.513156869948232,-0.858294836769355,0.));
#4344=DIRECTION('',(0.858294836769355,-0.513156869948232,0.));
#4345=DIRECTION('',(0.,0.,-1.));
#4346=DIRECTION('',(0.,0.,-1.));
#4347=DIRECTION('',(1.,0.,0.));
#4348=DIRECTION('',(0.,0.,-1.));
#4349=DIRECTION('',(0.,0.,-1.));
#4350=DIRECTION('',(0.,0.,-1.));
#4351=DIRECTION('',(1.,0.,0.));
#4352=DIRECTION('',(0.,0.,-1.));
#4353=DIRECTION('',(0.,0.,-1.));
#4354=DIRECTION('',(0.,0.,-1.));
#4355=DIRECTION('',(0.,0.,1.));
#4356=DIRECTION('',(1.,0.,0.));
#4357=DIRECTION('',(0.,0.,-1.));
#4358=DIRECTION('',(-1.,0.,0.));
#4359=DIRECTION('',(0.,0.,-1.));
#4360=DIRECTION('',(-1.,0.,0.));
#4361=DIRECTION('',(0.,0.,1.));
#4362=DIRECTION('',(1.,0.,0.));
#4363=DIRECTION('',(-0.376144710624182,0.926560929820295,0.));
#4364=DIRECTION('',(-0.926560929820295,-0.376144710624182,0.));
#4365=DIRECTION('',(0.,0.,-1.));
#4366=DIRECTION('',(0.,0.,-1.));
#4367=DIRECTION('',(1.,-3.28133990895127E-17,0.));
#4368=DIRECTION('',(3.28133990895127E-17,1.,0.));
#4369=DIRECTION('',(0.,0.,1.));
#4370=DIRECTION('',(0.,0.,-1.));
#4371=DIRECTION('',(0.,-1.,0.));
#4372=DIRECTION('',(0.,0.,-1.));
#4373=DIRECTION('',(0.,0.,-1.));
#4374=DIRECTION('',(0.,0.,1.));
#4375=DIRECTION('',(0.,0.,-1.));
#4376=DIRECTION('',(-1.,0.,0.));
#4377=DIRECTION('',(0.,0.,1.));
#4378=DIRECTION('',(1.,0.,0.));
#4379=DIRECTION('',(0.,0.,-1.));
#4380=DIRECTION('',(-1.,0.,0.));
#4381=DIRECTION('',(0.,-1.,0.));
#4382=DIRECTION('',(0.,0.,-1.));
#4383=DIRECTION('',(0.,0.,1.));
#4384=DIRECTION('',(0.,0.,-1.));
#4385=DIRECTION('',(0.,0.,1.));
#4386=DIRECTION('',(1.,0.,0.));
#4387=DIRECTION('',(0.,0.,1.));
#4388=DIRECTION('',(0.,0.,1.));
#4389=DIRECTION('',(0.,-1.,0.));
#4390=DIRECTION('',(0.,0.,-1.));
#4391=DIRECTION('',(0.,0.,-1.));
#4392=DIRECTION('',(0.,0.,-1.));
#4393=DIRECTION('',(0.,0.,1.));
#4394=DIRECTION('',(1.,0.,0.));
#4395=DIRECTION('',(0.,0.,1.));
#4396=DIRECTION('',(0.,0.,-1.));
#4397=DIRECTION('',(-1.,0.,0.));
#4398=DIRECTION('',(0.,0.,-1.));
#4399=DIRECTION('',(-0.376144710624182,0.926560929820295,0.));
#4400=DIRECTION('',(-0.926560929820295,-0.376144710624182,0.));
#4401=DIRECTION('',(0.,0.,-1.));
#4402=DIRECTION('',(0.,0.,-1.));
#4403=DIRECTION('',(1.,-3.85334102181949E-17,0.));
#4404=DIRECTION('',(3.85334102181949E-17,1.,0.));
#4405=DIRECTION('',(0.,0.,-1.));
#4406=DIRECTION('',(0.,0.,1.));
#4407=DIRECTION('',(0.,0.,1.));
#4408=DIRECTION('',(1.,0.,0.));
#4409=DIRECTION('',(0.,0.,1.));
#4410=DIRECTION('',(1.,0.,0.));
#4411=DIRECTION('',(0.,0.,1.));
#4412=DIRECTION('',(1.,0.,0.));
#4413=DIRECTION('',(0.,0.,-1.));
#4414=DIRECTION('',(-1.,0.,0.));
#4415=DIRECTION('',(0.,0.,1.));
#4416=DIRECTION('',(1.,0.,0.));
#4417=DIRECTION('',(0.,-1.,0.));
#4418=DIRECTION('',(0.,0.,-1.));
#4419=DIRECTION('',(0.,0.,1.));
#4420=DIRECTION('',(0.,0.,1.));
#4421=DIRECTION('',(1.,0.,0.));
#4422=DIRECTION('',(0.,0.,-1.));
#4423=DIRECTION('',(0.,0.,1.));
#4424=DIRECTION('',(0.,0.,-1.));
#4425=DIRECTION('',(1.,-3.85334102181949E-17,0.));
#4426=DIRECTION('',(3.85334102181949E-17,1.,0.));
#4427=DIRECTION('',(0.,0.,-1.));
#4428=DIRECTION('',(0.,0.,1.));
#4429=DIRECTION('',(-0.541986003106333,-0.84038751325613,0.));
#4430=DIRECTION('',(0.84038751325613,-0.541986003106333,0.));
#4431=DIRECTION('',(0.,0.,-1.));
#4432=DIRECTION('',(0.,0.,-1.));
#4433=DIRECTION('',(0.,0.,1.));
#4434=DIRECTION('',(1.,0.,0.));
#4435=DIRECTION('',(0.,0.,-1.));
#4436=DIRECTION('',(-1.,0.,0.));
#4437=DIRECTION('',(0.,0.,1.));
#4438=DIRECTION('',(1.,0.,0.));
#4439=DIRECTION('',(0.,0.,-1.));
#4440=DIRECTION('',(-1.,0.,0.));
#4441=DIRECTION('',(0.,-1.,0.));
#4442=DIRECTION('',(0.,0.,-1.));
#4443=DIRECTION('',(0.,0.,-1.));
#4444=DIRECTION('',(0.,0.,1.));
#4445=DIRECTION('',(0.85709785567708,-0.515153633194751,0.));
#4446=DIRECTION('',(0.515153633194751,0.85709785567708,0.));
#4447=DIRECTION('',(0.,0.,-1.));
#4448=DIRECTION('',(0.,0.,-1.));
#4449=DIRECTION('',(-0.279070254114205,-0.960270687498391,0.));
#4450=DIRECTION('',(0.960270687498391,-0.279070254114205,0.));
#4451=DIRECTION('',(0.,0.,-1.));
#4452=DIRECTION('',(0.,0.,-1.));
#4453=DIRECTION('',(-1.,0.,0.));
#4454=DIRECTION('',(0.,0.,1.));
#4455=DIRECTION('',(0.,0.,-1.));
#4456=DIRECTION('',(0.,0.,-1.));
#4457=DIRECTION('',(0.,0.,1.));
#4458=DIRECTION('',(1.,0.,0.));
#4459=DIRECTION('',(0.,0.,1.));
#4460=DIRECTION('',(0.,0.,1.));
#4461=DIRECTION('',(0.,0.,1.));
#4462=DIRECTION('',(1.,0.,0.));
#4463=DIRECTION('',(0.,0.,1.));
#4464=DIRECTION('',(1.,0.,0.));
#4465=DIRECTION('',(0.,0.,1.));
#4466=DIRECTION('',(1.,0.,0.));
#4467=DIRECTION('',(0.,0.,-1.));
#4468=DIRECTION('',(-1.,0.,0.));
#4469=DIRECTION('',(0.,0.,-1.));
#4470=DIRECTION('',(-1.,0.,0.));
#4471=DIRECTION('',(-0.399188028384736,0.91686908443589,0.));
#4472=DIRECTION('',(-0.91686908443589,-0.399188028384736,0.));
#4473=DIRECTION('',(0.,0.,-1.));
#4474=DIRECTION('',(0.,0.,1.));
#4475=DIRECTION('',(-0.99385670091956,0.110674559123979,0.));
#4476=DIRECTION('',(-0.110674559123979,-0.993856700919561,0.));
#4477=DIRECTION('',(0.,0.,1.));
#4478=DIRECTION('',(0.,0.,-1.));
#4479=DIRECTION('',(-1.,0.,0.));
#4480=DIRECTION('',(0.,0.,1.));
#4481=DIRECTION('',(0.,0.,-1.));
#4482=DIRECTION('',(0.,0.,-1.));
#4483=DIRECTION('',(-0.279070254114205,-0.960270687498391,0.));
#4484=DIRECTION('',(0.960270687498391,-0.279070254114205,0.));
#4485=DIRECTION('',(0.,0.,-1.));
#4486=DIRECTION('',(0.,0.,-1.));
#4487=DIRECTION('',(0.,0.,1.));
#4488=DIRECTION('',(1.,0.,0.));
#4489=DIRECTION('',(0.,0.,1.));
#4490=DIRECTION('',(0.,0.,1.));
#4491=DIRECTION('',(0.,0.,1.));
#4492=DIRECTION('',(1.,0.,0.));
#4493=DIRECTION('',(0.,0.,1.));
#4494=DIRECTION('',(1.,0.,0.));
#4495=DIRECTION('',(0.,0.,1.));
#4496=DIRECTION('',(1.,0.,0.));
#4497=DIRECTION('',(0.,0.,-1.));
#4498=DIRECTION('',(-1.,0.,0.));
#4499=DIRECTION('',(0.,0.,1.));
#4500=DIRECTION('',(1.,0.,0.));
#4501=DIRECTION('',(-0.0870206072958945,-0.996206511676095,0.));
#4502=DIRECTION('',(0.996206511676095,-0.0870206072958945,0.));
#4503=DIRECTION('',(0.,0.,-1.));
#4504=DIRECTION('',(0.,0.,-1.));
#4505=DIRECTION('',(0.882098708208697,-0.471064612316133,0.));
#4506=DIRECTION('',(0.471064612316133,0.882098708208697,0.));
#4507=DIRECTION('',(0.,0.,-1.));
#4508=DIRECTION('',(0.,0.,1.));
#4509=DIRECTION('',(0.,-1.,0.));
#4510=DIRECTION('',(0.,0.,-1.));
#4511=DIRECTION('',(0.,0.,1.));
#4512=DIRECTION('',(0.,0.,-1.));
#4513=DIRECTION('',(0.,0.,1.));
#4514=DIRECTION('',(1.,0.,0.));
#4515=DIRECTION('',(0.,0.,1.));
#4516=DIRECTION('',(0.,0.,1.));
#4517=DIRECTION('',(1.,0.,0.));
#4518=DIRECTION('',(0.,0.,-1.));
#4519=DIRECTION('',(0.,0.,-1.));
#4520=DIRECTION('',(0.,0.,-1.));
#4521=DIRECTION('',(0.,0.,1.));
#4522=DIRECTION('',(1.,0.,0.));
#4523=DIRECTION('',(0.,0.,1.));
#4524=DIRECTION('',(0.,0.,1.));
#4525=DIRECTION('',(0.,0.,1.));
#4526=DIRECTION('',(1.,0.,0.));
#4527=DIRECTION('',(0.,0.,1.));
#4528=DIRECTION('',(1.,0.,0.));
#4529=DIRECTION('',(0.,0.,1.));
#4530=DIRECTION('',(1.,0.,0.));
#4531=DIRECTION('',(0.,0.,1.));
#4532=DIRECTION('',(1.,0.,0.));
#4533=DIRECTION('',(0.,0.,-1.));
#4534=DIRECTION('',(-1.,0.,0.));
#4535=DIRECTION('',(0.,0.,-1.));
#4536=DIRECTION('',(-1.,0.,0.));
#4537=CARTESIAN_POINT('',(0.,0.,0.));
#4538=CARTESIAN_POINT('',(6.93889390390723E-18,0.,0.00934));
#4539=CARTESIAN_POINT('',(0.0341142208832021,0.051,0.00934));
#4540=CARTESIAN_POINT('',(0.0365226374691263,0.0527887228820153,0.00934));
#4541=CARTESIAN_POINT('',(0.0341142208832021,0.054,0.00934));
#4542=CARTESIAN_POINT('',(0.0395,0.055,0.00934));
#4543=CARTESIAN_POINT('',(0.0372887228820154,0.0520226374691263,0.00934));
#4544=CARTESIAN_POINT('',(0.0355,0.0496142208832021,0.00934));
#4545=CARTESIAN_POINT('',(0.0385,0.0496142208832021,0.00934));
#4546=CARTESIAN_POINT('',(0.0385,0.,0.00934));
#4547=CARTESIAN_POINT('',(0.0385,0.047401838122635,0.00934));
#4548=CARTESIAN_POINT('',(0.0355,0.047401838122635,0.00934));
#4549=CARTESIAN_POINT('',(0.0352389381781123,0.0444132185876066,0.00934));
#4550=CARTESIAN_POINT('',(0.00411705382546643,0.0471317766825576,0.00934));
#4551=CARTESIAN_POINT('',(0.0225189741491937,0.0455243325801423,0.00934));
#4552=CARTESIAN_POINT('',(0.0227800359710813,0.0485129521151706,0.00934));
#4553=CARTESIAN_POINT('',(0.0202251991263322,0.0469404354390389,0.00934));
#4554=CARTESIAN_POINT('',(0.01681875,0.04484374653753,0.00934));
#4555=CARTESIAN_POINT('',(0.0200550549369893,0.0471945613653756,0.00934));
#4556=CARTESIAN_POINT('',(0.0224822836397312,0.0489576724862598,0.00934));
#4557=CARTESIAN_POINT('',(0.0198359875151051,0.0503708663232082,0.00934));
#4558=CARTESIAN_POINT('',(-0.0054960338970314,0.00293503102644709,0.00934));
#4559=CARTESIAN_POINT('',(0.0209266457481687,0.0524131938369484,0.00934));
#4560=CARTESIAN_POINT('',(0.0235729418727949,0.051,0.00934));
#4561=CARTESIAN_POINT('',(0.0235729418727949,0.054,0.00934));
#4562=CARTESIAN_POINT('',(0.,0.054,0.00934));
#4563=CARTESIAN_POINT('',(-0.00311763480305672,0.0190216734699534,0.00934));
#4564=CARTESIAN_POINT('',(-0.00611763480305672,0.0190216734699534,0.00934));
#4565=CARTESIAN_POINT('',(-0.00474359281237572,0.016500510930185,0.00934));
#4566=CARTESIAN_POINT('',(-0.00611763480305672,0.,0.00934));
#4567=CARTESIAN_POINT('',(-0.00611763480305672,0.03054374653753,0.00934));
#4568=CARTESIAN_POINT('',(-0.00311763480305672,0.03054374653753,0.00934));
#4569=CARTESIAN_POINT('',(-0.00311763480305672,0.03354374653753,0.00934));
#4570=CARTESIAN_POINT('',(0.,0.03354374653753,0.00934));
#4571=CARTESIAN_POINT('',(-0.00217213986534626,0.03354374653753,0.00934));
#4572=CARTESIAN_POINT('',(-0.00217213986534626,0.03054374653753,0.00934));
#4573=CARTESIAN_POINT('',(0.000827860134653747,0.03054374653753,0.00934));
#4574=CARTESIAN_POINT('',(0.000827860134653746,-3.19002741719029E-20,0.00934));
#4575=CARTESIAN_POINT('',(0.000827860134653746,0.0184119011754301,0.00934));
#4576=CARTESIAN_POINT('',(-0.00217213986534626,0.0184119011754301,0.00934));
#4577=CARTESIAN_POINT('',(-0.00379809787466525,0.0158907386356617,0.00934));
#4578=CARTESIAN_POINT('',(0.00612219933513161,0.00949290174547215,0.00934));
#4579=CARTESIAN_POINT('',(0.,0.01307249653753,0.00934));
#4580=CARTESIAN_POINT('',(0.00582786013465375,0.01307249653753,0.00934));
#4581=CARTESIAN_POINT('',(0.007735,0.01307249653753,0.00934));
#4582=CARTESIAN_POINT('',(0.00582786013465375,0.01607249653753,0.00934));
#4583=CARTESIAN_POINT('',(0.00282786013465374,0.01607249653753,0.00934));
#4584=CARTESIAN_POINT('',(0.00282786013465374,-1.08967094608293E-19,0.00934));
#4585=CARTESIAN_POINT('',(0.00282786013465374,0.0196339600764761,0.00934));
#4586=CARTESIAN_POINT('',(0.00582786013465375,0.0196339600764761,0.00934));
#4587=CARTESIAN_POINT('',(0.0046994260027812,0.022413642865937,0.00934));
#4588=CARTESIAN_POINT('',(-0.00714672751266788,0.0176046035003957,0.00934));
#4589=CARTESIAN_POINT('',(0.00891446280178828,0.024124770268363,0.00934));
#4590=CARTESIAN_POINT('',(0.0100428969336608,0.021345087478902,0.00934));
#4591=CARTESIAN_POINT('',(0.0128631699148894,0.022367858377663,0.00934));
#4592=CARTESIAN_POINT('',(0.01885625,0.02454124653753,0.00934));
#4593=CARTESIAN_POINT('',(0.0161217622166117,0.01878249653753,0.00934));
#4594=CARTESIAN_POINT('',(0.0148349444361936,0.01607249653753,0.00934));
#4595=CARTESIAN_POINT('',(0.0148349444361936,0.01307249653753,0.00934));
#4596=CARTESIAN_POINT('',(0.,0.01307249653753,0.00934));
#4597=CARTESIAN_POINT('',(0.011165,0.01307249653753,0.00934));
#4598=CARTESIAN_POINT('',(0.011165,0.01106249653753,0.00934));
#4599=CARTESIAN_POINT('',(0.0104769461077844,0.0129510626182926,0.00934));
#4600=CARTESIAN_POINT('',(0.00945,0.0157698179627144,0.00934));
#4601=CARTESIAN_POINT('',(0.00842305389221558,0.0129510626182926,0.00934));
#4602=CARTESIAN_POINT('',(0.007735,0.01106249653753,0.00934));
#4603=CARTESIAN_POINT('',(0.0355,0.0322307726718263,0.00934));
#4604=CARTESIAN_POINT('',(0.0339605293901553,0.0296558881615183,0.00934));
#4605=CARTESIAN_POINT('',(0.0385,0.0322307726718264,0.00934));
#4606=CARTESIAN_POINT('',(0.022004461470247,0.0368041758219244,0.00934));
#4607=CARTESIAN_POINT('',(0.0222792793901553,0.0366398678271138,0.00934));
#4608=CARTESIAN_POINT('',(0.02381875,0.0392147523374219,0.00934));
#4609=CARTESIAN_POINT('',(0.02081875,0.0392147523374219,0.00934));
#4610=CARTESIAN_POINT('',(0.02081875,0.,0.00934));
#4611=CARTESIAN_POINT('',(0.02081875,0.0403917549228421,0.00934));
#4612=CARTESIAN_POINT('',(0.02381875,0.0403917549228421,0.00934));
#4613=CARTESIAN_POINT('',(0.0240798118218877,0.0433803744578704,0.00934));
#4614=CARTESIAN_POINT('',(0.00394301261087465,0.0451393636592054,0.00934));
#4615=CARTESIAN_POINT('',(0.0357610618218877,0.0423599941882565,0.00934));
#4616=CARTESIAN_POINT('',(0.0355,0.0393713746532282,0.00934));
#4617=CARTESIAN_POINT('',(0.0385,0.0393713746532282,0.00934));
#4618=CARTESIAN_POINT('',(0.0385,0.,0.00934));
#4619=CARTESIAN_POINT('',(-0.0191722480626872,0.051,0.00934));
#4620=CARTESIAN_POINT('',(-0.0191722480626872,0.054,0.00934));
#4621=CARTESIAN_POINT('',(-0.0217435416297184,0.0525454608995842,0.00934));
#4622=CARTESIAN_POINT('',(0.,0.054,0.00934));
#4623=CARTESIAN_POINT('',(-0.0135727410838132,0.054,0.00934));
#4624=CARTESIAN_POINT('',(-0.0135727410838132,0.051,0.00934));
#4625=CARTESIAN_POINT('',(-0.0108460924168967,0.0497488457140694,0.00934));
#4626=CARTESIAN_POINT('',(-0.0278169561246947,0.0127641321374614,0.00934));
#4627=CARTESIAN_POINT('',(-0.0127363514051478,0.0456293920156727,0.00934));
#4628=CARTESIAN_POINT('',(-0.0154630000720642,0.0468805463016033,0.00934));
#4629=CARTESIAN_POINT('',(-0.0154630000720642,0.0438805463016033,0.00934));
#4630=CARTESIAN_POINT('',(0.,0.0438805463016033,0.00934));
#4631=CARTESIAN_POINT('',(-0.0216482215182854,0.0438805463016033,0.00934));
#4632=CARTESIAN_POINT('',(-0.0216482215182854,0.0468805463016033,0.00934));
#4633=CARTESIAN_POINT('',(-0.0242195150853167,0.0484260072011876,0.00934));
#4634=CARTESIAN_POINT('',(-0.0391739386183639,0.023545265773482,0.00934));
#4635=CARTESIAN_POINT('',(-0.0319208350479603,0.,0.00934));
#4636=CARTESIAN_POINT('',(-0.0319208350479603,0.0189525392731038,0.00934));
#4637=CARTESIAN_POINT('',(-0.0319208350479603,0.0255512764098338,0.00934));
#4638=CARTESIAN_POINT('',(-0.0349208350479603,0.0189525392731038,0.00934));
#4639=CARTESIAN_POINT('',(-0.0332516974411233,0.0164597537529593,0.00934));
#4640=CARTESIAN_POINT('',(-0.0179028536713347,0.0267371451091691,0.00934));
#4641=CARTESIAN_POINT('',(-0.033830862393163,0.0160719522376667,0.00934));
#4642=CARTESIAN_POINT('',(-0.0355,0.0185647377578113,0.00934));
#4643=CARTESIAN_POINT('',(-0.0385,0.0185647377578113,0.00934));
#4644=CARTESIAN_POINT('',(-0.0385,0.,0.00934));
#4645=CARTESIAN_POINT('',(-0.0385,0.0252991185835542,0.00934));
#4646=CARTESIAN_POINT('',(-0.0355,0.0252991185835542,0.00934));
#4647=CARTESIAN_POINT('',(-0.0366975640851542,0.0280497258368619,0.00934));
#4648=CARTESIAN_POINT('',(-0.0161140848963529,0.0370113961714345,0.00934));
#4649=CARTESIAN_POINT('',(-0.0361183991331145,0.0283018836631415,0.00934));
#4650=CARTESIAN_POINT('',(-0.0349208350479603,0.0255512764098338,0.00934));
#4651=CARTESIAN_POINT('',(-0.0395,-0.055,0.00934));
#4652=CARTESIAN_POINT('',(-0.038,-0.055,0.00934));
#4653=CARTESIAN_POINT('',(0.0395,0.055,0.00934));
#4654=CARTESIAN_POINT('',(0.041,0.055,0.00934));
#4655=CARTESIAN_POINT('',(-1.38777878078145E-17,0.06,0.00934));
#4656=CARTESIAN_POINT('',(0.0405,0.06,0.00934));
#4657=CARTESIAN_POINT('',(-0.0405,0.06,0.00934));
#4658=CARTESIAN_POINT('',(-0.0405,0.06,0.00934));
#4659=CARTESIAN_POINT('',(-0.040669784473165,0.06,0.00934));
#4660=CARTESIAN_POINT('',(-0.0409820212069138,0.059993960028984,0.00934));
#4661=CARTESIAN_POINT('',(-0.0412794777215218,0.0599741177667055,0.00934));
#4662=CARTESIAN_POINT('',(-0.0415058552596868,0.059945814845521,0.00934));
#4663=CARTESIAN_POINT('',(-0.0417904112552667,0.0598965206005764,0.00934));
#4664=CARTESIAN_POINT('',(-0.0422345707195773,0.0597849030456001,0.00934));
#4665=CARTESIAN_POINT('',(-0.0428995738139366,0.0595057092986879,0.00934));
#4666=CARTESIAN_POINT('',(-0.0435313485018734,0.0590179067498321,0.00934));
#4667=CARTESIAN_POINT('',(-0.044009886500487,0.0583864245207555,0.00934));
#4668=CARTESIAN_POINT('',(-0.0442803115672541,0.0577525106535188,0.00934));
#4669=CARTESIAN_POINT('',(-0.0444146431627808,0.0572168455708299,0.00934));
#4670=CARTESIAN_POINT('',(-0.0444650008530046,0.0568734224355146,0.00934));
#4671=CARTESIAN_POINT('',(-0.0444857143847602,0.0566265070869173,0.00934));
#4672=CARTESIAN_POINT('',(-0.0444961112058894,0.0564046884592595,0.00934));
#4673=CARTESIAN_POINT('',(-0.0445,0.0561730483561139,0.00934));
#4674=CARTESIAN_POINT('',(-0.0445,0.056,0.00934));
#4675=CARTESIAN_POINT('',(-0.0445,0.056,0.00934));
#4676=CARTESIAN_POINT('',(-0.0445,-6.93889390390723E-18,0.00934));
#4677=CARTESIAN_POINT('',(-0.0445,-0.056,0.00934));
#4678=CARTESIAN_POINT('',(-0.0445,-0.056,0.00934));
#4679=CARTESIAN_POINT('',(-0.0445,-0.0561697844731542,0.00934));
#4680=CARTESIAN_POINT('',(-0.0444939600289841,-0.0564820212068907,0.00934));
#4681=CARTESIAN_POINT('',(-0.0444741177667052,-0.0567794777215077,0.00934));
#4682=CARTESIAN_POINT('',(-0.0444458148455215,-0.0570058552596925,0.00934));
#4683=CARTESIAN_POINT('',(-0.0443965206005783,-0.0572904112552797,0.00934));
#4684=CARTESIAN_POINT('',(-0.0442849030456029,-0.0577345707195853,0.00934));
#4685=CARTESIAN_POINT('',(-0.0440057092986735,-0.0583995738139305,0.00934));
#4686=CARTESIAN_POINT('',(-0.0435179067498178,-0.0590313485018723,0.00934));
#4687=CARTESIAN_POINT('',(-0.0428864245207698,-0.0595098865004845,0.00934));
#4688=CARTESIAN_POINT('',(-0.0422525106535547,-0.0597803115672456,0.00934));
#4689=CARTESIAN_POINT('',(-0.0417168455707932,-0.059914643162789,0.00934));
#4690=CARTESIAN_POINT('',(-0.0413734224354957,-0.0599650008530117,0.00934));
#4691=CARTESIAN_POINT('',(-0.041126507086905,-0.0599857143847589,0.00934));
#4692=CARTESIAN_POINT('',(-0.0409046884591958,-0.0599961112058901,0.00934));
#4693=CARTESIAN_POINT('',(-0.0406730483560792,-0.06,0.00934));
#4694=CARTESIAN_POINT('',(-0.0405,-0.06,0.00934));
#4695=CARTESIAN_POINT('',(-0.0405,-0.06,0.00934));
#4696=CARTESIAN_POINT('',(1.38777878078145E-17,-0.06,0.00934));
#4697=CARTESIAN_POINT('',(0.0405,-0.06,0.00934));
#4698=CARTESIAN_POINT('',(0.0405,-0.06,0.00934));
#4699=CARTESIAN_POINT('',(0.040669784473165,-0.06,0.00934));
#4700=CARTESIAN_POINT('',(0.0409820212069138,-0.059993960028984,0.00934));
#4701=CARTESIAN_POINT('',(0.0412794777215218,-0.0599741177667055,0.00934));
#4702=CARTESIAN_POINT('',(0.0415058552596868,-0.059945814845521,0.00934));
#4703=CARTESIAN_POINT('',(0.0417904112552667,-0.0598965206005764,0.00934));
#4704=CARTESIAN_POINT('',(0.0422345707195773,-0.0597849030456001,0.00934));
#4705=CARTESIAN_POINT('',(0.0428995738139366,-0.0595057092986879,0.00934));
#4706=CARTESIAN_POINT('',(0.0435313485018734,-0.0590179067498321,0.00934));
#4707=CARTESIAN_POINT('',(0.044009886500487,-0.0583864245207555,0.00934));
#4708=CARTESIAN_POINT('',(0.0442803115672541,-0.0577525106535188,0.00934));
#4709=CARTESIAN_POINT('',(0.0444146431627808,-0.0572168455708299,0.00934));
#4710=CARTESIAN_POINT('',(0.0444650008530046,-0.0568734224355146,0.00934));
#4711=CARTESIAN_POINT('',(0.0444857143847602,-0.0566265070869173,0.00934));
#4712=CARTESIAN_POINT('',(0.0444961112058894,-0.0564046884592595,0.00934));
#4713=CARTESIAN_POINT('',(0.0445,-0.0561730483561139,0.00934));
#4714=CARTESIAN_POINT('',(0.0445,-0.056,0.00934));
#4715=CARTESIAN_POINT('',(0.0445,-0.056,0.00934));
#4716=CARTESIAN_POINT('',(0.0445,6.93889390390723E-18,0.00934));
#4717=CARTESIAN_POINT('',(0.0445,0.056,0.00934));
#4718=CARTESIAN_POINT('',(0.0445,0.056,0.00934));
#4719=CARTESIAN_POINT('',(0.0445,0.0561697844731542,0.00934));
#4720=CARTESIAN_POINT('',(0.0444939600289841,0.0564820212068907,0.00934));
#4721=CARTESIAN_POINT('',(0.0444741177667052,0.0567794777215077,0.00934));
#4722=CARTESIAN_POINT('',(0.0444458148455215,0.0570058552596925,0.00934));
#4723=CARTESIAN_POINT('',(0.0443965206005783,0.0572904112552797,0.00934));
#4724=CARTESIAN_POINT('',(0.0442849030456029,0.0577345707195853,0.00934));
#4725=CARTESIAN_POINT('',(0.0440057092986735,0.0583995738139305,0.00934));
#4726=CARTESIAN_POINT('',(0.0435179067498178,0.0590313485018723,0.00934));
#4727=CARTESIAN_POINT('',(0.0428864245207698,0.0595098865004845,0.00934));
#4728=CARTESIAN_POINT('',(0.0422525106535546,0.0597803115672456,0.00934));
#4729=CARTESIAN_POINT('',(0.0417168455707932,0.059914643162789,0.00934));
#4730=CARTESIAN_POINT('',(0.0413734224354957,0.0599650008530117,0.00934));
#4731=CARTESIAN_POINT('',(0.0411265070869049,0.0599857143847589,0.00934));
#4732=CARTESIAN_POINT('',(0.0409046884591958,0.0599961112058901,0.00934));
#4733=CARTESIAN_POINT('',(0.0406730483560792,0.06,0.00934));
#4734=CARTESIAN_POINT('',(0.0405,0.06,0.00934));
#4735=CARTESIAN_POINT('',(-0.026945,0.00325249653753001,0.00934));
#4736=CARTESIAN_POINT('',(-0.026945,0.01107249653753,0.00934));
#4737=CARTESIAN_POINT('',(-0.026945,-0.00456750346246999,0.00934));
#4738=CARTESIAN_POINT('',(-0.019125,0.01107249653753,0.00934));
#4739=CARTESIAN_POINT('',(-0.011305,0.01107249653753,0.00934));
#4740=CARTESIAN_POINT('',(-0.011305,0.00325249653753001,0.00934));
#4741=CARTESIAN_POINT('',(-0.011305,-0.00456750346246999,0.00934));
#4742=CARTESIAN_POINT('',(-0.019125,-0.00456750346246999,0.00934));
#4743=CARTESIAN_POINT('',(-0.019125,-0.02361750346247,0.00934));
#4744=CARTESIAN_POINT('',(-0.026945,-0.02361750346247,0.00934));
#4745=CARTESIAN_POINT('',(-0.011305,-0.02361750346247,0.00934));
#4746=CARTESIAN_POINT('',(-0.026945,-0.01579750346247,0.00934));
#4747=CARTESIAN_POINT('',(-0.026945,-0.00797750346246998,0.00934));
#4748=CARTESIAN_POINT('',(-0.019125,-0.00797750346246998,0.00934));
#4749=CARTESIAN_POINT('',(-0.011305,-0.00797750346246998,0.00934));
#4750=CARTESIAN_POINT('',(-0.011305,-0.01579750346247,0.00934));
#4751=CARTESIAN_POINT('',(-0.019125,-0.04266750346247,0.00934));
#4752=CARTESIAN_POINT('',(-0.026945,-0.04266750346247,0.00934));
#4753=CARTESIAN_POINT('',(-0.011305,-0.04266750346247,0.00934));
#4754=CARTESIAN_POINT('',(-0.026945,-0.03484750346247,0.00934));
#4755=CARTESIAN_POINT('',(-0.026945,-0.02702750346247,0.00934));
#4756=CARTESIAN_POINT('',(-0.019125,-0.02702750346247,0.00934));
#4757=CARTESIAN_POINT('',(-0.011305,-0.02702750346247,0.00934));
#4758=CARTESIAN_POINT('',(-0.011305,-0.03484750346247,0.00934));
#4759=CARTESIAN_POINT('',(-7.49999999999848E-5,-0.00456750346246999,0.00934));
#4760=CARTESIAN_POINT('',(-0.007895,-0.00456750346246999,0.00934));
#4761=CARTESIAN_POINT('',(0.007745,-0.00456750346246999,0.00934));
#4762=CARTESIAN_POINT('',(-0.007895,0.00325249653753001,0.00934));
#4763=CARTESIAN_POINT('',(-0.007895,0.01107249653753,0.00934));
#4764=CARTESIAN_POINT('',(-7.49999999999848E-5,0.01107249653753,0.00934));
#4765=CARTESIAN_POINT('',(0.007745,0.01107249653753,0.00934));
#4766=CARTESIAN_POINT('',(0.007745,0.00325249653753001,0.00934));
#4767=CARTESIAN_POINT('',(-7.49999999999848E-5,-0.02361750346247,0.00934));
#4768=CARTESIAN_POINT('',(-0.007895,-0.02361750346247,0.00934));
#4769=CARTESIAN_POINT('',(0.007745,-0.02361750346247,0.00934));
#4770=CARTESIAN_POINT('',(-0.007895,-0.01579750346247,0.00934));
#4771=CARTESIAN_POINT('',(-0.007895,-0.00797750346246998,0.00934));
#4772=CARTESIAN_POINT('',(-7.49999999999848E-5,-0.00797750346246998,0.00934));
#4773=CARTESIAN_POINT('',(0.007745,-0.00797750346246998,0.00934));
#4774=CARTESIAN_POINT('',(0.007745,-0.01579750346247,0.00934));
#4775=CARTESIAN_POINT('',(-7.49999999999848E-5,-0.04266750346247,0.00934));
#4776=CARTESIAN_POINT('',(-0.007895,-0.04266750346247,0.00934));
#4777=CARTESIAN_POINT('',(0.007745,-0.04266750346247,0.00934));
#4778=CARTESIAN_POINT('',(-0.007895,-0.03484750346247,0.00934));
#4779=CARTESIAN_POINT('',(-0.007895,-0.02702750346247,0.00934));
#4780=CARTESIAN_POINT('',(-7.49999999999848E-5,-0.02702750346247,0.00934));
#4781=CARTESIAN_POINT('',(0.007745,-0.02702750346247,0.00934));
#4782=CARTESIAN_POINT('',(0.007745,-0.03484750346247,0.00934));
#4783=CARTESIAN_POINT('',(0.018975,-0.00456750346246999,0.00934));
#4784=CARTESIAN_POINT('',(0.011155,-0.00456750346246999,0.00934));
#4785=CARTESIAN_POINT('',(0.026795,-0.00456750346246999,0.00934));
#4786=CARTESIAN_POINT('',(0.011155,0.00325249653753001,0.00934));
#4787=CARTESIAN_POINT('',(0.011155,0.01107249653753,0.00934));
#4788=CARTESIAN_POINT('',(0.018975,0.01107249653753,0.00934));
#4789=CARTESIAN_POINT('',(0.026795,0.01107249653753,0.00934));
#4790=CARTESIAN_POINT('',(0.026795,0.00325249653753001,0.00934));
#4791=CARTESIAN_POINT('',(0.018975,-0.02361750346247,0.00934));
#4792=CARTESIAN_POINT('',(0.011155,-0.02361750346247,0.00934));
#4793=CARTESIAN_POINT('',(0.026795,-0.02361750346247,0.00934));
#4794=CARTESIAN_POINT('',(0.011155,-0.01579750346247,0.00934));
#4795=CARTESIAN_POINT('',(0.011155,-0.00797750346246998,0.00934));
#4796=CARTESIAN_POINT('',(0.018975,-0.00797750346246998,0.00934));
#4797=CARTESIAN_POINT('',(0.026795,-0.00797750346246998,0.00934));
#4798=CARTESIAN_POINT('',(0.026795,-0.01579750346247,0.00934));
#4799=CARTESIAN_POINT('',(0.018975,-0.04266750346247,0.00934));
#4800=CARTESIAN_POINT('',(0.011155,-0.04266750346247,0.00934));
#4801=CARTESIAN_POINT('',(0.026795,-0.04266750346247,0.00934));
#4802=CARTESIAN_POINT('',(0.011155,-0.03484750346247,0.00934));
#4803=CARTESIAN_POINT('',(0.011155,-0.02702750346247,0.00934));
#4804=CARTESIAN_POINT('',(0.018975,-0.02702750346247,0.00934));
#4805=CARTESIAN_POINT('',(0.026795,-0.02702750346247,0.00934));
#4806=CARTESIAN_POINT('',(0.026795,-0.03484750346247,0.00934));
#4807=CARTESIAN_POINT('',(-0.0279208350479603,0.0320908579528331,0.00934));
#4808=CARTESIAN_POINT('',(-0.0279208350479603,0.0340908579528332,0.00934));
#4809=CARTESIAN_POINT('',(-0.0299208350479603,0.0320908579528332,0.00934));
#4810=CARTESIAN_POINT('',(-0.0190192349255085,0.0340908579528332,0.00934));
#4811=CARTESIAN_POINT('',(-0.0101176348030567,0.0340908579528332,0.00934));
#4812=CARTESIAN_POINT('',(-0.0101176348030567,0.0320908579528332,0.00934));
#4813=CARTESIAN_POINT('',(-0.00811763480305672,0.0320908579528332,0.00934));
#4814=CARTESIAN_POINT('',(-0.00811763480305672,0.024788720998913,0.00934));
#4815=CARTESIAN_POINT('',(-0.00811763480305672,0.0174865840449929,0.00934));
#4816=CARTESIAN_POINT('',(-0.0101176348030567,0.0174865840449929,0.00934));
#4817=CARTESIAN_POINT('',(-0.0101176348030567,0.0154865840449929,0.00934));
#4818=CARTESIAN_POINT('',(-0.0190192349255085,0.0154865840449929,0.00934));
#4819=CARTESIAN_POINT('',(-0.0279208350479603,0.0154865840449929,0.00934));
#4820=CARTESIAN_POINT('',(-0.0279208350479603,0.0174865840449929,0.00934));
#4821=CARTESIAN_POINT('',(-0.0299208350479603,0.0174865840449929,0.00934));
#4822=CARTESIAN_POINT('',(-0.0299208350479603,0.024788720998913,0.00934));
#4823=CARTESIAN_POINT('',(0.01681875,0.03754374653753,0.00934));
#4824=CARTESIAN_POINT('',(0.01681875,0.03554374653753,0.00934));
#4825=CARTESIAN_POINT('',(0.01881875,0.03754374653753,0.00934));
#4826=CARTESIAN_POINT('',(0.00591875,0.03554374653753,0.00934));
#4827=CARTESIAN_POINT('',(-0.00498125,0.03554374653753,0.00934));
#4828=CARTESIAN_POINT('',(-0.00498125,0.03754374653753,0.00934));
#4829=CARTESIAN_POINT('',(-0.00698125,0.03754374653753,0.00934));
#4830=CARTESIAN_POINT('',(-0.00698125,0.04119374653753,0.00934));
#4831=CARTESIAN_POINT('',(-0.00698125,0.04484374653753,0.00934));
#4832=CARTESIAN_POINT('',(-0.00498125,0.04484374653753,0.00934));
#4833=CARTESIAN_POINT('',(-0.00498125,0.04684374653753,0.00934));
#4834=CARTESIAN_POINT('',(0.00591875,0.04684374653753,0.00934));
#4835=CARTESIAN_POINT('',(0.01681875,0.04684374653753,0.00934));
#4836=CARTESIAN_POINT('',(0.01681875,0.04484374653753,0.00934));
#4837=CARTESIAN_POINT('',(0.01881875,0.04484374653753,0.00934));
#4838=CARTESIAN_POINT('',(0.01881875,0.04119374653753,0.00934));
#4839=CARTESIAN_POINT('',(0.01885625,0.02454124653753,0.00934));
#4840=CARTESIAN_POINT('',(0.02323125,0.02454124653753,0.00934));
#4841=CARTESIAN_POINT('',(0.0395,-0.055,0.00934));
#4842=CARTESIAN_POINT('',(0.041,-0.055,0.00934));
#4843=CARTESIAN_POINT('',(-0.0395,0.055,0.00934));
#4844=CARTESIAN_POINT('',(-0.038,0.055,0.00934));
#4845=CARTESIAN_POINT('',(0.0277343482140458,0.0275528901256324,0.00934));
#4846=CARTESIAN_POINT('',(0.0292738188238904,0.0301277746359404,0.00934));
#4847=CARTESIAN_POINT('',(0.0248933567855512,0.0265891641774396,0.00934));
#4848=CARTESIAN_POINT('',(0.0209781477303504,0.0350875861483857,0.00934));
#4849=CARTESIAN_POINT('',(0.0370394706098447,0.0254848507910436,0.00934));
#4850=CARTESIAN_POINT('',(0.0355,0.0229099662807356,0.00934));
#4851=CARTESIAN_POINT('',(0.0385,0.0229099662807356,0.00934));
#4852=CARTESIAN_POINT('',(0.0385,0.,0.00934));
#4853=CARTESIAN_POINT('',(0.0385,0.01507249653753,0.00934));
#4854=CARTESIAN_POINT('',(0.0355,0.01507249653753,0.00934));
#4855=CARTESIAN_POINT('',(0.0355,0.01207249653753,0.00934));
#4856=CARTESIAN_POINT('',(0.,0.01207249653753,0.00934));
#4857=CARTESIAN_POINT('',(0.0297883314835363,0.01207249653753,0.00934));
#4858=CARTESIAN_POINT('',(0.0297883314835363,0.01507249653753,0.00934));
#4859=CARTESIAN_POINT('',(0.0279899293975864,0.0126712989327396,0.00934));
#4860=CARTESIAN_POINT('',(0.026785,0.01106249653753,0.00934));
#4861=CARTESIAN_POINT('',(0.026785,0.01307249653753,0.00934));
#4862=CARTESIAN_POINT('',(0.,0.01307249653753,0.00934));
#4863=CARTESIAN_POINT('',(0.026495483337048,0.01307249653753,0.00934));
#4864=CARTESIAN_POINT('',(0.026495483337048,0.01607249653753,0.00934));
#4865=CARTESIAN_POINT('',(0.0235752608349018,0.0153852552858875,0.00934));
#4866=CARTESIAN_POINT('',(0.0257688186077835,0.00606439925051841,0.00934));
#4867=CARTESIAN_POINT('',(0.0230257999705314,0.0177200219727651,0.00934));
#4868=CARTESIAN_POINT('',(0.0259460224726776,0.0184072632244077,0.00934));
#4869=CARTESIAN_POINT('',(0.0236772952814207,0.0203701378846068,0.00934));
#4870=CARTESIAN_POINT('',(0.01885625,0.02454124653753,0.00934));
#4871=CARTESIAN_POINT('',(0.00582786013465375,0.03054374653753,0.00934));
#4872=CARTESIAN_POINT('',(0.00582786013465375,0.03354374653753,0.00934));
#4873=CARTESIAN_POINT('',(0.00282786013465374,0.03054374653753,0.00934));
#4874=CARTESIAN_POINT('',(0.,0.03354374653753,0.00934));
#4875=CARTESIAN_POINT('',(0.0114336332000146,0.03354374653753,0.00934));
#4876=CARTESIAN_POINT('',(0.0114336332000146,0.03054374653753,0.00934));
#4877=CARTESIAN_POINT('',(0.0125620673318872,0.0277640637480691,0.00934));
#4878=CARTESIAN_POINT('',(-0.00789901693391625,0.0194577253600364,0.00934));
#4879=CARTESIAN_POINT('',(0.0069562942665263,0.0254883559995199,0.00934));
#4880=CARTESIAN_POINT('',(0.00582786013465375,0.0282680387889808,0.00934));
#4881=CARTESIAN_POINT('',(0.00282786013465374,0.0282680387889808,0.00934));
#4882=CARTESIAN_POINT('',(0.00282786013465374,-9.27917031677165E-20,0.00934));
#4883=CARTESIAN_POINT('',(-0.0355,0.0496142208832021,0.00934));
#4884=CARTESIAN_POINT('',(-0.0372887228820154,0.0520226374691263,0.00934));
#4885=CARTESIAN_POINT('',(-0.0385,0.0496142208832021,0.00934));
#4886=CARTESIAN_POINT('',(-0.0395,0.055,0.00934));
#4887=CARTESIAN_POINT('',(-0.0365226374691263,0.0527887228820153,0.00934));
#4888=CARTESIAN_POINT('',(-0.0341142208832021,0.051,0.00934));
#4889=CARTESIAN_POINT('',(-0.0341142208832021,0.054,0.00934));
#4890=CARTESIAN_POINT('',(0.,0.054,0.00934));
#4891=CARTESIAN_POINT('',(-0.0285060714377092,0.054,0.00934));
#4892=CARTESIAN_POINT('',(-0.0285060714377092,0.051,0.00934));
#4893=CARTESIAN_POINT('',(-0.025934777870678,0.0494545391004157,0.00934));
#4894=CARTESIAN_POINT('',(-0.0408881343297181,0.0245755730398715,0.00934));
#4895=CARTESIAN_POINT('',(-0.027989606755268,0.0460357736734045,0.00934));
#4896=CARTESIAN_POINT('',(-0.0305609003222992,0.0475812345729887,0.00934));
#4897=CARTESIAN_POINT('',(-0.0313981110846419,0.0447004225104936,0.00934));
#4898=CARTESIAN_POINT('',(0.00953366126298018,0.0328049848395245,0.00934));
#4899=CARTESIAN_POINT('',(-0.0363372107623426,0.0461358050751141,0.00934));
#4900=CARTESIAN_POINT('',(-0.0355,0.0490166171376092,0.00934));
#4901=CARTESIAN_POINT('',(-0.0385,0.0490166171376092,0.00934));
#4902=CARTESIAN_POINT('',(-0.0385,0.,0.00934));
#4903=CARTESIAN_POINT('',(-0.0330671896066303,0.0399786186568903,0.00934));
#4904=CARTESIAN_POINT('',(-0.0300856195038717,0.0396465949795184,0.00934));
#4905=CARTESIAN_POINT('',(-0.0322299788442877,0.0428594307193855,0.00934));
#4906=CARTESIAN_POINT('',(-0.0340780184475563,0.00379488276731694,0.00934));
#4907=CARTESIAN_POINT('',(-0.0304888970518166,0.0360251656598275,0.00934));
#4908=CARTESIAN_POINT('',(-0.0334704671545752,0.0363571893371995,0.00934));
#4909=CARTESIAN_POINT('',(-0.0310920533945974,0.0345287616010425,0.00934));
#4910=CARTESIAN_POINT('',(-0.0279208350479603,0.0320908579528331,0.00934));
#4911=CARTESIAN_POINT('',(-0.0316856306190566,0.033442269921055,0.00934));
#4912=CARTESIAN_POINT('',(-0.0345092272973789,0.0344558288972215,0.00934));
#4913=CARTESIAN_POINT('',(-0.0333116632122247,0.0317052216439138,0.00934));
#4914=CARTESIAN_POINT('',(-0.0169124609531224,0.0388451343403063,0.00934));
#4915=CARTESIAN_POINT('',(-0.0343024359148458,0.0312738573319847,0.00934));
#4916=CARTESIAN_POINT('',(-0.0355,0.0340244645852924,0.00934));
#4917=CARTESIAN_POINT('',(-0.0385,0.0340244645852924,0.00934));
#4918=CARTESIAN_POINT('',(-0.0385,0.,0.00934));
#4919=CARTESIAN_POINT('',(-0.0385,0.0406856328597898,0.00934));
#4920=CARTESIAN_POINT('',(-0.0355,0.0406856328597898,0.00934));
#4921=CARTESIAN_POINT('',(-0.0346627892376574,0.043566444922285,0.00934));
#4922=CARTESIAN_POINT('',(0.00897552075475177,0.0308844434645278,0.00934));
#4923=CARTESIAN_POINT('',(6.93889390390723E-18,0.,0.00834));
#4924=CARTESIAN_POINT('',(0.00411705382546644,0.0471317766825576,0.00834));
#4925=CARTESIAN_POINT('',(0.0225189741491936,0.0455243325801423,0.00834));
#4926=CARTESIAN_POINT('',(0.0352389381781123,0.0444132185876066,0.00834));
#4927=CARTESIAN_POINT('',(0.0355,0.047401838122635,0.00834));
#4928=CARTESIAN_POINT('',(0.0385,0.047401838122635,0.00834));
#4929=CARTESIAN_POINT('',(0.0385,0.,0.00834));
#4930=CARTESIAN_POINT('',(0.0385,0.0496142208832021,0.00834));
#4931=CARTESIAN_POINT('',(0.0355,0.0496142208832021,0.00834));
#4932=CARTESIAN_POINT('',(0.0372887228820154,0.0520226374691263,0.00834));
#4933=CARTESIAN_POINT('',(0.0395,0.055,0.00834));
#4934=CARTESIAN_POINT('',(0.0365226374691263,0.0527887228820153,0.00834));
#4935=CARTESIAN_POINT('',(0.0341142208832021,0.051,0.00834));
#4936=CARTESIAN_POINT('',(0.0341142208832021,0.054,0.00834));
#4937=CARTESIAN_POINT('',(6.93889390390723E-18,0.054,0.00834));
#4938=CARTESIAN_POINT('',(0.0235729418727949,0.054,0.00834));
#4939=CARTESIAN_POINT('',(0.0235729418727949,0.051,0.00834));
#4940=CARTESIAN_POINT('',(0.0209266457481687,0.0524131938369484,0.00834));
#4941=CARTESIAN_POINT('',(-0.00549603389703139,0.00293503102644709,0.00834));
#4942=CARTESIAN_POINT('',(0.0198359875151051,0.0503708663232082,0.00834));
#4943=CARTESIAN_POINT('',(0.0224822836397312,0.0489576724862598,0.00834));
#4944=CARTESIAN_POINT('',(0.0200550549369893,0.0471945613653756,0.00834));
#4945=CARTESIAN_POINT('',(0.01681875,0.04484374653753,0.00834));
#4946=CARTESIAN_POINT('',(0.0202251991263322,0.0469404354390389,0.00834));
#4947=CARTESIAN_POINT('',(0.0227800359710813,0.0485129521151706,0.00834));
#4948=CARTESIAN_POINT('',(6.93889390390723E-18,0.054,0.00834));
#4949=CARTESIAN_POINT('',(-0.0341142208832021,0.054,0.00834));
#4950=CARTESIAN_POINT('',(-0.0285060714377092,0.054,0.00834));
#4951=CARTESIAN_POINT('',(-0.0341142208832021,0.051,0.00834));
#4952=CARTESIAN_POINT('',(-0.0365226374691263,0.0527887228820153,0.00834));
#4953=CARTESIAN_POINT('',(-0.0395,0.055,0.00834));
#4954=CARTESIAN_POINT('',(-0.0372887228820154,0.0520226374691263,0.00834));
#4955=CARTESIAN_POINT('',(-0.0355,0.0496142208832021,0.00834));
#4956=CARTESIAN_POINT('',(-0.0385,0.0496142208832021,0.00834));
#4957=CARTESIAN_POINT('',(-0.0385,0.,0.00834));
#4958=CARTESIAN_POINT('',(-0.0385,0.0490166171376092,0.00834));
#4959=CARTESIAN_POINT('',(-0.0355,0.0490166171376092,0.00834));
#4960=CARTESIAN_POINT('',(-0.0363372107623426,0.0461358050751141,0.00834));
#4961=CARTESIAN_POINT('',(0.00953366126298018,0.0328049848395245,0.00834));
#4962=CARTESIAN_POINT('',(-0.0313981110846419,0.0447004225104936,0.00834));
#4963=CARTESIAN_POINT('',(-0.0305609003222992,0.0475812345729887,0.00834));
#4964=CARTESIAN_POINT('',(-0.027989606755268,0.0460357736734045,0.00834));
#4965=CARTESIAN_POINT('',(-0.040888134329718,0.0245755730398715,0.00834));
#4966=CARTESIAN_POINT('',(-0.025934777870678,0.0494545391004157,0.00834));
#4967=CARTESIAN_POINT('',(-0.0285060714377092,0.051,0.00834));
#4968=CARTESIAN_POINT('',(6.93889390390723E-18,0.03354374653753,0.00834));
#4969=CARTESIAN_POINT('',(-0.00311763480305672,0.03354374653753,0.00834));
#4970=CARTESIAN_POINT('',(-0.00217213986534626,0.03354374653753,0.00834));
#4971=CARTESIAN_POINT('',(-0.00311763480305672,0.03054374653753,0.00834));
#4972=CARTESIAN_POINT('',(-0.00611763480305672,0.03054374653753,0.00834));
#4973=CARTESIAN_POINT('',(-0.00611763480305672,0.,0.00834));
#4974=CARTESIAN_POINT('',(-0.00611763480305672,0.0190216734699534,0.00834));
#4975=CARTESIAN_POINT('',(-0.00311763480305672,0.0190216734699534,0.00834));
#4976=CARTESIAN_POINT('',(-0.00474359281237572,0.016500510930185,0.00834));
#4977=CARTESIAN_POINT('',(0.00612219933513161,0.00949290174547215,0.00834));
#4978=CARTESIAN_POINT('',(-0.00379809787466525,0.0158907386356617,0.00834));
#4979=CARTESIAN_POINT('',(-0.00217213986534626,0.0184119011754301,0.00834));
#4980=CARTESIAN_POINT('',(0.000827860134653746,0.0184119011754301,0.00834));
#4981=CARTESIAN_POINT('',(0.000827860134653746,-3.19002741719026E-20,0.00834));
#4982=CARTESIAN_POINT('',(0.000827860134653747,0.03054374653753,0.00834));
#4983=CARTESIAN_POINT('',(-0.00217213986534626,0.03054374653753,0.00834));
#4984=CARTESIAN_POINT('',(6.93889390390723E-18,0.03354374653753,0.00834));
#4985=CARTESIAN_POINT('',(0.00582786013465375,0.03354374653753,0.00834));
#4986=CARTESIAN_POINT('',(0.0114336332000146,0.03354374653753,0.00834));
#4987=CARTESIAN_POINT('',(0.00582786013465375,0.03054374653753,0.00834));
#4988=CARTESIAN_POINT('',(0.00282786013465374,0.03054374653753,0.00834));
#4989=CARTESIAN_POINT('',(0.00282786013465374,-9.27917031677163E-20,0.00834));
#4990=CARTESIAN_POINT('',(0.00282786013465374,0.0282680387889808,0.00834));
#4991=CARTESIAN_POINT('',(0.00582786013465375,0.0282680387889808,0.00834));
#4992=CARTESIAN_POINT('',(0.0069562942665263,0.0254883559995199,0.00834));
#4993=CARTESIAN_POINT('',(-0.00789901693391624,0.0194577253600364,0.00834));
#4994=CARTESIAN_POINT('',(0.0125620673318872,0.0277640637480692,0.00834));
#4995=CARTESIAN_POINT('',(0.0114336332000146,0.03054374653753,0.00834));
#4996=CARTESIAN_POINT('',(0.02081875,0.,0.00834));
#4997=CARTESIAN_POINT('',(0.02081875,0.0392147523374219,0.00834));
#4998=CARTESIAN_POINT('',(0.02081875,0.0403917549228421,0.00834));
#4999=CARTESIAN_POINT('',(0.02381875,0.0392147523374219,0.00834));
#5000=CARTESIAN_POINT('',(0.0222792793901553,0.0366398678271138,0.00834));
#5001=CARTESIAN_POINT('',(0.022004461470247,0.0368041758219244,0.00834));
#5002=CARTESIAN_POINT('',(0.0339605293901553,0.0296558881615183,0.00834));
#5003=CARTESIAN_POINT('',(0.0355,0.0322307726718263,0.00834));
#5004=CARTESIAN_POINT('',(0.0385,0.0322307726718263,0.00834));
#5005=CARTESIAN_POINT('',(0.0385,0.,0.00834));
#5006=CARTESIAN_POINT('',(0.0385,0.0393713746532282,0.00834));
#5007=CARTESIAN_POINT('',(0.0355,0.0393713746532282,0.00834));
#5008=CARTESIAN_POINT('',(0.0357610618218877,0.0423599941882565,0.00834));
#5009=CARTESIAN_POINT('',(0.00394301261087465,0.0451393636592054,0.00834));
#5010=CARTESIAN_POINT('',(0.0240798118218877,0.0433803744578704,0.00834));
#5011=CARTESIAN_POINT('',(0.02381875,0.0403917549228421,0.00834));
#5012=CARTESIAN_POINT('',(-0.0278169561246946,0.0127641321374614,0.00834));
#5013=CARTESIAN_POINT('',(-0.0127363514051478,0.0456293920156727,0.00834));
#5014=CARTESIAN_POINT('',(-0.0108460924168967,0.0497488457140694,0.00834));
#5015=CARTESIAN_POINT('',(-0.0135727410838132,0.051,0.00834));
#5016=CARTESIAN_POINT('',(-0.0135727410838132,0.054,0.00834));
#5017=CARTESIAN_POINT('',(6.93889390390723E-18,0.054,0.00834));
#5018=CARTESIAN_POINT('',(-0.0191722480626872,0.054,0.00834));
#5019=CARTESIAN_POINT('',(-0.0191722480626872,0.051,0.00834));
#5020=CARTESIAN_POINT('',(-0.0217435416297184,0.0525454608995842,0.00834));
#5021=CARTESIAN_POINT('',(-0.0391739386183639,0.023545265773482,0.00834));
#5022=CARTESIAN_POINT('',(-0.0242195150853167,0.0484260072011876,0.00834));
#5023=CARTESIAN_POINT('',(-0.0216482215182854,0.0468805463016033,0.00834));
#5024=CARTESIAN_POINT('',(-0.0216482215182854,0.0438805463016033,0.00834));
#5025=CARTESIAN_POINT('',(6.93889390390723E-18,0.0438805463016033,0.00834));
#5026=CARTESIAN_POINT('',(-0.0154630000720642,0.0438805463016033,0.00834));
#5027=CARTESIAN_POINT('',(-0.0154630000720642,0.0468805463016033,0.00834));
#5028=CARTESIAN_POINT('',(-0.0319208350479603,0.,0.00834));
#5029=CARTESIAN_POINT('',(-0.0319208350479603,0.0189525392731038,0.00834));
#5030=CARTESIAN_POINT('',(-0.0319208350479603,0.0255512764098338,0.00834));
#5031=CARTESIAN_POINT('',(-0.0349208350479603,0.0255512764098338,0.00834));
#5032=CARTESIAN_POINT('',(-0.0361183991331145,0.0283018836631415,0.00834));
#5033=CARTESIAN_POINT('',(-0.0161140848963529,0.0370113961714345,0.00834));
#5034=CARTESIAN_POINT('',(-0.0366975640851543,0.0280497258368619,0.00834));
#5035=CARTESIAN_POINT('',(-0.0355,0.0252991185835542,0.00834));
#5036=CARTESIAN_POINT('',(-0.0385,0.0252991185835542,0.00834));
#5037=CARTESIAN_POINT('',(-0.0385,0.,0.00834));
#5038=CARTESIAN_POINT('',(-0.0385,0.0185647377578113,0.00834));
#5039=CARTESIAN_POINT('',(-0.0355,0.0185647377578113,0.00834));
#5040=CARTESIAN_POINT('',(-0.033830862393163,0.0160719522376667,0.00834));
#5041=CARTESIAN_POINT('',(-0.0179028536713347,0.0267371451091691,0.00834));
#5042=CARTESIAN_POINT('',(-0.0332516974411233,0.0164597537529593,0.00834));
#5043=CARTESIAN_POINT('',(-0.0349208350479603,0.0189525392731038,0.00834));
#5044=CARTESIAN_POINT('',(0.0259460224726776,0.0184072632244077,0.00834));
#5045=CARTESIAN_POINT('',(0.0236772952814207,0.0203701378846068,0.00834));
#5046=CARTESIAN_POINT('',(0.0230257999705314,0.0177200219727651,0.00834));
#5047=CARTESIAN_POINT('',(0.0257688186077835,0.00606439925051841,0.00834));
#5048=CARTESIAN_POINT('',(0.0235752608349018,0.0153852552858875,0.00834));
#5049=CARTESIAN_POINT('',(0.026495483337048,0.01607249653753,0.00834));
#5050=CARTESIAN_POINT('',(0.026495483337048,0.01307249653753,0.00834));
#5051=CARTESIAN_POINT('',(6.93889390390723E-18,0.01307249653753,0.00834));
#5052=CARTESIAN_POINT('',(0.026785,0.01307249653753,0.00834));
#5053=CARTESIAN_POINT('',(0.026785,0.01106249653753,0.00834));
#5054=CARTESIAN_POINT('',(0.0279899293975864,0.0126712989327396,0.00834));
#5055=CARTESIAN_POINT('',(0.0297883314835363,0.01507249653753,0.00834));
#5056=CARTESIAN_POINT('',(0.0297883314835363,0.01207249653753,0.00834));
#5057=CARTESIAN_POINT('',(6.93889390390723E-18,0.01207249653753,0.00834));
#5058=CARTESIAN_POINT('',(0.0355,0.01207249653753,0.00834));
#5059=CARTESIAN_POINT('',(0.0355,0.01507249653753,0.00834));
#5060=CARTESIAN_POINT('',(0.0385,0.01507249653753,0.00834));
#5061=CARTESIAN_POINT('',(0.0385,0.,0.00834));
#5062=CARTESIAN_POINT('',(0.0385,0.0229099662807356,0.00834));
#5063=CARTESIAN_POINT('',(0.0355,0.0229099662807356,0.00834));
#5064=CARTESIAN_POINT('',(0.0370394706098447,0.0254848507910436,0.00834));
#5065=CARTESIAN_POINT('',(0.0209781477303504,0.0350875861483857,0.00834));
#5066=CARTESIAN_POINT('',(0.0292738188238904,0.0301277746359404,0.00834));
#5067=CARTESIAN_POINT('',(0.0277343482140458,0.0275528901256324,0.00834));
#5068=CARTESIAN_POINT('',(0.0248933567855512,0.0265891641774396,0.00834));
#5069=CARTESIAN_POINT('',(0.01885625,0.02454124653753,0.00834));
#5070=CARTESIAN_POINT('',(0.0395,-0.055,0.00834));
#5071=CARTESIAN_POINT('',(0.041,-0.055,0.00834));
#5072=CARTESIAN_POINT('',(0.0395,0.055,0.00834));
#5073=CARTESIAN_POINT('',(0.041,0.055,0.00834));
#5074=CARTESIAN_POINT('',(-0.0445,-6.93889390390723E-18,0.00834));
#5075=CARTESIAN_POINT('',(-0.0445,-0.056,0.00834));
#5076=CARTESIAN_POINT('',(-0.0445,0.056,0.00834));
#5077=CARTESIAN_POINT('',(-0.0445,0.056,0.00834));
#5078=CARTESIAN_POINT('',(-0.0445,0.056169784473146,0.00834));
#5079=CARTESIAN_POINT('',(-0.0444939600289844,0.0564820212068715,0.00834));
#5080=CARTESIAN_POINT('',(-0.0444741177667044,0.056779477721502,0.00834));
#5081=CARTESIAN_POINT('',(-0.044445814845523,0.0570058552596883,0.00834));
#5082=CARTESIAN_POINT('',(-0.0443965206005847,0.0572904112552536,0.00834));
#5083=CARTESIAN_POINT('',(-0.0442849030456042,0.057734570719576,0.00834));
#5084=CARTESIAN_POINT('',(-0.0440057092986852,0.0583995738139215,0.00834));
#5085=CARTESIAN_POINT('',(-0.0435179067498206,0.0590313485018652,0.00834));
#5086=CARTESIAN_POINT('',(-0.0428864245207895,0.0595098865004765,0.00834));
#5087=CARTESIAN_POINT('',(-0.0422525106535589,0.0597803115672369,0.00834));
#5088=CARTESIAN_POINT('',(-0.0417168455708123,0.0599146431627883,0.00834));
#5089=CARTESIAN_POINT('',(-0.0413734224355157,0.0599650008530089,0.00834));
#5090=CARTESIAN_POINT('',(-0.0411265070869038,0.0599857143847593,0.00834));
#5091=CARTESIAN_POINT('',(-0.040904688459208,0.0599961112058898,0.00834));
#5092=CARTESIAN_POINT('',(-0.0406730483560848,0.06,0.00834));
#5093=CARTESIAN_POINT('',(-0.0405,0.06,0.00834));
#5094=CARTESIAN_POINT('',(-0.0405,0.06,0.00834));
#5095=CARTESIAN_POINT('',(-1.38777878078145E-17,0.06,0.00834));
#5096=CARTESIAN_POINT('',(0.0405,0.06,0.00834));
#5097=CARTESIAN_POINT('',(0.0405,0.06,0.00834));
#5098=CARTESIAN_POINT('',(0.0406697844731481,0.06,0.00834));
#5099=CARTESIAN_POINT('',(0.0409820212068761,0.0599939600289844,0.00834));
#5100=CARTESIAN_POINT('',(0.0412794777215043,0.0599741177667045,0.00834));
#5101=CARTESIAN_POINT('',(0.0415058552596879,0.0599458148455228,0.00834));
#5102=CARTESIAN_POINT('',(0.0417904112552541,0.0598965206005839,0.00834));
#5103=CARTESIAN_POINT('',(0.0422345707195775,0.0597849030456031,0.00834));
#5104=CARTESIAN_POINT('',(0.0428995738139095,0.0595057092986911,0.00834));
#5105=CARTESIAN_POINT('',(0.0435313485018538,0.0590179067498262,0.00834));
#5106=CARTESIAN_POINT('',(0.0440098865004856,0.0583864245207844,0.00834));
#5107=CARTESIAN_POINT('',(0.0442803115672436,0.0577525106535601,0.00834));
#5108=CARTESIAN_POINT('',(0.0444146431627862,0.0572168455708066,0.00834));
#5109=CARTESIAN_POINT('',(0.0444650008530081,0.0568734224355053,0.00834));
#5110=CARTESIAN_POINT('',(0.0444857143847595,0.0566265070869107,0.00834));
#5111=CARTESIAN_POINT('',(0.0444961112058898,0.0564046884592266,0.00834));
#5112=CARTESIAN_POINT('',(0.0445,0.0561730483560959,0.00834));
#5113=CARTESIAN_POINT('',(0.0445,0.056,0.00834));
#5114=CARTESIAN_POINT('',(0.0445,0.056,0.00834));
#5115=CARTESIAN_POINT('',(0.0445,6.93889390390723E-18,0.00834));
#5116=CARTESIAN_POINT('',(0.0445,-0.056,0.00834));
#5117=CARTESIAN_POINT('',(0.0445,-0.056,0.00834));
#5118=CARTESIAN_POINT('',(0.0445,-0.056169784473146,0.00834));
#5119=CARTESIAN_POINT('',(0.0444939600289844,-0.0564820212068715,0.00834));
#5120=CARTESIAN_POINT('',(0.0444741177667044,-0.056779477721502,0.00834));
#5121=CARTESIAN_POINT('',(0.044445814845523,-0.0570058552596883,0.00834));
#5122=CARTESIAN_POINT('',(0.0443965206005847,-0.0572904112552536,0.00834));
#5123=CARTESIAN_POINT('',(0.0442849030456042,-0.057734570719576,0.00834));
#5124=CARTESIAN_POINT('',(0.0440057092986851,-0.0583995738139215,0.00834));
#5125=CARTESIAN_POINT('',(0.0435179067498206,-0.0590313485018652,0.00834));
#5126=CARTESIAN_POINT('',(0.0428864245207894,-0.0595098865004765,0.00834));
#5127=CARTESIAN_POINT('',(0.0422525106535589,-0.0597803115672369,0.00834));
#5128=CARTESIAN_POINT('',(0.0417168455708123,-0.0599146431627883,0.00834));
#5129=CARTESIAN_POINT('',(0.0413734224355157,-0.0599650008530089,0.00834));
#5130=CARTESIAN_POINT('',(0.0411265070869038,-0.0599857143847593,0.00834));
#5131=CARTESIAN_POINT('',(0.040904688459208,-0.0599961112058898,0.00834));
#5132=CARTESIAN_POINT('',(0.0406730483560848,-0.06,0.00834));
#5133=CARTESIAN_POINT('',(0.0405,-0.06,0.00834));
#5134=CARTESIAN_POINT('',(0.0405,-0.06,0.00834));
#5135=CARTESIAN_POINT('',(1.38777878078145E-17,-0.06,0.00834));
#5136=CARTESIAN_POINT('',(-0.0405,-0.06,0.00834));
#5137=CARTESIAN_POINT('',(-0.0405,-0.06,0.00834));
#5138=CARTESIAN_POINT('',(-0.0406697844731481,-0.06,0.00834));
#5139=CARTESIAN_POINT('',(-0.0409820212068761,-0.0599939600289844,0.00834));
#5140=CARTESIAN_POINT('',(-0.0412794777215043,-0.0599741177667045,0.00834));
#5141=CARTESIAN_POINT('',(-0.0415058552596879,-0.0599458148455228,0.00834));
#5142=CARTESIAN_POINT('',(-0.041790411255254,-0.0598965206005839,0.00834));
#5143=CARTESIAN_POINT('',(-0.0422345707195775,-0.0597849030456031,0.00834));
#5144=CARTESIAN_POINT('',(-0.0428995738139095,-0.0595057092986911,0.00834));
#5145=CARTESIAN_POINT('',(-0.0435313485018538,-0.0590179067498262,0.00834));
#5146=CARTESIAN_POINT('',(-0.0440098865004856,-0.0583864245207844,0.00834));
#5147=CARTESIAN_POINT('',(-0.0442803115672435,-0.0577525106535601,0.00834));
#5148=CARTESIAN_POINT('',(-0.0444146431627862,-0.0572168455708066,0.00834));
#5149=CARTESIAN_POINT('',(-0.0444650008530081,-0.0568734224355053,0.00834));
#5150=CARTESIAN_POINT('',(-0.0444857143847595,-0.0566265070869107,0.00834));
#5151=CARTESIAN_POINT('',(-0.0444961112058898,-0.0564046884592266,0.00834));
#5152=CARTESIAN_POINT('',(-0.0445,-0.0561730483560959,0.00834));
#5153=CARTESIAN_POINT('',(-0.0445,-0.056,0.00834));
#5154=CARTESIAN_POINT('',(-0.026945,0.00325249653753001,0.00834));
#5155=CARTESIAN_POINT('',(-0.026945,0.01107249653753,0.00834));
#5156=CARTESIAN_POINT('',(-0.026945,-0.00456750346246999,0.00834));
#5157=CARTESIAN_POINT('',(-0.019125,-0.00456750346246999,0.00834));
#5158=CARTESIAN_POINT('',(-0.011305,-0.00456750346246999,0.00834));
#5159=CARTESIAN_POINT('',(-0.011305,0.00325249653753001,0.00834));
#5160=CARTESIAN_POINT('',(-0.011305,0.01107249653753,0.00834));
#5161=CARTESIAN_POINT('',(-0.019125,0.01107249653753,0.00834));
#5162=CARTESIAN_POINT('',(-0.019125,-0.02361750346247,0.00834));
#5163=CARTESIAN_POINT('',(-0.026945,-0.02361750346247,0.00834));
#5164=CARTESIAN_POINT('',(-0.011305,-0.02361750346247,0.00834));
#5165=CARTESIAN_POINT('',(-0.011305,-0.01579750346247,0.00834));
#5166=CARTESIAN_POINT('',(-0.011305,-0.00797750346246998,0.00834));
#5167=CARTESIAN_POINT('',(-0.019125,-0.00797750346246998,0.00834));
#5168=CARTESIAN_POINT('',(-0.026945,-0.00797750346246998,0.00834));
#5169=CARTESIAN_POINT('',(-0.026945,-0.01579750346247,0.00834));
#5170=CARTESIAN_POINT('',(-0.019125,-0.04266750346247,0.00834));
#5171=CARTESIAN_POINT('',(-0.026945,-0.04266750346247,0.00834));
#5172=CARTESIAN_POINT('',(-0.011305,-0.04266750346247,0.00834));
#5173=CARTESIAN_POINT('',(-0.011305,-0.03484750346247,0.00834));
#5174=CARTESIAN_POINT('',(-0.011305,-0.02702750346247,0.00834));
#5175=CARTESIAN_POINT('',(-0.019125,-0.02702750346247,0.00834));
#5176=CARTESIAN_POINT('',(-0.026945,-0.02702750346247,0.00834));
#5177=CARTESIAN_POINT('',(-0.026945,-0.03484750346247,0.00834));
#5178=CARTESIAN_POINT('',(-7.49999999999848E-5,-0.00456750346246999,0.00834));
#5179=CARTESIAN_POINT('',(-0.007895,-0.00456750346246999,0.00834));
#5180=CARTESIAN_POINT('',(0.007745,-0.00456750346246999,0.00834));
#5181=CARTESIAN_POINT('',(0.007745,0.00325249653753001,0.00834));
#5182=CARTESIAN_POINT('',(0.007745,0.01107249653753,0.00834));
#5183=CARTESIAN_POINT('',(-7.49999999999848E-5,0.01107249653753,0.00834));
#5184=CARTESIAN_POINT('',(-0.007895,0.01107249653753,0.00834));
#5185=CARTESIAN_POINT('',(-0.007895,0.00325249653753001,0.00834));
#5186=CARTESIAN_POINT('',(-7.49999999999848E-5,-0.02361750346247,0.00834));
#5187=CARTESIAN_POINT('',(-0.007895,-0.02361750346247,0.00834));
#5188=CARTESIAN_POINT('',(0.007745,-0.02361750346247,0.00834));
#5189=CARTESIAN_POINT('',(0.007745,-0.01579750346247,0.00834));
#5190=CARTESIAN_POINT('',(0.007745,-0.00797750346246998,0.00834));
#5191=CARTESIAN_POINT('',(-7.49999999999848E-5,-0.00797750346246998,0.00834));
#5192=CARTESIAN_POINT('',(-0.007895,-0.00797750346246998,0.00834));
#5193=CARTESIAN_POINT('',(-0.007895,-0.01579750346247,0.00834));
#5194=CARTESIAN_POINT('',(-7.49999999999848E-5,-0.04266750346247,0.00834));
#5195=CARTESIAN_POINT('',(-0.007895,-0.04266750346247,0.00834));
#5196=CARTESIAN_POINT('',(0.007745,-0.04266750346247,0.00834));
#5197=CARTESIAN_POINT('',(0.007745,-0.03484750346247,0.00834));
#5198=CARTESIAN_POINT('',(0.007745,-0.02702750346247,0.00834));
#5199=CARTESIAN_POINT('',(-7.49999999999848E-5,-0.02702750346247,0.00834));
#5200=CARTESIAN_POINT('',(-0.007895,-0.02702750346247,0.00834));
#5201=CARTESIAN_POINT('',(-0.007895,-0.03484750346247,0.00834));
#5202=CARTESIAN_POINT('',(0.018975,-0.00456750346246999,0.00834));
#5203=CARTESIAN_POINT('',(0.011155,-0.00456750346246999,0.00834));
#5204=CARTESIAN_POINT('',(0.026795,-0.00456750346246999,0.00834));
#5205=CARTESIAN_POINT('',(0.026795,0.00325249653753001,0.00834));
#5206=CARTESIAN_POINT('',(0.026795,0.01107249653753,0.00834));
#5207=CARTESIAN_POINT('',(0.018975,0.01107249653753,0.00834));
#5208=CARTESIAN_POINT('',(0.011155,0.01107249653753,0.00834));
#5209=CARTESIAN_POINT('',(0.011155,0.00325249653753001,0.00834));
#5210=CARTESIAN_POINT('',(0.018975,-0.02361750346247,0.00834));
#5211=CARTESIAN_POINT('',(0.011155,-0.02361750346247,0.00834));
#5212=CARTESIAN_POINT('',(0.026795,-0.02361750346247,0.00834));
#5213=CARTESIAN_POINT('',(0.026795,-0.01579750346247,0.00834));
#5214=CARTESIAN_POINT('',(0.026795,-0.00797750346246998,0.00834));
#5215=CARTESIAN_POINT('',(0.018975,-0.00797750346246998,0.00834));
#5216=CARTESIAN_POINT('',(0.011155,-0.00797750346246998,0.00834));
#5217=CARTESIAN_POINT('',(0.011155,-0.01579750346247,0.00834));
#5218=CARTESIAN_POINT('',(0.018975,-0.04266750346247,0.00834));
#5219=CARTESIAN_POINT('',(0.011155,-0.04266750346247,0.00834));
#5220=CARTESIAN_POINT('',(0.026795,-0.04266750346247,0.00834));
#5221=CARTESIAN_POINT('',(0.026795,-0.03484750346247,0.00834));
#5222=CARTESIAN_POINT('',(0.026795,-0.02702750346247,0.00834));
#5223=CARTESIAN_POINT('',(0.018975,-0.02702750346247,0.00834));
#5224=CARTESIAN_POINT('',(0.011155,-0.02702750346247,0.00834));
#5225=CARTESIAN_POINT('',(0.011155,-0.03484750346247,0.00834));
#5226=CARTESIAN_POINT('',(-0.0279208350479603,0.0320908579528331,0.00834));
#5227=CARTESIAN_POINT('',(-0.0279208350479603,0.0340908579528332,0.00834));
#5228=CARTESIAN_POINT('',(-0.0299208350479603,0.0320908579528332,0.00834));
#5229=CARTESIAN_POINT('',(-0.0299208350479603,0.024788720998913,0.00834));
#5230=CARTESIAN_POINT('',(-0.0299208350479603,0.0174865840449929,0.00834));
#5231=CARTESIAN_POINT('',(-0.0279208350479603,0.0174865840449929,0.00834));
#5232=CARTESIAN_POINT('',(-0.0279208350479603,0.0154865840449929,0.00834));
#5233=CARTESIAN_POINT('',(-0.0190192349255085,0.0154865840449929,0.00834));
#5234=CARTESIAN_POINT('',(-0.0101176348030567,0.0154865840449929,0.00834));
#5235=CARTESIAN_POINT('',(-0.0101176348030567,0.0174865840449929,0.00834));
#5236=CARTESIAN_POINT('',(-0.00811763480305672,0.0174865840449929,0.00834));
#5237=CARTESIAN_POINT('',(-0.00811763480305672,0.024788720998913,0.00834));
#5238=CARTESIAN_POINT('',(-0.00811763480305672,0.0320908579528332,0.00834));
#5239=CARTESIAN_POINT('',(-0.0101176348030567,0.0320908579528332,0.00834));
#5240=CARTESIAN_POINT('',(-0.0101176348030567,0.0340908579528332,0.00834));
#5241=CARTESIAN_POINT('',(-0.0190192349255085,0.0340908579528332,0.00834));
#5242=CARTESIAN_POINT('',(0.01681875,0.03754374653753,0.00834));
#5243=CARTESIAN_POINT('',(0.01681875,0.03554374653753,0.00834));
#5244=CARTESIAN_POINT('',(0.01881875,0.03754374653753,0.00834));
#5245=CARTESIAN_POINT('',(0.01881875,0.04119374653753,0.00834));
#5246=CARTESIAN_POINT('',(0.01881875,0.04484374653753,0.00834));
#5247=CARTESIAN_POINT('',(0.01681875,0.04484374653753,0.00834));
#5248=CARTESIAN_POINT('',(0.01681875,0.04684374653753,0.00834));
#5249=CARTESIAN_POINT('',(0.00591875,0.04684374653753,0.00834));
#5250=CARTESIAN_POINT('',(-0.00498125,0.04684374653753,0.00834));
#5251=CARTESIAN_POINT('',(-0.00498125,0.04484374653753,0.00834));
#5252=CARTESIAN_POINT('',(-0.00698125,0.04484374653753,0.00834));
#5253=CARTESIAN_POINT('',(-0.00698125,0.04119374653753,0.00834));
#5254=CARTESIAN_POINT('',(-0.00698125,0.03754374653753,0.00834));
#5255=CARTESIAN_POINT('',(-0.00498125,0.03754374653753,0.00834));
#5256=CARTESIAN_POINT('',(-0.00498125,0.03554374653753,0.00834));
#5257=CARTESIAN_POINT('',(0.00591875,0.03554374653753,0.00834));
#5258=CARTESIAN_POINT('',(0.01885625,0.02454124653753,0.00834));
#5259=CARTESIAN_POINT('',(0.02323125,0.02454124653753,0.00834));
#5260=CARTESIAN_POINT('',(-0.0395,-0.055,0.00834));
#5261=CARTESIAN_POINT('',(-0.038,-0.055,0.00834));
#5262=CARTESIAN_POINT('',(-0.0395,0.055,0.00834));
#5263=CARTESIAN_POINT('',(-0.038,0.055,0.00834));
#5264=CARTESIAN_POINT('',(0.011165,0.01106249653753,0.00834));
#5265=CARTESIAN_POINT('',(0.011165,0.01307249653753,0.00834));
#5266=CARTESIAN_POINT('',(0.0104769461077844,0.0129510626182926,0.00834));
#5267=CARTESIAN_POINT('',(6.93889390390723E-18,0.01307249653753,0.00834));
#5268=CARTESIAN_POINT('',(0.0148349444361936,0.01307249653753,0.00834));
#5269=CARTESIAN_POINT('',(0.0148349444361936,0.01607249653753,0.00834));
#5270=CARTESIAN_POINT('',(0.0161217622166117,0.01878249653753,0.00834));
#5271=CARTESIAN_POINT('',(0.01885625,0.02454124653753,0.00834));
#5272=CARTESIAN_POINT('',(0.0128631699148894,0.022367858377663,0.00834));
#5273=CARTESIAN_POINT('',(0.0100428969336608,0.021345087478902,0.00834));
#5274=CARTESIAN_POINT('',(0.00891446280178828,0.024124770268363,0.00834));
#5275=CARTESIAN_POINT('',(-0.00714672751266788,0.0176046035003957,0.00834));
#5276=CARTESIAN_POINT('',(0.0046994260027812,0.022413642865937,0.00834));
#5277=CARTESIAN_POINT('',(0.00582786013465375,0.0196339600764761,0.00834));
#5278=CARTESIAN_POINT('',(0.00282786013465374,0.0196339600764761,0.00834));
#5279=CARTESIAN_POINT('',(0.00282786013465374,-1.08967094608292E-19,0.00834));
#5280=CARTESIAN_POINT('',(0.00282786013465374,0.01607249653753,0.00834));
#5281=CARTESIAN_POINT('',(0.00582786013465375,0.01607249653753,0.00834));
#5282=CARTESIAN_POINT('',(0.00582786013465375,0.01307249653753,0.00834));
#5283=CARTESIAN_POINT('',(6.93889390390723E-18,0.01307249653753,0.00834));
#5284=CARTESIAN_POINT('',(0.007735,0.01307249653753,0.00834));
#5285=CARTESIAN_POINT('',(0.007735,0.01106249653753,0.00834));
#5286=CARTESIAN_POINT('',(0.00842305389221558,0.0129510626182926,0.00834));
#5287=CARTESIAN_POINT('',(0.00945,0.0157698179627144,0.00834));
#5288=CARTESIAN_POINT('',(-0.0279208350479603,0.0320908579528331,0.00834));
#5289=CARTESIAN_POINT('',(-0.0310920533945974,0.0345287616010425,0.00834));
#5290=CARTESIAN_POINT('',(-0.0316856306190566,0.033442269921055,0.00834));
#5291=CARTESIAN_POINT('',(-0.0334704671545752,0.0363571893371995,0.00834));
#5292=CARTESIAN_POINT('',(-0.0304888970518166,0.0360251656598275,0.00834));
#5293=CARTESIAN_POINT('',(-0.0340780184475563,0.00379488276731694,0.00834));
#5294=CARTESIAN_POINT('',(-0.0300856195038717,0.0396465949795184,0.00834));
#5295=CARTESIAN_POINT('',(-0.0330671896066303,0.0399786186568903,0.00834));
#5296=CARTESIAN_POINT('',(-0.0322299788442877,0.0428594307193855,0.00834));
#5297=CARTESIAN_POINT('',(0.00897552075475177,0.0308844434645278,0.00834));
#5298=CARTESIAN_POINT('',(-0.0346627892376574,0.043566444922285,0.00834));
#5299=CARTESIAN_POINT('',(-0.0355,0.0406856328597898,0.00834));
#5300=CARTESIAN_POINT('',(-0.0385,0.0406856328597898,0.00834));
#5301=CARTESIAN_POINT('',(-0.0385,0.,0.00834));
#5302=CARTESIAN_POINT('',(-0.0385,0.0340244645852924,0.00834));
#5303=CARTESIAN_POINT('',(-0.0355,0.0340244645852924,0.00834));
#5304=CARTESIAN_POINT('',(-0.0343024359148458,0.0312738573319847,0.00834));
#5305=CARTESIAN_POINT('',(-0.0169124609531224,0.0388451343403063,0.00834));
#5306=CARTESIAN_POINT('',(-0.0333116632122247,0.0317052216439138,0.00834));
#5307=CARTESIAN_POINT('',(-0.0345092272973789,0.0344558288972215,0.00834));
#5308=CARTESIAN_POINT('',(0.01681875,0.03754374653753,0.00934));
#5309=CARTESIAN_POINT('',(0.01681875,0.03554374653753,0.00934));
#5310=CARTESIAN_POINT('',(0.01881875,0.03754374653753,0.00934));
#5311=CARTESIAN_POINT('',(0.00591875,0.03554374653753,0.00934));
#5312=CARTESIAN_POINT('',(-0.00498125,0.03554374653753,0.00934));
#5313=CARTESIAN_POINT('',(-0.00498125,0.03754374653753,0.00934));
#5314=CARTESIAN_POINT('',(-0.00698125,0.03754374653753,0.00934));
#5315=CARTESIAN_POINT('',(-0.00698125,0.04119374653753,0.00934));
#5316=CARTESIAN_POINT('',(-0.00698125,0.04484374653753,0.00934));
#5317=CARTESIAN_POINT('',(-0.00498125,0.04484374653753,0.00934));
#5318=CARTESIAN_POINT('',(-0.00498125,0.04684374653753,0.00934));
#5319=CARTESIAN_POINT('',(0.00591875,0.04684374653753,0.00934));
#5320=CARTESIAN_POINT('',(0.01681875,0.04684374653753,0.00934));
#5321=CARTESIAN_POINT('',(0.01681875,0.04484374653753,0.00934));
#5322=CARTESIAN_POINT('',(0.01881875,0.04484374653753,0.00934));
#5323=CARTESIAN_POINT('',(-0.0279208350479603,0.0320908579528331,0.00934));
#5324=CARTESIAN_POINT('',(-0.0279208350479603,0.0340908579528332,0.00934));
#5325=CARTESIAN_POINT('',(-0.0299208350479603,0.0320908579528332,0.00934));
#5326=CARTESIAN_POINT('',(-0.0190192349255085,0.0340908579528332,0.00934));
#5327=CARTESIAN_POINT('',(-0.0101176348030567,0.0340908579528332,0.00934));
#5328=CARTESIAN_POINT('',(-0.0101176348030567,0.0320908579528332,0.00934));
#5329=CARTESIAN_POINT('',(-0.00811763480305672,0.0320908579528332,0.00934));
#5330=CARTESIAN_POINT('',(-0.00811763480305672,0.024788720998913,0.00934));
#5331=CARTESIAN_POINT('',(-0.00811763480305672,0.0174865840449929,0.00934));
#5332=CARTESIAN_POINT('',(-0.0101176348030567,0.0174865840449929,0.00934));
#5333=CARTESIAN_POINT('',(-0.0101176348030567,0.0154865840449929,0.00934));
#5334=CARTESIAN_POINT('',(-0.0190192349255085,0.0154865840449929,0.00934));
#5335=CARTESIAN_POINT('',(-0.0279208350479603,0.0154865840449929,0.00934));
#5336=CARTESIAN_POINT('',(-0.0279208350479603,0.0174865840449929,0.00934));
#5337=CARTESIAN_POINT('',(-0.0299208350479603,0.0174865840449929,0.00934));
#5338=CARTESIAN_POINT('',(0.018975,-0.04266750346247,0.00934));
#5339=CARTESIAN_POINT('',(0.011155,-0.04266750346247,0.00934));
#5340=CARTESIAN_POINT('',(0.026795,-0.04266750346247,0.00934));
#5341=CARTESIAN_POINT('',(0.011155,-0.03484750346247,0.00934));
#5342=CARTESIAN_POINT('',(0.011155,-0.02702750346247,0.00934));
#5343=CARTESIAN_POINT('',(0.018975,-0.02702750346247,0.00934));
#5344=CARTESIAN_POINT('',(0.026795,-0.02702750346247,0.00934));
#5345=CARTESIAN_POINT('',(0.018975,-0.02361750346247,0.00934));
#5346=CARTESIAN_POINT('',(0.011155,-0.02361750346247,0.00934));
#5347=CARTESIAN_POINT('',(0.026795,-0.02361750346247,0.00934));
#5348=CARTESIAN_POINT('',(0.011155,-0.01579750346247,0.00934));
#5349=CARTESIAN_POINT('',(0.011155,-0.00797750346246998,0.00934));
#5350=CARTESIAN_POINT('',(0.018975,-0.00797750346246998,0.00934));
#5351=CARTESIAN_POINT('',(0.026795,-0.00797750346246998,0.00934));
#5352=CARTESIAN_POINT('',(0.018975,-0.00456750346246999,0.00934));
#5353=CARTESIAN_POINT('',(0.011155,-0.00456750346246999,0.00934));
#5354=CARTESIAN_POINT('',(0.026795,-0.00456750346246999,0.00934));
#5355=CARTESIAN_POINT('',(0.011155,0.00325249653753001,0.00934));
#5356=CARTESIAN_POINT('',(0.011155,0.01107249653753,0.00934));
#5357=CARTESIAN_POINT('',(0.018975,0.01107249653753,0.00934));
#5358=CARTESIAN_POINT('',(0.026795,0.01107249653753,0.00934));
#5359=CARTESIAN_POINT('',(-7.49999999999848E-5,-0.04266750346247,0.00934));
#5360=CARTESIAN_POINT('',(-0.007895,-0.04266750346247,0.00934));
#5361=CARTESIAN_POINT('',(0.007745,-0.04266750346247,0.00934));
#5362=CARTESIAN_POINT('',(-0.007895,-0.03484750346247,0.00934));
#5363=CARTESIAN_POINT('',(-0.007895,-0.02702750346247,0.00934));
#5364=CARTESIAN_POINT('',(-7.49999999999848E-5,-0.02702750346247,0.00934));
#5365=CARTESIAN_POINT('',(0.007745,-0.02702750346247,0.00934));
#5366=CARTESIAN_POINT('',(-7.49999999999848E-5,-0.02361750346247,0.00934));
#5367=CARTESIAN_POINT('',(-0.007895,-0.02361750346247,0.00934));
#5368=CARTESIAN_POINT('',(0.007745,-0.02361750346247,0.00934));
#5369=CARTESIAN_POINT('',(-0.007895,-0.01579750346247,0.00934));
#5370=CARTESIAN_POINT('',(-0.007895,-0.00797750346246998,0.00934));
#5371=CARTESIAN_POINT('',(-7.49999999999848E-5,-0.00797750346246998,0.00934));
#5372=CARTESIAN_POINT('',(0.007745,-0.00797750346246998,0.00934));
#5373=CARTESIAN_POINT('',(-7.49999999999848E-5,-0.00456750346246999,0.00934));
#5374=CARTESIAN_POINT('',(-0.007895,-0.00456750346246999,0.00934));
#5375=CARTESIAN_POINT('',(0.007745,-0.00456750346246999,0.00934));
#5376=CARTESIAN_POINT('',(-0.007895,0.00325249653753001,0.00934));
#5377=CARTESIAN_POINT('',(-0.007895,0.01107249653753,0.00934));
#5378=CARTESIAN_POINT('',(-7.49999999999848E-5,0.01107249653753,0.00934));
#5379=CARTESIAN_POINT('',(0.007745,0.01107249653753,0.00934));
#5380=CARTESIAN_POINT('',(-0.019125,-0.04266750346247,0.00934));
#5381=CARTESIAN_POINT('',(-0.026945,-0.04266750346247,0.00934));
#5382=CARTESIAN_POINT('',(-0.011305,-0.04266750346247,0.00934));
#5383=CARTESIAN_POINT('',(-0.026945,-0.03484750346247,0.00934));
#5384=CARTESIAN_POINT('',(-0.026945,-0.02702750346247,0.00934));
#5385=CARTESIAN_POINT('',(-0.019125,-0.02702750346247,0.00934));
#5386=CARTESIAN_POINT('',(-0.011305,-0.02702750346247,0.00934));
#5387=CARTESIAN_POINT('',(-0.019125,-0.02361750346247,0.00934));
#5388=CARTESIAN_POINT('',(-0.026945,-0.02361750346247,0.00934));
#5389=CARTESIAN_POINT('',(-0.011305,-0.02361750346247,0.00934));
#5390=CARTESIAN_POINT('',(-0.026945,-0.01579750346247,0.00934));
#5391=CARTESIAN_POINT('',(-0.026945,-0.00797750346246998,0.00934));
#5392=CARTESIAN_POINT('',(-0.019125,-0.00797750346246998,0.00934));
#5393=CARTESIAN_POINT('',(-0.011305,-0.00797750346246998,0.00934));
#5394=CARTESIAN_POINT('',(-0.026945,0.00325249653753001,0.00934));
#5395=CARTESIAN_POINT('',(-0.026945,0.01107249653753,0.00934));
#5396=CARTESIAN_POINT('',(-0.026945,-0.00456750346246999,0.00934));
#5397=CARTESIAN_POINT('',(-0.019125,0.01107249653753,0.00934));
#5398=CARTESIAN_POINT('',(-0.011305,0.01107249653753,0.00934));
#5399=CARTESIAN_POINT('',(-0.011305,0.00325249653753001,0.00934));
#5400=CARTESIAN_POINT('',(-0.011305,-0.00456750346246999,0.00934));
#5401=CARTESIAN_POINT('',(1.38777878078145E-17,-0.06,0.00934));
#5402=CARTESIAN_POINT('',(-0.0405,-0.06,0.00933999999999991));
#5403=CARTESIAN_POINT('',(-0.0405,-0.06,0.00900666666666664));
#5404=CARTESIAN_POINT('',(-0.0405,-0.06,0.00867333333333336));
#5405=CARTESIAN_POINT('',(-0.0405,-0.06,0.00834000000000009));
#5406=CARTESIAN_POINT('',(0.0405,-0.06,0.00834000000000009));
#5407=CARTESIAN_POINT('',(0.0405,-0.06,0.00867333333333336));
#5408=CARTESIAN_POINT('',(0.0405,-0.06,0.00900666666666664));
#5409=CARTESIAN_POINT('',(0.0405,-0.06,0.00933999999999991));
#5410=CARTESIAN_POINT('',(0.0445,6.93889390390723E-18,0.00934));
#5411=CARTESIAN_POINT('',(0.0445,0.056,0.00834000000000009));
#5412=CARTESIAN_POINT('',(0.0445,0.056,0.00867333333333336));
#5413=CARTESIAN_POINT('',(0.0445,0.056,0.00900666666666664));
#5414=CARTESIAN_POINT('',(0.0445,0.056,0.00933999999999991));
#5415=CARTESIAN_POINT('',(0.0445,-0.056,0.00933999999999991));
#5416=CARTESIAN_POINT('',(0.0445,-0.056,0.00900666666666664));
#5417=CARTESIAN_POINT('',(0.0445,-0.056,0.00867333333333336));
#5418=CARTESIAN_POINT('',(0.0445,-0.056,0.00834000000000009));
#5419=CARTESIAN_POINT('',(-1.38777878078145E-17,0.06,0.00934));
#5420=CARTESIAN_POINT('',(-0.0405,0.06,0.00834000000000009));
#5421=CARTESIAN_POINT('',(-0.0405,0.06,0.00867333333333336));
#5422=CARTESIAN_POINT('',(-0.0405,0.06,0.00900666666666664));
#5423=CARTESIAN_POINT('',(-0.0405,0.06,0.00933999999999991));
#5424=CARTESIAN_POINT('',(0.0405,0.06,0.00933999999999991));
#5425=CARTESIAN_POINT('',(0.0405,0.06,0.00900666666666664));
#5426=CARTESIAN_POINT('',(0.0405,0.06,0.00867333333333336));
#5427=CARTESIAN_POINT('',(0.0405,0.06,0.00834000000000009));
#5428=CARTESIAN_POINT('',(0.01881875,0.04119374653753,0.00934));
#5429=CARTESIAN_POINT('',(-0.0299208350479603,0.024788720998913,0.00934));
#5430=CARTESIAN_POINT('',(0.026795,-0.03484750346247,0.00934));
#5431=CARTESIAN_POINT('',(0.026795,-0.01579750346247,0.00934));
#5432=CARTESIAN_POINT('',(0.026795,0.00325249653753001,0.00934));
#5433=CARTESIAN_POINT('',(0.007745,-0.03484750346247,0.00934));
#5434=CARTESIAN_POINT('',(0.007745,-0.01579750346247,0.00934));
#5435=CARTESIAN_POINT('',(0.007745,0.00325249653753001,0.00934));
#5436=CARTESIAN_POINT('',(-0.011305,-0.03484750346247,0.00934));
#5437=CARTESIAN_POINT('',(-0.011305,-0.01579750346247,0.00934));
#5438=CARTESIAN_POINT('',(-0.019125,-0.00456750346246999,0.00934));
#5439=CARTESIAN_POINT('',(-0.0445,-6.93889390390723E-18,0.00934));
#5440=CARTESIAN_POINT('',(-0.0445,0.056,0.00933999999999991));
#5441=CARTESIAN_POINT('',(-0.0445,0.056,0.00900666666666664));
#5442=CARTESIAN_POINT('',(-0.0445,0.056,0.00867333333333336));
#5443=CARTESIAN_POINT('',(-0.0445,0.056,0.00834000000000009));
#5444=CARTESIAN_POINT('',(-0.0445,-0.056,0.00834000000000009));
#5445=CARTESIAN_POINT('',(-0.0445,-0.056,0.00867333333333336));
#5446=CARTESIAN_POINT('',(-0.0445,-0.056,0.00900666666666664));
#5447=CARTESIAN_POINT('',(-0.0445,-0.056,0.00933999999999991));
#5448=CARTESIAN_POINT('',(0.01885625,0.02454124653753,0.00934));
#5449=CARTESIAN_POINT('',(0.0395,0.055,-0.150569081970726));
#5450=CARTESIAN_POINT('',(0.0395,-0.055,-0.150569081970726));
#5451=CARTESIAN_POINT('',(-0.0395,-0.055,-0.150569081970726));
#5452=CARTESIAN_POINT('',(-0.0395,0.055,-0.150569081970726));
#5453=CARTESIAN_POINT('',(-0.0405,0.06,0.00834));
#5454=CARTESIAN_POINT('',(-0.0405,0.06,0.00934));
#5455=CARTESIAN_POINT('',(-0.0411,0.06,0.00834));
#5456=CARTESIAN_POINT('',(-0.0411,0.06,0.00934));
#5457=CARTESIAN_POINT('',(-0.0417,0.06,0.00834));
#5458=CARTESIAN_POINT('',(-0.0417,0.06,0.00934));
#5459=CARTESIAN_POINT('',(-0.0431666666666667,0.0596,0.00834));
#5460=CARTESIAN_POINT('',(-0.0431666666666667,0.0596,0.00934));
#5461=CARTESIAN_POINT('',(-0.0441,0.0586666666666666,0.00834));
#5462=CARTESIAN_POINT('',(-0.0441,0.0586666666666666,0.00934));
#5463=CARTESIAN_POINT('',(-0.0445,0.0572,0.00834));
#5464=CARTESIAN_POINT('',(-0.0445,0.0572,0.00934));
#5465=CARTESIAN_POINT('',(-0.0445,0.0566,0.00834));
#5466=CARTESIAN_POINT('',(-0.0445,0.0566,0.00934));
#5467=CARTESIAN_POINT('',(-0.0445,0.056,0.00834));
#5468=CARTESIAN_POINT('',(-0.0445,0.056,0.00934));
#5469=CARTESIAN_POINT('',(0.0405,0.06,0.00934));
#5470=CARTESIAN_POINT('',(0.0405,0.06,0.00834));
#5471=CARTESIAN_POINT('',(0.0411,0.06,0.00934));
#5472=CARTESIAN_POINT('',(0.0411,0.06,0.00834));
#5473=CARTESIAN_POINT('',(0.0417,0.06,0.00934));
#5474=CARTESIAN_POINT('',(0.0417,0.06,0.00834));
#5475=CARTESIAN_POINT('',(0.0431666666666666,0.0596,0.00934));
#5476=CARTESIAN_POINT('',(0.0431666666666666,0.0596,0.00834));
#5477=CARTESIAN_POINT('',(0.0441,0.0586666666666667,0.00934));
#5478=CARTESIAN_POINT('',(0.0441,0.0586666666666667,0.00834));
#5479=CARTESIAN_POINT('',(0.0445,0.0572,0.00934));
#5480=CARTESIAN_POINT('',(0.0445,0.0572,0.00834));
#5481=CARTESIAN_POINT('',(0.0445,0.0566,0.00934));
#5482=CARTESIAN_POINT('',(0.0445,0.0566,0.00834));
#5483=CARTESIAN_POINT('',(0.0445,0.056,0.00934));
#5484=CARTESIAN_POINT('',(0.0445,0.056,0.00834));
#5485=CARTESIAN_POINT('',(-0.0405,-0.06,0.00934));
#5486=CARTESIAN_POINT('',(-0.0405,-0.06,0.00834));
#5487=CARTESIAN_POINT('',(-0.0411,-0.06,0.00934));
#5488=CARTESIAN_POINT('',(-0.0411,-0.06,0.00834));
#5489=CARTESIAN_POINT('',(-0.0417,-0.06,0.00934));
#5490=CARTESIAN_POINT('',(-0.0417,-0.06,0.00834));
#5491=CARTESIAN_POINT('',(-0.0431666666666666,-0.0596,0.00934));
#5492=CARTESIAN_POINT('',(-0.0431666666666666,-0.0596,0.00834));
#5493=CARTESIAN_POINT('',(-0.0441,-0.0586666666666667,0.00934));
#5494=CARTESIAN_POINT('',(-0.0441,-0.0586666666666667,0.00834));
#5495=CARTESIAN_POINT('',(-0.0445,-0.0572,0.00934));
#5496=CARTESIAN_POINT('',(-0.0445,-0.0572,0.00834));
#5497=CARTESIAN_POINT('',(-0.0445,-0.0566,0.00934));
#5498=CARTESIAN_POINT('',(-0.0445,-0.0566,0.00834));
#5499=CARTESIAN_POINT('',(-0.0445,-0.056,0.00934));
#5500=CARTESIAN_POINT('',(-0.0445,-0.056,0.00834));
#5501=CARTESIAN_POINT('',(0.0405,-0.06,0.00834));
#5502=CARTESIAN_POINT('',(0.0405,-0.06,0.00934));
#5503=CARTESIAN_POINT('',(0.0411,-0.06,0.00834));
#5504=CARTESIAN_POINT('',(0.0411,-0.06,0.00934));
#5505=CARTESIAN_POINT('',(0.0417,-0.06,0.00834));
#5506=CARTESIAN_POINT('',(0.0417,-0.06,0.00934));
#5507=CARTESIAN_POINT('',(0.0431666666666667,-0.0596,0.00834));
#5508=CARTESIAN_POINT('',(0.0431666666666667,-0.0596,0.00934));
#5509=CARTESIAN_POINT('',(0.0441,-0.0586666666666666,0.00834));
#5510=CARTESIAN_POINT('',(0.0441,-0.0586666666666666,0.00934));
#5511=CARTESIAN_POINT('',(0.0445,-0.0572,0.00834));
#5512=CARTESIAN_POINT('',(0.0445,-0.0572,0.00934));
#5513=CARTESIAN_POINT('',(0.0445,-0.0566,0.00834));
#5514=CARTESIAN_POINT('',(0.0445,-0.0566,0.00934));
#5515=CARTESIAN_POINT('',(0.0445,-0.056,0.00834));
#5516=CARTESIAN_POINT('',(0.0445,-0.056,0.00934));
#5517=CARTESIAN_POINT('',(0.026785,0.01106249653753,-0.00436));
#5518=CARTESIAN_POINT('',(0.026785,0.01307249653753,-0.00436));
#5519=CARTESIAN_POINT('',(0.0279899293975864,0.0126712989327396,0.00064));
#5520=CARTESIAN_POINT('',(0.018975,0.01307249653753,-0.00436));
#5521=CARTESIAN_POINT('',(0.026495483337048,0.01307249653753,-0.00436));
#5522=CARTESIAN_POINT('',(0.0233820260440603,0.0162063477087652,-0.00336));
#5523=CARTESIAN_POINT('',(0.0230257999705314,0.0177200219727651,-0.00436));
#5524=CARTESIAN_POINT('',(0.0235752608349018,0.0153852552858875,-0.00336));
#5525=CARTESIAN_POINT('',(0.0286462181300518,0.0305030042118748,-0.00336));
#5526=CARTESIAN_POINT('',(0.0370394706098447,0.0254848507910436,-0.00336));
#5527=CARTESIAN_POINT('',(0.0292738188238904,0.0301277746359404,-0.00336));
#5528=CARTESIAN_POINT('',(0.018975,0.01207249653753,-0.00336));
#5529=CARTESIAN_POINT('',(0.0297883314835363,0.01207249653753,-0.00436));
#5530=CARTESIAN_POINT('',(0.0355,0.01207249653753,-0.00336));
#5531=CARTESIAN_POINT('',(0.0385,0.0181256740486441,-0.00336));
#5532=CARTESIAN_POINT('',(0.0385,0.01507249653753,-0.00336));
#5533=CARTESIAN_POINT('',(0.0385,0.0229099662807356,-0.00336));
#5534=CARTESIAN_POINT('',(0.01885625,0.02454124653753,-0.00436));
#5535=CARTESIAN_POINT('',(0.0248933567855512,0.0265891641774396,0.00934));
#5536=CARTESIAN_POINT('',(0.0236772952814207,0.0203701378846068,0.00064));
#5537=CARTESIAN_POINT('',(0.026495483337048,0.01607249653753,-0.00436));
#5538=CARTESIAN_POINT('',(0.0259460224726776,0.0184072632244077,-0.00436));
#5539=CARTESIAN_POINT('',(0.0277343482140458,0.0275528901256324,-0.00436));
#5540=CARTESIAN_POINT('',(0.0297883314835363,0.01507249653753,-0.00436));
#5541=CARTESIAN_POINT('',(0.0355,0.0229099662807356,-0.00336));
#5542=CARTESIAN_POINT('',(0.0355,0.01507249653753,-0.00336));
#5543=CARTESIAN_POINT('',(-0.0352667967262591,0.0151104687979764,-0.00336));
#5544=CARTESIAN_POINT('',(-0.033830862393163,0.0160719522376667,-0.00336));
#5545=CARTESIAN_POINT('',(-0.0332516974411233,0.0164597537529593,-0.00336));
#5546=CARTESIAN_POINT('',(-0.0385,0.0194963806441246,-0.00336));
#5547=CARTESIAN_POINT('',(-0.0385,0.0252991185835542,-0.00336));
#5548=CARTESIAN_POINT('',(-0.0385,0.0185647377578113,-0.00336));
#5549=CARTESIAN_POINT('',(-0.0343112294955954,0.0290886922673402,-0.00336));
#5550=CARTESIAN_POINT('',(-0.0361183991331145,0.0283018836631415,-0.00336));
#5551=CARTESIAN_POINT('',(-0.0366975640851543,0.0280497258368619,-0.00336));
#5552=CARTESIAN_POINT('',(-0.0319208350479603,0.024788720998913,-0.00436));
#5553=CARTESIAN_POINT('',(-0.0319208350479603,0.0189525392731038,-0.00336));
#5554=CARTESIAN_POINT('',(-0.0319208350479603,0.0255512764098338,-0.00436));
#5555=CARTESIAN_POINT('',(-0.0349208350479603,0.0189525392731038,-0.00336));
#5556=CARTESIAN_POINT('',(-0.0349208350479603,0.0255512764098338,-0.00436));
#5557=CARTESIAN_POINT('',(-0.0355,0.0252991185835542,-0.00336));
#5558=CARTESIAN_POINT('',(-0.0355,0.0185647377578113,-0.00336));
#5559=CARTESIAN_POINT('',(-0.0110257464191014,0.0493573245794452,-0.00336));
#5560=CARTESIAN_POINT('',(-0.0127363514051478,0.0456293920156727,-0.00336));
#5561=CARTESIAN_POINT('',(-0.0108460924168967,0.0497488457140694,-0.00336));
#5562=CARTESIAN_POINT('',(-0.0208083745092154,0.0438805463016033,-0.00336));
#5563=CARTESIAN_POINT('',(-0.0216482215182854,0.0438805463016033,-0.00336));
#5564=CARTESIAN_POINT('',(-0.0154630000720642,0.0438805463016033,-0.00336));
#5565=CARTESIAN_POINT('',(-0.0242200486223202,0.0484251195176069,-0.00336));
#5566=CARTESIAN_POINT('',(-0.0217435416297184,0.0525454608995842,-0.00336));
#5567=CARTESIAN_POINT('',(-0.0242195150853167,0.0484260072011876,-0.00336));
#5568=CARTESIAN_POINT('',(-0.0143856354989111,0.054,-0.00336));
#5569=CARTESIAN_POINT('',(-0.0135727410838132,0.054,-0.00336));
#5570=CARTESIAN_POINT('',(-0.0191722480626872,0.054,-0.00336));
#5571=CARTESIAN_POINT('',(-0.0135727410838132,0.051,-0.00336));
#5572=CARTESIAN_POINT('',(-0.0154630000720642,0.0468805463016033,-0.00336));
#5573=CARTESIAN_POINT('',(-0.0191722480626872,0.051,-0.00336));
#5574=CARTESIAN_POINT('',(-0.0216482215182854,0.0468805463016033,-0.00336));
#5575=CARTESIAN_POINT('',(0.0290723543927041,0.0429442659990609,-0.00336));
#5576=CARTESIAN_POINT('',(0.0357610618218877,0.0423599941882565,-0.00336));
#5577=CARTESIAN_POINT('',(0.0240798118218877,0.0433803744578704,-0.00336));
#5578=CARTESIAN_POINT('',(0.0296725318699482,0.0322195938854134,-0.00336));
#5579=CARTESIAN_POINT('',(0.0222792793901553,0.0366398678271138,-0.00336));
#5580=CARTESIAN_POINT('',(0.0339605293901553,0.0296558881615183,-0.00336));
#5581=CARTESIAN_POINT('',(0.0385,0.034108025021851,-0.00336));
#5582=CARTESIAN_POINT('',(0.0385,0.0322307726718263,-0.00336));
#5583=CARTESIAN_POINT('',(0.0385,0.0393713746532282,-0.00336));
#5584=CARTESIAN_POINT('',(0.02081875,0.04119374653753,-0.00436));
#5585=CARTESIAN_POINT('',(0.02081875,0.0403917549228421,-0.00436));
#5586=CARTESIAN_POINT('',(0.02081875,0.0392147523374219,-0.00336));
#5587=CARTESIAN_POINT('',(0.02381875,0.0392147523374219,-0.00336));
#5588=CARTESIAN_POINT('',(0.02381875,0.0403917549228421,-0.00436));
#5589=CARTESIAN_POINT('',(0.0355,0.0322307726718263,-0.00336));
#5590=CARTESIAN_POINT('',(0.0355,0.0393713746532282,-0.00336));
#5591=CARTESIAN_POINT('',(0.00894716035670269,0.0262965637765586,-0.00336));
#5592=CARTESIAN_POINT('',(0.00695629426652629,0.0254883559995199,-0.00336));
#5593=CARTESIAN_POINT('',(0.0125620673318872,0.0277640637480692,-0.00336));
#5594=CARTESIAN_POINT('',(0.00282786013465374,0.0289354572254239,-0.00336));
#5595=CARTESIAN_POINT('',(0.00282786013465374,0.03054374653753,-0.00336));
#5596=CARTESIAN_POINT('',(0.00282786013465374,0.0282680387889808,-0.00336));
#5597=CARTESIAN_POINT('',(0.00591875,0.03354374653753,-0.00436));
#5598=CARTESIAN_POINT('',(0.0114336332000146,0.03354374653753,-0.00436));
#5599=CARTESIAN_POINT('',(0.00582786013465375,0.03354374653753,-0.00436));
#5600=CARTESIAN_POINT('',(0.0114336332000146,0.03054374653753,-0.00436));
#5601=CARTESIAN_POINT('',(0.00582786013465375,0.03054374653753,-0.00436));
#5602=CARTESIAN_POINT('',(0.00582786013465375,0.0282680387889808,-0.00336));
#5603=CARTESIAN_POINT('',(-7.49999999999848E-5,0.01307249653753,-0.00436));
#5604=CARTESIAN_POINT('',(0.00582786013465375,0.01307249653753,-0.00336));
#5605=CARTESIAN_POINT('',(0.007735,0.01307249653753,-0.00436));
#5606=CARTESIAN_POINT('',(0.01885625,0.02454124653753,-0.00436));
#5607=CARTESIAN_POINT('',(0.0161217622166117,0.01878249653753,0.00934));
#5608=CARTESIAN_POINT('',(0.0128631699148894,0.022367858377663,0.00064));
#5609=CARTESIAN_POINT('',(0.018975,0.01307249653753,-0.00436));
#5610=CARTESIAN_POINT('',(0.011165,0.01307249653753,-0.00436));
#5611=CARTESIAN_POINT('',(0.0148349444361936,0.01307249653753,-0.00436));
#5612=CARTESIAN_POINT('',(0.011165,0.01106249653753,-0.00436));
#5613=CARTESIAN_POINT('',(0.0104769461077844,0.0129510626182926,0.00934));
#5614=CARTESIAN_POINT('',(0.007735,0.01106249653753,-0.00436));
#5615=CARTESIAN_POINT('',(0.00842305389221558,0.0129510626182926,0.00064));
#5616=CARTESIAN_POINT('',(0.00969944977795106,0.024443441916918,-0.00336));
#5617=CARTESIAN_POINT('',(0.00891446280178828,0.024124770268363,-0.00436));
#5618=CARTESIAN_POINT('',(0.0046994260027812,0.022413642865937,-0.00336));
#5619=CARTESIAN_POINT('',(0.00282786013465374,0.0166998322254238,-0.00336));
#5620=CARTESIAN_POINT('',(0.00282786013465374,0.0196339600764761,-0.00336));
#5621=CARTESIAN_POINT('',(0.00282786013465374,0.01607249653753,-0.00336));
#5622=CARTESIAN_POINT('',(0.0148349444361936,0.01607249653753,-0.00436));
#5623=CARTESIAN_POINT('',(0.00945,0.0157698179627144,-0.00436));
#5624=CARTESIAN_POINT('',(0.0100428969336608,0.021345087478902,-0.00436));
#5625=CARTESIAN_POINT('',(0.00582786013465375,0.01607249653753,-0.00336));
#5626=CARTESIAN_POINT('',(0.00582786013465375,0.0196339600764761,-0.00336));
#5627=CARTESIAN_POINT('',(0.00591875,0.03354374653753,-0.00436));
#5628=CARTESIAN_POINT('',(-0.00217213986534626,0.03354374653753,-0.00336));
#5629=CARTESIAN_POINT('',(-0.00311763480305672,0.03354374653753,-0.00436));
#5630=CARTESIAN_POINT('',(-0.00611763480305672,0.024788720998913,-0.00436));
#5631=CARTESIAN_POINT('',(-0.00611763480305672,0.03054374653753,-0.00436));
#5632=CARTESIAN_POINT('',(-0.00611763480305672,0.0190216734699534,-0.00336));
#5633=CARTESIAN_POINT('',(0.000827860134653746,0.0166998322254238,-0.00336));
#5634=CARTESIAN_POINT('',(0.000827860134653746,0.0184119011754301,-0.00336));
#5635=CARTESIAN_POINT('',(0.000827860134653747,0.03054374653753,-0.00336));
#5636=CARTESIAN_POINT('',(-0.00260290133109516,0.0151199278045176,-0.00336));
#5637=CARTESIAN_POINT('',(-0.00474359281237572,0.016500510930185,-0.00336));
#5638=CARTESIAN_POINT('',(-0.00379809787466525,0.0158907386356617,-0.00336));
#5639=CARTESIAN_POINT('',(-0.00311763480305672,0.03054374653753,-0.00436));
#5640=CARTESIAN_POINT('',(-0.00217213986534626,0.03054374653753,-0.00336));
#5641=CARTESIAN_POINT('',(-0.00311763480305672,0.0190216734699534,-0.00336));
#5642=CARTESIAN_POINT('',(-0.00217213986534626,0.0184119011754301,-0.00336));
#5643=CARTESIAN_POINT('',(-0.029113143072442,0.054,-0.00336));
#5644=CARTESIAN_POINT('',(-0.0285060714377092,0.054,-0.00336));
#5645=CARTESIAN_POINT('',(-0.0341142208832021,0.054,-0.00336));
#5646=CARTESIAN_POINT('',(-0.0259342443336744,0.0494554267839964,-0.00336));
#5647=CARTESIAN_POINT('',(-0.027989606755268,0.0460357736734045,-0.00336));
#5648=CARTESIAN_POINT('',(-0.025934777870678,0.0494545391004157,-0.00336));
#5649=CARTESIAN_POINT('',(-0.0338305846045942,0.0454073388125079,-0.00336));
#5650=CARTESIAN_POINT('',(-0.0363372107623426,0.0461358050751141,-0.00336));
#5651=CARTESIAN_POINT('',(-0.0313981110846419,0.0447004225104936,-0.00336));
#5652=CARTESIAN_POINT('',(-0.0385,0.0491524464273609,-0.00336));
#5653=CARTESIAN_POINT('',(-0.0385,0.0496142208832021,-0.00336));
#5654=CARTESIAN_POINT('',(-0.0385,0.0490166171376092,-0.00336));
#5655=CARTESIAN_POINT('',(-0.0395,0.055,-0.00336));
#5656=CARTESIAN_POINT('',(-0.0365226374691263,0.0527887228820153,0.00934));
#5657=CARTESIAN_POINT('',(-0.0372887228820154,0.0520226374691263,0.00064));
#5658=CARTESIAN_POINT('',(-0.0341142208832021,0.051,-0.00336));
#5659=CARTESIAN_POINT('',(-0.0355,0.0496142208832021,-0.00336));
#5660=CARTESIAN_POINT('',(-0.0285060714377092,0.051,-0.00336));
#5661=CARTESIAN_POINT('',(-0.0305609003222992,0.0475812345729887,-0.00336));
#5662=CARTESIAN_POINT('',(-0.0355,0.0490166171376092,-0.00336));
#5663=CARTESIAN_POINT('',(-0.0351096055523649,0.030922430436212,-0.00336));
#5664=CARTESIAN_POINT('',(-0.0343024359148458,0.0312738573319847,-0.00336));
#5665=CARTESIAN_POINT('',(-0.0333116632122247,0.0317052216439138,-0.00336));
#5666=CARTESIAN_POINT('',(-0.0302894313675335,0.0378163659907556,-0.00336));
#5667=CARTESIAN_POINT('',(-0.0304888970518166,0.0360251656598275,-0.00336));
#5668=CARTESIAN_POINT('',(-0.0300856195038717,0.0396465949795184,-0.00336));
#5669=CARTESIAN_POINT('',(-0.0385,0.0369669273495674,-0.00336));
#5670=CARTESIAN_POINT('',(-0.0385,0.0406856328597898,-0.00336));
#5671=CARTESIAN_POINT('',(-0.0385,0.0340244645852924,-0.00336));
#5672=CARTESIAN_POINT('',(-0.0343887251128226,0.0434867974375111,-0.00336));
#5673=CARTESIAN_POINT('',(-0.0322299788442877,0.0428594307193855,-0.00336));
#5674=CARTESIAN_POINT('',(-0.0346627892376574,0.043566444922285,-0.00336));
#5675=CARTESIAN_POINT('',(-0.0279208350479603,0.0320908579528331,-0.00436));
#5676=CARTESIAN_POINT('',(-0.0316856306190566,0.033442269921055,0.00934));
#5677=CARTESIAN_POINT('',(-0.0310920533945974,0.0345287616010425,0.00064));
#5678=CARTESIAN_POINT('',(-0.0345092272973789,0.0344558288972215,-0.00436));
#5679=CARTESIAN_POINT('',(-0.0334704671545752,0.0363571893371995,-0.00436));
#5680=CARTESIAN_POINT('',(-0.0355,0.0340244645852924,-0.00336));
#5681=CARTESIAN_POINT('',(-0.0330671896066303,0.0399786186568903,-0.00336));
#5682=CARTESIAN_POINT('',(-0.0355,0.0406856328597898,-0.00336));
#5683=CARTESIAN_POINT('',(0.0292463956072959,0.0449366790224131,-0.00336));
#5684=CARTESIAN_POINT('',(0.0225189741491936,0.0455243325801423,-0.00436));
#5685=CARTESIAN_POINT('',(0.0352389381781123,0.0444132185876066,-0.00336));
#5686=CARTESIAN_POINT('',(0.0198786788872444,0.0504508086564489,-0.00336));
#5687=CARTESIAN_POINT('',(0.0209266457481687,0.0524131938369484,-0.00336));
#5688=CARTESIAN_POINT('',(0.0198359875151051,0.0503708663232082,-0.00336));
#5689=CARTESIAN_POINT('',(0.0289828566321888,0.054,-0.00336));
#5690=CARTESIAN_POINT('',(0.0341142208832021,0.054,-0.00336));
#5691=CARTESIAN_POINT('',(0.0235729418727949,0.054,-0.00336));
#5692=CARTESIAN_POINT('',(0.0395,0.055,-0.00336));
#5693=CARTESIAN_POINT('',(0.0372887228820154,0.0520226374691263,0.00934));
#5694=CARTESIAN_POINT('',(0.0365226374691263,0.0527887228820153,0.00064));
#5695=CARTESIAN_POINT('',(0.0385,0.047664250695125,-0.00336));
#5696=CARTESIAN_POINT('',(0.0385,0.047401838122635,-0.00336));
#5697=CARTESIAN_POINT('',(0.0385,0.0496142208832021,-0.00336));
#5698=CARTESIAN_POINT('',(0.01681875,0.04484374653753,-0.00436));
#5699=CARTESIAN_POINT('',(0.0200550549369893,0.0471945613653756,0.00934));
#5700=CARTESIAN_POINT('',(0.0202251991263322,0.0469404354390389,0.00064));
#5701=CARTESIAN_POINT('',(0.0227800359710813,0.0485129521151706,-0.00436));
#5702=CARTESIAN_POINT('',(0.0224822836397312,0.0489576724862598,-0.00436));
#5703=CARTESIAN_POINT('',(0.0341142208832021,0.051,-0.00336));
#5704=CARTESIAN_POINT('',(0.0355,0.0496142208832021,-0.00336));
#5705=CARTESIAN_POINT('',(0.0355,0.047401838122635,-0.00336));
#5706=CARTESIAN_POINT('',(0.0235729418727949,0.051,-0.00336));
#5707=MECHANICAL_DESIGN_GEOMETRIC_PRESENTATION_REPRESENTATION('',(#3318),
#5708);
#5708=(
GEOMETRIC_REPRESENTATION_CONTEXT(3)
GLOBAL_UNCERTAINTY_ASSIGNED_CONTEXT((#5709))
GLOBAL_UNIT_ASSIGNED_CONTEXT((#5712,#5711,#5710))
REPRESENTATION_CONTEXT('Middle Case','TOP_LEVEL_ASSEMBLY_PART')
);
#5709=UNCERTAINTY_MEASURE_WITH_UNIT(LENGTH_MEASURE(2.E-5),#5712,
'DISTANCE_ACCURACY_VALUE','Maximum Tolerance applied to model');
#5710=(
NAMED_UNIT(*)
SI_UNIT($,.STERADIAN.)
SOLID_ANGLE_UNIT()
);
#5711=(
NAMED_UNIT(*)
PLANE_ANGLE_UNIT()
SI_UNIT($,.RADIAN.)
);
#5712=(
LENGTH_UNIT()
NAMED_UNIT(*)
SI_UNIT($,.METRE.)
);
#5713=PRODUCT_DEFINITION_SHAPE('','',#5714);
#5714=PRODUCT_DEFINITION('','',#5716,#5715);
#5715=PRODUCT_DEFINITION_CONTEXT('',#5722,'design');
#5716=PRODUCT_DEFINITION_FORMATION_WITH_SPECIFIED_SOURCE('','',#5718,
 .NOT_KNOWN.);
#5717=PRODUCT_RELATED_PRODUCT_CATEGORY('','',(#5718));
#5718=PRODUCT('Middle Case','Middle Case','Middle Case',(#5720));
#5719=PRODUCT_CATEGORY('','');
#5720=PRODUCT_CONTEXT('',#5722,'mechanical');
#5721=APPLICATION_PROTOCOL_DEFINITION('international standard',
'ap242_managed_model_based_3d_engineering',2020,#5722);
#5722=APPLICATION_CONTEXT('managed model based 3d engineering');
ENDSEC;
END-ISO-10303-21;
