ISO-10303-21;
HEADER;
/* Generated by software containing ST-Developer
 * from STEP Tools, Inc. (www.steptools.com) 
 */
/* OPTION: using custom renumber hook */

FILE_DESCRIPTION(
/* description */ ('STEP AP242 Edition 2',
'CAx-IF Rec.Pracs.---Representation and Presentation of Product Manufa
cturing Information (PMI)---4.0---2014-10-13',
'CAx-IF Rec.Pracs.---3D Tessellated Geometry---0.4---2014-09-14','2;1',
'CAx-IF Rec.Pracs.---User Defined Attributes---1.5---2016-08-15'),
/* implementation_level */ '2;1');

FILE_NAME(
/* name */ 'Part Studio 1 - Aligner',
/* time_stamp */ '2026-07-04T16:40:45Z',
/* author */ (''),
/* organization */ (''),
/* preprocessor_version */ 'ST-DEVELOPER v20',
/* originating_system */ 'ONSHAPE BY PTC INC, 1.217',
/* authorisation */ '  ');

FILE_SCHEMA (('AP242_MANAGED_MODEL_BASED_3D_ENGINEERING_MIM_LF { 1 0 10303 442 3 1 4 }'));
ENDSEC;

DATA;
#10=SHAPE_REPRESENTATION_RELATIONSHIP('','',#10767,#11);
#11=ADVANCED_BREP_SHAPE_REPRESENTATION('',(#10765),#18985);
#12=CONICAL_SURFACE('',#11017,0.001625,0.785398163397448);
#13=CONICAL_SURFACE('',#11019,0.001625,0.785398163397448);
#14=CONICAL_SURFACE('',#11021,0.001625,0.785398163397448);
#15=CONICAL_SURFACE('',#11023,0.001625,0.785398163397449);
#16=B_SPLINE_SURFACE_WITH_KNOTS('',5,1,((#16155,#16156),(#16157,#16158),
(#16159,#16160),(#16161,#16162),(#16163,#16164),(#16165,#16166),(#16167,
#16168),(#16169,#16170)),.SURF_OF_LINEAR_EXTRUSION.,.F.,.F.,.F.,(6,2,6),
(2,2),(0.,0.5,1.),(0.,1.),.UNSPECIFIED.);
#17=B_SPLINE_SURFACE_WITH_KNOTS('',5,1,((#16171,#16172),(#16173,#16174),
(#16175,#16176),(#16177,#16178),(#16179,#16180),(#16181,#16182),(#16183,
#16184),(#16185,#16186)),.SURF_OF_LINEAR_EXTRUSION.,.F.,.F.,.F.,(6,2,6),
(2,2),(0.,0.5,1.),(0.,1.),.UNSPECIFIED.);
#18=B_SPLINE_SURFACE_WITH_KNOTS('',5,1,((#16195,#16196),(#16197,#16198),
(#16199,#16200),(#16201,#16202),(#16203,#16204),(#16205,#16206),(#16207,
#16208),(#16209,#16210)),.SURF_OF_LINEAR_EXTRUSION.,.F.,.F.,.F.,(6,2,6),
(2,2),(0.,0.5,1.),(0.,1.),.UNSPECIFIED.);
#19=B_SPLINE_SURFACE_WITH_KNOTS('',5,1,((#16211,#16212),(#16213,#16214),
(#16215,#16216),(#16217,#16218),(#16219,#16220),(#16221,#16222),(#16223,
#16224),(#16225,#16226)),.SURF_OF_LINEAR_EXTRUSION.,.F.,.F.,.F.,(6,2,6),
(2,2),(0.,0.5,1.),(0.,1.),.UNSPECIFIED.);
#20=B_SPLINE_SURFACE_WITH_KNOTS('',3,1,((#16370,#16371),(#16372,#16373),
(#16374,#16375),(#16376,#16377)),.SURF_OF_LINEAR_EXTRUSION.,.F.,.F.,.F.,
(4,4),(2,2),(0.,1.),(0.,1.),.PIECEWISE_BEZIER_KNOTS.);
#21=B_SPLINE_SURFACE_WITH_KNOTS('',3,1,((#16409,#16410),(#16411,#16412),
(#16413,#16414),(#16415,#16416)),.SURF_OF_LINEAR_EXTRUSION.,.F.,.F.,.F.,
(4,4),(2,2),(0.,1.),(0.,1.),.PIECEWISE_BEZIER_KNOTS.);
#22=B_SPLINE_SURFACE_WITH_KNOTS('',3,1,((#16422,#16423),(#16424,#16425),
(#16426,#16427),(#16428,#16429)),.SURF_OF_LINEAR_EXTRUSION.,.F.,.F.,.F.,
(4,4),(2,2),(0.,1.),(0.,1.),.PIECEWISE_BEZIER_KNOTS.);
#23=B_SPLINE_SURFACE_WITH_KNOTS('',3,1,((#16435,#16436),(#16437,#16438),
(#16439,#16440),(#16441,#16442)),.SURF_OF_LINEAR_EXTRUSION.,.F.,.F.,.F.,
(4,4),(2,2),(0.,1.),(0.,1.),.PIECEWISE_BEZIER_KNOTS.);
#24=B_SPLINE_SURFACE_WITH_KNOTS('',3,1,((#16452,#16453),(#16454,#16455),
(#16456,#16457),(#16458,#16459)),.SURF_OF_LINEAR_EXTRUSION.,.F.,.F.,.F.,
(4,4),(2,2),(0.,1.),(0.,1.),.PIECEWISE_BEZIER_KNOTS.);
#25=B_SPLINE_SURFACE_WITH_KNOTS('',3,1,((#16465,#16466),(#16467,#16468),
(#16469,#16470),(#16471,#16472)),.SURF_OF_LINEAR_EXTRUSION.,.F.,.F.,.F.,
(4,4),(2,2),(0.,1.),(0.,1.),.PIECEWISE_BEZIER_KNOTS.);
#26=B_SPLINE_SURFACE_WITH_KNOTS('',3,1,((#16478,#16479),(#16480,#16481),
(#16482,#16483),(#16484,#16485)),.SURF_OF_LINEAR_EXTRUSION.,.F.,.F.,.F.,
(4,4),(2,2),(0.,1.),(0.,1.),.PIECEWISE_BEZIER_KNOTS.);
#27=B_SPLINE_SURFACE_WITH_KNOTS('',3,1,((#16495,#16496),(#16497,#16498),
(#16499,#16500),(#16501,#16502)),.SURF_OF_LINEAR_EXTRUSION.,.F.,.F.,.F.,
(4,4),(2,2),(0.,1.),(0.,1.),.PIECEWISE_BEZIER_KNOTS.);
#28=B_SPLINE_SURFACE_WITH_KNOTS('',3,1,((#16508,#16509),(#16510,#16511),
(#16512,#16513),(#16514,#16515)),.SURF_OF_LINEAR_EXTRUSION.,.F.,.F.,.F.,
(4,4),(2,2),(0.,1.),(0.,1.),.PIECEWISE_BEZIER_KNOTS.);
#29=B_SPLINE_SURFACE_WITH_KNOTS('',3,1,((#16521,#16522),(#16523,#16524),
(#16525,#16526),(#16527,#16528)),.SURF_OF_LINEAR_EXTRUSION.,.F.,.F.,.F.,
(4,4),(2,2),(0.,1.),(0.,1.),.PIECEWISE_BEZIER_KNOTS.);
#30=B_SPLINE_SURFACE_WITH_KNOTS('',3,1,((#16534,#16535),(#16536,#16537),
(#16538,#16539),(#16540,#16541)),.SURF_OF_LINEAR_EXTRUSION.,.F.,.F.,.F.,
(4,4),(2,2),(0.,1.),(0.,1.),.PIECEWISE_BEZIER_KNOTS.);
#31=B_SPLINE_SURFACE_WITH_KNOTS('',3,1,((#16551,#16552),(#16553,#16554),
(#16555,#16556),(#16557,#16558)),.SURF_OF_LINEAR_EXTRUSION.,.F.,.F.,.F.,
(4,4),(2,2),(0.,1.),(0.,1.),.PIECEWISE_BEZIER_KNOTS.);
#32=B_SPLINE_SURFACE_WITH_KNOTS('',3,1,((#16564,#16565),(#16566,#16567),
(#16568,#16569),(#16570,#16571)),.SURF_OF_LINEAR_EXTRUSION.,.F.,.F.,.F.,
(4,4),(2,2),(0.,1.),(0.,1.),.PIECEWISE_BEZIER_KNOTS.);
#33=B_SPLINE_SURFACE_WITH_KNOTS('',3,1,((#16577,#16578),(#16579,#16580),
(#16581,#16582),(#16583,#16584)),.SURF_OF_LINEAR_EXTRUSION.,.F.,.F.,.F.,
(4,4),(2,2),(0.,1.),(0.,1.),.PIECEWISE_BEZIER_KNOTS.);
#34=B_SPLINE_SURFACE_WITH_KNOTS('',3,1,((#16590,#16591),(#16592,#16593),
(#16594,#16595),(#16596,#16597)),.SURF_OF_LINEAR_EXTRUSION.,.F.,.F.,.F.,
(4,4),(2,2),(0.,1.),(0.,1.),.PIECEWISE_BEZIER_KNOTS.);
#35=B_SPLINE_SURFACE_WITH_KNOTS('',3,1,((#16602,#16603),(#16604,#16605),
(#16606,#16607),(#16608,#16609)),.SURF_OF_LINEAR_EXTRUSION.,.F.,.F.,.F.,
(4,4),(2,2),(0.,1.),(0.,1.),.PIECEWISE_BEZIER_KNOTS.);
#36=B_SPLINE_SURFACE_WITH_KNOTS('',3,1,((#16617,#16618),(#16619,#16620),
(#16621,#16622),(#16623,#16624)),.SURF_OF_LINEAR_EXTRUSION.,.F.,.F.,.F.,
(4,4),(2,2),(0.,1.),(0.,1.),.PIECEWISE_BEZIER_KNOTS.);
#37=B_SPLINE_SURFACE_WITH_KNOTS('',3,1,((#16630,#16631),(#16632,#16633),
(#16634,#16635),(#16636,#16637)),.SURF_OF_LINEAR_EXTRUSION.,.F.,.F.,.F.,
(4,4),(2,2),(0.,1.),(0.,1.),.PIECEWISE_BEZIER_KNOTS.);
#38=B_SPLINE_SURFACE_WITH_KNOTS('',3,1,((#16643,#16644),(#16645,#16646),
(#16647,#16648),(#16649,#16650)),.SURF_OF_LINEAR_EXTRUSION.,.F.,.F.,.F.,
(4,4),(2,2),(0.,1.),(0.,1.),.PIECEWISE_BEZIER_KNOTS.);
#39=B_SPLINE_SURFACE_WITH_KNOTS('',3,1,((#16656,#16657),(#16658,#16659),
(#16660,#16661),(#16662,#16663)),.SURF_OF_LINEAR_EXTRUSION.,.F.,.F.,.F.,
(4,4),(2,2),(0.,1.),(0.,1.),.PIECEWISE_BEZIER_KNOTS.);
#40=B_SPLINE_SURFACE_WITH_KNOTS('',3,1,((#16669,#16670),(#16671,#16672),
(#16673,#16674),(#16675,#16676)),.SURF_OF_LINEAR_EXTRUSION.,.F.,.F.,.F.,
(4,4),(2,2),(0.,1.),(0.,1.),.PIECEWISE_BEZIER_KNOTS.);
#41=B_SPLINE_SURFACE_WITH_KNOTS('',3,1,((#16682,#16683),(#16684,#16685),
(#16686,#16687),(#16688,#16689)),.SURF_OF_LINEAR_EXTRUSION.,.F.,.F.,.F.,
(4,4),(2,2),(0.,1.),(0.,1.),.PIECEWISE_BEZIER_KNOTS.);
#42=B_SPLINE_SURFACE_WITH_KNOTS('',3,1,((#16703,#16704),(#16705,#16706),
(#16707,#16708),(#16709,#16710)),.SURF_OF_LINEAR_EXTRUSION.,.F.,.F.,.F.,
(4,4),(2,2),(0.,1.),(0.,1.),.PIECEWISE_BEZIER_KNOTS.);
#43=B_SPLINE_SURFACE_WITH_KNOTS('',3,1,((#16720,#16721),(#16722,#16723),
(#16724,#16725),(#16726,#16727)),.SURF_OF_LINEAR_EXTRUSION.,.F.,.F.,.F.,
(4,4),(2,2),(0.,1.),(0.,1.),.PIECEWISE_BEZIER_KNOTS.);
#44=B_SPLINE_SURFACE_WITH_KNOTS('',3,1,((#16733,#16734),(#16735,#16736),
(#16737,#16738),(#16739,#16740)),.SURF_OF_LINEAR_EXTRUSION.,.F.,.F.,.F.,
(4,4),(2,2),(0.,1.),(0.,1.),.PIECEWISE_BEZIER_KNOTS.);
#45=B_SPLINE_SURFACE_WITH_KNOTS('',3,1,((#16746,#16747),(#16748,#16749),
(#16750,#16751),(#16752,#16753)),.SURF_OF_LINEAR_EXTRUSION.,.F.,.F.,.F.,
(4,4),(2,2),(0.,1.),(0.,1.),.PIECEWISE_BEZIER_KNOTS.);
#46=B_SPLINE_SURFACE_WITH_KNOTS('',3,1,((#16759,#16760),(#16761,#16762),
(#16763,#16764),(#16765,#16766)),.SURF_OF_LINEAR_EXTRUSION.,.F.,.F.,.F.,
(4,4),(2,2),(0.,1.),(0.,1.),.PIECEWISE_BEZIER_KNOTS.);
#47=B_SPLINE_SURFACE_WITH_KNOTS('',3,1,((#16772,#16773),(#16774,#16775),
(#16776,#16777),(#16778,#16779)),.SURF_OF_LINEAR_EXTRUSION.,.F.,.F.,.F.,
(4,4),(2,2),(0.,1.),(0.,1.),.PIECEWISE_BEZIER_KNOTS.);
#48=B_SPLINE_SURFACE_WITH_KNOTS('',3,1,((#16785,#16786),(#16787,#16788),
(#16789,#16790),(#16791,#16792)),.SURF_OF_LINEAR_EXTRUSION.,.F.,.F.,.F.,
(4,4),(2,2),(0.,1.),(0.,1.),.PIECEWISE_BEZIER_KNOTS.);
#49=B_SPLINE_SURFACE_WITH_KNOTS('',3,1,((#16798,#16799),(#16800,#16801),
(#16802,#16803),(#16804,#16805)),.SURF_OF_LINEAR_EXTRUSION.,.F.,.F.,.F.,
(4,4),(2,2),(0.,1.),(0.,1.),.PIECEWISE_BEZIER_KNOTS.);
#50=B_SPLINE_SURFACE_WITH_KNOTS('',3,1,((#16811,#16812),(#16813,#16814),
(#16815,#16816),(#16817,#16818)),.SURF_OF_LINEAR_EXTRUSION.,.F.,.F.,.F.,
(4,4),(2,2),(0.,1.),(0.,1.),.PIECEWISE_BEZIER_KNOTS.);
#51=B_SPLINE_SURFACE_WITH_KNOTS('',3,1,((#16824,#16825),(#16826,#16827),
(#16828,#16829),(#16830,#16831)),.SURF_OF_LINEAR_EXTRUSION.,.F.,.F.,.F.,
(4,4),(2,2),(0.,1.),(0.,1.),.PIECEWISE_BEZIER_KNOTS.);
#52=B_SPLINE_SURFACE_WITH_KNOTS('',3,1,((#16837,#16838),(#16839,#16840),
(#16841,#16842),(#16843,#16844)),.SURF_OF_LINEAR_EXTRUSION.,.F.,.F.,.F.,
(4,4),(2,2),(0.,1.),(0.,1.),.PIECEWISE_BEZIER_KNOTS.);
#53=B_SPLINE_SURFACE_WITH_KNOTS('',3,1,((#16850,#16851),(#16852,#16853),
(#16854,#16855),(#16856,#16857)),.SURF_OF_LINEAR_EXTRUSION.,.F.,.F.,.F.,
(4,4),(2,2),(0.,1.),(0.,1.),.PIECEWISE_BEZIER_KNOTS.);
#54=B_SPLINE_SURFACE_WITH_KNOTS('',3,1,((#16871,#16872),(#16873,#16874),
(#16875,#16876),(#16877,#16878)),.SURF_OF_LINEAR_EXTRUSION.,.F.,.F.,.F.,
(4,4),(2,2),(0.,1.),(0.,1.),.PIECEWISE_BEZIER_KNOTS.);
#55=B_SPLINE_SURFACE_WITH_KNOTS('',3,1,((#16884,#16885),(#16886,#16887),
(#16888,#16889),(#16890,#16891)),.SURF_OF_LINEAR_EXTRUSION.,.F.,.F.,.F.,
(4,4),(2,2),(0.,1.),(0.,1.),.PIECEWISE_BEZIER_KNOTS.);
#56=B_SPLINE_SURFACE_WITH_KNOTS('',3,1,((#16897,#16898),(#16899,#16900),
(#16901,#16902),(#16903,#16904)),.SURF_OF_LINEAR_EXTRUSION.,.F.,.F.,.F.,
(4,4),(2,2),(0.,1.),(0.,1.),.PIECEWISE_BEZIER_KNOTS.);
#57=B_SPLINE_SURFACE_WITH_KNOTS('',3,1,((#16910,#16911),(#16912,#16913),
(#16914,#16915),(#16916,#16917)),.SURF_OF_LINEAR_EXTRUSION.,.F.,.F.,.F.,
(4,4),(2,2),(0.,1.),(0.,1.),.PIECEWISE_BEZIER_KNOTS.);
#58=B_SPLINE_SURFACE_WITH_KNOTS('',3,1,((#16923,#16924),(#16925,#16926),
(#16927,#16928),(#16929,#16930)),.SURF_OF_LINEAR_EXTRUSION.,.F.,.F.,.F.,
(4,4),(2,2),(0.,1.),(0.,1.),.PIECEWISE_BEZIER_KNOTS.);
#59=B_SPLINE_SURFACE_WITH_KNOTS('',3,1,((#18111,#18112),(#18113,#18114),
(#18115,#18116),(#18117,#18118)),.SURF_OF_LINEAR_EXTRUSION.,.F.,.F.,.F.,
(4,4),(2,2),(0.,1.),(0.,1.),.PIECEWISE_BEZIER_KNOTS.);
#60=B_SPLINE_SURFACE_WITH_KNOTS('',3,1,((#18125,#18126),(#18127,#18128),
(#18129,#18130),(#18131,#18132)),.SURF_OF_LINEAR_EXTRUSION.,.F.,.F.,.F.,
(4,4),(2,2),(0.,1.),(0.,1.),.PIECEWISE_BEZIER_KNOTS.);
#61=B_SPLINE_SURFACE_WITH_KNOTS('',3,1,((#18234,#18235),(#18236,#18237),
(#18238,#18239),(#18240,#18241)),.SURF_OF_LINEAR_EXTRUSION.,.F.,.F.,.F.,
(4,4),(2,2),(0.,1.),(0.,1.),.PIECEWISE_BEZIER_KNOTS.);
#62=B_SPLINE_SURFACE_WITH_KNOTS('',3,1,((#18283,#18284),(#18285,#18286),
(#18287,#18288),(#18289,#18290)),.SURF_OF_LINEAR_EXTRUSION.,.F.,.F.,.F.,
(4,4),(2,2),(0.,1.),(0.,1.),.PIECEWISE_BEZIER_KNOTS.);
#63=B_SPLINE_SURFACE_WITH_KNOTS('',3,1,((#18297,#18298),(#18299,#18300),
(#18301,#18302),(#18303,#18304)),.SURF_OF_LINEAR_EXTRUSION.,.F.,.F.,.F.,
(4,4),(2,2),(0.,1.),(0.,1.),.PIECEWISE_BEZIER_KNOTS.);
#64=B_SPLINE_SURFACE_WITH_KNOTS('',3,1,((#18311,#18312),(#18313,#18314),
(#18315,#18316),(#18317,#18318)),.SURF_OF_LINEAR_EXTRUSION.,.F.,.F.,.F.,
(4,4),(2,2),(0.,1.),(0.,1.),.PIECEWISE_BEZIER_KNOTS.);
#65=B_SPLINE_SURFACE_WITH_KNOTS('',3,1,((#18329,#18330),(#18331,#18332),
(#18333,#18334),(#18335,#18336)),.SURF_OF_LINEAR_EXTRUSION.,.F.,.F.,.F.,
(4,4),(2,2),(0.,1.),(0.,1.),.PIECEWISE_BEZIER_KNOTS.);
#66=B_SPLINE_SURFACE_WITH_KNOTS('',3,1,((#18343,#18344),(#18345,#18346),
(#18347,#18348),(#18349,#18350)),.SURF_OF_LINEAR_EXTRUSION.,.F.,.F.,.F.,
(4,4),(2,2),(0.,1.),(0.,1.),.PIECEWISE_BEZIER_KNOTS.);
#67=B_SPLINE_SURFACE_WITH_KNOTS('',3,1,((#18357,#18358),(#18359,#18360),
(#18361,#18362),(#18363,#18364)),.SURF_OF_LINEAR_EXTRUSION.,.F.,.F.,.F.,
(4,4),(2,2),(0.,1.),(0.,1.),.PIECEWISE_BEZIER_KNOTS.);
#68=B_SPLINE_SURFACE_WITH_KNOTS('',3,1,((#18369,#18370),(#18371,#18372),
(#18373,#18374),(#18375,#18376)),.SURF_OF_LINEAR_EXTRUSION.,.F.,.F.,.F.,
(4,4),(2,2),(0.,1.),(0.,1.),.PIECEWISE_BEZIER_KNOTS.);
#69=B_SPLINE_SURFACE_WITH_KNOTS('',3,1,((#18442,#18443),(#18444,#18445),
(#18446,#18447),(#18448,#18449)),.SURF_OF_LINEAR_EXTRUSION.,.F.,.F.,.F.,
(4,4),(2,2),(0.,1.),(0.,1.),.PIECEWISE_BEZIER_KNOTS.);
#70=B_SPLINE_SURFACE_WITH_KNOTS('',3,1,((#18460,#18461),(#18462,#18463),
(#18464,#18465),(#18466,#18467)),.SURF_OF_LINEAR_EXTRUSION.,.F.,.F.,.F.,
(4,4),(2,2),(0.,1.),(0.,1.),.PIECEWISE_BEZIER_KNOTS.);
#71=B_SPLINE_SURFACE_WITH_KNOTS('',3,1,((#18487,#18488),(#18489,#18490),
(#18491,#18492),(#18493,#18494)),.SURF_OF_LINEAR_EXTRUSION.,.F.,.F.,.F.,
(4,4),(2,2),(0.,1.),(0.,1.),.PIECEWISE_BEZIER_KNOTS.);
#72=B_SPLINE_SURFACE_WITH_KNOTS('',3,1,((#18505,#18506),(#18507,#18508),
(#18509,#18510),(#18511,#18512)),.SURF_OF_LINEAR_EXTRUSION.,.F.,.F.,.F.,
(4,4),(2,2),(0.,1.),(0.,1.),.PIECEWISE_BEZIER_KNOTS.);
#73=B_SPLINE_SURFACE_WITH_KNOTS('',3,1,((#18520,#18521),(#18522,#18523),
(#18524,#18525),(#18526,#18527),(#18528,#18529),(#18530,#18531),(#18532,
#18533),(#18534,#18535),(#18536,#18537)),.SURF_OF_LINEAR_EXTRUSION.,.F.,
 .F.,.F.,(4,1,1,1,1,1,4),(2,2),(0.,0.25,0.375,0.5,0.625,0.75,1.),(0.,1.),
 .UNSPECIFIED.);
#74=B_SPLINE_SURFACE_WITH_KNOTS('',3,1,((#18544,#18545),(#18546,#18547),
(#18548,#18549),(#18550,#18551),(#18552,#18553),(#18554,#18555),(#18556,
#18557),(#18558,#18559),(#18560,#18561),(#18562,#18563)),
 .SURF_OF_LINEAR_EXTRUSION.,.F.,.F.,.F.,(4,1,1,1,1,1,1,4),(2,2),(0.,0.125,
0.25,0.375,0.5,0.625,0.75,1.),(0.,1.),.UNSPECIFIED.);
#75=B_SPLINE_SURFACE_WITH_KNOTS('',3,1,((#18571,#18572),(#18573,#18574),
(#18575,#18576),(#18577,#18578),(#18579,#18580),(#18581,#18582),(#18583,
#18584),(#18585,#18586),(#18587,#18588)),.SURF_OF_LINEAR_EXTRUSION.,.F.,
 .F.,.F.,(4,1,1,1,1,1,4),(2,2),(0.,0.25,0.375,0.5,0.625,0.75,1.),(0.,1.),
 .UNSPECIFIED.);
#76=B_SPLINE_SURFACE_WITH_KNOTS('',3,1,((#18595,#18596),(#18597,#18598),
(#18599,#18600),(#18601,#18602),(#18603,#18604),(#18605,#18606),(#18607,
#18608),(#18609,#18610),(#18611,#18612),(#18613,#18614)),
 .SURF_OF_LINEAR_EXTRUSION.,.F.,.F.,.F.,(4,1,1,1,1,1,1,4),(2,2),(0.,0.125,
0.25,0.375,0.5,0.625,0.75,1.),(0.,1.),.UNSPECIFIED.);
#77=B_SPLINE_SURFACE_WITH_KNOTS('',3,1,((#18622,#18623),(#18624,#18625),
(#18626,#18627),(#18628,#18629),(#18630,#18631),(#18632,#18633),(#18634,
#18635),(#18636,#18637),(#18638,#18639)),.SURF_OF_LINEAR_EXTRUSION.,.F.,
 .F.,.F.,(4,1,1,1,1,1,4),(2,2),(0.,0.25,0.375,0.5,0.625,0.75,1.),(0.,1.),
 .UNSPECIFIED.);
#78=B_SPLINE_SURFACE_WITH_KNOTS('',3,1,((#18646,#18647),(#18648,#18649),
(#18650,#18651),(#18652,#18653),(#18654,#18655),(#18656,#18657),(#18658,
#18659),(#18660,#18661),(#18662,#18663),(#18664,#18665)),
 .SURF_OF_LINEAR_EXTRUSION.,.F.,.F.,.F.,(4,1,1,1,1,1,1,4),(2,2),(0.,0.125,
0.25,0.375,0.5,0.625,0.75,1.),(0.,1.),.UNSPECIFIED.);
#79=B_SPLINE_SURFACE_WITH_KNOTS('',3,1,((#18673,#18674),(#18675,#18676),
(#18677,#18678),(#18679,#18680),(#18681,#18682),(#18683,#18684),(#18685,
#18686),(#18687,#18688),(#18689,#18690)),.SURF_OF_LINEAR_EXTRUSION.,.F.,
 .F.,.F.,(4,1,1,1,1,1,4),(2,2),(0.,0.25,0.375,0.5,0.625,0.75,1.),(0.,1.),
 .UNSPECIFIED.);
#80=B_SPLINE_SURFACE_WITH_KNOTS('',3,1,((#18697,#18698),(#18699,#18700),
(#18701,#18702),(#18703,#18704),(#18705,#18706),(#18707,#18708),(#18709,
#18710),(#18711,#18712),(#18713,#18714),(#18715,#18716)),
 .SURF_OF_LINEAR_EXTRUSION.,.F.,.F.,.F.,(4,1,1,1,1,1,1,4),(2,2),(0.,0.125,
0.25,0.375,0.5,0.625,0.75,1.),(0.,1.),.UNSPECIFIED.);
#81=B_SPLINE_SURFACE_WITH_KNOTS('',3,1,((#18724,#18725),(#18726,#18727),
(#18728,#18729),(#18730,#18731),(#18732,#18733),(#18734,#18735),(#18736,
#18737),(#18738,#18739),(#18740,#18741),(#18742,#18743)),
 .SURF_OF_LINEAR_EXTRUSION.,.F.,.F.,.F.,(4,1,1,1,1,1,1,4),(2,2),(0.,0.125,
0.25,0.375,0.5,0.625,0.75,1.),(0.,1.),.UNSPECIFIED.);
#82=B_SPLINE_SURFACE_WITH_KNOTS('',3,1,((#18750,#18751),(#18752,#18753),
(#18754,#18755),(#18756,#18757),(#18758,#18759),(#18760,#18761),(#18762,
#18763),(#18764,#18765),(#18766,#18767)),.SURF_OF_LINEAR_EXTRUSION.,.F.,
 .F.,.F.,(4,1,1,1,1,1,4),(2,2),(0.,0.25,0.375,0.5,0.625,0.75,1.),(0.,1.),
 .UNSPECIFIED.);
#83=B_SPLINE_SURFACE_WITH_KNOTS('',3,1,((#18775,#18776),(#18777,#18778),
(#18779,#18780),(#18781,#18782),(#18783,#18784),(#18785,#18786),(#18787,
#18788),(#18789,#18790),(#18791,#18792),(#18793,#18794)),
 .SURF_OF_LINEAR_EXTRUSION.,.F.,.F.,.F.,(4,1,1,1,1,1,1,4),(2,2),(0.,0.125,
0.25,0.375,0.5,0.625,0.75,1.),(0.,1.),.UNSPECIFIED.);
#84=B_SPLINE_SURFACE_WITH_KNOTS('',3,1,((#18801,#18802),(#18803,#18804),
(#18805,#18806),(#18807,#18808),(#18809,#18810),(#18811,#18812),(#18813,
#18814),(#18815,#18816),(#18817,#18818)),.SURF_OF_LINEAR_EXTRUSION.,.F.,
 .F.,.F.,(4,1,1,1,1,1,4),(2,2),(0.,0.25,0.375,0.5,0.625,0.75,1.),(0.,1.),
 .UNSPECIFIED.);
#85=B_SPLINE_SURFACE_WITH_KNOTS('',3,1,((#18826,#18827),(#18828,#18829),
(#18830,#18831),(#18832,#18833),(#18834,#18835),(#18836,#18837),(#18838,
#18839),(#18840,#18841),(#18842,#18843),(#18844,#18845)),
 .SURF_OF_LINEAR_EXTRUSION.,.F.,.F.,.F.,(4,1,1,1,1,1,1,4),(2,2),(0.,0.125,
0.25,0.375,0.5,0.625,0.75,1.),(0.,1.),.UNSPECIFIED.);
#86=B_SPLINE_SURFACE_WITH_KNOTS('',3,1,((#18852,#18853),(#18854,#18855),
(#18856,#18857),(#18858,#18859),(#18860,#18861),(#18862,#18863),(#18864,
#18865),(#18866,#18867),(#18868,#18869)),.SURF_OF_LINEAR_EXTRUSION.,.F.,
 .F.,.F.,(4,1,1,1,1,1,4),(2,2),(0.,0.25,0.375,0.5,0.625,0.75,1.),(0.,1.),
 .UNSPECIFIED.);
#87=B_SPLINE_SURFACE_WITH_KNOTS('',3,1,((#18877,#18878),(#18879,#18880),
(#18881,#18882),(#18883,#18884),(#18885,#18886),(#18887,#18888),(#18889,
#18890),(#18891,#18892),(#18893,#18894),(#18895,#18896)),
 .SURF_OF_LINEAR_EXTRUSION.,.F.,.F.,.F.,(4,1,1,1,1,1,1,4),(2,2),(0.,0.125,
0.25,0.375,0.5,0.625,0.75,1.),(0.,1.),.UNSPECIFIED.);
#88=B_SPLINE_SURFACE_WITH_KNOTS('',3,1,((#18903,#18904),(#18905,#18906),
(#18907,#18908),(#18909,#18910),(#18911,#18912),(#18913,#18914),(#18915,
#18916),(#18917,#18918),(#18919,#18920)),.SURF_OF_LINEAR_EXTRUSION.,.F.,
 .F.,.F.,(4,1,1,1,1,1,4),(2,2),(0.,0.25,0.375,0.5,0.625,0.75,1.),(0.,1.),
 .UNSPECIFIED.);
#89=CYLINDRICAL_SURFACE('',#11002,0.0015);
#90=CYLINDRICAL_SURFACE('',#11003,0.0015);
#91=CYLINDRICAL_SURFACE('',#11004,0.0015);
#92=CYLINDRICAL_SURFACE('',#11005,0.0015);
#93=CYLINDRICAL_SURFACE('',#11007,0.001625);
#94=CYLINDRICAL_SURFACE('',#11009,0.001625);
#95=CYLINDRICAL_SURFACE('',#11012,0.001625);
#96=CYLINDRICAL_SURFACE('',#11015,0.001625);
#97=CYLINDRICAL_SURFACE('',#11054,0.00122733847527072);
#98=CYLINDRICAL_SURFACE('',#11061,0.00160722349692725);
#99=CYLINDRICAL_SURFACE('',#11063,0.00286018420173621);
#100=CYLINDRICAL_SURFACE('',#11066,0.00171242310199295);
#101=CYLINDRICAL_SURFACE('',#11070,0.000171395778047842);
#102=CYLINDRICAL_SURFACE('',#11073,0.003);
#103=CYLINDRICAL_SURFACE('',#11076,0.0035);
#104=CYLINDRICAL_SURFACE('',#11084,0.00147921046726211);
#105=CYLINDRICAL_SURFACE('',#11088,0.000738450089764721);
#106=CYLINDRICAL_SURFACE('',#11091,0.000738450089764736);
#107=CYLINDRICAL_SURFACE('',#11096,0.00109230963093301);
#108=CYLINDRICAL_SURFACE('',#11100,0.00109230963093302);
#109=CYLINDRICAL_SURFACE('',#11105,0.000738450089764716);
#110=CYLINDRICAL_SURFACE('',#11108,0.000738450089764709);
#111=CYLINDRICAL_SURFACE('',#11113,0.000457950115625077);
#112=CYLINDRICAL_SURFACE('',#11116,0.000457950115625065);
#113=CYLINDRICAL_SURFACE('',#11120,0.00229261282169997);
#114=CYLINDRICAL_SURFACE('',#11124,0.000457950115625058);
#115=CYLINDRICAL_SURFACE('',#11127,0.00045795011562505);
#116=CYLINDRICAL_SURFACE('',#11132,0.000272124297933774);
#117=CYLINDRICAL_SURFACE('',#11135,0.000139081102038082);
#118=CYLINDRICAL_SURFACE('',#11153,0.00177161144676841);
#119=CYLINDRICAL_SURFACE('',#11155,0.00177161144676841);
#120=CYLINDRICAL_SURFACE('',#11158,0.00149757864230344);
#121=CYLINDRICAL_SURFACE('',#11161,0.00149757864230344);
#122=CYLINDRICAL_SURFACE('',#11164,0.00149757864230344);
#123=CYLINDRICAL_SURFACE('',#11167,0.00149757864230344);
#124=CYLINDRICAL_SURFACE('',#11175,0.0022);
#125=CYLINDRICAL_SURFACE('',#11203,4.33195485570754);
#126=CYLINDRICAL_SURFACE('',#11204,0.923455031111906);
#127=CYLINDRICAL_SURFACE('',#11205,0.517420050446235);
#128=CYLINDRICAL_SURFACE('',#11206,1.47637544159376);
#129=CYLINDRICAL_SURFACE('',#11207,0.00203296461198059);
#130=CYLINDRICAL_SURFACE('',#11208,0.00213678450093444);
#131=CYLINDRICAL_SURFACE('',#11209,0.178302241844046);
#132=CYLINDRICAL_SURFACE('',#11210,0.123002823268745);
#133=CYLINDRICAL_SURFACE('',#11211,0.193705699236611);
#134=CYLINDRICAL_SURFACE('',#11212,0.0158390071840493);
#135=CYLINDRICAL_SURFACE('',#11213,0.00800455698895925);
#136=CYLINDRICAL_SURFACE('',#11214,0.0150329568650857);
#137=CYLINDRICAL_SURFACE('',#11215,3.13279624982792E-5);
#138=CYLINDRICAL_SURFACE('',#11216,0.000145631162261078);
#139=CYLINDRICAL_SURFACE('',#11217,0.134000628537999);
#140=CYLINDRICAL_SURFACE('',#11218,0.064633665855792);
#141=CYLINDRICAL_SURFACE('',#11219,0.293118609661927);
#142=CYLINDRICAL_SURFACE('',#11220,0.105127875404421);
#143=CYLINDRICAL_SURFACE('',#11221,3.17335006821179);
#144=CYLINDRICAL_SURFACE('',#11222,2.82762203778235);
#145=CYLINDRICAL_SURFACE('',#11223,3.9935529437323);
#146=CYLINDRICAL_SURFACE('',#11256,2.74120435480606);
#147=CYLINDRICAL_SURFACE('',#11258,0.0141038427996312);
#148=CYLINDRICAL_SURFACE('',#11259,0.0303333619510139);
#149=CYLINDRICAL_SURFACE('',#11262,0.00696299735236693);
#150=CYLINDRICAL_SURFACE('',#11263,0.00565654590650952);
#151=CYLINDRICAL_SURFACE('',#11264,0.00513015935425567);
#152=CYLINDRICAL_SURFACE('',#11265,0.000441340944848307);
#153=CYLINDRICAL_SURFACE('',#11266,0.000447393781406748);
#154=CYLINDRICAL_SURFACE('',#11267,0.0105627054750791);
#155=CYLINDRICAL_SURFACE('',#11268,0.0102866105520517);
#156=CYLINDRICAL_SURFACE('',#11269,0.0143564174745152);
#157=CYLINDRICAL_SURFACE('',#11270,0.229742109774486);
#158=CYLINDRICAL_SURFACE('',#11271,0.194904538731599);
#159=CYLINDRICAL_SURFACE('',#11272,0.182069704531192);
#160=CYLINDRICAL_SURFACE('',#11273,0.0155740263595188);
#161=CYLINDRICAL_SURFACE('',#11274,0.0762479281734941);
#162=CYLINDRICAL_SURFACE('',#11276,0.0217377447357588);
#163=CYLINDRICAL_SURFACE('',#11277,0.000184990351270342);
#164=CYLINDRICAL_SURFACE('',#11278,0.000143114662737128);
#165=CYLINDRICAL_SURFACE('',#11279,0.0180705600381116);
#166=CYLINDRICAL_SURFACE('',#11280,0.011756960359642);
#167=CYLINDRICAL_SURFACE('',#11281,0.0200218027356538);
#168=CYLINDRICAL_SURFACE('',#11284,0.0298904867674129);
#169=CYLINDRICAL_SURFACE('',#11285,0.0613410628729269);
#170=CYLINDRICAL_SURFACE('',#11286,0.061410951386708);
#171=CYLINDRICAL_SURFACE('',#11287,6.84801209127878);
#172=CYLINDRICAL_SURFACE('',#11324,0.393853587103359);
#173=CYLINDRICAL_SURFACE('',#11325,0.539945862042068);
#174=CYLINDRICAL_SURFACE('',#11327,0.0424233670197244);
#175=CYLINDRICAL_SURFACE('',#11328,0.0422558595655192);
#176=CYLINDRICAL_SURFACE('',#11329,0.00011773992807736);
#177=CYLINDRICAL_SURFACE('',#11330,0.000305951801977656);
#178=CYLINDRICAL_SURFACE('',#11331,0.10942848138349);
#179=CYLINDRICAL_SURFACE('',#11332,0.0489086160177643);
#180=CYLINDRICAL_SURFACE('',#11333,0.0853411703038626);
#181=CYLINDRICAL_SURFACE('',#11336,0.138439762110717);
#182=CYLINDRICAL_SURFACE('',#11337,0.0731898472351288);
#183=CYLINDRICAL_SURFACE('',#11338,0.367720316973845);
#184=CYLINDRICAL_SURFACE('',#11339,8.27196731818101E-5);
#185=CYLINDRICAL_SURFACE('',#11340,7.7816089852788E-5);
#186=CYLINDRICAL_SURFACE('',#11342,0.268172205016415);
#187=CYLINDRICAL_SURFACE('',#11343,0.236864718952356);
#188=CYLINDRICAL_SURFACE('',#11344,0.217199911436952);
#189=CYLINDRICAL_SURFACE('',#11345,0.0220478069418027);
#190=CYLINDRICAL_SURFACE('',#11346,0.0698173373433708);
#191=CYLINDRICAL_SURFACE('',#11347,2.06893747436787);
#192=CYLINDRICAL_SURFACE('',#11348,1.87375010023945);
#193=CYLINDRICAL_SURFACE('',#11349,2.62161556338655);
#194=CYLINDRICAL_SURFACE('',#11353,0.227740021645416);
#195=CYLINDRICAL_SURFACE('',#11354,0.119212412310094);
#196=CYLINDRICAL_SURFACE('',#11355,0.683386834402013);
#197=CYLINDRICAL_SURFACE('',#11356,9.86803495007527E-5);
#198=CYLINDRICAL_SURFACE('',#11357,9.88352176008729E-5);
#199=CYLINDRICAL_SURFACE('',#11358,1.29095483940496);
#200=CYLINDRICAL_SURFACE('',#11359,0.182159299718604);
#201=CYLINDRICAL_SURFACE('',#11360,0.350618710801855);
#202=CYLINDRICAL_SURFACE('',#11384,0.27759828095967);
#203=CYLINDRICAL_SURFACE('',#11387,0.0157664181295677);
#204=CYLINDRICAL_SURFACE('',#11388,0.00063690051105077);
#205=CYLINDRICAL_SURFACE('',#11389,0.00072543113256328);
#206=CYLINDRICAL_SURFACE('',#11390,0.02359513186786);
#207=CYLINDRICAL_SURFACE('',#11391,0.261641353169421);
#208=CYLINDRICAL_SURFACE('',#11392,0.277324623021343);
#209=CYLINDRICAL_SURFACE('',#11393,0.681653786425042);
#210=CYLINDRICAL_SURFACE('',#11394,0.00254623955875458);
#211=CYLINDRICAL_SURFACE('',#11395,0.00186552314940204);
#212=CYLINDRICAL_SURFACE('',#11396,0.723968225588143);
#213=CYLINDRICAL_SURFACE('',#11397,0.310878097080421);
#214=CYLINDRICAL_SURFACE('',#11398,0.540374791624353);
#215=CYLINDRICAL_SURFACE('',#11399,0.398922511653699);
#216=CYLINDRICAL_SURFACE('',#11400,0.0976931736084816);
#217=CYLINDRICAL_SURFACE('',#11401,0.0772967780544438);
#218=CYLINDRICAL_SURFACE('',#11402,0.0754743152394505);
#219=CYLINDRICAL_SURFACE('',#11403,0.00474860039436436);
#220=CYLINDRICAL_SURFACE('',#11414,0.0150822594955353);
#221=CYLINDRICAL_SURFACE('',#11417,0.00534512179014087);
#222=CYLINDRICAL_SURFACE('',#11418,0.0257804577287932);
#223=CYLINDRICAL_SURFACE('',#11419,0.0288851330590428);
#224=CYLINDRICAL_SURFACE('',#11420,0.0255097069478944);
#225=CYLINDRICAL_SURFACE('',#11421,0.0231529605634272);
#226=CYLINDRICAL_SURFACE('',#11422,0.0391810032782153);
#227=CYLINDRICAL_SURFACE('',#11423,0.0376404420871023);
#228=CYLINDRICAL_SURFACE('',#11439,0.0456030066273115);
#229=CYLINDRICAL_SURFACE('',#11440,0.0652825771619464);
#230=CYLINDRICAL_SURFACE('',#11441,1.22646718821176);
#231=CYLINDRICAL_SURFACE('',#11445,0.0111185357908418);
#232=CYLINDRICAL_SURFACE('',#11446,0.0358957803512067);
#233=CYLINDRICAL_SURFACE('',#11447,0.0388230891429728);
#234=CYLINDRICAL_SURFACE('',#11448,0.0274764656349429);
#235=CYLINDRICAL_SURFACE('',#11449,0.213330559996458);
#236=CYLINDRICAL_SURFACE('',#11450,0.00230500022333256);
#237=CYLINDRICAL_SURFACE('',#11451,0.000253600836727972);
#238=CYLINDRICAL_SURFACE('',#11452,0.000297786734016082);
#239=CYLINDRICAL_SURFACE('',#11453,0.00238931368497338);
#240=CYLINDRICAL_SURFACE('',#11454,2.26953813077718);
#241=CYLINDRICAL_SURFACE('',#11457,0.046042684585876);
#242=CYLINDRICAL_SURFACE('',#11471,0.0480013159434063);
#243=CYLINDRICAL_SURFACE('',#11472,0.0242547761373367);
#244=CYLINDRICAL_SURFACE('',#11473,0.0927494555596296);
#245=CYLINDRICAL_SURFACE('',#11474,2.49847799779105E-5);
#246=CYLINDRICAL_SURFACE('',#11475,6.97887653666502E-5);
#247=CYLINDRICAL_SURFACE('',#11476,0.0378516840115968);
#248=CYLINDRICAL_SURFACE('',#11477,0.0152668117294148);
#249=CYLINDRICAL_SURFACE('',#11478,0.027524082901028);
#250=CYLINDRICAL_SURFACE('',#11516,0.00247807435529386);
#251=CYLINDRICAL_SURFACE('',#11517,0.00384266288609134);
#252=CYLINDRICAL_SURFACE('',#11518,0.00446201606008696);
#253=CYLINDRICAL_SURFACE('',#11519,0.0102583180775231);
#254=CYLINDRICAL_SURFACE('',#11520,0.00378437422772077);
#255=CYLINDRICAL_SURFACE('',#11521,0.00349238436207683);
#256=CYLINDRICAL_SURFACE('',#11522,0.00340126750854139);
#257=CYLINDRICAL_SURFACE('',#11523,0.00342069690892841);
#258=CYLINDRICAL_SURFACE('',#11524,0.00237793266326694);
#259=CYLINDRICAL_SURFACE('',#11525,0.00483224460770565);
#260=CYLINDRICAL_SURFACE('',#11526,0.00475737019717889);
#261=CYLINDRICAL_SURFACE('',#11527,0.00206133085773775);
#262=CYLINDRICAL_SURFACE('',#11528,0.00402203216413979);
#263=CYLINDRICAL_SURFACE('',#11529,0.00437345024553789);
#264=CYLINDRICAL_SURFACE('',#11530,0.00408282877800638);
#265=CYLINDRICAL_SURFACE('',#11531,0.00275259704738156);
#266=CYLINDRICAL_SURFACE('',#11532,0.00237923326942546);
#267=CYLINDRICAL_SURFACE('',#11533,0.0020620853445421);
#268=CYLINDRICAL_SURFACE('',#11534,0.00332390956651042);
#269=CYLINDRICAL_SURFACE('',#11535,0.0137947379155521);
#270=CYLINDRICAL_SURFACE('',#11536,0.00445196458273525);
#271=CYLINDRICAL_SURFACE('',#11537,0.00654301249540253);
#272=CYLINDRICAL_SURFACE('',#11538,0.00491175043430317);
#273=CYLINDRICAL_SURFACE('',#11539,0.00548997202539964);
#274=CYLINDRICAL_SURFACE('',#11540,0.00545020092305492);
#275=CYLINDRICAL_SURFACE('',#11541,0.0047726806817374);
#276=CYLINDRICAL_SURFACE('',#11542,0.00540332699266596);
#277=CYLINDRICAL_SURFACE('',#11543,0.00540602141681182);
#278=CYLINDRICAL_SURFACE('',#11544,0.00549393443841437);
#279=CYLINDRICAL_SURFACE('',#11545,0.00577585952186259);
#280=CYLINDRICAL_SURFACE('',#11546,0.00243763430951961);
#281=CYLINDRICAL_SURFACE('',#11547,0.0102552755457582);
#282=CYLINDRICAL_SURFACE('',#11548,0.0156278714977949);
#283=CYLINDRICAL_SURFACE('',#11571,0.0199378863710098);
#284=CYLINDRICAL_SURFACE('',#11581,0.0186597199097885);
#285=CYLINDRICAL_SURFACE('',#11586,0.0134314064302146);
#286=CYLINDRICAL_SURFACE('',#11589,0.010352866560353);
#287=CYLINDRICAL_SURFACE('',#11596,0.0139612968136977);
#288=CYLINDRICAL_SURFACE('',#11609,0.00474645309683672);
#289=CYLINDRICAL_SURFACE('',#11611,0.00619353163932302);
#290=CYLINDRICAL_SURFACE('',#11634,0.00248548978105581);
#291=B_SPLINE_CURVE_WITH_KNOTS('',3,(#14513,#14514,#14515,#14516,#14517,
#14518,#14519,#14520,#14521,#14522,#14523,#14524,#14525,#14526,#14527,#14528,
#14529),.UNSPECIFIED.,.F.,.F.,(4,1,1,1,1,1,1,1,1,1,1,1,1,1,4),(0.,0.0625,
0.125,0.15625,0.1875,0.25,0.375,0.5,0.625,0.75,0.8125,0.875,0.90625,0.9375,
1.),.UNSPECIFIED.);
#292=B_SPLINE_CURVE_WITH_KNOTS('',3,(#14533,#14534,#14535,#14536,#14537,
#14538,#14539,#14540,#14541,#14542,#14543,#14544,#14545,#14546,#14547,#14548,
#14549),.UNSPECIFIED.,.F.,.F.,(4,1,1,1,1,1,1,1,1,1,1,1,1,1,4),(0.,0.0625,
0.125,0.15625,0.1875,0.25,0.375,0.5,0.625,0.75,0.8125,0.875,0.90625,0.9375,
1.),.UNSPECIFIED.);
#293=B_SPLINE_CURVE_WITH_KNOTS('',3,(#14553,#14554,#14555,#14556),
 .UNSPECIFIED.,.F.,.F.,(4,4),(0.,0.00174159100776431),.UNSPECIFIED.);
#294=B_SPLINE_CURVE_WITH_KNOTS('',3,(#14572,#14573,#14574,#14575),
 .UNSPECIFIED.,.F.,.F.,(4,4),(0.,0.00174159100776431),.UNSPECIFIED.);
#295=B_SPLINE_CURVE_WITH_KNOTS('',3,(#14579,#14580,#14581,#14582,#14583,
#14584,#14585,#14586,#14587,#14588,#14589,#14590,#14591,#14592,#14593,#14594,
#14595),.UNSPECIFIED.,.F.,.F.,(4,1,1,1,1,1,1,1,1,1,1,1,1,1,4),(0.,0.0625,
0.125,0.15625,0.1875,0.25,0.375,0.5,0.625,0.75,0.8125,0.875,0.90625,0.9375,
1.),.UNSPECIFIED.);
#296=B_SPLINE_CURVE_WITH_KNOTS('',3,(#14671,#14672,#14673,#14674,#14675,
#14676,#14677,#14678,#14679,#14680,#14681,#14682,#14683,#14684,#14685,#14686,
#14687),.UNSPECIFIED.,.F.,.F.,(4,1,1,1,1,1,1,1,1,1,1,1,1,1,4),(0.,0.0625,
0.125,0.15625,0.1875,0.25,0.375,0.5,0.625,0.75,0.8125,0.875,0.90625,0.9375,
1.),.UNSPECIFIED.);
#297=B_SPLINE_CURVE_WITH_KNOTS('',2,(#14721,#14722,#14723),
 .UNSPECIFIED.,.F.,.F.,(3,3),(0.,1.),.PIECEWISE_BEZIER_KNOTS.);
#298=B_SPLINE_CURVE_WITH_KNOTS('',2,(#14726,#14727,#14728),
 .UNSPECIFIED.,.F.,.F.,(3,3),(0.,1.),.PIECEWISE_BEZIER_KNOTS.);
#299=B_SPLINE_CURVE_WITH_KNOTS('',2,(#14730,#14731,#14732),
 .UNSPECIFIED.,.F.,.F.,(3,3),(0.,1.),.PIECEWISE_BEZIER_KNOTS.);
#300=B_SPLINE_CURVE_WITH_KNOTS('',2,(#14734,#14735,#14736),
 .UNSPECIFIED.,.F.,.F.,(3,3),(0.,1.),.PIECEWISE_BEZIER_KNOTS.);
#301=B_SPLINE_CURVE_WITH_KNOTS('',2,(#14738,#14739,#14740),
 .UNSPECIFIED.,.F.,.F.,(3,3),(0.,1.),.PIECEWISE_BEZIER_KNOTS.);
#302=B_SPLINE_CURVE_WITH_KNOTS('',2,(#14744,#14745,#14746),
 .UNSPECIFIED.,.F.,.F.,(3,3),(0.,1.),.PIECEWISE_BEZIER_KNOTS.);
#303=B_SPLINE_CURVE_WITH_KNOTS('',2,(#14748,#14749,#14750),
 .UNSPECIFIED.,.F.,.F.,(3,3),(0.,1.),.PIECEWISE_BEZIER_KNOTS.);
#304=B_SPLINE_CURVE_WITH_KNOTS('',2,(#14752,#14753,#14754),
 .UNSPECIFIED.,.F.,.F.,(3,3),(0.,1.),.PIECEWISE_BEZIER_KNOTS.);
#305=B_SPLINE_CURVE_WITH_KNOTS('',2,(#14756,#14757,#14758),
 .UNSPECIFIED.,.F.,.F.,(3,3),(0.,1.),.PIECEWISE_BEZIER_KNOTS.);
#306=B_SPLINE_CURVE_WITH_KNOTS('',2,(#14762,#14763,#14764),
 .UNSPECIFIED.,.F.,.F.,(3,3),(0.,1.),.PIECEWISE_BEZIER_KNOTS.);
#307=B_SPLINE_CURVE_WITH_KNOTS('',2,(#14766,#14767,#14768),
 .UNSPECIFIED.,.F.,.F.,(3,3),(0.,1.),.PIECEWISE_BEZIER_KNOTS.);
#308=B_SPLINE_CURVE_WITH_KNOTS('',2,(#14770,#14771,#14772),
 .UNSPECIFIED.,.F.,.F.,(3,3),(0.,1.),.PIECEWISE_BEZIER_KNOTS.);
#309=B_SPLINE_CURVE_WITH_KNOTS('',2,(#14776,#14777,#14778),
 .UNSPECIFIED.,.F.,.F.,(3,3),(0.,1.),.PIECEWISE_BEZIER_KNOTS.);
#310=B_SPLINE_CURVE_WITH_KNOTS('',2,(#14780,#14781,#14782),
 .UNSPECIFIED.,.F.,.F.,(3,3),(0.,1.),.PIECEWISE_BEZIER_KNOTS.);
#311=B_SPLINE_CURVE_WITH_KNOTS('',2,(#14784,#14785,#14786),
 .UNSPECIFIED.,.F.,.F.,(3,3),(0.,1.),.PIECEWISE_BEZIER_KNOTS.);
#312=B_SPLINE_CURVE_WITH_KNOTS('',2,(#14839,#14840,#14841),
 .UNSPECIFIED.,.F.,.F.,(3,3),(0.,1.),.PIECEWISE_BEZIER_KNOTS.);
#313=B_SPLINE_CURVE_WITH_KNOTS('',2,(#14844,#14845,#14846),
 .UNSPECIFIED.,.F.,.F.,(3,3),(0.,1.),.PIECEWISE_BEZIER_KNOTS.);
#314=B_SPLINE_CURVE_WITH_KNOTS('',2,(#14848,#14849,#14850),
 .UNSPECIFIED.,.F.,.F.,(3,3),(0.,1.),.PIECEWISE_BEZIER_KNOTS.);
#315=B_SPLINE_CURVE_WITH_KNOTS('',2,(#14852,#14853,#14854),
 .UNSPECIFIED.,.F.,.F.,(3,3),(0.,1.),.PIECEWISE_BEZIER_KNOTS.);
#316=B_SPLINE_CURVE_WITH_KNOTS('',2,(#14856,#14857,#14858),
 .UNSPECIFIED.,.F.,.F.,(3,3),(0.,1.),.PIECEWISE_BEZIER_KNOTS.);
#317=B_SPLINE_CURVE_WITH_KNOTS('',2,(#14860,#14861,#14862),
 .UNSPECIFIED.,.F.,.F.,(3,3),(0.,1.),.PIECEWISE_BEZIER_KNOTS.);
#318=B_SPLINE_CURVE_WITH_KNOTS('',2,(#14868,#14869,#14870),
 .UNSPECIFIED.,.F.,.F.,(3,3),(0.,1.),.PIECEWISE_BEZIER_KNOTS.);
#319=B_SPLINE_CURVE_WITH_KNOTS('',2,(#14872,#14873,#14874),
 .UNSPECIFIED.,.F.,.F.,(3,3),(0.,1.),.PIECEWISE_BEZIER_KNOTS.);
#320=B_SPLINE_CURVE_WITH_KNOTS('',2,(#14876,#14877,#14878),
 .UNSPECIFIED.,.F.,.F.,(3,3),(0.,1.),.PIECEWISE_BEZIER_KNOTS.);
#321=B_SPLINE_CURVE_WITH_KNOTS('',2,(#14880,#14881,#14882),
 .UNSPECIFIED.,.F.,.F.,(3,3),(0.,1.),.PIECEWISE_BEZIER_KNOTS.);
#322=B_SPLINE_CURVE_WITH_KNOTS('',2,(#14884,#14885,#14886),
 .UNSPECIFIED.,.F.,.F.,(3,3),(0.,1.),.PIECEWISE_BEZIER_KNOTS.);
#323=B_SPLINE_CURVE_WITH_KNOTS('',2,(#14888,#14889,#14890),
 .UNSPECIFIED.,.F.,.F.,(3,3),(0.,1.),.PIECEWISE_BEZIER_KNOTS.);
#324=B_SPLINE_CURVE_WITH_KNOTS('',2,(#14892,#14893,#14894),
 .UNSPECIFIED.,.F.,.F.,(3,3),(0.,1.),.PIECEWISE_BEZIER_KNOTS.);
#325=B_SPLINE_CURVE_WITH_KNOTS('',2,(#14896,#14897,#14898),
 .UNSPECIFIED.,.F.,.F.,(3,3),(0.,1.),.PIECEWISE_BEZIER_KNOTS.);
#326=B_SPLINE_CURVE_WITH_KNOTS('',2,(#14900,#14901,#14902),
 .UNSPECIFIED.,.F.,.F.,(3,3),(0.,1.),.PIECEWISE_BEZIER_KNOTS.);
#327=B_SPLINE_CURVE_WITH_KNOTS('',2,(#14904,#14905,#14906),
 .UNSPECIFIED.,.F.,.F.,(3,3),(0.,1.),.PIECEWISE_BEZIER_KNOTS.);
#328=B_SPLINE_CURVE_WITH_KNOTS('',2,(#14908,#14909,#14910),
 .UNSPECIFIED.,.F.,.F.,(3,3),(0.,1.),.PIECEWISE_BEZIER_KNOTS.);
#329=B_SPLINE_CURVE_WITH_KNOTS('',2,(#14914,#14915,#14916),
 .UNSPECIFIED.,.F.,.F.,(3,3),(0.,1.),.PIECEWISE_BEZIER_KNOTS.);
#330=B_SPLINE_CURVE_WITH_KNOTS('',2,(#14922,#14923,#14924),
 .UNSPECIFIED.,.F.,.F.,(3,3),(0.,1.),.PIECEWISE_BEZIER_KNOTS.);
#331=B_SPLINE_CURVE_WITH_KNOTS('',2,(#14926,#14927,#14928),
 .UNSPECIFIED.,.F.,.F.,(3,3),(0.,1.),.PIECEWISE_BEZIER_KNOTS.);
#332=B_SPLINE_CURVE_WITH_KNOTS('',2,(#14930,#14931,#14932),
 .UNSPECIFIED.,.F.,.F.,(3,3),(0.,1.),.PIECEWISE_BEZIER_KNOTS.);
#333=B_SPLINE_CURVE_WITH_KNOTS('',2,(#14934,#14935,#14936),
 .UNSPECIFIED.,.F.,.F.,(3,3),(0.,1.),.PIECEWISE_BEZIER_KNOTS.);
#334=B_SPLINE_CURVE_WITH_KNOTS('',2,(#14938,#14939,#14940),
 .UNSPECIFIED.,.F.,.F.,(3,3),(0.,1.),.PIECEWISE_BEZIER_KNOTS.);
#335=B_SPLINE_CURVE_WITH_KNOTS('',2,(#14942,#14943,#14944),
 .UNSPECIFIED.,.F.,.F.,(3,3),(0.,1.),.PIECEWISE_BEZIER_KNOTS.);
#336=B_SPLINE_CURVE_WITH_KNOTS('',3,(#14953,#14954,#14955,#14956),
 .UNSPECIFIED.,.F.,.F.,(4,4),(0.,0.333639445517726),.UNSPECIFIED.);
#337=B_SPLINE_CURVE_WITH_KNOTS('',3,(#14965,#14966,#14967,#14968),
 .UNSPECIFIED.,.F.,.F.,(4,4),(0.196719701664511,0.700787843811406),
 .UNSPECIFIED.);
#338=B_SPLINE_CURVE_WITH_KNOTS('',3,(#14983,#14984,#14985,#14986),
 .UNSPECIFIED.,.F.,.F.,(4,4),(0.825457469028576,1.),.UNSPECIFIED.);
#339=B_SPLINE_CURVE_WITH_KNOTS('',3,(#14990,#14991,#14992,#14993,#14994,
#14995),.UNSPECIFIED.,.F.,.F.,(4,1,1,4),(0.,0.375658982876963,0.640642700092591,
1.),.UNSPECIFIED.);
#340=B_SPLINE_CURVE_WITH_KNOTS('',3,(#14999,#15000,#15001,#15002),
 .UNSPECIFIED.,.F.,.F.,(4,4),(0.,1.),.UNSPECIFIED.);
#341=B_SPLINE_CURVE_WITH_KNOTS('',3,(#15004,#15005,#15006,#15007,#15008,
#15009),.UNSPECIFIED.,.F.,.F.,(4,1,1,4),(0.,0.375658982876963,0.640642700092591,
1.),.UNSPECIFIED.);
#342=B_SPLINE_CURVE_WITH_KNOTS('',3,(#15013,#15014,#15015,#15016,#15017,
#15018),.UNSPECIFIED.,.F.,.F.,(4,1,1,4),(0.,0.309079649766099,0.577287295153519,
1.),.UNSPECIFIED.);
#343=B_SPLINE_CURVE_WITH_KNOTS('',3,(#15020,#15021,#15022,#15023,#15024,
#15025),.UNSPECIFIED.,.F.,.F.,(4,1,1,4),(0.,0.375658982876963,0.640642700092591,
1.),.UNSPECIFIED.);
#344=B_SPLINE_CURVE_WITH_KNOTS('',3,(#15029,#15030,#15031,#15032,#15033,
#15034),.UNSPECIFIED.,.F.,.F.,(4,1,1,4),(0.,0.309079649766099,0.577287295153519,
1.),.UNSPECIFIED.);
#345=B_SPLINE_CURVE_WITH_KNOTS('',3,(#15036,#15037,#15038,#15039,#15040,
#15041),.UNSPECIFIED.,.F.,.F.,(4,1,1,4),(0.,0.309079649766099,0.577287295153519,
1.),.UNSPECIFIED.);
#346=B_SPLINE_CURVE_WITH_KNOTS('',3,(#15043,#15044,#15045,#15046,#15047,
#15048),.UNSPECIFIED.,.F.,.F.,(4,1,1,4),(0.,0.375658982876963,0.640642700092591,
1.),.UNSPECIFIED.);
#347=B_SPLINE_CURVE_WITH_KNOTS('',3,(#15052,#15053,#15054,#15055,#15056,
#15057),.UNSPECIFIED.,.F.,.F.,(4,1,1,4),(0.,0.309079649766099,0.577287295153519,
1.),.UNSPECIFIED.);
#348=B_SPLINE_CURVE_WITH_KNOTS('',3,(#15061,#15062,#15063,#15064,#15065,
#15066),.UNSPECIFIED.,.F.,.F.,(4,1,1,4),(0.,0.375658982876963,0.640642700092591,
1.),.UNSPECIFIED.);
#349=B_SPLINE_CURVE_WITH_KNOTS('',3,(#15068,#15069,#15070,#15071,#15072,
#15073),.UNSPECIFIED.,.F.,.F.,(4,1,1,4),(0.,0.309079649766099,0.577287295153519,
1.),.UNSPECIFIED.);
#350=B_SPLINE_CURVE_WITH_KNOTS('',3,(#15113,#15114,#15115,#15116),
 .UNSPECIFIED.,.F.,.F.,(4,4),(0.,1.),.PIECEWISE_BEZIER_KNOTS.);
#351=B_SPLINE_CURVE_WITH_KNOTS('',3,(#15118,#15119,#15120,#15121),
 .UNSPECIFIED.,.F.,.F.,(4,4),(0.,1.),.PIECEWISE_BEZIER_KNOTS.);
#352=B_SPLINE_CURVE_WITH_KNOTS('',3,(#15138,#15139,#15140,#15141,#15142,
#15143),.UNSPECIFIED.,.F.,.F.,(4,1,1,4),(0.,0.309079649766099,0.577287295153519,
1.),.UNSPECIFIED.);
#353=B_SPLINE_CURVE_WITH_KNOTS('',3,(#15149,#15150,#15151,#15152),
 .UNSPECIFIED.,.F.,.F.,(4,4),(0.,1.),.PIECEWISE_BEZIER_KNOTS.);
#354=B_SPLINE_CURVE_WITH_KNOTS('',3,(#15156,#15157,#15158,#15159),
 .UNSPECIFIED.,.F.,.F.,(4,4),(0.,1.),.PIECEWISE_BEZIER_KNOTS.);
#355=B_SPLINE_CURVE_WITH_KNOTS('',3,(#15167,#15168,#15169,#15170),
 .UNSPECIFIED.,.F.,.F.,(4,4),(0.,1.),.PIECEWISE_BEZIER_KNOTS.);
#356=B_SPLINE_CURVE_WITH_KNOTS('',3,(#15174,#15175,#15176,#15177),
 .UNSPECIFIED.,.F.,.F.,(4,4),(0.,1.),.PIECEWISE_BEZIER_KNOTS.);
#357=B_SPLINE_CURVE_WITH_KNOTS('',3,(#15205,#15206,#15207,#15208),
 .UNSPECIFIED.,.F.,.F.,(4,4),(0.,1.),.PIECEWISE_BEZIER_KNOTS.);
#358=B_SPLINE_CURVE_WITH_KNOTS('',3,(#15210,#15211,#15212,#15213),
 .UNSPECIFIED.,.F.,.F.,(4,4),(0.,1.),.PIECEWISE_BEZIER_KNOTS.);
#359=B_SPLINE_CURVE_WITH_KNOTS('',3,(#15215,#15216,#15217,#15218),
 .UNSPECIFIED.,.F.,.F.,(4,4),(0.,1.),.PIECEWISE_BEZIER_KNOTS.);
#360=B_SPLINE_CURVE_WITH_KNOTS('',3,(#15222,#15223,#15224,#15225),
 .UNSPECIFIED.,.F.,.F.,(4,4),(0.,1.),.PIECEWISE_BEZIER_KNOTS.);
#361=B_SPLINE_CURVE_WITH_KNOTS('',3,(#15227,#15228,#15229,#15230),
 .UNSPECIFIED.,.F.,.F.,(4,4),(0.,1.),.PIECEWISE_BEZIER_KNOTS.);
#362=B_SPLINE_CURVE_WITH_KNOTS('',3,(#15232,#15233,#15234,#15235),
 .UNSPECIFIED.,.F.,.F.,(4,4),(0.,1.),.PIECEWISE_BEZIER_KNOTS.);
#363=B_SPLINE_CURVE_WITH_KNOTS('',3,(#15257,#15258,#15259,#15260,#15261,
#15262),.UNSPECIFIED.,.F.,.F.,(4,1,1,4),(0.,0.375658982876963,0.640642700092591,
1.),.UNSPECIFIED.);
#364=B_SPLINE_CURVE_WITH_KNOTS('',3,(#15264,#15265,#15266,#15267,#15268,
#15269),.UNSPECIFIED.,.F.,.F.,(4,1,1,4),(0.,0.309079649766099,0.577287295153519,
1.),.UNSPECIFIED.);
#365=B_SPLINE_CURVE_WITH_KNOTS('',3,(#15273,#15274,#15275,#15276,#15277,
#15278),.UNSPECIFIED.,.F.,.F.,(4,1,1,4),(0.,0.375658982876963,0.640642700092591,
1.),.UNSPECIFIED.);
#366=B_SPLINE_CURVE_WITH_KNOTS('',3,(#15280,#15281,#15282,#15283,#15284,
#15285),.UNSPECIFIED.,.F.,.F.,(4,1,1,4),(0.,0.309079649766099,0.577287295153519,
1.),.UNSPECIFIED.);
#367=B_SPLINE_CURVE_WITH_KNOTS('',3,(#15289,#15290,#15291,#15292,#15293,
#15294),.UNSPECIFIED.,.F.,.F.,(4,1,1,4),(0.,0.375658982876963,0.640642700092591,
1.),.UNSPECIFIED.);
#368=B_SPLINE_CURVE_WITH_KNOTS('',3,(#15296,#15297,#15298,#15299),
 .UNSPECIFIED.,.F.,.F.,(4,4),(0.,1.),.UNSPECIFIED.);
#369=B_SPLINE_CURVE_WITH_KNOTS('',3,(#15308,#15309,#15310,#15311),
 .UNSPECIFIED.,.F.,.F.,(4,4),(0.,1.),.UNSPECIFIED.);
#370=B_SPLINE_CURVE_WITH_KNOTS('',3,(#15312,#15313,#15314,#15315),
 .UNSPECIFIED.,.F.,.F.,(4,4),(0.,1.),.UNSPECIFIED.);
#371=B_SPLINE_CURVE_WITH_KNOTS('',3,(#15875,#15876,#15877,#15878),
 .UNSPECIFIED.,.F.,.F.,(4,4),(0.,1.),.UNSPECIFIED.);
#372=B_SPLINE_CURVE_WITH_KNOTS('',3,(#15882,#15883,#15884,#15885),
 .UNSPECIFIED.,.F.,.F.,(4,4),(0.,1.),.UNSPECIFIED.);
#373=B_SPLINE_CURVE_WITH_KNOTS('',3,(#15914,#15915,#15916,#15917,#15918,
#15919,#15920,#15921,#15922,#15923,#15924,#15925,#15926,#15927,#15928,#15929,
#15930),.UNSPECIFIED.,.F.,.F.,(4,1,1,1,1,1,1,1,1,1,1,1,1,1,4),(0.,0.0625,
0.125,0.15625,0.1875,0.25,0.375,0.5,0.625,0.75,0.8125,0.875,0.90625,0.9375,
1.),.UNSPECIFIED.);
#374=B_SPLINE_CURVE_WITH_KNOTS('',3,(#15971,#15972,#15973,#15974,#15975,
#15976,#15977,#15978,#15979,#15980,#15981,#15982,#15983,#15984,#15985,#15986,
#15987),.UNSPECIFIED.,.F.,.F.,(4,1,1,1,1,1,1,1,1,1,1,1,1,1,4),(0.,0.0625,
0.125,0.15625,0.1875,0.25,0.375,0.5,0.625,0.75,0.8125,0.875,0.90625,0.9375,
1.),.UNSPECIFIED.);
#375=B_SPLINE_CURVE_WITH_KNOTS('',3,(#15988,#15989,#15990,#15991,#15992,
#15993,#15994,#15995,#15996,#15997,#15998,#15999,#16000,#16001,#16002,#16003,
#16004),.UNSPECIFIED.,.F.,.F.,(4,1,1,1,1,1,1,1,1,1,1,1,1,1,4),(0.,0.0625,
0.125,0.15625,0.1875,0.25,0.375,0.5,0.625,0.75,0.8125,0.875,0.90625,0.9375,
1.),.UNSPECIFIED.);
#376=B_SPLINE_CURVE_WITH_KNOTS('',3,(#16080,#16081,#16082,#16083,#16084,
#16085,#16086,#16087,#16088,#16089,#16090,#16091,#16092,#16093,#16094,#16095,
#16096),.UNSPECIFIED.,.F.,.F.,(4,1,1,1,1,1,1,1,1,1,1,1,1,1,4),(0.,0.0625,
0.125,0.15625,0.1875,0.25,0.375,0.5,0.625,0.75,0.8125,0.875,0.90625,0.9375,
1.),.UNSPECIFIED.);
#377=B_SPLINE_CURVE_WITH_KNOTS('',3,(#16187,#16188,#16189,#16190),
 .UNSPECIFIED.,.F.,.F.,(4,4),(0.,1.),.UNSPECIFIED.);
#378=B_SPLINE_CURVE_WITH_KNOTS('',3,(#16191,#16192,#16193,#16194),
 .UNSPECIFIED.,.F.,.F.,(4,4),(0.,1.),.UNSPECIFIED.);
#379=B_SPLINE_CURVE_WITH_KNOTS('',3,(#16227,#16228,#16229,#16230),
 .UNSPECIFIED.,.F.,.F.,(4,4),(0.,1.),.UNSPECIFIED.);
#380=B_SPLINE_CURVE_WITH_KNOTS('',2,(#16380,#16381,#16382),
 .UNSPECIFIED.,.F.,.F.,(3,3),(0.,1.),.PIECEWISE_BEZIER_KNOTS.);
#381=B_SPLINE_CURVE_WITH_KNOTS('',2,(#16419,#16420,#16421),
 .UNSPECIFIED.,.F.,.F.,(3,3),(0.,1.),.PIECEWISE_BEZIER_KNOTS.);
#382=B_SPLINE_CURVE_WITH_KNOTS('',2,(#16432,#16433,#16434),
 .UNSPECIFIED.,.F.,.F.,(3,3),(0.,1.),.PIECEWISE_BEZIER_KNOTS.);
#383=B_SPLINE_CURVE_WITH_KNOTS('',2,(#16445,#16446,#16447),
 .UNSPECIFIED.,.F.,.F.,(3,3),(0.,1.),.PIECEWISE_BEZIER_KNOTS.);
#384=B_SPLINE_CURVE_WITH_KNOTS('',2,(#16462,#16463,#16464),
 .UNSPECIFIED.,.F.,.F.,(3,3),(0.,1.),.PIECEWISE_BEZIER_KNOTS.);
#385=B_SPLINE_CURVE_WITH_KNOTS('',2,(#16475,#16476,#16477),
 .UNSPECIFIED.,.F.,.F.,(3,3),(0.,1.),.PIECEWISE_BEZIER_KNOTS.);
#386=B_SPLINE_CURVE_WITH_KNOTS('',2,(#16488,#16489,#16490),
 .UNSPECIFIED.,.F.,.F.,(3,3),(0.,1.),.PIECEWISE_BEZIER_KNOTS.);
#387=B_SPLINE_CURVE_WITH_KNOTS('',2,(#16505,#16506,#16507),
 .UNSPECIFIED.,.F.,.F.,(3,3),(0.,1.),.PIECEWISE_BEZIER_KNOTS.);
#388=B_SPLINE_CURVE_WITH_KNOTS('',2,(#16518,#16519,#16520),
 .UNSPECIFIED.,.F.,.F.,(3,3),(0.,1.),.PIECEWISE_BEZIER_KNOTS.);
#389=B_SPLINE_CURVE_WITH_KNOTS('',2,(#16531,#16532,#16533),
 .UNSPECIFIED.,.F.,.F.,(3,3),(0.,1.),.PIECEWISE_BEZIER_KNOTS.);
#390=B_SPLINE_CURVE_WITH_KNOTS('',2,(#16544,#16545,#16546),
 .UNSPECIFIED.,.F.,.F.,(3,3),(0.,1.),.PIECEWISE_BEZIER_KNOTS.);
#391=B_SPLINE_CURVE_WITH_KNOTS('',2,(#16561,#16562,#16563),
 .UNSPECIFIED.,.F.,.F.,(3,3),(0.,1.),.PIECEWISE_BEZIER_KNOTS.);
#392=B_SPLINE_CURVE_WITH_KNOTS('',2,(#16574,#16575,#16576),
 .UNSPECIFIED.,.F.,.F.,(3,3),(0.,1.),.PIECEWISE_BEZIER_KNOTS.);
#393=B_SPLINE_CURVE_WITH_KNOTS('',2,(#16587,#16588,#16589),
 .UNSPECIFIED.,.F.,.F.,(3,3),(0.,1.),.PIECEWISE_BEZIER_KNOTS.);
#394=B_SPLINE_CURVE_WITH_KNOTS('',2,(#16598,#16599,#16600),
 .UNSPECIFIED.,.F.,.F.,(3,3),(0.,1.),.PIECEWISE_BEZIER_KNOTS.);
#395=B_SPLINE_CURVE_WITH_KNOTS('',2,(#16612,#16613,#16614),
 .UNSPECIFIED.,.F.,.F.,(3,3),(0.,1.),.PIECEWISE_BEZIER_KNOTS.);
#396=B_SPLINE_CURVE_WITH_KNOTS('',2,(#16627,#16628,#16629),
 .UNSPECIFIED.,.F.,.F.,(3,3),(0.,1.),.PIECEWISE_BEZIER_KNOTS.);
#397=B_SPLINE_CURVE_WITH_KNOTS('',2,(#16640,#16641,#16642),
 .UNSPECIFIED.,.F.,.F.,(3,3),(0.,1.),.PIECEWISE_BEZIER_KNOTS.);
#398=B_SPLINE_CURVE_WITH_KNOTS('',2,(#16653,#16654,#16655),
 .UNSPECIFIED.,.F.,.F.,(3,3),(0.,1.),.PIECEWISE_BEZIER_KNOTS.);
#399=B_SPLINE_CURVE_WITH_KNOTS('',2,(#16666,#16667,#16668),
 .UNSPECIFIED.,.F.,.F.,(3,3),(0.,1.),.PIECEWISE_BEZIER_KNOTS.);
#400=B_SPLINE_CURVE_WITH_KNOTS('',2,(#16679,#16680,#16681),
 .UNSPECIFIED.,.F.,.F.,(3,3),(0.,1.),.PIECEWISE_BEZIER_KNOTS.);
#401=B_SPLINE_CURVE_WITH_KNOTS('',2,(#16692,#16693,#16694),
 .UNSPECIFIED.,.F.,.F.,(3,3),(0.,1.),.PIECEWISE_BEZIER_KNOTS.);
#402=B_SPLINE_CURVE_WITH_KNOTS('',2,(#16713,#16714,#16715),
 .UNSPECIFIED.,.F.,.F.,(3,3),(0.,1.),.PIECEWISE_BEZIER_KNOTS.);
#403=B_SPLINE_CURVE_WITH_KNOTS('',2,(#16730,#16731,#16732),
 .UNSPECIFIED.,.F.,.F.,(3,3),(0.,1.),.PIECEWISE_BEZIER_KNOTS.);
#404=B_SPLINE_CURVE_WITH_KNOTS('',2,(#16743,#16744,#16745),
 .UNSPECIFIED.,.F.,.F.,(3,3),(0.,1.),.PIECEWISE_BEZIER_KNOTS.);
#405=B_SPLINE_CURVE_WITH_KNOTS('',2,(#16756,#16757,#16758),
 .UNSPECIFIED.,.F.,.F.,(3,3),(0.,1.),.PIECEWISE_BEZIER_KNOTS.);
#406=B_SPLINE_CURVE_WITH_KNOTS('',2,(#16769,#16770,#16771),
 .UNSPECIFIED.,.F.,.F.,(3,3),(0.,1.),.PIECEWISE_BEZIER_KNOTS.);
#407=B_SPLINE_CURVE_WITH_KNOTS('',2,(#16782,#16783,#16784),
 .UNSPECIFIED.,.F.,.F.,(3,3),(0.,1.),.PIECEWISE_BEZIER_KNOTS.);
#408=B_SPLINE_CURVE_WITH_KNOTS('',2,(#16795,#16796,#16797),
 .UNSPECIFIED.,.F.,.F.,(3,3),(0.,1.),.PIECEWISE_BEZIER_KNOTS.);
#409=B_SPLINE_CURVE_WITH_KNOTS('',2,(#16808,#16809,#16810),
 .UNSPECIFIED.,.F.,.F.,(3,3),(0.,1.),.PIECEWISE_BEZIER_KNOTS.);
#410=B_SPLINE_CURVE_WITH_KNOTS('',2,(#16821,#16822,#16823),
 .UNSPECIFIED.,.F.,.F.,(3,3),(0.,1.),.PIECEWISE_BEZIER_KNOTS.);
#411=B_SPLINE_CURVE_WITH_KNOTS('',2,(#16834,#16835,#16836),
 .UNSPECIFIED.,.F.,.F.,(3,3),(0.,1.),.PIECEWISE_BEZIER_KNOTS.);
#412=B_SPLINE_CURVE_WITH_KNOTS('',2,(#16847,#16848,#16849),
 .UNSPECIFIED.,.F.,.F.,(3,3),(0.,1.),.PIECEWISE_BEZIER_KNOTS.);
#413=B_SPLINE_CURVE_WITH_KNOTS('',2,(#16860,#16861,#16862),
 .UNSPECIFIED.,.F.,.F.,(3,3),(0.,1.),.PIECEWISE_BEZIER_KNOTS.);
#414=B_SPLINE_CURVE_WITH_KNOTS('',2,(#16881,#16882,#16883),
 .UNSPECIFIED.,.F.,.F.,(3,3),(0.,1.),.PIECEWISE_BEZIER_KNOTS.);
#415=B_SPLINE_CURVE_WITH_KNOTS('',2,(#16894,#16895,#16896),
 .UNSPECIFIED.,.F.,.F.,(3,3),(0.,1.),.PIECEWISE_BEZIER_KNOTS.);
#416=B_SPLINE_CURVE_WITH_KNOTS('',2,(#16907,#16908,#16909),
 .UNSPECIFIED.,.F.,.F.,(3,3),(0.,1.),.PIECEWISE_BEZIER_KNOTS.);
#417=B_SPLINE_CURVE_WITH_KNOTS('',2,(#16920,#16921,#16922),
 .UNSPECIFIED.,.F.,.F.,(3,3),(0.,1.),.PIECEWISE_BEZIER_KNOTS.);
#418=B_SPLINE_CURVE_WITH_KNOTS('',2,(#16931,#16932,#16933),
 .UNSPECIFIED.,.F.,.F.,(3,3),(0.,1.),.PIECEWISE_BEZIER_KNOTS.);
#419=B_SPLINE_CURVE_WITH_KNOTS('',3,(#18121,#18122,#18123,#18124),
 .UNSPECIFIED.,.F.,.F.,(4,4),(0.,1.),.PIECEWISE_BEZIER_KNOTS.);
#420=B_SPLINE_CURVE_WITH_KNOTS('',3,(#18135,#18136,#18137,#18138),
 .UNSPECIFIED.,.F.,.F.,(4,4),(0.,1.),.PIECEWISE_BEZIER_KNOTS.);
#421=B_SPLINE_CURVE_WITH_KNOTS('',3,(#18242,#18243,#18244,#18245),
 .UNSPECIFIED.,.F.,.F.,(4,4),(0.,1.),.PIECEWISE_BEZIER_KNOTS.);
#422=B_SPLINE_CURVE_WITH_KNOTS('',3,(#18249,#18250,#18251,#18252),
 .UNSPECIFIED.,.F.,.F.,(4,4),(0.,1.),.PIECEWISE_BEZIER_KNOTS.);
#423=B_SPLINE_CURVE_WITH_KNOTS('',3,(#18293,#18294,#18295,#18296),
 .UNSPECIFIED.,.F.,.F.,(4,4),(0.,1.),.PIECEWISE_BEZIER_KNOTS.);
#424=B_SPLINE_CURVE_WITH_KNOTS('',3,(#18307,#18308,#18309,#18310),
 .UNSPECIFIED.,.F.,.F.,(4,4),(0.,1.),.PIECEWISE_BEZIER_KNOTS.);
#425=B_SPLINE_CURVE_WITH_KNOTS('',3,(#18321,#18322,#18323,#18324),
 .UNSPECIFIED.,.F.,.F.,(4,4),(0.,1.),.PIECEWISE_BEZIER_KNOTS.);
#426=B_SPLINE_CURVE_WITH_KNOTS('',3,(#18339,#18340,#18341,#18342),
 .UNSPECIFIED.,.F.,.F.,(4,4),(0.,1.),.PIECEWISE_BEZIER_KNOTS.);
#427=B_SPLINE_CURVE_WITH_KNOTS('',3,(#18353,#18354,#18355,#18356),
 .UNSPECIFIED.,.F.,.F.,(4,4),(0.,1.),.PIECEWISE_BEZIER_KNOTS.);
#428=B_SPLINE_CURVE_WITH_KNOTS('',3,(#18365,#18366,#18367,#18368),
 .UNSPECIFIED.,.F.,.F.,(4,4),(0.,1.),.PIECEWISE_BEZIER_KNOTS.);
#429=B_SPLINE_CURVE_WITH_KNOTS('',3,(#18377,#18378,#18379,#18380),
 .UNSPECIFIED.,.F.,.F.,(4,4),(0.,1.),.PIECEWISE_BEZIER_KNOTS.);
#430=B_SPLINE_CURVE_WITH_KNOTS('',3,(#18381,#18382,#18383,#18384),
 .UNSPECIFIED.,.F.,.F.,(4,4),(0.,1.),.PIECEWISE_BEZIER_KNOTS.);
#431=B_SPLINE_CURVE_WITH_KNOTS('',3,(#18452,#18453,#18454,#18455),
 .UNSPECIFIED.,.F.,.F.,(4,4),(0.,1.),.PIECEWISE_BEZIER_KNOTS.);
#432=B_SPLINE_CURVE_WITH_KNOTS('',3,(#18468,#18469,#18470,#18471),
 .UNSPECIFIED.,.F.,.F.,(4,4),(0.,1.),.PIECEWISE_BEZIER_KNOTS.);
#433=B_SPLINE_CURVE_WITH_KNOTS('',3,(#18497,#18498,#18499,#18500),
 .UNSPECIFIED.,.F.,.F.,(4,4),(0.,1.),.PIECEWISE_BEZIER_KNOTS.);
#434=B_SPLINE_CURVE_WITH_KNOTS('',3,(#18513,#18514,#18515,#18516),
 .UNSPECIFIED.,.F.,.F.,(4,4),(0.,1.),.PIECEWISE_BEZIER_KNOTS.);
#435=B_SPLINE_CURVE_WITH_KNOTS('',3,(#18538,#18539,#18540,#18541,#18542,
#18543),.UNSPECIFIED.,.F.,.F.,(4,1,1,4),(0.,0.375658982876963,0.640642700092591,
1.),.UNSPECIFIED.);
#436=B_SPLINE_CURVE_WITH_KNOTS('',3,(#18564,#18565,#18566,#18567,#18568,
#18569),.UNSPECIFIED.,.F.,.F.,(4,1,1,4),(0.,0.309079649766099,0.577287295153519,
1.),.UNSPECIFIED.);
#437=B_SPLINE_CURVE_WITH_KNOTS('',3,(#18589,#18590,#18591,#18592,#18593,
#18594),.UNSPECIFIED.,.F.,.F.,(4,1,1,4),(0.,0.375658982876963,0.640642700092591,
1.),.UNSPECIFIED.);
#438=B_SPLINE_CURVE_WITH_KNOTS('',3,(#18615,#18616,#18617,#18618,#18619,
#18620),.UNSPECIFIED.,.F.,.F.,(4,1,1,4),(0.,0.309079649766099,0.577287295153519,
1.),.UNSPECIFIED.);
#439=B_SPLINE_CURVE_WITH_KNOTS('',3,(#18640,#18641,#18642,#18643,#18644,
#18645),.UNSPECIFIED.,.F.,.F.,(4,1,1,4),(0.,0.375658982876963,0.640642700092591,
1.),.UNSPECIFIED.);
#440=B_SPLINE_CURVE_WITH_KNOTS('',3,(#18666,#18667,#18668,#18669,#18670,
#18671),.UNSPECIFIED.,.F.,.F.,(4,1,1,4),(0.,0.309079649766099,0.577287295153519,
1.),.UNSPECIFIED.);
#441=B_SPLINE_CURVE_WITH_KNOTS('',3,(#18691,#18692,#18693,#18694,#18695,
#18696),.UNSPECIFIED.,.F.,.F.,(4,1,1,4),(0.,0.375658982876963,0.640642700092591,
1.),.UNSPECIFIED.);
#442=B_SPLINE_CURVE_WITH_KNOTS('',3,(#18717,#18718,#18719,#18720,#18721,
#18722),.UNSPECIFIED.,.F.,.F.,(4,1,1,4),(0.,0.309079649766099,0.577287295153519,
1.),.UNSPECIFIED.);
#443=B_SPLINE_CURVE_WITH_KNOTS('',3,(#18744,#18745,#18746,#18747,#18748,
#18749),.UNSPECIFIED.,.F.,.F.,(4,1,1,4),(0.,0.309079649766099,0.577287295153519,
1.),.UNSPECIFIED.);
#444=B_SPLINE_CURVE_WITH_KNOTS('',3,(#18768,#18769,#18770,#18771,#18772,
#18773),.UNSPECIFIED.,.F.,.F.,(4,1,1,4),(0.,0.375658982876963,0.640642700092591,
1.),.UNSPECIFIED.);
#445=B_SPLINE_CURVE_WITH_KNOTS('',3,(#18795,#18796,#18797,#18798,#18799,
#18800),.UNSPECIFIED.,.F.,.F.,(4,1,1,4),(0.,0.309079649766099,0.577287295153519,
1.),.UNSPECIFIED.);
#446=B_SPLINE_CURVE_WITH_KNOTS('',3,(#18819,#18820,#18821,#18822,#18823,
#18824),.UNSPECIFIED.,.F.,.F.,(4,1,1,4),(0.,0.375658982876963,0.640642700092591,
1.),.UNSPECIFIED.);
#447=B_SPLINE_CURVE_WITH_KNOTS('',3,(#18846,#18847,#18848,#18849,#18850,
#18851),.UNSPECIFIED.,.F.,.F.,(4,1,1,4),(0.,0.309079649766099,0.577287295153519,
1.),.UNSPECIFIED.);
#448=B_SPLINE_CURVE_WITH_KNOTS('',3,(#18870,#18871,#18872,#18873,#18874,
#18875),.UNSPECIFIED.,.F.,.F.,(4,1,1,4),(0.,0.375658982876963,0.640642700092591,
1.),.UNSPECIFIED.);
#449=B_SPLINE_CURVE_WITH_KNOTS('',3,(#18897,#18898,#18899,#18900,#18901,
#18902),.UNSPECIFIED.,.F.,.F.,(4,1,1,4),(0.,0.309079649766099,0.577287295153519,
1.),.UNSPECIFIED.);
#450=B_SPLINE_CURVE_WITH_KNOTS('',3,(#18921,#18922,#18923,#18924,#18925,
#18926),.UNSPECIFIED.,.F.,.F.,(4,1,1,4),(0.,0.375658982876963,0.640642700092591,
1.),.UNSPECIFIED.);
#451=B_SPLINE_CURVE_WITH_KNOTS('',3,(#18931,#18932,#18933,#18934),
 .UNSPECIFIED.,.F.,.F.,(4,4),(0.,1.),.UNSPECIFIED.);
#452=B_SPLINE_CURVE_WITH_KNOTS('',3,(#18949,#18950,#18951,#18952),
 .UNSPECIFIED.,.F.,.F.,(4,4),(0.,1.),.UNSPECIFIED.);
#453=B_SPLINE_CURVE_WITH_KNOTS('',3,(#18957,#18958,#18959,#18960),
 .UNSPECIFIED.,.F.,.F.,(4,4),(0.,1.),.UNSPECIFIED.);
#454=LINE('',#14492,#1462);
#455=LINE('',#14495,#1463);
#456=LINE('',#14497,#1464);
#457=LINE('',#14499,#1465);
#458=LINE('',#14501,#1466);
#459=LINE('',#14503,#1467);
#460=LINE('',#14505,#1468);
#461=LINE('',#14507,#1469);
#462=LINE('',#14509,#1470);
#463=LINE('',#14511,#1471);
#464=LINE('',#14531,#1472);
#465=LINE('',#14551,#1473);
#466=LINE('',#14558,#1474);
#467=LINE('',#14560,#1475);
#468=LINE('',#14562,#1476);
#469=LINE('',#14564,#1477);
#470=LINE('',#14566,#1478);
#471=LINE('',#14568,#1479);
#472=LINE('',#14570,#1480);
#473=LINE('',#14577,#1481);
#474=LINE('',#14597,#1482);
#475=LINE('',#14599,#1483);
#476=LINE('',#14601,#1484);
#477=LINE('',#14603,#1485);
#478=LINE('',#14605,#1486);
#479=LINE('',#14607,#1487);
#480=LINE('',#14609,#1488);
#481=LINE('',#14611,#1489);
#482=LINE('',#14613,#1490);
#483=LINE('',#14615,#1491);
#484=LINE('',#14617,#1492);
#485=LINE('',#14619,#1493);
#486=LINE('',#14621,#1494);
#487=LINE('',#14623,#1495);
#488=LINE('',#14625,#1496);
#489=LINE('',#14627,#1497);
#490=LINE('',#14629,#1498);
#491=LINE('',#14631,#1499);
#492=LINE('',#14633,#1500);
#493=LINE('',#14635,#1501);
#494=LINE('',#14637,#1502);
#495=LINE('',#14639,#1503);
#496=LINE('',#14641,#1504);
#497=LINE('',#14643,#1505);
#498=LINE('',#14645,#1506);
#499=LINE('',#14647,#1507);
#500=LINE('',#14649,#1508);
#501=LINE('',#14651,#1509);
#502=LINE('',#14653,#1510);
#503=LINE('',#14655,#1511);
#504=LINE('',#14657,#1512);
#505=LINE('',#14659,#1513);
#506=LINE('',#14661,#1514);
#507=LINE('',#14663,#1515);
#508=LINE('',#14665,#1516);
#509=LINE('',#14667,#1517);
#510=LINE('',#14669,#1518);
#511=LINE('',#14689,#1519);
#512=LINE('',#14691,#1520);
#513=LINE('',#14693,#1521);
#514=LINE('',#14695,#1522);
#515=LINE('',#14697,#1523);
#516=LINE('',#14699,#1524);
#517=LINE('',#14701,#1525);
#518=LINE('',#14703,#1526);
#519=LINE('',#14705,#1527);
#520=LINE('',#14707,#1528);
#521=LINE('',#14709,#1529);
#522=LINE('',#14711,#1530);
#523=LINE('',#14713,#1531);
#524=LINE('',#14715,#1532);
#525=LINE('',#14717,#1533);
#526=LINE('',#14719,#1534);
#527=LINE('',#14742,#1535);
#528=LINE('',#14760,#1536);
#529=LINE('',#14774,#1537);
#530=LINE('',#14790,#1538);
#531=LINE('',#14792,#1539);
#532=LINE('',#14794,#1540);
#533=LINE('',#14796,#1541);
#534=LINE('',#14798,#1542);
#535=LINE('',#14799,#1543);
#536=LINE('',#14802,#1544);
#537=LINE('',#14804,#1545);
#538=LINE('',#14806,#1546);
#539=LINE('',#14808,#1547);
#540=LINE('',#14810,#1548);
#541=LINE('',#14812,#1549);
#542=LINE('',#14814,#1550);
#543=LINE('',#14815,#1551);
#544=LINE('',#14818,#1552);
#545=LINE('',#14820,#1553);
#546=LINE('',#14822,#1554);
#547=LINE('',#14824,#1555);
#548=LINE('',#14826,#1556);
#549=LINE('',#14828,#1557);
#550=LINE('',#14830,#1558);
#551=LINE('',#14832,#1559);
#552=LINE('',#14834,#1560);
#553=LINE('',#14836,#1561);
#554=LINE('',#14838,#1562);
#555=LINE('',#14866,#1563);
#556=LINE('',#14920,#1564);
#557=LINE('',#14945,#1565);
#558=LINE('',#14947,#1566);
#559=LINE('',#14949,#1567);
#560=LINE('',#14951,#1568);
#561=LINE('',#14958,#1569);
#562=LINE('',#14960,#1570);
#563=LINE('',#14962,#1571);
#564=LINE('',#14970,#1572);
#565=LINE('',#14972,#1573);
#566=LINE('',#14974,#1574);
#567=LINE('',#14976,#1575);
#568=LINE('',#14978,#1576);
#569=LINE('',#14980,#1577);
#570=LINE('',#14988,#1578);
#571=LINE('',#14997,#1579);
#572=LINE('',#15011,#1580);
#573=LINE('',#15027,#1581);
#574=LINE('',#15050,#1582);
#575=LINE('',#15059,#1583);
#576=LINE('',#15075,#1584);
#577=LINE('',#15077,#1585);
#578=LINE('',#15079,#1586);
#579=LINE('',#15083,#1587);
#580=LINE('',#15087,#1588);
#581=LINE('',#15089,#1589);
#582=LINE('',#15091,#1590);
#583=LINE('',#15095,#1591);
#584=LINE('',#15097,#1592);
#585=LINE('',#15099,#1593);
#586=LINE('',#15101,#1594);
#587=LINE('',#15103,#1595);
#588=LINE('',#15105,#1596);
#589=LINE('',#15107,#1597);
#590=LINE('',#15109,#1598);
#591=LINE('',#15123,#1599);
#592=LINE('',#15125,#1600);
#593=LINE('',#15127,#1601);
#594=LINE('',#15129,#1602);
#595=LINE('',#15131,#1603);
#596=LINE('',#15133,#1604);
#597=LINE('',#15135,#1605);
#598=LINE('',#15137,#1606);
#599=LINE('',#15145,#1607);
#600=LINE('',#15146,#1608);
#601=LINE('',#15161,#1609);
#602=LINE('',#15163,#1610);
#603=LINE('',#15164,#1611);
#604=LINE('',#15172,#1612);
#605=LINE('',#15178,#1613);
#606=LINE('',#15181,#1614);
#607=LINE('',#15183,#1615);
#608=LINE('',#15185,#1616);
#609=LINE('',#15186,#1617);
#610=LINE('',#15189,#1618);
#611=LINE('',#15191,#1619);
#612=LINE('',#15193,#1620);
#613=LINE('',#15195,#1621);
#614=LINE('',#15197,#1622);
#615=LINE('',#15199,#1623);
#616=LINE('',#15201,#1624);
#617=LINE('',#15202,#1625);
#618=LINE('',#15239,#1626);
#619=LINE('',#15241,#1627);
#620=LINE('',#15243,#1628);
#621=LINE('',#15245,#1629);
#622=LINE('',#15247,#1630);
#623=LINE('',#15248,#1631);
#624=LINE('',#15251,#1632);
#625=LINE('',#15253,#1633);
#626=LINE('',#15255,#1634);
#627=LINE('',#15271,#1635);
#628=LINE('',#15287,#1636);
#629=LINE('',#15301,#1637);
#630=LINE('',#15303,#1638);
#631=LINE('',#15306,#1639);
#632=LINE('',#15317,#1640);
#633=LINE('',#15319,#1641);
#634=LINE('',#15321,#1642);
#635=LINE('',#15323,#1643);
#636=LINE('',#15325,#1644);
#637=LINE('',#15327,#1645);
#638=LINE('',#15345,#1646);
#639=LINE('',#15347,#1647);
#640=LINE('',#15375,#1648);
#641=LINE('',#15379,#1649);
#642=LINE('',#15411,#1650);
#643=LINE('',#15413,#1651);
#644=LINE('',#15415,#1652);
#645=LINE('',#15417,#1653);
#646=LINE('',#15419,#1654);
#647=LINE('',#15421,#1655);
#648=LINE('',#15423,#1656);
#649=LINE('',#15453,#1657);
#650=LINE('',#15455,#1658);
#651=LINE('',#15473,#1659);
#652=LINE('',#15475,#1660);
#653=LINE('',#15477,#1661);
#654=LINE('',#15495,#1662);
#655=LINE('',#15497,#1663);
#656=LINE('',#15499,#1664);
#657=LINE('',#15501,#1665);
#658=LINE('',#15503,#1666);
#659=LINE('',#15505,#1667);
#660=LINE('',#15511,#1668);
#661=LINE('',#15513,#1669);
#662=LINE('',#15515,#1670);
#663=LINE('',#15517,#1671);
#664=LINE('',#15543,#1672);
#665=LINE('',#15545,#1673);
#666=LINE('',#15563,#1674);
#667=LINE('',#15565,#1675);
#668=LINE('',#15567,#1676);
#669=LINE('',#15569,#1677);
#670=LINE('',#15571,#1678);
#671=LINE('',#15573,#1679);
#672=LINE('',#15575,#1680);
#673=LINE('',#15577,#1681);
#674=LINE('',#15579,#1682);
#675=LINE('',#15597,#1683);
#676=LINE('',#15602,#1684);
#677=LINE('',#15626,#1685);
#678=LINE('',#15628,#1686);
#679=LINE('',#15630,#1687);
#680=LINE('',#15633,#1688);
#681=LINE('',#15647,#1689);
#682=LINE('',#15652,#1690);
#683=LINE('',#15666,#1691);
#684=LINE('',#15668,#1692);
#685=LINE('',#15723,#1693);
#686=LINE('',#15728,#1694);
#687=LINE('',#15738,#1695);
#688=LINE('',#15740,#1696);
#689=LINE('',#15757,#1697);
#690=LINE('',#15759,#1698);
#691=LINE('',#15762,#1699);
#692=LINE('',#15765,#1700);
#693=LINE('',#15767,#1701);
#694=LINE('',#15769,#1702);
#695=LINE('',#15770,#1703);
#696=LINE('',#15773,#1704);
#697=LINE('',#15775,#1705);
#698=LINE('',#15777,#1706);
#699=LINE('',#15782,#1707);
#700=LINE('',#15785,#1708);
#701=LINE('',#15787,#1709);
#702=LINE('',#15791,#1710);
#703=LINE('',#15795,#1711);
#704=LINE('',#15797,#1712);
#705=LINE('',#15801,#1713);
#706=LINE('',#15803,#1714);
#707=LINE('',#15807,#1715);
#708=LINE('',#15811,#1716);
#709=LINE('',#15813,#1717);
#710=LINE('',#15815,#1718);
#711=LINE('',#15819,#1719);
#712=LINE('',#15823,#1720);
#713=LINE('',#15825,#1721);
#714=LINE('',#15827,#1722);
#715=LINE('',#15831,#1723);
#716=LINE('',#15833,#1724);
#717=LINE('',#15837,#1725);
#718=LINE('',#15839,#1726);
#719=LINE('',#15841,#1727);
#720=LINE('',#15845,#1728);
#721=LINE('',#15850,#1729);
#722=LINE('',#15853,#1730);
#723=LINE('',#15855,#1731);
#724=LINE('',#15857,#1732);
#725=LINE('',#15864,#1733);
#726=LINE('',#15868,#1734);
#727=LINE('',#15872,#1735);
#728=LINE('',#15880,#1736);
#729=LINE('',#15886,#1737);
#730=LINE('',#15889,#1738);
#731=LINE('',#15891,#1739);
#732=LINE('',#15893,#1740);
#733=LINE('',#15895,#1741);
#734=LINE('',#15898,#1742);
#735=LINE('',#15899,#1743);
#736=LINE('',#15901,#1744);
#737=LINE('',#15903,#1745);
#738=LINE('',#15904,#1746);
#739=LINE('',#15906,#1747);
#740=LINE('',#15908,#1748);
#741=LINE('',#15909,#1749);
#742=LINE('',#15911,#1750);
#743=LINE('',#15913,#1751);
#744=LINE('',#15931,#1752);
#745=LINE('',#15933,#1753);
#746=LINE('',#15935,#1754);
#747=LINE('',#15936,#1755);
#748=LINE('',#15938,#1756);
#749=LINE('',#15940,#1757);
#750=LINE('',#15941,#1758);
#751=LINE('',#15943,#1759);
#752=LINE('',#15945,#1760);
#753=LINE('',#15946,#1761);
#754=LINE('',#15948,#1762);
#755=LINE('',#15950,#1763);
#756=LINE('',#15951,#1764);
#757=LINE('',#15953,#1765);
#758=LINE('',#15955,#1766);
#759=LINE('',#15956,#1767);
#760=LINE('',#15958,#1768);
#761=LINE('',#15960,#1769);
#762=LINE('',#15961,#1770);
#763=LINE('',#15963,#1771);
#764=LINE('',#15965,#1772);
#765=LINE('',#15966,#1773);
#766=LINE('',#15968,#1774);
#767=LINE('',#15970,#1775);
#768=LINE('',#16005,#1776);
#769=LINE('',#16007,#1777);
#770=LINE('',#16009,#1778);
#771=LINE('',#16010,#1779);
#772=LINE('',#16012,#1780);
#773=LINE('',#16014,#1781);
#774=LINE('',#16015,#1782);
#775=LINE('',#16017,#1783);
#776=LINE('',#16019,#1784);
#777=LINE('',#16020,#1785);
#778=LINE('',#16022,#1786);
#779=LINE('',#16024,#1787);
#780=LINE('',#16025,#1788);
#781=LINE('',#16027,#1789);
#782=LINE('',#16029,#1790);
#783=LINE('',#16030,#1791);
#784=LINE('',#16032,#1792);
#785=LINE('',#16034,#1793);
#786=LINE('',#16035,#1794);
#787=LINE('',#16037,#1795);
#788=LINE('',#16039,#1796);
#789=LINE('',#16040,#1797);
#790=LINE('',#16042,#1798);
#791=LINE('',#16044,#1799);
#792=LINE('',#16045,#1800);
#793=LINE('',#16047,#1801);
#794=LINE('',#16049,#1802);
#795=LINE('',#16050,#1803);
#796=LINE('',#16052,#1804);
#797=LINE('',#16054,#1805);
#798=LINE('',#16055,#1806);
#799=LINE('',#16057,#1807);
#800=LINE('',#16059,#1808);
#801=LINE('',#16060,#1809);
#802=LINE('',#16062,#1810);
#803=LINE('',#16064,#1811);
#804=LINE('',#16065,#1812);
#805=LINE('',#16067,#1813);
#806=LINE('',#16069,#1814);
#807=LINE('',#16070,#1815);
#808=LINE('',#16072,#1816);
#809=LINE('',#16074,#1817);
#810=LINE('',#16075,#1818);
#811=LINE('',#16077,#1819);
#812=LINE('',#16079,#1820);
#813=LINE('',#16098,#1821);
#814=LINE('',#16100,#1822);
#815=LINE('',#16102,#1823);
#816=LINE('',#16103,#1824);
#817=LINE('',#16105,#1825);
#818=LINE('',#16107,#1826);
#819=LINE('',#16108,#1827);
#820=LINE('',#16110,#1828);
#821=LINE('',#16112,#1829);
#822=LINE('',#16113,#1830);
#823=LINE('',#16118,#1831);
#824=LINE('',#16121,#1832);
#825=LINE('',#16123,#1833);
#826=LINE('',#16125,#1834);
#827=LINE('',#16131,#1835);
#828=LINE('',#16132,#1836);
#829=LINE('',#16134,#1837);
#830=LINE('',#16136,#1838);
#831=LINE('',#16140,#1839);
#832=LINE('',#16143,#1840);
#833=LINE('',#16147,#1841);
#834=LINE('',#16232,#1842);
#835=LINE('',#16234,#1843);
#836=LINE('',#16236,#1844);
#837=LINE('',#16242,#1845);
#838=LINE('',#16244,#1846);
#839=LINE('',#16246,#1847);
#840=LINE('',#16250,#1848);
#841=LINE('',#16252,#1849);
#842=LINE('',#16254,#1850);
#843=LINE('',#16258,#1851);
#844=LINE('',#16260,#1852);
#845=LINE('',#16262,#1853);
#846=LINE('',#16264,#1854);
#847=LINE('',#16266,#1855);
#848=LINE('',#16268,#1856);
#849=LINE('',#16271,#1857);
#850=LINE('',#16274,#1858);
#851=LINE('',#16276,#1859);
#852=LINE('',#16278,#1860);
#853=LINE('',#16280,#1861);
#854=LINE('',#16282,#1862);
#855=LINE('',#16284,#1863);
#856=LINE('',#16286,#1864);
#857=LINE('',#16288,#1865);
#858=LINE('',#16290,#1866);
#859=LINE('',#16292,#1867);
#860=LINE('',#16294,#1868);
#861=LINE('',#16296,#1869);
#862=LINE('',#16298,#1870);
#863=LINE('',#16300,#1871);
#864=LINE('',#16302,#1872);
#865=LINE('',#16304,#1873);
#866=LINE('',#16306,#1874);
#867=LINE('',#16308,#1875);
#868=LINE('',#16310,#1876);
#869=LINE('',#16312,#1877);
#870=LINE('',#16314,#1878);
#871=LINE('',#16316,#1879);
#872=LINE('',#16318,#1880);
#873=LINE('',#16319,#1881);
#874=LINE('',#16322,#1882);
#875=LINE('',#16324,#1883);
#876=LINE('',#16326,#1884);
#877=LINE('',#16328,#1885);
#878=LINE('',#16330,#1886);
#879=LINE('',#16332,#1887);
#880=LINE('',#16334,#1888);
#881=LINE('',#16336,#1889);
#882=LINE('',#16338,#1890);
#883=LINE('',#16340,#1891);
#884=LINE('',#16342,#1892);
#885=LINE('',#16344,#1893);
#886=LINE('',#16346,#1894);
#887=LINE('',#16348,#1895);
#888=LINE('',#16350,#1896);
#889=LINE('',#16352,#1897);
#890=LINE('',#16354,#1898);
#891=LINE('',#16356,#1899);
#892=LINE('',#16358,#1900);
#893=LINE('',#16360,#1901);
#894=LINE('',#16362,#1902);
#895=LINE('',#16364,#1903);
#896=LINE('',#16366,#1904);
#897=LINE('',#16368,#1905);
#898=LINE('',#16378,#1906);
#899=LINE('',#16384,#1907);
#900=LINE('',#16386,#1908);
#901=LINE('',#16388,#1909);
#902=LINE('',#16390,#1910);
#903=LINE('',#16392,#1911);
#904=LINE('',#16394,#1912);
#905=LINE('',#16396,#1913);
#906=LINE('',#16398,#1914);
#907=LINE('',#16400,#1915);
#908=LINE('',#16402,#1916);
#909=LINE('',#16404,#1917);
#910=LINE('',#16406,#1918);
#911=LINE('',#16417,#1919);
#912=LINE('',#16430,#1920);
#913=LINE('',#16443,#1921);
#914=LINE('',#16449,#1922);
#915=LINE('',#16451,#1923);
#916=LINE('',#16460,#1924);
#917=LINE('',#16473,#1925);
#918=LINE('',#16486,#1926);
#919=LINE('',#16492,#1927);
#920=LINE('',#16494,#1928);
#921=LINE('',#16503,#1929);
#922=LINE('',#16516,#1930);
#923=LINE('',#16529,#1931);
#924=LINE('',#16542,#1932);
#925=LINE('',#16548,#1933);
#926=LINE('',#16550,#1934);
#927=LINE('',#16559,#1935);
#928=LINE('',#16572,#1936);
#929=LINE('',#16585,#1937);
#930=LINE('',#16610,#1938);
#931=LINE('',#16616,#1939);
#932=LINE('',#16625,#1940);
#933=LINE('',#16638,#1941);
#934=LINE('',#16651,#1942);
#935=LINE('',#16664,#1943);
#936=LINE('',#16677,#1944);
#937=LINE('',#16690,#1945);
#938=LINE('',#16696,#1946);
#939=LINE('',#16698,#1947);
#940=LINE('',#16700,#1948);
#941=LINE('',#16711,#1949);
#942=LINE('',#16717,#1950);
#943=LINE('',#16728,#1951);
#944=LINE('',#16741,#1952);
#945=LINE('',#16754,#1953);
#946=LINE('',#16767,#1954);
#947=LINE('',#16780,#1955);
#948=LINE('',#16793,#1956);
#949=LINE('',#16806,#1957);
#950=LINE('',#16819,#1958);
#951=LINE('',#16832,#1959);
#952=LINE('',#16845,#1960);
#953=LINE('',#16858,#1961);
#954=LINE('',#16864,#1962);
#955=LINE('',#16866,#1963);
#956=LINE('',#16868,#1964);
#957=LINE('',#16879,#1965);
#958=LINE('',#16892,#1966);
#959=LINE('',#16905,#1967);
#960=LINE('',#16918,#1968);
#961=LINE('',#16950,#1969);
#962=LINE('',#16952,#1970);
#963=LINE('',#16954,#1971);
#964=LINE('',#16956,#1972);
#965=LINE('',#16958,#1973);
#966=LINE('',#16960,#1974);
#967=LINE('',#16962,#1975);
#968=LINE('',#16964,#1976);
#969=LINE('',#16971,#1977);
#970=LINE('',#16973,#1978);
#971=LINE('',#16975,#1979);
#972=LINE('',#16977,#1980);
#973=LINE('',#16981,#1981);
#974=LINE('',#16983,#1982);
#975=LINE('',#16985,#1983);
#976=LINE('',#16989,#1984);
#977=LINE('',#16991,#1985);
#978=LINE('',#16993,#1986);
#979=LINE('',#16995,#1987);
#980=LINE('',#16997,#1988);
#981=LINE('',#16999,#1989);
#982=LINE('',#17001,#1990);
#983=LINE('',#17005,#1991);
#984=LINE('',#17007,#1992);
#985=LINE('',#17009,#1993);
#986=LINE('',#17011,#1994);
#987=LINE('',#17013,#1995);
#988=LINE('',#17017,#1996);
#989=LINE('',#17019,#1997);
#990=LINE('',#17021,#1998);
#991=LINE('',#17023,#1999);
#992=LINE('',#17025,#2000);
#993=LINE('',#17027,#2001);
#994=LINE('',#17029,#2002);
#995=LINE('',#17033,#2003);
#996=LINE('',#17035,#2004);
#997=LINE('',#17037,#2005);
#998=LINE('',#17041,#2006);
#999=LINE('',#17043,#2007);
#1000=LINE('',#17045,#2008);
#1001=LINE('',#17047,#2009);
#1002=LINE('',#17049,#2010);
#1003=LINE('',#17051,#2011);
#1004=LINE('',#17053,#2012);
#1005=LINE('',#17057,#2013);
#1006=LINE('',#17059,#2014);
#1007=LINE('',#17061,#2015);
#1008=LINE('',#17065,#2016);
#1009=LINE('',#17067,#2017);
#1010=LINE('',#17069,#2018);
#1011=LINE('',#17071,#2019);
#1012=LINE('',#17073,#2020);
#1013=LINE('',#17077,#2021);
#1014=LINE('',#17079,#2022);
#1015=LINE('',#17081,#2023);
#1016=LINE('',#17083,#2024);
#1017=LINE('',#17085,#2025);
#1018=LINE('',#17089,#2026);
#1019=LINE('',#17091,#2027);
#1020=LINE('',#17093,#2028);
#1021=LINE('',#17097,#2029);
#1022=LINE('',#17099,#2030);
#1023=LINE('',#17101,#2031);
#1024=LINE('',#17112,#2032);
#1025=LINE('',#17114,#2033);
#1026=LINE('',#17116,#2034);
#1027=LINE('',#17118,#2035);
#1028=LINE('',#17120,#2036);
#1029=LINE('',#17122,#2037);
#1030=LINE('',#17124,#2038);
#1031=LINE('',#17126,#2039);
#1032=LINE('',#17129,#2040);
#1033=LINE('',#17131,#2041);
#1034=LINE('',#17133,#2042);
#1035=LINE('',#17135,#2043);
#1036=LINE('',#17137,#2044);
#1037=LINE('',#17139,#2045);
#1038=LINE('',#17141,#2046);
#1039=LINE('',#17143,#2047);
#1040=LINE('',#17146,#2048);
#1041=LINE('',#17148,#2049);
#1042=LINE('',#17150,#2050);
#1043=LINE('',#17152,#2051);
#1044=LINE('',#17154,#2052);
#1045=LINE('',#17156,#2053);
#1046=LINE('',#17158,#2054);
#1047=LINE('',#17160,#2055);
#1048=LINE('',#17163,#2056);
#1049=LINE('',#17167,#2057);
#1050=LINE('',#17169,#2058);
#1051=LINE('',#17173,#2059);
#1052=LINE('',#17175,#2060);
#1053=LINE('',#17180,#2061);
#1054=LINE('',#17184,#2062);
#1055=LINE('',#17188,#2063);
#1056=LINE('',#17194,#2064);
#1057=LINE('',#17201,#2065);
#1058=LINE('',#17212,#2066);
#1059=LINE('',#17214,#2067);
#1060=LINE('',#17216,#2068);
#1061=LINE('',#17218,#2069);
#1062=LINE('',#17220,#2070);
#1063=LINE('',#17263,#2071);
#1064=LINE('',#17265,#2072);
#1065=LINE('',#17267,#2073);
#1066=LINE('',#17269,#2074);
#1067=LINE('',#17271,#2075);
#1068=LINE('',#17273,#2076);
#1069=LINE('',#17275,#2077);
#1070=LINE('',#17277,#2078);
#1071=LINE('',#17279,#2079);
#1072=LINE('',#17281,#2080);
#1073=LINE('',#17284,#2081);
#1074=LINE('',#17286,#2082);
#1075=LINE('',#17288,#2083);
#1076=LINE('',#17290,#2084);
#1077=LINE('',#17292,#2085);
#1078=LINE('',#17294,#2086);
#1079=LINE('',#17296,#2087);
#1080=LINE('',#17298,#2088);
#1081=LINE('',#17300,#2089);
#1082=LINE('',#17302,#2090);
#1083=LINE('',#17304,#2091);
#1084=LINE('',#17307,#2092);
#1085=LINE('',#17309,#2093);
#1086=LINE('',#17311,#2094);
#1087=LINE('',#17313,#2095);
#1088=LINE('',#17315,#2096);
#1089=LINE('',#17332,#2097);
#1090=LINE('',#17334,#2098);
#1091=LINE('',#17343,#2099);
#1092=LINE('',#17345,#2100);
#1093=LINE('',#17377,#2101);
#1094=LINE('',#17381,#2102);
#1095=LINE('',#17383,#2103);
#1096=LINE('',#17385,#2104);
#1097=LINE('',#17387,#2105);
#1098=LINE('',#17389,#2106);
#1099=LINE('',#17391,#2107);
#1100=LINE('',#17393,#2108);
#1101=LINE('',#17395,#2109);
#1102=LINE('',#17397,#2110);
#1103=LINE('',#17399,#2111);
#1104=LINE('',#17401,#2112);
#1105=LINE('',#17403,#2113);
#1106=LINE('',#17405,#2114);
#1107=LINE('',#17407,#2115);
#1108=LINE('',#17409,#2116);
#1109=LINE('',#17411,#2117);
#1110=LINE('',#17413,#2118);
#1111=LINE('',#17415,#2119);
#1112=LINE('',#17417,#2120);
#1113=LINE('',#17419,#2121);
#1114=LINE('',#17421,#2122);
#1115=LINE('',#17423,#2123);
#1116=LINE('',#17425,#2124);
#1117=LINE('',#17427,#2125);
#1118=LINE('',#17429,#2126);
#1119=LINE('',#17431,#2127);
#1120=LINE('',#17433,#2128);
#1121=LINE('',#17435,#2129);
#1122=LINE('',#17437,#2130);
#1123=LINE('',#17439,#2131);
#1124=LINE('',#17443,#2132);
#1125=LINE('',#17445,#2133);
#1126=LINE('',#17447,#2134);
#1127=LINE('',#17449,#2135);
#1128=LINE('',#17451,#2136);
#1129=LINE('',#17470,#2137);
#1130=LINE('',#17472,#2138);
#1131=LINE('',#17485,#2139);
#1132=LINE('',#17487,#2140);
#1133=LINE('',#17505,#2141);
#1134=LINE('',#17507,#2142);
#1135=LINE('',#17509,#2143);
#1136=LINE('',#17527,#2144);
#1137=LINE('',#17529,#2145);
#1138=LINE('',#17531,#2146);
#1139=LINE('',#17533,#2147);
#1140=LINE('',#17535,#2148);
#1141=LINE('',#17537,#2149);
#1142=LINE('',#17539,#2150);
#1143=LINE('',#17541,#2151);
#1144=LINE('',#17543,#2152);
#1145=LINE('',#17545,#2153);
#1146=LINE('',#17547,#2154);
#1147=LINE('',#17549,#2155);
#1148=LINE('',#17551,#2156);
#1149=LINE('',#17553,#2157);
#1150=LINE('',#17555,#2158);
#1151=LINE('',#17557,#2159);
#1152=LINE('',#17559,#2160);
#1153=LINE('',#17561,#2161);
#1154=LINE('',#17564,#2162);
#1155=LINE('',#17566,#2163);
#1156=LINE('',#17568,#2164);
#1157=LINE('',#17570,#2165);
#1158=LINE('',#17572,#2166);
#1159=LINE('',#17574,#2167);
#1160=LINE('',#17576,#2168);
#1161=LINE('',#17578,#2169);
#1162=LINE('',#17580,#2170);
#1163=LINE('',#17582,#2171);
#1164=LINE('',#17584,#2172);
#1165=LINE('',#17586,#2173);
#1166=LINE('',#17588,#2174);
#1167=LINE('',#17590,#2175);
#1168=LINE('',#17592,#2176);
#1169=LINE('',#17594,#2177);
#1170=LINE('',#17596,#2178);
#1171=LINE('',#17598,#2179);
#1172=LINE('',#17600,#2180);
#1173=LINE('',#17603,#2181);
#1174=LINE('',#17605,#2182);
#1175=LINE('',#17607,#2183);
#1176=LINE('',#17609,#2184);
#1177=LINE('',#17611,#2185);
#1178=LINE('',#17613,#2186);
#1179=LINE('',#17615,#2187);
#1180=LINE('',#17617,#2188);
#1181=LINE('',#17619,#2189);
#1182=LINE('',#17631,#2190);
#1183=LINE('',#17656,#2191);
#1184=LINE('',#17658,#2192);
#1185=LINE('',#17660,#2193);
#1186=LINE('',#17664,#2194);
#1187=LINE('',#17666,#2195);
#1188=LINE('',#17668,#2196);
#1189=LINE('',#17670,#2197);
#1190=LINE('',#17672,#2198);
#1191=LINE('',#17674,#2199);
#1192=LINE('',#17676,#2200);
#1193=LINE('',#17678,#2201);
#1194=LINE('',#17680,#2202);
#1195=LINE('',#17682,#2203);
#1196=LINE('',#17684,#2204);
#1197=LINE('',#17687,#2205);
#1198=LINE('',#17689,#2206);
#1199=LINE('',#17691,#2207);
#1200=LINE('',#17693,#2208);
#1201=LINE('',#17696,#2209);
#1202=LINE('',#17698,#2210);
#1203=LINE('',#17700,#2211);
#1204=LINE('',#17718,#2212);
#1205=LINE('',#17720,#2213);
#1206=LINE('',#17722,#2214);
#1207=LINE('',#17724,#2215);
#1208=LINE('',#17726,#2216);
#1209=LINE('',#17728,#2217);
#1210=LINE('',#17730,#2218);
#1211=LINE('',#17732,#2219);
#1212=LINE('',#17734,#2220);
#1213=LINE('',#17736,#2221);
#1214=LINE('',#17741,#2222);
#1215=LINE('',#17743,#2223);
#1216=LINE('',#17770,#2224);
#1217=LINE('',#17772,#2225);
#1218=LINE('',#17774,#2226);
#1219=LINE('',#17776,#2227);
#1220=LINE('',#17778,#2228);
#1221=LINE('',#17780,#2229);
#1222=LINE('',#17782,#2230);
#1223=LINE('',#17784,#2231);
#1224=LINE('',#17786,#2232);
#1225=LINE('',#17788,#2233);
#1226=LINE('',#17790,#2234);
#1227=LINE('',#17792,#2235);
#1228=LINE('',#17794,#2236);
#1229=LINE('',#17796,#2237);
#1230=LINE('',#17798,#2238);
#1231=LINE('',#17800,#2239);
#1232=LINE('',#17802,#2240);
#1233=LINE('',#17804,#2241);
#1234=LINE('',#17806,#2242);
#1235=LINE('',#17808,#2243);
#1236=LINE('',#17812,#2244);
#1237=LINE('',#17814,#2245);
#1238=LINE('',#17832,#2246);
#1239=LINE('',#17834,#2247);
#1240=LINE('',#17836,#2248);
#1241=LINE('',#17838,#2249);
#1242=LINE('',#17840,#2250);
#1243=LINE('',#17842,#2251);
#1244=LINE('',#17844,#2252);
#1245=LINE('',#17846,#2253);
#1246=LINE('',#17848,#2254);
#1247=LINE('',#17850,#2255);
#1248=LINE('',#17852,#2256);
#1249=LINE('',#17854,#2257);
#1250=LINE('',#17856,#2258);
#1251=LINE('',#17858,#2259);
#1252=LINE('',#17860,#2260);
#1253=LINE('',#17862,#2261);
#1254=LINE('',#17864,#2262);
#1255=LINE('',#17866,#2263);
#1256=LINE('',#17868,#2264);
#1257=LINE('',#17936,#2265);
#1258=LINE('',#17938,#2266);
#1259=LINE('',#17940,#2267);
#1260=LINE('',#17942,#2268);
#1261=LINE('',#17944,#2269);
#1262=LINE('',#17946,#2270);
#1263=LINE('',#17948,#2271);
#1264=LINE('',#17950,#2272);
#1265=LINE('',#17952,#2273);
#1266=LINE('',#17954,#2274);
#1267=LINE('',#17956,#2275);
#1268=LINE('',#17958,#2276);
#1269=LINE('',#17960,#2277);
#1270=LINE('',#17962,#2278);
#1271=LINE('',#17964,#2279);
#1272=LINE('',#17966,#2280);
#1273=LINE('',#17968,#2281);
#1274=LINE('',#17970,#2282);
#1275=LINE('',#17972,#2283);
#1276=LINE('',#17974,#2284);
#1277=LINE('',#17976,#2285);
#1278=LINE('',#17978,#2286);
#1279=LINE('',#17980,#2287);
#1280=LINE('',#17982,#2288);
#1281=LINE('',#17984,#2289);
#1282=LINE('',#17986,#2290);
#1283=LINE('',#17988,#2291);
#1284=LINE('',#17990,#2292);
#1285=LINE('',#17992,#2293);
#1286=LINE('',#17994,#2294);
#1287=LINE('',#17996,#2295);
#1288=LINE('',#18000,#2296);
#1289=LINE('',#18002,#2297);
#1290=LINE('',#18004,#2298);
#1291=LINE('',#18006,#2299);
#1292=LINE('',#18008,#2300);
#1293=LINE('',#18010,#2301);
#1294=LINE('',#18012,#2302);
#1295=LINE('',#18014,#2303);
#1296=LINE('',#18017,#2304);
#1297=LINE('',#18020,#2305);
#1298=LINE('',#18022,#2306);
#1299=LINE('',#18024,#2307);
#1300=LINE('',#18026,#2308);
#1301=LINE('',#18028,#2309);
#1302=LINE('',#18030,#2310);
#1303=LINE('',#18032,#2311);
#1304=LINE('',#18034,#2312);
#1305=LINE('',#18036,#2313);
#1306=LINE('',#18038,#2314);
#1307=LINE('',#18041,#2315);
#1308=LINE('',#18043,#2316);
#1309=LINE('',#18045,#2317);
#1310=LINE('',#18047,#2318);
#1311=LINE('',#18049,#2319);
#1312=LINE('',#18051,#2320);
#1313=LINE('',#18053,#2321);
#1314=LINE('',#18055,#2322);
#1315=LINE('',#18057,#2323);
#1316=LINE('',#18059,#2324);
#1317=LINE('',#18062,#2325);
#1318=LINE('',#18064,#2326);
#1319=LINE('',#18066,#2327);
#1320=LINE('',#18068,#2328);
#1321=LINE('',#18070,#2329);
#1322=LINE('',#18072,#2330);
#1323=LINE('',#18074,#2331);
#1324=LINE('',#18076,#2332);
#1325=LINE('',#18078,#2333);
#1326=LINE('',#18080,#2334);
#1327=LINE('',#18082,#2335);
#1328=LINE('',#18084,#2336);
#1329=LINE('',#18086,#2337);
#1330=LINE('',#18088,#2338);
#1331=LINE('',#18090,#2339);
#1332=LINE('',#18092,#2340);
#1333=LINE('',#18094,#2341);
#1334=LINE('',#18096,#2342);
#1335=LINE('',#18098,#2343);
#1336=LINE('',#18100,#2344);
#1337=LINE('',#18102,#2345);
#1338=LINE('',#18104,#2346);
#1339=LINE('',#18106,#2347);
#1340=LINE('',#18108,#2348);
#1341=LINE('',#18110,#2349);
#1342=LINE('',#18119,#2350);
#1343=LINE('',#18133,#2351);
#1344=LINE('',#18140,#2352);
#1345=LINE('',#18144,#2353);
#1346=LINE('',#18146,#2354);
#1347=LINE('',#18148,#2355);
#1348=LINE('',#18150,#2356);
#1349=LINE('',#18152,#2357);
#1350=LINE('',#18154,#2358);
#1351=LINE('',#18156,#2359);
#1352=LINE('',#18158,#2360);
#1353=LINE('',#18160,#2361);
#1354=LINE('',#18162,#2362);
#1355=LINE('',#18164,#2363);
#1356=LINE('',#18166,#2364);
#1357=LINE('',#18168,#2365);
#1358=LINE('',#18170,#2366);
#1359=LINE('',#18172,#2367);
#1360=LINE('',#18174,#2368);
#1361=LINE('',#18176,#2369);
#1362=LINE('',#18180,#2370);
#1363=LINE('',#18182,#2371);
#1364=LINE('',#18184,#2372);
#1365=LINE('',#18186,#2373);
#1366=LINE('',#18188,#2374);
#1367=LINE('',#18190,#2375);
#1368=LINE('',#18192,#2376);
#1369=LINE('',#18196,#2377);
#1370=LINE('',#18198,#2378);
#1371=LINE('',#18200,#2379);
#1372=LINE('',#18204,#2380);
#1373=LINE('',#18206,#2381);
#1374=LINE('',#18208,#2382);
#1375=LINE('',#18210,#2383);
#1376=LINE('',#18212,#2384);
#1377=LINE('',#18214,#2385);
#1378=LINE('',#18215,#2386);
#1379=LINE('',#18217,#2387);
#1380=LINE('',#18218,#2388);
#1381=LINE('',#18226,#2389);
#1382=LINE('',#18229,#2390);
#1383=LINE('',#18231,#2391);
#1384=LINE('',#18233,#2392);
#1385=LINE('',#18247,#2393);
#1386=LINE('',#18254,#2394);
#1387=LINE('',#18256,#2395);
#1388=LINE('',#18258,#2396);
#1389=LINE('',#18260,#2397);
#1390=LINE('',#18262,#2398);
#1391=LINE('',#18264,#2399);
#1392=LINE('',#18266,#2400);
#1393=LINE('',#18268,#2401);
#1394=LINE('',#18270,#2402);
#1395=LINE('',#18272,#2403);
#1396=LINE('',#18274,#2404);
#1397=LINE('',#18276,#2405);
#1398=LINE('',#18278,#2406);
#1399=LINE('',#18280,#2407);
#1400=LINE('',#18291,#2408);
#1401=LINE('',#18305,#2409);
#1402=LINE('',#18319,#2410);
#1403=LINE('',#18326,#2411);
#1404=LINE('',#18337,#2412);
#1405=LINE('',#18351,#2413);
#1406=LINE('',#18387,#2414);
#1407=LINE('',#18389,#2415);
#1408=LINE('',#18391,#2416);
#1409=LINE('',#18393,#2417);
#1410=LINE('',#18395,#2418);
#1411=LINE('',#18397,#2419);
#1412=LINE('',#18399,#2420);
#1413=LINE('',#18401,#2421);
#1414=LINE('',#18403,#2422);
#1415=LINE('',#18405,#2423);
#1416=LINE('',#18407,#2424);
#1417=LINE('',#18409,#2425);
#1418=LINE('',#18411,#2426);
#1419=LINE('',#18413,#2427);
#1420=LINE('',#18415,#2428);
#1421=LINE('',#18417,#2429);
#1422=LINE('',#18420,#2430);
#1423=LINE('',#18422,#2431);
#1424=LINE('',#18424,#2432);
#1425=LINE('',#18426,#2433);
#1426=LINE('',#18428,#2434);
#1427=LINE('',#18430,#2435);
#1428=LINE('',#18432,#2436);
#1429=LINE('',#18434,#2437);
#1430=LINE('',#18437,#2438);
#1431=LINE('',#18439,#2439);
#1432=LINE('',#18441,#2440);
#1433=LINE('',#18450,#2441);
#1434=LINE('',#18457,#2442);
#1435=LINE('',#18459,#2443);
#1436=LINE('',#18474,#2444);
#1437=LINE('',#18476,#2445);
#1438=LINE('',#18478,#2446);
#1439=LINE('',#18480,#2447);
#1440=LINE('',#18482,#2448);
#1441=LINE('',#18484,#2449);
#1442=LINE('',#18486,#2450);
#1443=LINE('',#18495,#2451);
#1444=LINE('',#18502,#2452);
#1445=LINE('',#18929,#2453);
#1446=LINE('',#18936,#2454);
#1447=LINE('',#18938,#2455);
#1448=LINE('',#18940,#2456);
#1449=LINE('',#18943,#2457);
#1450=LINE('',#18945,#2458);
#1451=LINE('',#18947,#2459);
#1452=LINE('',#18955,#2460);
#1453=LINE('',#18962,#2461);
#1454=LINE('',#18965,#2462);
#1455=LINE('',#18967,#2463);
#1456=LINE('',#18970,#2464);
#1457=LINE('',#18972,#2465);
#1458=LINE('',#18975,#2466);
#1459=LINE('',#18977,#2467);
#1460=LINE('',#18980,#2468);
#1461=LINE('',#18982,#2469);
#1462=VECTOR('',#11682,1.);
#1463=VECTOR('',#11683,1.);
#1464=VECTOR('',#11684,1.);
#1465=VECTOR('',#11685,1.);
#1466=VECTOR('',#11686,1.);
#1467=VECTOR('',#11687,1.);
#1468=VECTOR('',#11688,1.);
#1469=VECTOR('',#11689,1.);
#1470=VECTOR('',#11690,1.);
#1471=VECTOR('',#11691,1.);
#1472=VECTOR('',#11692,1.);
#1473=VECTOR('',#11693,1.);
#1474=VECTOR('',#11694,1.);
#1475=VECTOR('',#11695,1.);
#1476=VECTOR('',#11696,1.);
#1477=VECTOR('',#11697,1.);
#1478=VECTOR('',#11698,1.);
#1479=VECTOR('',#11699,1.);
#1480=VECTOR('',#11700,1.);
#1481=VECTOR('',#11701,1.);
#1482=VECTOR('',#11702,1.);
#1483=VECTOR('',#11703,1.);
#1484=VECTOR('',#11704,1.);
#1485=VECTOR('',#11705,1.);
#1486=VECTOR('',#11706,1.);
#1487=VECTOR('',#11707,1.);
#1488=VECTOR('',#11708,1.);
#1489=VECTOR('',#11709,1.);
#1490=VECTOR('',#11710,1.);
#1491=VECTOR('',#11711,1.);
#1492=VECTOR('',#11712,1.);
#1493=VECTOR('',#11713,1.);
#1494=VECTOR('',#11714,1.);
#1495=VECTOR('',#11715,1.);
#1496=VECTOR('',#11716,1.);
#1497=VECTOR('',#11717,1.);
#1498=VECTOR('',#11718,1.);
#1499=VECTOR('',#11719,1.);
#1500=VECTOR('',#11720,1.);
#1501=VECTOR('',#11721,1.);
#1502=VECTOR('',#11722,1.);
#1503=VECTOR('',#11723,1.);
#1504=VECTOR('',#11724,1.);
#1505=VECTOR('',#11725,1.);
#1506=VECTOR('',#11726,1.);
#1507=VECTOR('',#11727,1.);
#1508=VECTOR('',#11728,1.);
#1509=VECTOR('',#11729,1.);
#1510=VECTOR('',#11730,1.);
#1511=VECTOR('',#11731,1.);
#1512=VECTOR('',#11732,1.);
#1513=VECTOR('',#11733,1.);
#1514=VECTOR('',#11734,1.);
#1515=VECTOR('',#11735,1.);
#1516=VECTOR('',#11736,1.);
#1517=VECTOR('',#11737,1.);
#1518=VECTOR('',#11738,1.);
#1519=VECTOR('',#11739,1.);
#1520=VECTOR('',#11740,1.);
#1521=VECTOR('',#11741,1.);
#1522=VECTOR('',#11742,1.);
#1523=VECTOR('',#11743,1.);
#1524=VECTOR('',#11744,1.);
#1525=VECTOR('',#11745,1.);
#1526=VECTOR('',#11746,1.);
#1527=VECTOR('',#11747,1.);
#1528=VECTOR('',#11748,1.);
#1529=VECTOR('',#11751,1.);
#1530=VECTOR('',#11752,1.);
#1531=VECTOR('',#11753,1.);
#1532=VECTOR('',#11756,1.);
#1533=VECTOR('',#11757,1.);
#1534=VECTOR('',#11758,1.);
#1535=VECTOR('',#11761,1.);
#1536=VECTOR('',#11762,1.);
#1537=VECTOR('',#11763,1.);
#1538=VECTOR('',#11766,1.);
#1539=VECTOR('',#11767,1.);
#1540=VECTOR('',#11768,1.);
#1541=VECTOR('',#11769,1.);
#1542=VECTOR('',#11770,1.);
#1543=VECTOR('',#11771,1.);
#1544=VECTOR('',#11772,1.);
#1545=VECTOR('',#11773,1.);
#1546=VECTOR('',#11774,1.);
#1547=VECTOR('',#11775,1.);
#1548=VECTOR('',#11776,1.);
#1549=VECTOR('',#11777,1.);
#1550=VECTOR('',#11778,1.);
#1551=VECTOR('',#11779,1.);
#1552=VECTOR('',#11780,1.);
#1553=VECTOR('',#11781,1.);
#1554=VECTOR('',#11782,1.);
#1555=VECTOR('',#11783,1.);
#1556=VECTOR('',#11784,1.);
#1557=VECTOR('',#11785,1.);
#1558=VECTOR('',#11786,1.);
#1559=VECTOR('',#11787,1.);
#1560=VECTOR('',#11788,1.);
#1561=VECTOR('',#11789,1.);
#1562=VECTOR('',#11790,1.);
#1563=VECTOR('',#11793,1.);
#1564=VECTOR('',#11798,1.);
#1565=VECTOR('',#11799,1.);
#1566=VECTOR('',#11800,1.);
#1567=VECTOR('',#11801,1.);
#1568=VECTOR('',#11804,1.);
#1569=VECTOR('',#11805,1.);
#1570=VECTOR('',#11806,1.);
#1571=VECTOR('',#11809,1.);
#1572=VECTOR('',#11810,1.);
#1573=VECTOR('',#11811,1.);
#1574=VECTOR('',#11814,1.);
#1575=VECTOR('',#11815,1.);
#1576=VECTOR('',#11816,1.);
#1577=VECTOR('',#11819,1.);
#1578=VECTOR('',#11820,1.);
#1579=VECTOR('',#11823,1.);
#1580=VECTOR('',#11826,1.);
#1581=VECTOR('',#11829,1.);
#1582=VECTOR('',#11832,1.);
#1583=VECTOR('',#11835,1.);
#1584=VECTOR('',#11838,1.);
#1585=VECTOR('',#11839,1.);
#1586=VECTOR('',#11840,1.);
#1587=VECTOR('',#11843,1.);
#1588=VECTOR('',#11846,1.);
#1589=VECTOR('',#11847,1.);
#1590=VECTOR('',#11848,1.);
#1591=VECTOR('',#11851,1.);
#1592=VECTOR('',#11852,1.);
#1593=VECTOR('',#11853,1.);
#1594=VECTOR('',#11854,1.);
#1595=VECTOR('',#11855,1.);
#1596=VECTOR('',#11856,1.);
#1597=VECTOR('',#11857,1.);
#1598=VECTOR('',#11858,1.);
#1599=VECTOR('',#11861,1.);
#1600=VECTOR('',#11862,1.);
#1601=VECTOR('',#11863,1.);
#1602=VECTOR('',#11864,1.);
#1603=VECTOR('',#11865,1.);
#1604=VECTOR('',#11866,1.);
#1605=VECTOR('',#11867,1.);
#1606=VECTOR('',#11868,1.);
#1607=VECTOR('',#11869,1.);
#1608=VECTOR('',#11870,1.);
#1609=VECTOR('',#11873,1.);
#1610=VECTOR('',#11874,1.);
#1611=VECTOR('',#11875,1.);
#1612=VECTOR('',#11876,1.);
#1613=VECTOR('',#11877,1.);
#1614=VECTOR('',#11878,1.);
#1615=VECTOR('',#11879,1.);
#1616=VECTOR('',#11880,1.);
#1617=VECTOR('',#11881,1.);
#1618=VECTOR('',#11882,1.);
#1619=VECTOR('',#11883,1.);
#1620=VECTOR('',#11884,1.);
#1621=VECTOR('',#11885,1.);
#1622=VECTOR('',#11886,1.);
#1623=VECTOR('',#11887,1.);
#1624=VECTOR('',#11888,1.);
#1625=VECTOR('',#11889,1.);
#1626=VECTOR('',#11894,1.);
#1627=VECTOR('',#11895,1.);
#1628=VECTOR('',#11896,1.);
#1629=VECTOR('',#11897,1.);
#1630=VECTOR('',#11898,1.);
#1631=VECTOR('',#11899,1.);
#1632=VECTOR('',#11900,1.);
#1633=VECTOR('',#11901,1.);
#1634=VECTOR('',#11902,1.);
#1635=VECTOR('',#11905,1.);
#1636=VECTOR('',#11908,1.);
#1637=VECTOR('',#11911,1.);
#1638=VECTOR('',#11914,1.);
#1639=VECTOR('',#11915,1.);
#1640=VECTOR('',#11916,1.);
#1641=VECTOR('',#11917,1.);
#1642=VECTOR('',#11918,1.);
#1643=VECTOR('',#11919,1.);
#1644=VECTOR('',#11920,1.);
#1645=VECTOR('',#11921,1.);
#1646=VECTOR('',#11938,1.);
#1647=VECTOR('',#11939,1.);
#1648=VECTOR('',#11966,1.);
#1649=VECTOR('',#11969,1.);
#1650=VECTOR('',#12000,1.);
#1651=VECTOR('',#12001,1.);
#1652=VECTOR('',#12002,1.);
#1653=VECTOR('',#12003,1.);
#1654=VECTOR('',#12004,1.);
#1655=VECTOR('',#12005,1.);
#1656=VECTOR('',#12006,1.);
#1657=VECTOR('',#12035,1.);
#1658=VECTOR('',#12036,1.);
#1659=VECTOR('',#12053,1.);
#1660=VECTOR('',#12054,1.);
#1661=VECTOR('',#12055,1.);
#1662=VECTOR('',#12072,1.);
#1663=VECTOR('',#12073,1.);
#1664=VECTOR('',#12074,1.);
#1665=VECTOR('',#12075,1.);
#1666=VECTOR('',#12076,1.);
#1667=VECTOR('',#12077,1.);
#1668=VECTOR('',#12082,1.);
#1669=VECTOR('',#12083,1.);
#1670=VECTOR('',#12084,1.);
#1671=VECTOR('',#12085,1.);
#1672=VECTOR('',#12110,1.);
#1673=VECTOR('',#12111,1.);
#1674=VECTOR('',#12128,1.);
#1675=VECTOR('',#12129,1.);
#1676=VECTOR('',#12130,1.);
#1677=VECTOR('',#12131,1.);
#1678=VECTOR('',#12132,1.);
#1679=VECTOR('',#12133,1.);
#1680=VECTOR('',#12134,1.);
#1681=VECTOR('',#12135,1.);
#1682=VECTOR('',#12136,1.);
#1683=VECTOR('',#12153,1.);
#1684=VECTOR('',#12158,1.);
#1685=VECTOR('',#12181,1.);
#1686=VECTOR('',#12182,1.);
#1687=VECTOR('',#12185,1.);
#1688=VECTOR('',#12186,1.);
#1689=VECTOR('',#12199,1.);
#1690=VECTOR('',#12204,1.);
#1691=VECTOR('',#12217,1.);
#1692=VECTOR('',#12218,1.);
#1693=VECTOR('',#12273,1.);
#1694=VECTOR('',#12278,1.);
#1695=VECTOR('',#12287,1.);
#1696=VECTOR('',#12288,1.);
#1697=VECTOR('',#12305,1.);
#1698=VECTOR('',#12306,1.);
#1699=VECTOR('',#12309,1.);
#1700=VECTOR('',#12310,1.);
#1701=VECTOR('',#12311,1.);
#1702=VECTOR('',#12312,1.);
#1703=VECTOR('',#12313,1.);
#1704=VECTOR('',#12314,1.);
#1705=VECTOR('',#12315,1.);
#1706=VECTOR('',#12316,1.);
#1707=VECTOR('',#12321,1.);
#1708=VECTOR('',#12322,1.);
#1709=VECTOR('',#12323,1.);
#1710=VECTOR('',#12326,1.);
#1711=VECTOR('',#12329,1.);
#1712=VECTOR('',#12330,1.);
#1713=VECTOR('',#12333,1.);
#1714=VECTOR('',#12334,1.);
#1715=VECTOR('',#12337,1.);
#1716=VECTOR('',#12340,1.);
#1717=VECTOR('',#12341,1.);
#1718=VECTOR('',#12342,1.);
#1719=VECTOR('',#12345,1.);
#1720=VECTOR('',#12348,1.);
#1721=VECTOR('',#12349,1.);
#1722=VECTOR('',#12350,1.);
#1723=VECTOR('',#12353,1.);
#1724=VECTOR('',#12354,1.);
#1725=VECTOR('',#12357,1.);
#1726=VECTOR('',#12358,1.);
#1727=VECTOR('',#12359,1.);
#1728=VECTOR('',#12362,1.);
#1729=VECTOR('',#12367,1.);
#1730=VECTOR('',#12368,1.);
#1731=VECTOR('',#12369,1.);
#1732=VECTOR('',#12370,1.);
#1733=VECTOR('',#12377,1.);
#1734=VECTOR('',#12380,1.);
#1735=VECTOR('',#12383,1.);
#1736=VECTOR('',#12386,1.);
#1737=VECTOR('',#12387,1.);
#1738=VECTOR('',#12388,1.);
#1739=VECTOR('',#12389,1.);
#1740=VECTOR('',#12390,1.);
#1741=VECTOR('',#12393,1.);
#1742=VECTOR('',#12394,1.);
#1743=VECTOR('',#12395,1.);
#1744=VECTOR('',#12396,1.);
#1745=VECTOR('',#12397,1.);
#1746=VECTOR('',#12398,1.);
#1747=VECTOR('',#12399,1.);
#1748=VECTOR('',#12400,1.);
#1749=VECTOR('',#12401,1.);
#1750=VECTOR('',#12402,1.);
#1751=VECTOR('',#12403,1.);
#1752=VECTOR('',#12404,1.);
#1753=VECTOR('',#12405,1.);
#1754=VECTOR('',#12406,1.);
#1755=VECTOR('',#12407,1.);
#1756=VECTOR('',#12408,1.);
#1757=VECTOR('',#12409,1.);
#1758=VECTOR('',#12410,1.);
#1759=VECTOR('',#12411,1.);
#1760=VECTOR('',#12412,1.);
#1761=VECTOR('',#12413,1.);
#1762=VECTOR('',#12414,1.);
#1763=VECTOR('',#12415,1.);
#1764=VECTOR('',#12416,1.);
#1765=VECTOR('',#12417,1.);
#1766=VECTOR('',#12418,1.);
#1767=VECTOR('',#12419,1.);
#1768=VECTOR('',#12420,1.);
#1769=VECTOR('',#12421,1.);
#1770=VECTOR('',#12422,1.);
#1771=VECTOR('',#12423,1.);
#1772=VECTOR('',#12424,1.);
#1773=VECTOR('',#12425,1.);
#1774=VECTOR('',#12426,1.);
#1775=VECTOR('',#12427,1.);
#1776=VECTOR('',#12428,1.);
#1777=VECTOR('',#12429,1.);
#1778=VECTOR('',#12430,1.);
#1779=VECTOR('',#12431,1.);
#1780=VECTOR('',#12432,1.);
#1781=VECTOR('',#12433,1.);
#1782=VECTOR('',#12434,1.);
#1783=VECTOR('',#12435,1.);
#1784=VECTOR('',#12436,1.);
#1785=VECTOR('',#12437,1.);
#1786=VECTOR('',#12438,1.);
#1787=VECTOR('',#12439,1.);
#1788=VECTOR('',#12440,1.);
#1789=VECTOR('',#12441,1.);
#1790=VECTOR('',#12442,1.);
#1791=VECTOR('',#12443,1.);
#1792=VECTOR('',#12444,1.);
#1793=VECTOR('',#12445,1.);
#1794=VECTOR('',#12446,1.);
#1795=VECTOR('',#12447,1.);
#1796=VECTOR('',#12448,1.);
#1797=VECTOR('',#12449,1.);
#1798=VECTOR('',#12450,1.);
#1799=VECTOR('',#12451,1.);
#1800=VECTOR('',#12452,1.);
#1801=VECTOR('',#12453,1.);
#1802=VECTOR('',#12454,1.);
#1803=VECTOR('',#12455,1.);
#1804=VECTOR('',#12456,1.);
#1805=VECTOR('',#12457,1.);
#1806=VECTOR('',#12458,1.);
#1807=VECTOR('',#12459,1.);
#1808=VECTOR('',#12460,1.);
#1809=VECTOR('',#12461,1.);
#1810=VECTOR('',#12462,1.);
#1811=VECTOR('',#12463,1.);
#1812=VECTOR('',#12464,1.);
#1813=VECTOR('',#12465,1.);
#1814=VECTOR('',#12466,1.);
#1815=VECTOR('',#12467,1.);
#1816=VECTOR('',#12468,1.);
#1817=VECTOR('',#12469,1.);
#1818=VECTOR('',#12470,1.);
#1819=VECTOR('',#12471,1.);
#1820=VECTOR('',#12472,1.);
#1821=VECTOR('',#12473,1.);
#1822=VECTOR('',#12474,1.);
#1823=VECTOR('',#12475,1.);
#1824=VECTOR('',#12476,1.);
#1825=VECTOR('',#12477,1.);
#1826=VECTOR('',#12478,1.);
#1827=VECTOR('',#12479,1.);
#1828=VECTOR('',#12480,1.);
#1829=VECTOR('',#12481,1.);
#1830=VECTOR('',#12482,1.);
#1831=VECTOR('',#12487,1.);
#1832=VECTOR('',#12488,1.);
#1833=VECTOR('',#12489,1.);
#1834=VECTOR('',#12490,1.);
#1835=VECTOR('',#12497,1.);
#1836=VECTOR('',#12498,1.);
#1837=VECTOR('',#12501,1.);
#1838=VECTOR('',#12504,1.);
#1839=VECTOR('',#12507,1.);
#1840=VECTOR('',#12510,1.);
#1841=VECTOR('',#12513,1.);
#1842=VECTOR('',#12528,1.);
#1843=VECTOR('',#12529,1.);
#1844=VECTOR('',#12530,1.);
#1845=VECTOR('',#12539,1.);
#1846=VECTOR('',#12542,1.);
#1847=VECTOR('',#12543,1.);
#1848=VECTOR('',#12548,1.);
#1849=VECTOR('',#12551,1.);
#1850=VECTOR('',#12552,1.);
#1851=VECTOR('',#12559,1.);
#1852=VECTOR('',#12562,1.);
#1853=VECTOR('',#12565,1.);
#1854=VECTOR('',#12568,1.);
#1855=VECTOR('',#12571,1.);
#1856=VECTOR('',#12574,1.);
#1857=VECTOR('',#12579,1.);
#1858=VECTOR('',#12580,1.);
#1859=VECTOR('',#12581,1.);
#1860=VECTOR('',#12582,1.);
#1861=VECTOR('',#12585,1.);
#1862=VECTOR('',#12586,1.);
#1863=VECTOR('',#12587,1.);
#1864=VECTOR('',#12590,1.);
#1865=VECTOR('',#12591,1.);
#1866=VECTOR('',#12592,1.);
#1867=VECTOR('',#12595,1.);
#1868=VECTOR('',#12596,1.);
#1869=VECTOR('',#12599,1.);
#1870=VECTOR('',#12600,1.);
#1871=VECTOR('',#12603,1.);
#1872=VECTOR('',#12604,1.);
#1873=VECTOR('',#12607,1.);
#1874=VECTOR('',#12608,1.);
#1875=VECTOR('',#12611,1.);
#1876=VECTOR('',#12612,1.);
#1877=VECTOR('',#12615,1.);
#1878=VECTOR('',#12616,1.);
#1879=VECTOR('',#12619,1.);
#1880=VECTOR('',#12622,1.);
#1881=VECTOR('',#12623,1.);
#1882=VECTOR('',#12628,1.);
#1883=VECTOR('',#12629,1.);
#1884=VECTOR('',#12630,1.);
#1885=VECTOR('',#12633,1.);
#1886=VECTOR('',#12634,1.);
#1887=VECTOR('',#12637,1.);
#1888=VECTOR('',#12638,1.);
#1889=VECTOR('',#12641,1.);
#1890=VECTOR('',#12642,1.);
#1891=VECTOR('',#12645,1.);
#1892=VECTOR('',#12646,1.);
#1893=VECTOR('',#12649,1.);
#1894=VECTOR('',#12650,1.);
#1895=VECTOR('',#12653,1.);
#1896=VECTOR('',#12654,1.);
#1897=VECTOR('',#12657,1.);
#1898=VECTOR('',#12658,1.);
#1899=VECTOR('',#12661,1.);
#1900=VECTOR('',#12662,1.);
#1901=VECTOR('',#12665,1.);
#1902=VECTOR('',#12666,1.);
#1903=VECTOR('',#12669,1.);
#1904=VECTOR('',#12670,1.);
#1905=VECTOR('',#12673,1.);
#1906=VECTOR('',#12676,1.);
#1907=VECTOR('',#12677,1.);
#1908=VECTOR('',#12680,1.);
#1909=VECTOR('',#12681,1.);
#1910=VECTOR('',#12684,1.);
#1911=VECTOR('',#12685,1.);
#1912=VECTOR('',#12688,1.);
#1913=VECTOR('',#12689,1.);
#1914=VECTOR('',#12692,1.);
#1915=VECTOR('',#12693,1.);
#1916=VECTOR('',#12696,1.);
#1917=VECTOR('',#12697,1.);
#1918=VECTOR('',#12700,1.);
#1919=VECTOR('',#12703,1.);
#1920=VECTOR('',#12704,1.);
#1921=VECTOR('',#12705,1.);
#1922=VECTOR('',#12708,1.);
#1923=VECTOR('',#12709,1.);
#1924=VECTOR('',#12710,1.);
#1925=VECTOR('',#12711,1.);
#1926=VECTOR('',#12712,1.);
#1927=VECTOR('',#12715,1.);
#1928=VECTOR('',#12716,1.);
#1929=VECTOR('',#12717,1.);
#1930=VECTOR('',#12718,1.);
#1931=VECTOR('',#12719,1.);
#1932=VECTOR('',#12720,1.);
#1933=VECTOR('',#12723,1.);
#1934=VECTOR('',#12724,1.);
#1935=VECTOR('',#12725,1.);
#1936=VECTOR('',#12726,1.);
#1937=VECTOR('',#12727,1.);
#1938=VECTOR('',#12730,1.);
#1939=VECTOR('',#12731,1.);
#1940=VECTOR('',#12732,1.);
#1941=VECTOR('',#12733,1.);
#1942=VECTOR('',#12734,1.);
#1943=VECTOR('',#12735,1.);
#1944=VECTOR('',#12736,1.);
#1945=VECTOR('',#12737,1.);
#1946=VECTOR('',#12740,1.);
#1947=VECTOR('',#12741,1.);
#1948=VECTOR('',#12744,1.);
#1949=VECTOR('',#12747,1.);
#1950=VECTOR('',#12750,1.);
#1951=VECTOR('',#12753,1.);
#1952=VECTOR('',#12754,1.);
#1953=VECTOR('',#12755,1.);
#1954=VECTOR('',#12756,1.);
#1955=VECTOR('',#12757,1.);
#1956=VECTOR('',#12758,1.);
#1957=VECTOR('',#12759,1.);
#1958=VECTOR('',#12760,1.);
#1959=VECTOR('',#12761,1.);
#1960=VECTOR('',#12762,1.);
#1961=VECTOR('',#12763,1.);
#1962=VECTOR('',#12766,1.);
#1963=VECTOR('',#12767,1.);
#1964=VECTOR('',#12770,1.);
#1965=VECTOR('',#12773,1.);
#1966=VECTOR('',#12774,1.);
#1967=VECTOR('',#12775,1.);
#1968=VECTOR('',#12776,1.);
#1969=VECTOR('',#12801,1.);
#1970=VECTOR('',#12802,1.);
#1971=VECTOR('',#12803,1.);
#1972=VECTOR('',#12806,1.);
#1973=VECTOR('',#12807,1.);
#1974=VECTOR('',#12810,1.);
#1975=VECTOR('',#12811,1.);
#1976=VECTOR('',#12814,1.);
#1977=VECTOR('',#12825,1.);
#1978=VECTOR('',#12826,1.);
#1979=VECTOR('',#12827,1.);
#1980=VECTOR('',#12830,1.);
#1981=VECTOR('',#12835,1.);
#1982=VECTOR('',#12836,1.);
#1983=VECTOR('',#12839,1.);
#1984=VECTOR('',#12844,1.);
#1985=VECTOR('',#12845,1.);
#1986=VECTOR('',#12848,1.);
#1987=VECTOR('',#12849,1.);
#1988=VECTOR('',#12852,1.);
#1989=VECTOR('',#12853,1.);
#1990=VECTOR('',#12856,1.);
#1991=VECTOR('',#12861,1.);
#1992=VECTOR('',#12862,1.);
#1993=VECTOR('',#12865,1.);
#1994=VECTOR('',#12866,1.);
#1995=VECTOR('',#12869,1.);
#1996=VECTOR('',#12874,1.);
#1997=VECTOR('',#12875,1.);
#1998=VECTOR('',#12878,1.);
#1999=VECTOR('',#12879,1.);
#2000=VECTOR('',#12882,1.);
#2001=VECTOR('',#12883,1.);
#2002=VECTOR('',#12886,1.);
#2003=VECTOR('',#12891,1.);
#2004=VECTOR('',#12892,1.);
#2005=VECTOR('',#12895,1.);
#2006=VECTOR('',#12900,1.);
#2007=VECTOR('',#12901,1.);
#2008=VECTOR('',#12904,1.);
#2009=VECTOR('',#12905,1.);
#2010=VECTOR('',#12908,1.);
#2011=VECTOR('',#12909,1.);
#2012=VECTOR('',#12912,1.);
#2013=VECTOR('',#12917,1.);
#2014=VECTOR('',#12918,1.);
#2015=VECTOR('',#12921,1.);
#2016=VECTOR('',#12926,1.);
#2017=VECTOR('',#12927,1.);
#2018=VECTOR('',#12930,1.);
#2019=VECTOR('',#12931,1.);
#2020=VECTOR('',#12934,1.);
#2021=VECTOR('',#12939,1.);
#2022=VECTOR('',#12940,1.);
#2023=VECTOR('',#12943,1.);
#2024=VECTOR('',#12944,1.);
#2025=VECTOR('',#12947,1.);
#2026=VECTOR('',#12952,1.);
#2027=VECTOR('',#12953,1.);
#2028=VECTOR('',#12956,1.);
#2029=VECTOR('',#12961,1.);
#2030=VECTOR('',#12962,1.);
#2031=VECTOR('',#12965,1.);
#2032=VECTOR('',#12982,1.);
#2033=VECTOR('',#12983,1.);
#2034=VECTOR('',#12984,1.);
#2035=VECTOR('',#12987,1.);
#2036=VECTOR('',#12988,1.);
#2037=VECTOR('',#12991,1.);
#2038=VECTOR('',#12992,1.);
#2039=VECTOR('',#12995,1.);
#2040=VECTOR('',#13000,1.);
#2041=VECTOR('',#13001,1.);
#2042=VECTOR('',#13002,1.);
#2043=VECTOR('',#13005,1.);
#2044=VECTOR('',#13006,1.);
#2045=VECTOR('',#13009,1.);
#2046=VECTOR('',#13010,1.);
#2047=VECTOR('',#13013,1.);
#2048=VECTOR('',#13018,1.);
#2049=VECTOR('',#13019,1.);
#2050=VECTOR('',#13020,1.);
#2051=VECTOR('',#13023,1.);
#2052=VECTOR('',#13024,1.);
#2053=VECTOR('',#13027,1.);
#2054=VECTOR('',#13028,1.);
#2055=VECTOR('',#13031,1.);
#2056=VECTOR('',#13036,1.);
#2057=VECTOR('',#13039,1.);
#2058=VECTOR('',#13042,1.);
#2059=VECTOR('',#13047,1.);
#2060=VECTOR('',#13048,1.);
#2061=VECTOR('',#13053,1.);
#2062=VECTOR('',#13056,1.);
#2063=VECTOR('',#13061,1.);
#2064=VECTOR('',#13068,1.);
#2065=VECTOR('',#13079,1.);
#2066=VECTOR('',#13096,1.);
#2067=VECTOR('',#13097,1.);
#2068=VECTOR('',#13098,1.);
#2069=VECTOR('',#13101,1.);
#2070=VECTOR('',#13102,1.);
#2071=VECTOR('',#13147,1.);
#2072=VECTOR('',#13150,1.);
#2073=VECTOR('',#13153,1.);
#2074=VECTOR('',#13156,1.);
#2075=VECTOR('',#13159,1.);
#2076=VECTOR('',#13162,1.);
#2077=VECTOR('',#13165,1.);
#2078=VECTOR('',#13168,1.);
#2079=VECTOR('',#13171,1.);
#2080=VECTOR('',#13174,1.);
#2081=VECTOR('',#13179,1.);
#2082=VECTOR('',#13182,1.);
#2083=VECTOR('',#13185,1.);
#2084=VECTOR('',#13188,1.);
#2085=VECTOR('',#13191,1.);
#2086=VECTOR('',#13194,1.);
#2087=VECTOR('',#13197,1.);
#2088=VECTOR('',#13200,1.);
#2089=VECTOR('',#13203,1.);
#2090=VECTOR('',#13206,1.);
#2091=VECTOR('',#13209,1.);
#2092=VECTOR('',#13214,1.);
#2093=VECTOR('',#13215,1.);
#2094=VECTOR('',#13216,1.);
#2095=VECTOR('',#13219,1.);
#2096=VECTOR('',#13222,1.);
#2097=VECTOR('',#13241,1.);
#2098=VECTOR('',#13242,1.);
#2099=VECTOR('',#13251,1.);
#2100=VECTOR('',#13252,1.);
#2101=VECTOR('',#13283,1.);
#2102=VECTOR('',#13288,1.);
#2103=VECTOR('',#13291,1.);
#2104=VECTOR('',#13294,1.);
#2105=VECTOR('',#13297,1.);
#2106=VECTOR('',#13300,1.);
#2107=VECTOR('',#13303,1.);
#2108=VECTOR('',#13306,1.);
#2109=VECTOR('',#13309,1.);
#2110=VECTOR('',#13312,1.);
#2111=VECTOR('',#13315,1.);
#2112=VECTOR('',#13318,1.);
#2113=VECTOR('',#13321,1.);
#2114=VECTOR('',#13324,1.);
#2115=VECTOR('',#13327,1.);
#2116=VECTOR('',#13330,1.);
#2117=VECTOR('',#13333,1.);
#2118=VECTOR('',#13336,1.);
#2119=VECTOR('',#13339,1.);
#2120=VECTOR('',#13342,1.);
#2121=VECTOR('',#13345,1.);
#2122=VECTOR('',#13348,1.);
#2123=VECTOR('',#13351,1.);
#2124=VECTOR('',#13354,1.);
#2125=VECTOR('',#13357,1.);
#2126=VECTOR('',#13360,1.);
#2127=VECTOR('',#13363,1.);
#2128=VECTOR('',#13366,1.);
#2129=VECTOR('',#13369,1.);
#2130=VECTOR('',#13372,1.);
#2131=VECTOR('',#13375,1.);
#2132=VECTOR('',#13382,1.);
#2133=VECTOR('',#13383,1.);
#2134=VECTOR('',#13384,1.);
#2135=VECTOR('',#13387,1.);
#2136=VECTOR('',#13390,1.);
#2137=VECTOR('',#13411,1.);
#2138=VECTOR('',#13412,1.);
#2139=VECTOR('',#13425,1.);
#2140=VECTOR('',#13426,1.);
#2141=VECTOR('',#13443,1.);
#2142=VECTOR('',#13444,1.);
#2143=VECTOR('',#13445,1.);
#2144=VECTOR('',#13462,1.);
#2145=VECTOR('',#13465,1.);
#2146=VECTOR('',#13468,1.);
#2147=VECTOR('',#13471,1.);
#2148=VECTOR('',#13474,1.);
#2149=VECTOR('',#13477,1.);
#2150=VECTOR('',#13480,1.);
#2151=VECTOR('',#13483,1.);
#2152=VECTOR('',#13486,1.);
#2153=VECTOR('',#13489,1.);
#2154=VECTOR('',#13492,1.);
#2155=VECTOR('',#13495,1.);
#2156=VECTOR('',#13498,1.);
#2157=VECTOR('',#13501,1.);
#2158=VECTOR('',#13504,1.);
#2159=VECTOR('',#13507,1.);
#2160=VECTOR('',#13510,1.);
#2161=VECTOR('',#13513,1.);
#2162=VECTOR('',#13518,1.);
#2163=VECTOR('',#13521,1.);
#2164=VECTOR('',#13524,1.);
#2165=VECTOR('',#13527,1.);
#2166=VECTOR('',#13530,1.);
#2167=VECTOR('',#13533,1.);
#2168=VECTOR('',#13536,1.);
#2169=VECTOR('',#13539,1.);
#2170=VECTOR('',#13542,1.);
#2171=VECTOR('',#13545,1.);
#2172=VECTOR('',#13548,1.);
#2173=VECTOR('',#13551,1.);
#2174=VECTOR('',#13554,1.);
#2175=VECTOR('',#13557,1.);
#2176=VECTOR('',#13560,1.);
#2177=VECTOR('',#13563,1.);
#2178=VECTOR('',#13566,1.);
#2179=VECTOR('',#13569,1.);
#2180=VECTOR('',#13572,1.);
#2181=VECTOR('',#13577,1.);
#2182=VECTOR('',#13578,1.);
#2183=VECTOR('',#13579,1.);
#2184=VECTOR('',#13582,1.);
#2185=VECTOR('',#13583,1.);
#2186=VECTOR('',#13584,1.);
#2187=VECTOR('',#13587,1.);
#2188=VECTOR('',#13588,1.);
#2189=VECTOR('',#13591,1.);
#2190=VECTOR('',#13604,1.);
#2191=VECTOR('',#13629,1.);
#2192=VECTOR('',#13632,1.);
#2193=VECTOR('',#13635,1.);
#2194=VECTOR('',#13642,1.);
#2195=VECTOR('',#13645,1.);
#2196=VECTOR('',#13648,1.);
#2197=VECTOR('',#13651,1.);
#2198=VECTOR('',#13654,1.);
#2199=VECTOR('',#13657,1.);
#2200=VECTOR('',#13660,1.);
#2201=VECTOR('',#13663,1.);
#2202=VECTOR('',#13666,1.);
#2203=VECTOR('',#13669,1.);
#2204=VECTOR('',#13672,1.);
#2205=VECTOR('',#13677,1.);
#2206=VECTOR('',#13680,1.);
#2207=VECTOR('',#13683,1.);
#2208=VECTOR('',#13686,1.);
#2209=VECTOR('',#13691,1.);
#2210=VECTOR('',#13692,1.);
#2211=VECTOR('',#13693,1.);
#2212=VECTOR('',#13712,1.);
#2213=VECTOR('',#13715,1.);
#2214=VECTOR('',#13718,1.);
#2215=VECTOR('',#13721,1.);
#2216=VECTOR('',#13724,1.);
#2217=VECTOR('',#13727,1.);
#2218=VECTOR('',#13730,1.);
#2219=VECTOR('',#13733,1.);
#2220=VECTOR('',#13736,1.);
#2221=VECTOR('',#13739,1.);
#2222=VECTOR('',#13746,1.);
#2223=VECTOR('',#13747,1.);
#2224=VECTOR('',#13774,1.);
#2225=VECTOR('',#13775,1.);
#2226=VECTOR('',#13776,1.);
#2227=VECTOR('',#13779,1.);
#2228=VECTOR('',#13782,1.);
#2229=VECTOR('',#13785,1.);
#2230=VECTOR('',#13788,1.);
#2231=VECTOR('',#13791,1.);
#2232=VECTOR('',#13794,1.);
#2233=VECTOR('',#13797,1.);
#2234=VECTOR('',#13800,1.);
#2235=VECTOR('',#13803,1.);
#2236=VECTOR('',#13806,1.);
#2237=VECTOR('',#13809,1.);
#2238=VECTOR('',#13812,1.);
#2239=VECTOR('',#13815,1.);
#2240=VECTOR('',#13818,1.);
#2241=VECTOR('',#13821,1.);
#2242=VECTOR('',#13824,1.);
#2243=VECTOR('',#13827,1.);
#2244=VECTOR('',#13834,1.);
#2245=VECTOR('',#13835,1.);
#2246=VECTOR('',#13852,1.);
#2247=VECTOR('',#13853,1.);
#2248=VECTOR('',#13854,1.);
#2249=VECTOR('',#13855,1.);
#2250=VECTOR('',#13856,1.);
#2251=VECTOR('',#13859,1.);
#2252=VECTOR('',#13862,1.);
#2253=VECTOR('',#13865,1.);
#2254=VECTOR('',#13868,1.);
#2255=VECTOR('',#13871,1.);
#2256=VECTOR('',#13874,1.);
#2257=VECTOR('',#13877,1.);
#2258=VECTOR('',#13880,1.);
#2259=VECTOR('',#13883,1.);
#2260=VECTOR('',#13886,1.);
#2261=VECTOR('',#13889,1.);
#2262=VECTOR('',#13892,1.);
#2263=VECTOR('',#13895,1.);
#2264=VECTOR('',#13898,1.);
#2265=VECTOR('',#13971,1.);
#2266=VECTOR('',#13974,1.);
#2267=VECTOR('',#13977,1.);
#2268=VECTOR('',#13980,1.);
#2269=VECTOR('',#13983,1.);
#2270=VECTOR('',#13986,1.);
#2271=VECTOR('',#13989,1.);
#2272=VECTOR('',#13992,1.);
#2273=VECTOR('',#13995,1.);
#2274=VECTOR('',#13998,1.);
#2275=VECTOR('',#14001,1.);
#2276=VECTOR('',#14004,1.);
#2277=VECTOR('',#14007,1.);
#2278=VECTOR('',#14010,1.);
#2279=VECTOR('',#14013,1.);
#2280=VECTOR('',#14016,1.);
#2281=VECTOR('',#14019,1.);
#2282=VECTOR('',#14022,1.);
#2283=VECTOR('',#14025,1.);
#2284=VECTOR('',#14028,1.);
#2285=VECTOR('',#14031,1.);
#2286=VECTOR('',#14034,1.);
#2287=VECTOR('',#14037,1.);
#2288=VECTOR('',#14040,1.);
#2289=VECTOR('',#14043,1.);
#2290=VECTOR('',#14046,1.);
#2291=VECTOR('',#14049,1.);
#2292=VECTOR('',#14052,1.);
#2293=VECTOR('',#14055,1.);
#2294=VECTOR('',#14058,1.);
#2295=VECTOR('',#14061,1.);
#2296=VECTOR('',#14068,1.);
#2297=VECTOR('',#14069,1.);
#2298=VECTOR('',#14070,1.);
#2299=VECTOR('',#14073,1.);
#2300=VECTOR('',#14074,1.);
#2301=VECTOR('',#14077,1.);
#2302=VECTOR('',#14078,1.);
#2303=VECTOR('',#14081,1.);
#2304=VECTOR('',#14086,1.);
#2305=VECTOR('',#14087,1.);
#2306=VECTOR('',#14088,1.);
#2307=VECTOR('',#14089,1.);
#2308=VECTOR('',#14092,1.);
#2309=VECTOR('',#14093,1.);
#2310=VECTOR('',#14094,1.);
#2311=VECTOR('',#14097,1.);
#2312=VECTOR('',#14098,1.);
#2313=VECTOR('',#14099,1.);
#2314=VECTOR('',#14102,1.);
#2315=VECTOR('',#14103,1.);
#2316=VECTOR('',#14104,1.);
#2317=VECTOR('',#14105,1.);
#2318=VECTOR('',#14108,1.);
#2319=VECTOR('',#14109,1.);
#2320=VECTOR('',#14110,1.);
#2321=VECTOR('',#14113,1.);
#2322=VECTOR('',#14114,1.);
#2323=VECTOR('',#14115,1.);
#2324=VECTOR('',#14118,1.);
#2325=VECTOR('',#14119,1.);
#2326=VECTOR('',#14120,1.);
#2327=VECTOR('',#14121,1.);
#2328=VECTOR('',#14124,1.);
#2329=VECTOR('',#14125,1.);
#2330=VECTOR('',#14126,1.);
#2331=VECTOR('',#14129,1.);
#2332=VECTOR('',#14130,1.);
#2333=VECTOR('',#14131,1.);
#2334=VECTOR('',#14134,1.);
#2335=VECTOR('',#14135,1.);
#2336=VECTOR('',#14138,1.);
#2337=VECTOR('',#14139,1.);
#2338=VECTOR('',#14142,1.);
#2339=VECTOR('',#14143,1.);
#2340=VECTOR('',#14146,1.);
#2341=VECTOR('',#14147,1.);
#2342=VECTOR('',#14150,1.);
#2343=VECTOR('',#14151,1.);
#2344=VECTOR('',#14154,1.);
#2345=VECTOR('',#14155,1.);
#2346=VECTOR('',#14158,1.);
#2347=VECTOR('',#14159,1.);
#2348=VECTOR('',#14162,1.);
#2349=VECTOR('',#14163,1.);
#2350=VECTOR('',#14164,1.);
#2351=VECTOR('',#14165,1.);
#2352=VECTOR('',#14168,1.);
#2353=VECTOR('',#14173,1.);
#2354=VECTOR('',#14174,1.);
#2355=VECTOR('',#14177,1.);
#2356=VECTOR('',#14178,1.);
#2357=VECTOR('',#14181,1.);
#2358=VECTOR('',#14182,1.);
#2359=VECTOR('',#14185,1.);
#2360=VECTOR('',#14186,1.);
#2361=VECTOR('',#14189,1.);
#2362=VECTOR('',#14190,1.);
#2363=VECTOR('',#14193,1.);
#2364=VECTOR('',#14194,1.);
#2365=VECTOR('',#14197,1.);
#2366=VECTOR('',#14198,1.);
#2367=VECTOR('',#14201,1.);
#2368=VECTOR('',#14202,1.);
#2369=VECTOR('',#14205,1.);
#2370=VECTOR('',#14210,1.);
#2371=VECTOR('',#14211,1.);
#2372=VECTOR('',#14214,1.);
#2373=VECTOR('',#14215,1.);
#2374=VECTOR('',#14218,1.);
#2375=VECTOR('',#14219,1.);
#2376=VECTOR('',#14222,1.);
#2377=VECTOR('',#14227,1.);
#2378=VECTOR('',#14228,1.);
#2379=VECTOR('',#14231,1.);
#2380=VECTOR('',#14236,1.);
#2381=VECTOR('',#14237,1.);
#2382=VECTOR('',#14240,1.);
#2383=VECTOR('',#14241,1.);
#2384=VECTOR('',#14244,1.);
#2385=VECTOR('',#14247,1.);
#2386=VECTOR('',#14248,1.);
#2387=VECTOR('',#14251,1.);
#2388=VECTOR('',#14252,1.);
#2389=VECTOR('',#14267,1.);
#2390=VECTOR('',#14268,1.);
#2391=VECTOR('',#14269,1.);
#2392=VECTOR('',#14270,1.);
#2393=VECTOR('',#14271,1.);
#2394=VECTOR('',#14274,1.);
#2395=VECTOR('',#14275,1.);
#2396=VECTOR('',#14276,1.);
#2397=VECTOR('',#14279,1.);
#2398=VECTOR('',#14280,1.);
#2399=VECTOR('',#14283,1.);
#2400=VECTOR('',#14284,1.);
#2401=VECTOR('',#14287,1.);
#2402=VECTOR('',#14288,1.);
#2403=VECTOR('',#14291,1.);
#2404=VECTOR('',#14292,1.);
#2405=VECTOR('',#14295,1.);
#2406=VECTOR('',#14296,1.);
#2407=VECTOR('',#14299,1.);
#2408=VECTOR('',#14302,1.);
#2409=VECTOR('',#14303,1.);
#2410=VECTOR('',#14304,1.);
#2411=VECTOR('',#14307,1.);
#2412=VECTOR('',#14310,1.);
#2413=VECTOR('',#14311,1.);
#2414=VECTOR('',#14316,1.);
#2415=VECTOR('',#14317,1.);
#2416=VECTOR('',#14318,1.);
#2417=VECTOR('',#14321,1.);
#2418=VECTOR('',#14322,1.);
#2419=VECTOR('',#14325,1.);
#2420=VECTOR('',#14326,1.);
#2421=VECTOR('',#14329,1.);
#2422=VECTOR('',#14330,1.);
#2423=VECTOR('',#14333,1.);
#2424=VECTOR('',#14334,1.);
#2425=VECTOR('',#14337,1.);
#2426=VECTOR('',#14338,1.);
#2427=VECTOR('',#14341,1.);
#2428=VECTOR('',#14342,1.);
#2429=VECTOR('',#14345,1.);
#2430=VECTOR('',#14350,1.);
#2431=VECTOR('',#14351,1.);
#2432=VECTOR('',#14352,1.);
#2433=VECTOR('',#14355,1.);
#2434=VECTOR('',#14356,1.);
#2435=VECTOR('',#14359,1.);
#2436=VECTOR('',#14360,1.);
#2437=VECTOR('',#14363,1.);
#2438=VECTOR('',#14368,1.);
#2439=VECTOR('',#14369,1.);
#2440=VECTOR('',#14370,1.);
#2441=VECTOR('',#14371,1.);
#2442=VECTOR('',#14374,1.);
#2443=VECTOR('',#14375,1.);
#2444=VECTOR('',#14380,1.);
#2445=VECTOR('',#14381,1.);
#2446=VECTOR('',#14382,1.);
#2447=VECTOR('',#14385,1.);
#2448=VECTOR('',#14386,1.);
#2449=VECTOR('',#14389,1.);
#2450=VECTOR('',#14390,1.);
#2451=VECTOR('',#14391,1.);
#2452=VECTOR('',#14394,1.);
#2453=VECTOR('',#14421,1.);
#2454=VECTOR('',#14422,1.);
#2455=VECTOR('',#14425,1.);
#2456=VECTOR('',#14428,1.);
#2457=VECTOR('',#14433,1.);
#2458=VECTOR('',#14436,1.);
#2459=VECTOR('',#14437,1.);
#2460=VECTOR('',#14444,1.);
#2461=VECTOR('',#14447,1.);
#2462=VECTOR('',#14452,1.);
#2463=VECTOR('',#14455,1.);
#2464=VECTOR('',#14460,1.);
#2465=VECTOR('',#14463,1.);
#2466=VECTOR('',#14468,1.);
#2467=VECTOR('',#14471,1.);
#2468=VECTOR('',#14476,1.);
#2469=VECTOR('',#14479,1.);
#2470=ORIENTED_EDGE('',*,*,#5632,.T.);
#2471=ORIENTED_EDGE('',*,*,#5633,.T.);
#2472=ORIENTED_EDGE('',*,*,#5634,.F.);
#2473=ORIENTED_EDGE('',*,*,#5635,.F.);
#2474=ORIENTED_EDGE('',*,*,#5636,.T.);
#2475=ORIENTED_EDGE('',*,*,#5637,.T.);
#2476=ORIENTED_EDGE('',*,*,#5638,.T.);
#2477=ORIENTED_EDGE('',*,*,#5639,.F.);
#2478=ORIENTED_EDGE('',*,*,#5640,.T.);
#2479=ORIENTED_EDGE('',*,*,#5641,.T.);
#2480=ORIENTED_EDGE('',*,*,#5642,.T.);
#2481=ORIENTED_EDGE('',*,*,#5643,.F.);
#2482=ORIENTED_EDGE('',*,*,#5644,.T.);
#2483=ORIENTED_EDGE('',*,*,#5645,.T.);
#2484=ORIENTED_EDGE('',*,*,#5646,.T.);
#2485=ORIENTED_EDGE('',*,*,#5647,.T.);
#2486=ORIENTED_EDGE('',*,*,#5648,.T.);
#2487=ORIENTED_EDGE('',*,*,#5649,.F.);
#2488=ORIENTED_EDGE('',*,*,#5650,.T.);
#2489=ORIENTED_EDGE('',*,*,#5651,.F.);
#2490=ORIENTED_EDGE('',*,*,#5652,.T.);
#2491=ORIENTED_EDGE('',*,*,#5653,.F.);
#2492=ORIENTED_EDGE('',*,*,#5654,.F.);
#2493=ORIENTED_EDGE('',*,*,#5655,.T.);
#2494=ORIENTED_EDGE('',*,*,#5656,.T.);
#2495=ORIENTED_EDGE('',*,*,#5657,.T.);
#2496=ORIENTED_EDGE('',*,*,#5658,.T.);
#2497=ORIENTED_EDGE('',*,*,#5659,.F.);
#2498=ORIENTED_EDGE('',*,*,#5660,.T.);
#2499=ORIENTED_EDGE('',*,*,#5661,.F.);
#2500=ORIENTED_EDGE('',*,*,#5662,.F.);
#2501=ORIENTED_EDGE('',*,*,#5663,.F.);
#2502=ORIENTED_EDGE('',*,*,#5664,.T.);
#2503=ORIENTED_EDGE('',*,*,#5665,.F.);
#2504=ORIENTED_EDGE('',*,*,#5666,.F.);
#2505=ORIENTED_EDGE('',*,*,#5667,.F.);
#2506=ORIENTED_EDGE('',*,*,#5668,.T.);
#2507=ORIENTED_EDGE('',*,*,#5669,.F.);
#2508=ORIENTED_EDGE('',*,*,#5670,.F.);
#2509=ORIENTED_EDGE('',*,*,#5671,.F.);
#2510=ORIENTED_EDGE('',*,*,#5672,.T.);
#2511=ORIENTED_EDGE('',*,*,#5673,.F.);
#2512=ORIENTED_EDGE('',*,*,#5674,.F.);
#2513=ORIENTED_EDGE('',*,*,#5675,.F.);
#2514=ORIENTED_EDGE('',*,*,#5676,.T.);
#2515=ORIENTED_EDGE('',*,*,#5677,.F.);
#2516=ORIENTED_EDGE('',*,*,#5678,.F.);
#2517=ORIENTED_EDGE('',*,*,#5679,.T.);
#2518=ORIENTED_EDGE('',*,*,#5680,.F.);
#2519=ORIENTED_EDGE('',*,*,#5681,.F.);
#2520=ORIENTED_EDGE('',*,*,#5682,.F.);
#2521=ORIENTED_EDGE('',*,*,#5683,.T.);
#2522=ORIENTED_EDGE('',*,*,#5684,.T.);
#2523=ORIENTED_EDGE('',*,*,#5685,.F.);
#2524=ORIENTED_EDGE('',*,*,#5686,.F.);
#2525=ORIENTED_EDGE('',*,*,#5687,.T.);
#2526=ORIENTED_EDGE('',*,*,#5688,.T.);
#2527=ORIENTED_EDGE('',*,*,#5689,.F.);
#2528=ORIENTED_EDGE('',*,*,#5690,.F.);
#2529=ORIENTED_EDGE('',*,*,#5691,.T.);
#2530=ORIENTED_EDGE('',*,*,#5692,.T.);
#2531=ORIENTED_EDGE('',*,*,#5693,.F.);
#2532=ORIENTED_EDGE('',*,*,#5694,.F.);
#2533=ORIENTED_EDGE('',*,*,#5695,.T.);
#2534=ORIENTED_EDGE('',*,*,#5696,.T.);
#2535=ORIENTED_EDGE('',*,*,#5697,.F.);
#2536=ORIENTED_EDGE('',*,*,#5698,.T.);
#2537=ORIENTED_EDGE('',*,*,#5699,.T.);
#2538=ORIENTED_EDGE('',*,*,#5700,.F.);
#2539=ORIENTED_EDGE('',*,*,#5701,.T.);
#2540=ORIENTED_EDGE('',*,*,#5702,.T.);
#2541=ORIENTED_EDGE('',*,*,#5703,.T.);
#2542=ORIENTED_EDGE('',*,*,#5704,.F.);
#2543=ORIENTED_EDGE('',*,*,#5705,.T.);
#2544=ORIENTED_EDGE('',*,*,#5706,.T.);
#2545=ORIENTED_EDGE('',*,*,#5707,.T.);
#2546=ORIENTED_EDGE('',*,*,#5708,.F.);
#2547=ORIENTED_EDGE('',*,*,#5709,.F.);
#2548=ORIENTED_EDGE('',*,*,#5707,.F.);
#2549=ORIENTED_EDGE('',*,*,#5710,.T.);
#2550=ORIENTED_EDGE('',*,*,#5711,.T.);
#2551=ORIENTED_EDGE('',*,*,#5638,.F.);
#2552=ORIENTED_EDGE('',*,*,#5712,.T.);
#2553=ORIENTED_EDGE('',*,*,#5713,.T.);
#2554=ORIENTED_EDGE('',*,*,#5714,.F.);
#2555=ORIENTED_EDGE('',*,*,#5715,.T.);
#2556=ORIENTED_EDGE('',*,*,#5716,.T.);
#2557=ORIENTED_EDGE('',*,*,#5717,.T.);
#2558=ORIENTED_EDGE('',*,*,#5718,.T.);
#2559=ORIENTED_EDGE('',*,*,#5719,.T.);
#2560=ORIENTED_EDGE('',*,*,#5720,.T.);
#2561=ORIENTED_EDGE('',*,*,#5721,.T.);
#2562=ORIENTED_EDGE('',*,*,#5722,.T.);
#2563=ORIENTED_EDGE('',*,*,#5723,.T.);
#2564=ORIENTED_EDGE('',*,*,#5724,.T.);
#2565=ORIENTED_EDGE('',*,*,#5725,.T.);
#2566=ORIENTED_EDGE('',*,*,#5726,.T.);
#2567=ORIENTED_EDGE('',*,*,#5727,.T.);
#2568=ORIENTED_EDGE('',*,*,#5728,.T.);
#2569=ORIENTED_EDGE('',*,*,#5729,.T.);
#2570=ORIENTED_EDGE('',*,*,#5730,.T.);
#2571=ORIENTED_EDGE('',*,*,#5731,.T.);
#2572=ORIENTED_EDGE('',*,*,#5732,.T.);
#2573=ORIENTED_EDGE('',*,*,#5733,.T.);
#2574=ORIENTED_EDGE('',*,*,#5734,.T.);
#2575=ORIENTED_EDGE('',*,*,#5735,.T.);
#2576=ORIENTED_EDGE('',*,*,#5736,.T.);
#2577=ORIENTED_EDGE('',*,*,#5737,.T.);
#2578=ORIENTED_EDGE('',*,*,#5738,.T.);
#2579=ORIENTED_EDGE('',*,*,#5739,.T.);
#2580=ORIENTED_EDGE('',*,*,#5740,.T.);
#2581=ORIENTED_EDGE('',*,*,#5741,.T.);
#2582=ORIENTED_EDGE('',*,*,#5742,.T.);
#2583=ORIENTED_EDGE('',*,*,#5743,.T.);
#2584=ORIENTED_EDGE('',*,*,#5744,.T.);
#2585=ORIENTED_EDGE('',*,*,#5745,.T.);
#2586=ORIENTED_EDGE('',*,*,#5746,.T.);
#2587=ORIENTED_EDGE('',*,*,#5747,.T.);
#2588=ORIENTED_EDGE('',*,*,#5748,.T.);
#2589=ORIENTED_EDGE('',*,*,#5749,.T.);
#2590=ORIENTED_EDGE('',*,*,#5750,.T.);
#2591=ORIENTED_EDGE('',*,*,#5751,.T.);
#2592=ORIENTED_EDGE('',*,*,#5752,.T.);
#2593=ORIENTED_EDGE('',*,*,#5753,.T.);
#2594=ORIENTED_EDGE('',*,*,#5754,.T.);
#2595=ORIENTED_EDGE('',*,*,#5755,.T.);
#2596=ORIENTED_EDGE('',*,*,#5756,.T.);
#2597=ORIENTED_EDGE('',*,*,#5757,.T.);
#2598=ORIENTED_EDGE('',*,*,#5758,.T.);
#2599=ORIENTED_EDGE('',*,*,#5759,.T.);
#2600=ORIENTED_EDGE('',*,*,#5760,.T.);
#2601=ORIENTED_EDGE('',*,*,#5761,.T.);
#2602=ORIENTED_EDGE('',*,*,#5762,.T.);
#2603=ORIENTED_EDGE('',*,*,#5763,.T.);
#2604=ORIENTED_EDGE('',*,*,#5764,.T.);
#2605=ORIENTED_EDGE('',*,*,#5765,.T.);
#2606=ORIENTED_EDGE('',*,*,#5766,.T.);
#2607=ORIENTED_EDGE('',*,*,#5767,.T.);
#2608=ORIENTED_EDGE('',*,*,#5768,.T.);
#2609=ORIENTED_EDGE('',*,*,#5769,.T.);
#2610=ORIENTED_EDGE('',*,*,#5770,.T.);
#2611=ORIENTED_EDGE('',*,*,#5771,.T.);
#2612=ORIENTED_EDGE('',*,*,#5772,.T.);
#2613=ORIENTED_EDGE('',*,*,#5773,.T.);
#2614=ORIENTED_EDGE('',*,*,#5774,.T.);
#2615=ORIENTED_EDGE('',*,*,#5775,.T.);
#2616=ORIENTED_EDGE('',*,*,#5776,.T.);
#2617=ORIENTED_EDGE('',*,*,#5777,.T.);
#2618=ORIENTED_EDGE('',*,*,#5778,.T.);
#2619=ORIENTED_EDGE('',*,*,#5779,.T.);
#2620=ORIENTED_EDGE('',*,*,#5780,.T.);
#2621=ORIENTED_EDGE('',*,*,#5781,.T.);
#2622=ORIENTED_EDGE('',*,*,#5782,.T.);
#2623=ORIENTED_EDGE('',*,*,#5783,.T.);
#2624=ORIENTED_EDGE('',*,*,#5784,.T.);
#2625=ORIENTED_EDGE('',*,*,#5785,.T.);
#2626=ORIENTED_EDGE('',*,*,#5786,.T.);
#2627=ORIENTED_EDGE('',*,*,#5787,.T.);
#2628=ORIENTED_EDGE('',*,*,#5788,.F.);
#2629=ORIENTED_EDGE('',*,*,#5703,.F.);
#2630=ORIENTED_EDGE('',*,*,#5789,.T.);
#2631=ORIENTED_EDGE('',*,*,#5790,.T.);
#2632=ORIENTED_EDGE('',*,*,#5791,.F.);
#2633=ORIENTED_EDGE('',*,*,#5699,.F.);
#2634=ORIENTED_EDGE('',*,*,#5792,.T.);
#2635=ORIENTED_EDGE('',*,*,#5793,.T.);
#2636=ORIENTED_EDGE('',*,*,#5794,.T.);
#2637=ORIENTED_EDGE('',*,*,#5795,.F.);
#2638=ORIENTED_EDGE('',*,*,#5796,.T.);
#2639=ORIENTED_EDGE('',*,*,#5797,.T.);
#2640=ORIENTED_EDGE('',*,*,#5798,.T.);
#2641=ORIENTED_EDGE('',*,*,#5642,.F.);
#2642=ORIENTED_EDGE('',*,*,#5799,.T.);
#2643=ORIENTED_EDGE('',*,*,#5800,.T.);
#2644=ORIENTED_EDGE('',*,*,#5801,.F.);
#2645=ORIENTED_EDGE('',*,*,#5802,.F.);
#2646=ORIENTED_EDGE('',*,*,#5803,.T.);
#2647=ORIENTED_EDGE('',*,*,#5804,.T.);
#2648=ORIENTED_EDGE('',*,*,#5697,.T.);
#2649=ORIENTED_EDGE('',*,*,#5805,.T.);
#2650=ORIENTED_EDGE('',*,*,#5806,.F.);
#2651=ORIENTED_EDGE('',*,*,#5807,.T.);
#2652=ORIENTED_EDGE('',*,*,#5685,.T.);
#2653=ORIENTED_EDGE('',*,*,#5808,.T.);
#2654=ORIENTED_EDGE('',*,*,#5809,.F.);
#2655=ORIENTED_EDGE('',*,*,#5810,.F.);
#2656=ORIENTED_EDGE('',*,*,#5689,.T.);
#2657=ORIENTED_EDGE('',*,*,#5811,.T.);
#2658=ORIENTED_EDGE('',*,*,#5812,.F.);
#2659=ORIENTED_EDGE('',*,*,#5813,.F.);
#2660=ORIENTED_EDGE('',*,*,#5814,.F.);
#2661=ORIENTED_EDGE('',*,*,#5693,.T.);
#2662=ORIENTED_EDGE('',*,*,#5815,.T.);
#2663=ORIENTED_EDGE('',*,*,#5816,.F.);
#2664=ORIENTED_EDGE('',*,*,#5665,.T.);
#2665=ORIENTED_EDGE('',*,*,#5817,.T.);
#2666=ORIENTED_EDGE('',*,*,#5818,.F.);
#2667=ORIENTED_EDGE('',*,*,#5819,.F.);
#2668=ORIENTED_EDGE('',*,*,#5820,.F.);
#2669=ORIENTED_EDGE('',*,*,#5681,.T.);
#2670=ORIENTED_EDGE('',*,*,#5821,.F.);
#2671=ORIENTED_EDGE('',*,*,#5822,.F.);
#2672=ORIENTED_EDGE('',*,*,#5823,.F.);
#2673=ORIENTED_EDGE('',*,*,#5824,.F.);
#2674=ORIENTED_EDGE('',*,*,#5825,.F.);
#2675=ORIENTED_EDGE('',*,*,#5826,.F.);
#2676=ORIENTED_EDGE('',*,*,#5827,.F.);
#2677=ORIENTED_EDGE('',*,*,#5828,.F.);
#2678=ORIENTED_EDGE('',*,*,#5829,.F.);
#2679=ORIENTED_EDGE('',*,*,#5830,.F.);
#2680=ORIENTED_EDGE('',*,*,#5831,.F.);
#2681=ORIENTED_EDGE('',*,*,#5832,.F.);
#2682=ORIENTED_EDGE('',*,*,#5833,.F.);
#2683=ORIENTED_EDGE('',*,*,#5834,.F.);
#2684=ORIENTED_EDGE('',*,*,#5835,.F.);
#2685=ORIENTED_EDGE('',*,*,#5836,.F.);
#2686=ORIENTED_EDGE('',*,*,#5837,.F.);
#2687=ORIENTED_EDGE('',*,*,#5838,.F.);
#2688=ORIENTED_EDGE('',*,*,#5839,.F.);
#2689=ORIENTED_EDGE('',*,*,#5840,.F.);
#2690=ORIENTED_EDGE('',*,*,#5841,.F.);
#2691=ORIENTED_EDGE('',*,*,#5842,.F.);
#2692=ORIENTED_EDGE('',*,*,#5843,.F.);
#2693=ORIENTED_EDGE('',*,*,#5844,.F.);
#2694=ORIENTED_EDGE('',*,*,#5845,.F.);
#2695=ORIENTED_EDGE('',*,*,#5846,.F.);
#2696=ORIENTED_EDGE('',*,*,#5847,.F.);
#2697=ORIENTED_EDGE('',*,*,#5848,.F.);
#2698=ORIENTED_EDGE('',*,*,#5849,.F.);
#2699=ORIENTED_EDGE('',*,*,#5677,.T.);
#2700=ORIENTED_EDGE('',*,*,#5850,.T.);
#2701=ORIENTED_EDGE('',*,*,#5851,.F.);
#2702=ORIENTED_EDGE('',*,*,#5852,.F.);
#2703=ORIENTED_EDGE('',*,*,#5853,.F.);
#2704=ORIENTED_EDGE('',*,*,#5854,.F.);
#2705=ORIENTED_EDGE('',*,*,#5855,.F.);
#2706=ORIENTED_EDGE('',*,*,#5856,.F.);
#2707=ORIENTED_EDGE('',*,*,#5857,.F.);
#2708=ORIENTED_EDGE('',*,*,#5858,.F.);
#2709=ORIENTED_EDGE('',*,*,#5859,.F.);
#2710=ORIENTED_EDGE('',*,*,#5860,.F.);
#2711=ORIENTED_EDGE('',*,*,#5861,.F.);
#2712=ORIENTED_EDGE('',*,*,#5862,.F.);
#2713=ORIENTED_EDGE('',*,*,#5863,.F.);
#2714=ORIENTED_EDGE('',*,*,#5864,.F.);
#2715=ORIENTED_EDGE('',*,*,#5865,.F.);
#2716=ORIENTED_EDGE('',*,*,#5866,.F.);
#2717=ORIENTED_EDGE('',*,*,#5867,.F.);
#2718=ORIENTED_EDGE('',*,*,#5868,.F.);
#2719=ORIENTED_EDGE('',*,*,#5869,.F.);
#2720=ORIENTED_EDGE('',*,*,#5870,.F.);
#2721=ORIENTED_EDGE('',*,*,#5871,.F.);
#2722=ORIENTED_EDGE('',*,*,#5872,.F.);
#2723=ORIENTED_EDGE('',*,*,#5873,.F.);
#2724=ORIENTED_EDGE('',*,*,#5874,.F.);
#2725=ORIENTED_EDGE('',*,*,#5875,.F.);
#2726=ORIENTED_EDGE('',*,*,#5876,.F.);
#2727=ORIENTED_EDGE('',*,*,#5877,.F.);
#2728=ORIENTED_EDGE('',*,*,#5878,.F.);
#2729=ORIENTED_EDGE('',*,*,#5879,.F.);
#2730=ORIENTED_EDGE('',*,*,#5880,.F.);
#2731=ORIENTED_EDGE('',*,*,#5881,.F.);
#2732=ORIENTED_EDGE('',*,*,#5882,.F.);
#2733=ORIENTED_EDGE('',*,*,#5883,.F.);
#2734=ORIENTED_EDGE('',*,*,#5884,.F.);
#2735=ORIENTED_EDGE('',*,*,#5885,.F.);
#2736=ORIENTED_EDGE('',*,*,#5886,.F.);
#2737=ORIENTED_EDGE('',*,*,#5887,.F.);
#2738=ORIENTED_EDGE('',*,*,#5888,.F.);
#2739=ORIENTED_EDGE('',*,*,#5889,.F.);
#2740=ORIENTED_EDGE('',*,*,#5890,.F.);
#2741=ORIENTED_EDGE('',*,*,#5891,.F.);
#2742=ORIENTED_EDGE('',*,*,#5892,.F.);
#2743=ORIENTED_EDGE('',*,*,#5673,.T.);
#2744=ORIENTED_EDGE('',*,*,#5893,.T.);
#2745=ORIENTED_EDGE('',*,*,#5894,.F.);
#2746=ORIENTED_EDGE('',*,*,#5895,.F.);
#2747=ORIENTED_EDGE('',*,*,#5669,.T.);
#2748=ORIENTED_EDGE('',*,*,#5896,.T.);
#2749=ORIENTED_EDGE('',*,*,#5897,.F.);
#2750=ORIENTED_EDGE('',*,*,#5898,.F.);
#2751=ORIENTED_EDGE('',*,*,#5661,.T.);
#2752=ORIENTED_EDGE('',*,*,#5899,.T.);
#2753=ORIENTED_EDGE('',*,*,#5900,.F.);
#2754=ORIENTED_EDGE('',*,*,#5901,.F.);
#2755=ORIENTED_EDGE('',*,*,#5902,.T.);
#2756=ORIENTED_EDGE('',*,*,#5903,.T.);
#2757=ORIENTED_EDGE('',*,*,#5647,.F.);
#2758=ORIENTED_EDGE('',*,*,#5904,.T.);
#2759=ORIENTED_EDGE('',*,*,#5905,.T.);
#2760=ORIENTED_EDGE('',*,*,#5906,.F.);
#2761=ORIENTED_EDGE('',*,*,#5907,.F.);
#2762=ORIENTED_EDGE('',*,*,#5908,.F.);
#2763=ORIENTED_EDGE('',*,*,#5909,.T.);
#2764=ORIENTED_EDGE('',*,*,#5910,.F.);
#2765=ORIENTED_EDGE('',*,*,#5911,.F.);
#2766=ORIENTED_EDGE('',*,*,#5912,.F.);
#2767=ORIENTED_EDGE('',*,*,#5913,.F.);
#2768=ORIENTED_EDGE('',*,*,#5914,.F.);
#2769=ORIENTED_EDGE('',*,*,#5915,.F.);
#2770=ORIENTED_EDGE('',*,*,#5916,.F.);
#2771=ORIENTED_EDGE('',*,*,#5917,.F.);
#2772=ORIENTED_EDGE('',*,*,#5918,.F.);
#2773=ORIENTED_EDGE('',*,*,#5919,.F.);
#2774=ORIENTED_EDGE('',*,*,#5920,.F.);
#2775=ORIENTED_EDGE('',*,*,#5921,.F.);
#2776=ORIENTED_EDGE('',*,*,#5922,.F.);
#2777=ORIENTED_EDGE('',*,*,#5923,.F.);
#2778=ORIENTED_EDGE('',*,*,#5924,.F.);
#2779=ORIENTED_EDGE('',*,*,#5925,.F.);
#2780=ORIENTED_EDGE('',*,*,#5926,.F.);
#2781=ORIENTED_EDGE('',*,*,#5927,.F.);
#2782=ORIENTED_EDGE('',*,*,#5928,.F.);
#2783=ORIENTED_EDGE('',*,*,#5929,.F.);
#2784=ORIENTED_EDGE('',*,*,#5930,.F.);
#2785=ORIENTED_EDGE('',*,*,#5931,.F.);
#2786=ORIENTED_EDGE('',*,*,#5932,.F.);
#2787=ORIENTED_EDGE('',*,*,#5933,.F.);
#2788=ORIENTED_EDGE('',*,*,#5934,.T.);
#2789=ORIENTED_EDGE('',*,*,#5935,.F.);
#2790=ORIENTED_EDGE('',*,*,#5936,.F.);
#2791=ORIENTED_EDGE('',*,*,#5937,.F.);
#2792=ORIENTED_EDGE('',*,*,#5938,.F.);
#2793=ORIENTED_EDGE('',*,*,#5939,.F.);
#2794=ORIENTED_EDGE('',*,*,#5940,.F.);
#2795=ORIENTED_EDGE('',*,*,#5941,.F.);
#2796=ORIENTED_EDGE('',*,*,#5942,.F.);
#2797=ORIENTED_EDGE('',*,*,#5943,.F.);
#2798=ORIENTED_EDGE('',*,*,#5944,.F.);
#2799=ORIENTED_EDGE('',*,*,#5945,.F.);
#2800=ORIENTED_EDGE('',*,*,#5946,.F.);
#2801=ORIENTED_EDGE('',*,*,#5947,.F.);
#2802=ORIENTED_EDGE('',*,*,#5948,.F.);
#2803=ORIENTED_EDGE('',*,*,#5949,.F.);
#2804=ORIENTED_EDGE('',*,*,#5950,.F.);
#2805=ORIENTED_EDGE('',*,*,#5951,.F.);
#2806=ORIENTED_EDGE('',*,*,#5952,.F.);
#2807=ORIENTED_EDGE('',*,*,#5953,.F.);
#2808=ORIENTED_EDGE('',*,*,#5954,.T.);
#2809=ORIENTED_EDGE('',*,*,#5955,.F.);
#2810=ORIENTED_EDGE('',*,*,#5956,.F.);
#2811=ORIENTED_EDGE('',*,*,#5957,.F.);
#2812=ORIENTED_EDGE('',*,*,#5958,.T.);
#2813=ORIENTED_EDGE('',*,*,#5959,.F.);
#2814=ORIENTED_EDGE('',*,*,#5960,.F.);
#2815=ORIENTED_EDGE('',*,*,#5961,.F.);
#2816=ORIENTED_EDGE('',*,*,#5962,.F.);
#2817=ORIENTED_EDGE('',*,*,#5963,.F.);
#2818=ORIENTED_EDGE('',*,*,#5964,.F.);
#2819=ORIENTED_EDGE('',*,*,#5965,.F.);
#2820=ORIENTED_EDGE('',*,*,#5966,.F.);
#2821=ORIENTED_EDGE('',*,*,#5967,.F.);
#2822=ORIENTED_EDGE('',*,*,#5968,.F.);
#2823=ORIENTED_EDGE('',*,*,#5969,.F.);
#2824=ORIENTED_EDGE('',*,*,#5970,.F.);
#2825=ORIENTED_EDGE('',*,*,#5971,.F.);
#2826=ORIENTED_EDGE('',*,*,#5972,.F.);
#2827=ORIENTED_EDGE('',*,*,#5973,.T.);
#2828=ORIENTED_EDGE('',*,*,#5974,.F.);
#2829=ORIENTED_EDGE('',*,*,#5975,.F.);
#2830=ORIENTED_EDGE('',*,*,#5976,.F.);
#2831=ORIENTED_EDGE('',*,*,#5977,.F.);
#2832=ORIENTED_EDGE('',*,*,#5978,.F.);
#2833=ORIENTED_EDGE('',*,*,#5979,.F.);
#2834=ORIENTED_EDGE('',*,*,#5980,.F.);
#2835=ORIENTED_EDGE('',*,*,#5981,.F.);
#2836=ORIENTED_EDGE('',*,*,#5982,.F.);
#2837=ORIENTED_EDGE('',*,*,#5983,.F.);
#2838=ORIENTED_EDGE('',*,*,#5984,.F.);
#2839=ORIENTED_EDGE('',*,*,#5985,.F.);
#2840=ORIENTED_EDGE('',*,*,#5986,.F.);
#2841=ORIENTED_EDGE('',*,*,#5987,.F.);
#2842=ORIENTED_EDGE('',*,*,#5988,.F.);
#2843=ORIENTED_EDGE('',*,*,#5989,.F.);
#2844=ORIENTED_EDGE('',*,*,#5990,.F.);
#2845=ORIENTED_EDGE('',*,*,#5991,.F.);
#2846=ORIENTED_EDGE('',*,*,#5992,.F.);
#2847=ORIENTED_EDGE('',*,*,#5993,.F.);
#2848=ORIENTED_EDGE('',*,*,#5994,.F.);
#2849=ORIENTED_EDGE('',*,*,#5995,.F.);
#2850=ORIENTED_EDGE('',*,*,#5996,.T.);
#2851=ORIENTED_EDGE('',*,*,#5997,.F.);
#2852=ORIENTED_EDGE('',*,*,#5998,.F.);
#2853=ORIENTED_EDGE('',*,*,#5999,.F.);
#2854=ORIENTED_EDGE('',*,*,#6000,.F.);
#2855=ORIENTED_EDGE('',*,*,#6001,.F.);
#2856=ORIENTED_EDGE('',*,*,#6002,.T.);
#2857=ORIENTED_EDGE('',*,*,#6003,.F.);
#2858=ORIENTED_EDGE('',*,*,#6004,.F.);
#2859=ORIENTED_EDGE('',*,*,#6005,.F.);
#2860=ORIENTED_EDGE('',*,*,#6006,.F.);
#2861=ORIENTED_EDGE('',*,*,#6007,.F.);
#2862=ORIENTED_EDGE('',*,*,#6008,.F.);
#2863=ORIENTED_EDGE('',*,*,#6009,.F.);
#2864=ORIENTED_EDGE('',*,*,#6010,.F.);
#2865=ORIENTED_EDGE('',*,*,#6011,.F.);
#2866=ORIENTED_EDGE('',*,*,#6012,.F.);
#2867=ORIENTED_EDGE('',*,*,#6013,.F.);
#2868=ORIENTED_EDGE('',*,*,#6014,.F.);
#2869=ORIENTED_EDGE('',*,*,#6015,.F.);
#2870=ORIENTED_EDGE('',*,*,#6016,.F.);
#2871=ORIENTED_EDGE('',*,*,#6017,.F.);
#2872=ORIENTED_EDGE('',*,*,#6018,.F.);
#2873=ORIENTED_EDGE('',*,*,#6019,.T.);
#2874=ORIENTED_EDGE('',*,*,#6020,.F.);
#2875=ORIENTED_EDGE('',*,*,#6021,.F.);
#2876=ORIENTED_EDGE('',*,*,#6022,.F.);
#2877=ORIENTED_EDGE('',*,*,#6023,.F.);
#2878=ORIENTED_EDGE('',*,*,#6024,.F.);
#2879=ORIENTED_EDGE('',*,*,#6025,.F.);
#2880=ORIENTED_EDGE('',*,*,#6026,.F.);
#2881=ORIENTED_EDGE('',*,*,#6027,.F.);
#2882=ORIENTED_EDGE('',*,*,#6028,.F.);
#2883=ORIENTED_EDGE('',*,*,#6029,.F.);
#2884=ORIENTED_EDGE('',*,*,#6030,.F.);
#2885=ORIENTED_EDGE('',*,*,#6031,.T.);
#2886=ORIENTED_EDGE('',*,*,#6032,.F.);
#2887=ORIENTED_EDGE('',*,*,#6033,.F.);
#2888=ORIENTED_EDGE('',*,*,#6034,.F.);
#2889=ORIENTED_EDGE('',*,*,#6035,.F.);
#2890=ORIENTED_EDGE('',*,*,#6036,.F.);
#2891=ORIENTED_EDGE('',*,*,#6037,.F.);
#2892=ORIENTED_EDGE('',*,*,#6038,.F.);
#2893=ORIENTED_EDGE('',*,*,#6039,.F.);
#2894=ORIENTED_EDGE('',*,*,#6040,.F.);
#2895=ORIENTED_EDGE('',*,*,#6041,.F.);
#2896=ORIENTED_EDGE('',*,*,#6042,.F.);
#2897=ORIENTED_EDGE('',*,*,#6043,.F.);
#2898=ORIENTED_EDGE('',*,*,#6044,.F.);
#2899=ORIENTED_EDGE('',*,*,#6045,.F.);
#2900=ORIENTED_EDGE('',*,*,#6046,.F.);
#2901=ORIENTED_EDGE('',*,*,#6047,.T.);
#2902=ORIENTED_EDGE('',*,*,#6048,.F.);
#2903=ORIENTED_EDGE('',*,*,#6049,.F.);
#2904=ORIENTED_EDGE('',*,*,#6050,.F.);
#2905=ORIENTED_EDGE('',*,*,#6051,.F.);
#2906=ORIENTED_EDGE('',*,*,#6052,.F.);
#2907=ORIENTED_EDGE('',*,*,#6053,.F.);
#2908=ORIENTED_EDGE('',*,*,#6054,.F.);
#2909=ORIENTED_EDGE('',*,*,#6055,.F.);
#2910=ORIENTED_EDGE('',*,*,#6056,.F.);
#2911=ORIENTED_EDGE('',*,*,#6057,.F.);
#2912=ORIENTED_EDGE('',*,*,#6058,.F.);
#2913=ORIENTED_EDGE('',*,*,#6059,.F.);
#2914=ORIENTED_EDGE('',*,*,#6060,.F.);
#2915=ORIENTED_EDGE('',*,*,#6061,.F.);
#2916=ORIENTED_EDGE('',*,*,#6062,.T.);
#2917=ORIENTED_EDGE('',*,*,#6063,.F.);
#2918=ORIENTED_EDGE('',*,*,#6064,.F.);
#2919=ORIENTED_EDGE('',*,*,#6065,.F.);
#2920=ORIENTED_EDGE('',*,*,#6066,.F.);
#2921=ORIENTED_EDGE('',*,*,#6067,.F.);
#2922=ORIENTED_EDGE('',*,*,#6068,.F.);
#2923=ORIENTED_EDGE('',*,*,#6069,.F.);
#2924=ORIENTED_EDGE('',*,*,#6070,.F.);
#2925=ORIENTED_EDGE('',*,*,#6071,.T.);
#2926=ORIENTED_EDGE('',*,*,#6072,.F.);
#2927=ORIENTED_EDGE('',*,*,#6073,.F.);
#2928=ORIENTED_EDGE('',*,*,#6074,.F.);
#2929=ORIENTED_EDGE('',*,*,#6075,.F.);
#2930=ORIENTED_EDGE('',*,*,#6076,.F.);
#2931=ORIENTED_EDGE('',*,*,#6077,.F.);
#2932=ORIENTED_EDGE('',*,*,#6078,.F.);
#2933=ORIENTED_EDGE('',*,*,#6079,.F.);
#2934=ORIENTED_EDGE('',*,*,#6080,.F.);
#2935=ORIENTED_EDGE('',*,*,#6081,.F.);
#2936=ORIENTED_EDGE('',*,*,#6082,.F.);
#2937=ORIENTED_EDGE('',*,*,#6083,.F.);
#2938=ORIENTED_EDGE('',*,*,#6084,.F.);
#2939=ORIENTED_EDGE('',*,*,#6085,.F.);
#2940=ORIENTED_EDGE('',*,*,#6086,.F.);
#2941=ORIENTED_EDGE('',*,*,#6087,.F.);
#2942=ORIENTED_EDGE('',*,*,#6088,.F.);
#2943=ORIENTED_EDGE('',*,*,#6089,.F.);
#2944=ORIENTED_EDGE('',*,*,#6090,.F.);
#2945=ORIENTED_EDGE('',*,*,#6091,.F.);
#2946=ORIENTED_EDGE('',*,*,#6092,.F.);
#2947=ORIENTED_EDGE('',*,*,#6093,.F.);
#2948=ORIENTED_EDGE('',*,*,#6094,.F.);
#2949=ORIENTED_EDGE('',*,*,#6095,.F.);
#2950=ORIENTED_EDGE('',*,*,#6096,.F.);
#2951=ORIENTED_EDGE('',*,*,#6097,.F.);
#2952=ORIENTED_EDGE('',*,*,#6098,.F.);
#2953=ORIENTED_EDGE('',*,*,#6099,.F.);
#2954=ORIENTED_EDGE('',*,*,#6100,.F.);
#2955=ORIENTED_EDGE('',*,*,#6101,.F.);
#2956=ORIENTED_EDGE('',*,*,#6102,.F.);
#2957=ORIENTED_EDGE('',*,*,#6103,.F.);
#2958=ORIENTED_EDGE('',*,*,#6104,.F.);
#2959=ORIENTED_EDGE('',*,*,#6105,.F.);
#2960=ORIENTED_EDGE('',*,*,#6106,.T.);
#2961=ORIENTED_EDGE('',*,*,#6107,.F.);
#2962=ORIENTED_EDGE('',*,*,#6108,.T.);
#2963=ORIENTED_EDGE('',*,*,#6109,.F.);
#2964=ORIENTED_EDGE('',*,*,#6110,.F.);
#2965=ORIENTED_EDGE('',*,*,#6111,.F.);
#2966=ORIENTED_EDGE('',*,*,#6112,.F.);
#2967=ORIENTED_EDGE('',*,*,#6113,.F.);
#2968=ORIENTED_EDGE('',*,*,#6114,.F.);
#2969=ORIENTED_EDGE('',*,*,#6115,.F.);
#2970=ORIENTED_EDGE('',*,*,#6116,.F.);
#2971=ORIENTED_EDGE('',*,*,#6117,.F.);
#2972=ORIENTED_EDGE('',*,*,#6118,.F.);
#2973=ORIENTED_EDGE('',*,*,#6119,.F.);
#2974=ORIENTED_EDGE('',*,*,#6120,.F.);
#2975=ORIENTED_EDGE('',*,*,#6121,.F.);
#2976=ORIENTED_EDGE('',*,*,#6122,.F.);
#2977=ORIENTED_EDGE('',*,*,#6123,.F.);
#2978=ORIENTED_EDGE('',*,*,#6124,.F.);
#2979=ORIENTED_EDGE('',*,*,#6125,.F.);
#2980=ORIENTED_EDGE('',*,*,#6126,.T.);
#2981=ORIENTED_EDGE('',*,*,#6127,.T.);
#2982=ORIENTED_EDGE('',*,*,#6128,.F.);
#2983=ORIENTED_EDGE('',*,*,#6129,.F.);
#2984=ORIENTED_EDGE('',*,*,#6130,.T.);
#2985=ORIENTED_EDGE('',*,*,#6131,.T.);
#2986=ORIENTED_EDGE('',*,*,#6132,.F.);
#2987=ORIENTED_EDGE('',*,*,#6133,.F.);
#2988=ORIENTED_EDGE('',*,*,#6134,.F.);
#2989=ORIENTED_EDGE('',*,*,#6135,.F.);
#2990=ORIENTED_EDGE('',*,*,#6136,.F.);
#2991=ORIENTED_EDGE('',*,*,#6137,.F.);
#2992=ORIENTED_EDGE('',*,*,#6138,.T.);
#2993=ORIENTED_EDGE('',*,*,#6139,.F.);
#2994=ORIENTED_EDGE('',*,*,#6140,.F.);
#2995=ORIENTED_EDGE('',*,*,#6141,.F.);
#2996=ORIENTED_EDGE('',*,*,#6142,.F.);
#2997=ORIENTED_EDGE('',*,*,#6143,.T.);
#2998=ORIENTED_EDGE('',*,*,#6144,.T.);
#2999=ORIENTED_EDGE('',*,*,#6145,.T.);
#3000=ORIENTED_EDGE('',*,*,#6146,.T.);
#3001=ORIENTED_EDGE('',*,*,#6147,.T.);
#3002=ORIENTED_EDGE('',*,*,#6148,.F.);
#3003=ORIENTED_EDGE('',*,*,#6149,.T.);
#3004=ORIENTED_EDGE('',*,*,#6150,.T.);
#3005=ORIENTED_EDGE('',*,*,#6151,.T.);
#3006=ORIENTED_EDGE('',*,*,#6152,.T.);
#3007=ORIENTED_EDGE('',*,*,#6153,.T.);
#3008=ORIENTED_EDGE('',*,*,#6154,.F.);
#3009=ORIENTED_EDGE('',*,*,#6155,.T.);
#3010=ORIENTED_EDGE('',*,*,#6156,.T.);
#3011=ORIENTED_EDGE('',*,*,#6157,.T.);
#3012=ORIENTED_EDGE('',*,*,#6158,.T.);
#3013=ORIENTED_EDGE('',*,*,#6159,.T.);
#3014=ORIENTED_EDGE('',*,*,#6160,.F.);
#3015=ORIENTED_EDGE('',*,*,#6161,.F.);
#3016=ORIENTED_EDGE('',*,*,#6162,.F.);
#3017=ORIENTED_EDGE('',*,*,#6163,.F.);
#3018=ORIENTED_EDGE('',*,*,#6164,.F.);
#3019=ORIENTED_EDGE('',*,*,#6165,.T.);
#3020=ORIENTED_EDGE('',*,*,#6166,.F.);
#3021=ORIENTED_EDGE('',*,*,#6167,.F.);
#3022=ORIENTED_EDGE('',*,*,#6168,.F.);
#3023=ORIENTED_EDGE('',*,*,#6169,.F.);
#3024=ORIENTED_EDGE('',*,*,#6170,.T.);
#3025=ORIENTED_EDGE('',*,*,#6171,.T.);
#3026=ORIENTED_EDGE('',*,*,#6172,.F.);
#3027=ORIENTED_EDGE('',*,*,#6173,.F.);
#3028=ORIENTED_EDGE('',*,*,#6174,.F.);
#3029=ORIENTED_EDGE('',*,*,#5659,.T.);
#3030=ORIENTED_EDGE('',*,*,#6175,.T.);
#3031=ORIENTED_EDGE('',*,*,#6176,.T.);
#3032=ORIENTED_EDGE('',*,*,#6177,.T.);
#3033=ORIENTED_EDGE('',*,*,#6178,.T.);
#3034=ORIENTED_EDGE('',*,*,#6179,.T.);
#3035=ORIENTED_EDGE('',*,*,#6180,.T.);
#3036=ORIENTED_EDGE('',*,*,#6181,.T.);
#3037=ORIENTED_EDGE('',*,*,#5649,.T.);
#3038=ORIENTED_EDGE('',*,*,#6182,.T.);
#3039=ORIENTED_EDGE('',*,*,#6183,.F.);
#3040=ORIENTED_EDGE('',*,*,#6184,.T.);
#3041=ORIENTED_EDGE('',*,*,#6185,.F.);
#3042=ORIENTED_EDGE('',*,*,#6186,.T.);
#3043=ORIENTED_EDGE('',*,*,#6187,.T.);
#3044=ORIENTED_EDGE('',*,*,#6188,.F.);
#3045=ORIENTED_EDGE('',*,*,#6189,.F.);
#3046=ORIENTED_EDGE('',*,*,#6190,.T.);
#3047=ORIENTED_EDGE('',*,*,#5711,.F.);
#3048=ORIENTED_EDGE('',*,*,#6191,.F.);
#3049=ORIENTED_EDGE('',*,*,#6192,.F.);
#3050=ORIENTED_EDGE('',*,*,#6193,.T.);
#3051=ORIENTED_EDGE('',*,*,#5790,.F.);
#3052=ORIENTED_EDGE('',*,*,#6194,.F.);
#3053=ORIENTED_EDGE('',*,*,#6195,.F.);
#3054=ORIENTED_EDGE('',*,*,#6196,.T.);
#3055=ORIENTED_EDGE('',*,*,#5794,.F.);
#3056=ORIENTED_EDGE('',*,*,#6197,.F.);
#3057=ORIENTED_EDGE('',*,*,#6198,.F.);
#3058=ORIENTED_EDGE('',*,*,#6199,.T.);
#3059=ORIENTED_EDGE('',*,*,#5804,.F.);
#3060=ORIENTED_EDGE('',*,*,#6200,.T.);
#3061=ORIENTED_EDGE('',*,*,#5806,.T.);
#3062=ORIENTED_EDGE('',*,*,#6201,.F.);
#3063=ORIENTED_EDGE('',*,*,#6202,.F.);
#3064=ORIENTED_EDGE('',*,*,#6203,.T.);
#3065=ORIENTED_EDGE('',*,*,#5816,.T.);
#3066=ORIENTED_EDGE('',*,*,#6204,.F.);
#3067=ORIENTED_EDGE('',*,*,#6205,.F.);
#3068=ORIENTED_EDGE('',*,*,#6206,.T.);
#3069=ORIENTED_EDGE('',*,*,#5812,.T.);
#3070=ORIENTED_EDGE('',*,*,#6207,.F.);
#3071=ORIENTED_EDGE('',*,*,#6208,.F.);
#3072=ORIENTED_EDGE('',*,*,#6209,.T.);
#3073=ORIENTED_EDGE('',*,*,#5809,.T.);
#3074=ORIENTED_EDGE('',*,*,#6210,.F.);
#3075=ORIENTED_EDGE('',*,*,#6211,.F.);
#3076=ORIENTED_EDGE('',*,*,#6212,.T.);
#3077=ORIENTED_EDGE('',*,*,#5851,.T.);
#3078=ORIENTED_EDGE('',*,*,#6213,.F.);
#3079=ORIENTED_EDGE('',*,*,#6214,.T.);
#3080=ORIENTED_EDGE('',*,*,#6215,.T.);
#3081=ORIENTED_EDGE('',*,*,#5894,.T.);
#3082=ORIENTED_EDGE('',*,*,#6216,.F.);
#3083=ORIENTED_EDGE('',*,*,#6217,.T.);
#3084=ORIENTED_EDGE('',*,*,#6218,.T.);
#3085=ORIENTED_EDGE('',*,*,#5897,.T.);
#3086=ORIENTED_EDGE('',*,*,#6219,.F.);
#3087=ORIENTED_EDGE('',*,*,#6220,.T.);
#3088=ORIENTED_EDGE('',*,*,#6221,.T.);
#3089=ORIENTED_EDGE('',*,*,#5818,.T.);
#3090=ORIENTED_EDGE('',*,*,#6222,.F.);
#3091=ORIENTED_EDGE('',*,*,#6223,.T.);
#3092=ORIENTED_EDGE('',*,*,#6224,.T.);
#3093=ORIENTED_EDGE('',*,*,#5900,.T.);
#3094=ORIENTED_EDGE('',*,*,#6225,.T.);
#3095=ORIENTED_EDGE('',*,*,#6183,.T.);
#3096=ORIENTED_EDGE('',*,*,#6226,.T.);
#3097=ORIENTED_EDGE('',*,*,#5902,.F.);
#3098=ORIENTED_EDGE('',*,*,#6227,.T.);
#3099=ORIENTED_EDGE('',*,*,#6228,.F.);
#3100=ORIENTED_EDGE('',*,*,#6229,.T.);
#3101=ORIENTED_EDGE('',*,*,#6031,.F.);
#3102=ORIENTED_EDGE('',*,*,#6230,.T.);
#3103=ORIENTED_EDGE('',*,*,#6231,.F.);
#3104=ORIENTED_EDGE('',*,*,#6232,.T.);
#3105=ORIENTED_EDGE('',*,*,#6019,.F.);
#3106=ORIENTED_EDGE('',*,*,#6233,.T.);
#3107=ORIENTED_EDGE('',*,*,#6234,.F.);
#3108=ORIENTED_EDGE('',*,*,#6235,.T.);
#3109=ORIENTED_EDGE('',*,*,#6062,.F.);
#3110=ORIENTED_EDGE('',*,*,#6236,.T.);
#3111=ORIENTED_EDGE('',*,*,#6237,.F.);
#3112=ORIENTED_EDGE('',*,*,#6238,.T.);
#3113=ORIENTED_EDGE('',*,*,#6002,.F.);
#3114=ORIENTED_EDGE('',*,*,#6239,.T.);
#3115=ORIENTED_EDGE('',*,*,#6240,.F.);
#3116=ORIENTED_EDGE('',*,*,#6241,.T.);
#3117=ORIENTED_EDGE('',*,*,#6047,.F.);
#3118=ORIENTED_EDGE('',*,*,#6242,.T.);
#3119=ORIENTED_EDGE('',*,*,#6243,.F.);
#3120=ORIENTED_EDGE('',*,*,#6244,.T.);
#3121=ORIENTED_EDGE('',*,*,#5996,.F.);
#3122=ORIENTED_EDGE('',*,*,#6245,.T.);
#3123=ORIENTED_EDGE('',*,*,#6246,.F.);
#3124=ORIENTED_EDGE('',*,*,#6247,.T.);
#3125=ORIENTED_EDGE('',*,*,#6071,.F.);
#3126=ORIENTED_EDGE('',*,*,#6248,.T.);
#3127=ORIENTED_EDGE('',*,*,#6249,.F.);
#3128=ORIENTED_EDGE('',*,*,#6250,.T.);
#3129=ORIENTED_EDGE('',*,*,#5973,.F.);
#3130=ORIENTED_EDGE('',*,*,#6251,.T.);
#3131=ORIENTED_EDGE('',*,*,#6252,.F.);
#3132=ORIENTED_EDGE('',*,*,#6253,.T.);
#3133=ORIENTED_EDGE('',*,*,#6106,.F.);
#3134=ORIENTED_EDGE('',*,*,#6254,.T.);
#3135=ORIENTED_EDGE('',*,*,#6255,.F.);
#3136=ORIENTED_EDGE('',*,*,#6256,.T.);
#3137=ORIENTED_EDGE('',*,*,#5958,.F.);
#3138=ORIENTED_EDGE('',*,*,#6257,.T.);
#3139=ORIENTED_EDGE('',*,*,#6258,.F.);
#3140=ORIENTED_EDGE('',*,*,#6259,.T.);
#3141=ORIENTED_EDGE('',*,*,#5954,.F.);
#3142=ORIENTED_EDGE('',*,*,#6260,.T.);
#3143=ORIENTED_EDGE('',*,*,#6261,.F.);
#3144=ORIENTED_EDGE('',*,*,#6262,.T.);
#3145=ORIENTED_EDGE('',*,*,#6108,.F.);
#3146=ORIENTED_EDGE('',*,*,#6263,.T.);
#3147=ORIENTED_EDGE('',*,*,#6264,.F.);
#3148=ORIENTED_EDGE('',*,*,#6265,.T.);
#3149=ORIENTED_EDGE('',*,*,#5934,.F.);
#3150=ORIENTED_EDGE('',*,*,#6266,.T.);
#3151=ORIENTED_EDGE('',*,*,#6267,.F.);
#3152=ORIENTED_EDGE('',*,*,#6268,.T.);
#3153=ORIENTED_EDGE('',*,*,#5909,.F.);
#3154=ORIENTED_EDGE('',*,*,#6269,.T.);
#3155=ORIENTED_EDGE('',*,*,#6270,.F.);
#3156=ORIENTED_EDGE('',*,*,#6271,.T.);
#3157=ORIENTED_EDGE('',*,*,#5905,.F.);
#3158=ORIENTED_EDGE('',*,*,#6272,.T.);
#3159=ORIENTED_EDGE('',*,*,#6273,.F.);
#3160=ORIENTED_EDGE('',*,*,#6274,.F.);
#3161=ORIENTED_EDGE('',*,*,#6275,.T.);
#3162=ORIENTED_EDGE('',*,*,#5798,.F.);
#3163=ORIENTED_EDGE('',*,*,#6276,.F.);
#3164=ORIENTED_EDGE('',*,*,#6277,.F.);
#3165=ORIENTED_EDGE('',*,*,#6278,.T.);
#3166=ORIENTED_EDGE('',*,*,#5800,.F.);
#3167=ORIENTED_EDGE('',*,*,#6279,.F.);
#3168=ORIENTED_EDGE('',*,*,#6280,.F.);
#3169=ORIENTED_EDGE('',*,*,#6281,.T.);
#3170=ORIENTED_EDGE('',*,*,#5713,.F.);
#3171=ORIENTED_EDGE('',*,*,#6282,.F.);
#3172=ORIENTED_EDGE('',*,*,#6283,.T.);
#3173=ORIENTED_EDGE('',*,*,#6284,.F.);
#3174=ORIENTED_EDGE('',*,*,#6285,.T.);
#3175=ORIENTED_EDGE('',*,*,#6286,.T.);
#3176=ORIENTED_EDGE('',*,*,#6287,.F.);
#3177=ORIENTED_EDGE('',*,*,#6288,.F.);
#3178=ORIENTED_EDGE('',*,*,#6289,.F.);
#3179=ORIENTED_EDGE('',*,*,#6290,.T.);
#3180=ORIENTED_EDGE('',*,*,#6285,.F.);
#3181=ORIENTED_EDGE('',*,*,#6291,.F.);
#3182=ORIENTED_EDGE('',*,*,#5654,.T.);
#3183=ORIENTED_EDGE('',*,*,#6292,.T.);
#3184=ORIENTED_EDGE('',*,*,#6288,.T.);
#3185=ORIENTED_EDGE('',*,*,#6293,.F.);
#3186=ORIENTED_EDGE('',*,*,#5655,.F.);
#3187=ORIENTED_EDGE('',*,*,#6291,.T.);
#3188=ORIENTED_EDGE('',*,*,#6294,.T.);
#3189=ORIENTED_EDGE('',*,*,#6295,.T.);
#3190=ORIENTED_EDGE('',*,*,#5656,.F.);
#3191=ORIENTED_EDGE('',*,*,#6293,.T.);
#3192=ORIENTED_EDGE('',*,*,#6287,.T.);
#3193=ORIENTED_EDGE('',*,*,#6296,.F.);
#3194=ORIENTED_EDGE('',*,*,#5652,.F.);
#3195=ORIENTED_EDGE('',*,*,#6297,.T.);
#3196=ORIENTED_EDGE('',*,*,#6298,.T.);
#3197=ORIENTED_EDGE('',*,*,#6299,.T.);
#3198=ORIENTED_EDGE('',*,*,#6300,.T.);
#3199=ORIENTED_EDGE('',*,*,#6301,.T.);
#3200=ORIENTED_EDGE('',*,*,#6286,.F.);
#3201=ORIENTED_EDGE('',*,*,#6292,.F.);
#3202=ORIENTED_EDGE('',*,*,#5653,.T.);
#3203=ORIENTED_EDGE('',*,*,#6296,.T.);
#3204=ORIENTED_EDGE('',*,*,#5633,.F.);
#3205=ORIENTED_EDGE('',*,*,#6284,.T.);
#3206=ORIENTED_EDGE('',*,*,#5634,.T.);
#3207=ORIENTED_EDGE('',*,*,#6283,.F.);
#3208=ORIENTED_EDGE('',*,*,#5632,.F.);
#3209=ORIENTED_EDGE('',*,*,#6289,.T.);
#3210=ORIENTED_EDGE('',*,*,#5635,.T.);
#3211=ORIENTED_EDGE('',*,*,#6290,.F.);
#3212=ORIENTED_EDGE('',*,*,#5648,.F.);
#3213=ORIENTED_EDGE('',*,*,#5903,.F.);
#3214=ORIENTED_EDGE('',*,*,#6226,.F.);
#3215=ORIENTED_EDGE('',*,*,#6182,.F.);
#3216=ORIENTED_EDGE('',*,*,#5646,.F.);
#3217=ORIENTED_EDGE('',*,*,#6302,.F.);
#3218=ORIENTED_EDGE('',*,*,#5796,.F.);
#3219=ORIENTED_EDGE('',*,*,#6303,.F.);
#3220=ORIENTED_EDGE('',*,*,#6272,.F.);
#3221=ORIENTED_EDGE('',*,*,#5904,.F.);
#3222=ORIENTED_EDGE('',*,*,#5660,.F.);
#3223=ORIENTED_EDGE('',*,*,#6184,.F.);
#3224=ORIENTED_EDGE('',*,*,#6225,.F.);
#3225=ORIENTED_EDGE('',*,*,#5899,.F.);
#3226=ORIENTED_EDGE('',*,*,#5698,.F.);
#3227=ORIENTED_EDGE('',*,*,#5807,.F.);
#3228=ORIENTED_EDGE('',*,*,#6200,.F.);
#3229=ORIENTED_EDGE('',*,*,#5803,.F.);
#3230=ORIENTED_EDGE('',*,*,#6304,.F.);
#3231=ORIENTED_EDGE('',*,*,#5792,.F.);
#3232=ORIENTED_EDGE('',*,*,#6305,.T.);
#3233=ORIENTED_EDGE('',*,*,#6306,.T.);
#3234=ORIENTED_EDGE('',*,*,#6307,.F.);
#3235=ORIENTED_EDGE('',*,*,#6294,.F.);
#3236=ORIENTED_EDGE('',*,*,#6307,.T.);
#3237=ORIENTED_EDGE('',*,*,#6308,.T.);
#3238=ORIENTED_EDGE('',*,*,#5657,.F.);
#3239=ORIENTED_EDGE('',*,*,#6295,.F.);
#3240=ORIENTED_EDGE('',*,*,#5651,.T.);
#3241=ORIENTED_EDGE('',*,*,#6309,.T.);
#3242=ORIENTED_EDGE('',*,*,#6310,.F.);
#3243=ORIENTED_EDGE('',*,*,#6297,.F.);
#3244=ORIENTED_EDGE('',*,*,#6310,.T.);
#3245=ORIENTED_EDGE('',*,*,#6311,.T.);
#3246=ORIENTED_EDGE('',*,*,#6312,.F.);
#3247=ORIENTED_EDGE('',*,*,#6298,.F.);
#3248=ORIENTED_EDGE('',*,*,#6312,.T.);
#3249=ORIENTED_EDGE('',*,*,#6313,.T.);
#3250=ORIENTED_EDGE('',*,*,#6314,.F.);
#3251=ORIENTED_EDGE('',*,*,#6299,.F.);
#3252=ORIENTED_EDGE('',*,*,#6314,.T.);
#3253=ORIENTED_EDGE('',*,*,#6315,.T.);
#3254=ORIENTED_EDGE('',*,*,#6316,.F.);
#3255=ORIENTED_EDGE('',*,*,#6300,.F.);
#3256=ORIENTED_EDGE('',*,*,#6316,.T.);
#3257=ORIENTED_EDGE('',*,*,#6317,.T.);
#3258=ORIENTED_EDGE('',*,*,#6305,.F.);
#3259=ORIENTED_EDGE('',*,*,#6301,.F.);
#3260=ORIENTED_EDGE('',*,*,#5650,.F.);
#3261=ORIENTED_EDGE('',*,*,#6181,.F.);
#3262=ORIENTED_EDGE('',*,*,#6318,.F.);
#3263=ORIENTED_EDGE('',*,*,#6309,.F.);
#3264=ORIENTED_EDGE('',*,*,#6318,.T.);
#3265=ORIENTED_EDGE('',*,*,#6180,.F.);
#3266=ORIENTED_EDGE('',*,*,#6319,.F.);
#3267=ORIENTED_EDGE('',*,*,#6311,.F.);
#3268=ORIENTED_EDGE('',*,*,#6319,.T.);
#3269=ORIENTED_EDGE('',*,*,#6179,.F.);
#3270=ORIENTED_EDGE('',*,*,#6320,.F.);
#3271=ORIENTED_EDGE('',*,*,#6313,.F.);
#3272=ORIENTED_EDGE('',*,*,#6320,.T.);
#3273=ORIENTED_EDGE('',*,*,#6178,.F.);
#3274=ORIENTED_EDGE('',*,*,#6321,.F.);
#3275=ORIENTED_EDGE('',*,*,#6315,.F.);
#3276=ORIENTED_EDGE('',*,*,#6321,.T.);
#3277=ORIENTED_EDGE('',*,*,#6177,.F.);
#3278=ORIENTED_EDGE('',*,*,#6322,.F.);
#3279=ORIENTED_EDGE('',*,*,#6317,.F.);
#3280=ORIENTED_EDGE('',*,*,#6322,.T.);
#3281=ORIENTED_EDGE('',*,*,#6176,.F.);
#3282=ORIENTED_EDGE('',*,*,#6323,.F.);
#3283=ORIENTED_EDGE('',*,*,#6306,.F.);
#3284=ORIENTED_EDGE('',*,*,#6323,.T.);
#3285=ORIENTED_EDGE('',*,*,#6175,.F.);
#3286=ORIENTED_EDGE('',*,*,#5658,.F.);
#3287=ORIENTED_EDGE('',*,*,#6308,.F.);
#3288=ORIENTED_EDGE('',*,*,#6324,.F.);
#3289=ORIENTED_EDGE('',*,*,#6325,.F.);
#3290=ORIENTED_EDGE('',*,*,#6326,.T.);
#3291=ORIENTED_EDGE('',*,*,#6327,.T.);
#3292=ORIENTED_EDGE('',*,*,#6328,.F.);
#3293=ORIENTED_EDGE('',*,*,#6329,.F.);
#3294=ORIENTED_EDGE('',*,*,#6330,.T.);
#3295=ORIENTED_EDGE('',*,*,#6325,.T.);
#3296=ORIENTED_EDGE('',*,*,#5739,.F.);
#3297=ORIENTED_EDGE('',*,*,#6331,.F.);
#3298=ORIENTED_EDGE('',*,*,#6332,.T.);
#3299=ORIENTED_EDGE('',*,*,#6333,.T.);
#3300=ORIENTED_EDGE('',*,*,#5746,.F.);
#3301=ORIENTED_EDGE('',*,*,#6334,.F.);
#3302=ORIENTED_EDGE('',*,*,#6335,.T.);
#3303=ORIENTED_EDGE('',*,*,#6331,.T.);
#3304=ORIENTED_EDGE('',*,*,#5745,.F.);
#3305=ORIENTED_EDGE('',*,*,#6336,.F.);
#3306=ORIENTED_EDGE('',*,*,#6337,.T.);
#3307=ORIENTED_EDGE('',*,*,#6334,.T.);
#3308=ORIENTED_EDGE('',*,*,#5744,.F.);
#3309=ORIENTED_EDGE('',*,*,#6338,.F.);
#3310=ORIENTED_EDGE('',*,*,#6339,.T.);
#3311=ORIENTED_EDGE('',*,*,#6336,.T.);
#3312=ORIENTED_EDGE('',*,*,#5743,.F.);
#3313=ORIENTED_EDGE('',*,*,#6340,.F.);
#3314=ORIENTED_EDGE('',*,*,#6341,.T.);
#3315=ORIENTED_EDGE('',*,*,#6338,.T.);
#3316=ORIENTED_EDGE('',*,*,#5742,.F.);
#3317=ORIENTED_EDGE('',*,*,#6342,.F.);
#3318=ORIENTED_EDGE('',*,*,#6343,.T.);
#3319=ORIENTED_EDGE('',*,*,#6340,.T.);
#3320=ORIENTED_EDGE('',*,*,#5741,.F.);
#3321=ORIENTED_EDGE('',*,*,#6344,.F.);
#3322=ORIENTED_EDGE('',*,*,#6345,.T.);
#3323=ORIENTED_EDGE('',*,*,#6342,.T.);
#3324=ORIENTED_EDGE('',*,*,#5740,.F.);
#3325=ORIENTED_EDGE('',*,*,#6333,.F.);
#3326=ORIENTED_EDGE('',*,*,#6346,.T.);
#3327=ORIENTED_EDGE('',*,*,#6344,.T.);
#3328=ORIENTED_EDGE('',*,*,#6347,.F.);
#3329=ORIENTED_EDGE('',*,*,#6327,.F.);
#3330=ORIENTED_EDGE('',*,*,#6348,.T.);
#3331=ORIENTED_EDGE('',*,*,#6329,.T.);
#3332=ORIENTED_EDGE('',*,*,#6332,.F.);
#3333=ORIENTED_EDGE('',*,*,#6335,.F.);
#3334=ORIENTED_EDGE('',*,*,#6337,.F.);
#3335=ORIENTED_EDGE('',*,*,#6339,.F.);
#3336=ORIENTED_EDGE('',*,*,#6341,.F.);
#3337=ORIENTED_EDGE('',*,*,#6343,.F.);
#3338=ORIENTED_EDGE('',*,*,#6345,.F.);
#3339=ORIENTED_EDGE('',*,*,#6346,.F.);
#3340=ORIENTED_EDGE('',*,*,#6326,.F.);
#3341=ORIENTED_EDGE('',*,*,#6330,.F.);
#3342=ORIENTED_EDGE('',*,*,#6348,.F.);
#3343=ORIENTED_EDGE('',*,*,#5747,.F.);
#3344=ORIENTED_EDGE('',*,*,#6349,.F.);
#3345=ORIENTED_EDGE('',*,*,#6350,.T.);
#3346=ORIENTED_EDGE('',*,*,#6351,.T.);
#3347=ORIENTED_EDGE('',*,*,#5758,.F.);
#3348=ORIENTED_EDGE('',*,*,#6352,.F.);
#3349=ORIENTED_EDGE('',*,*,#6353,.T.);
#3350=ORIENTED_EDGE('',*,*,#6349,.T.);
#3351=ORIENTED_EDGE('',*,*,#5757,.F.);
#3352=ORIENTED_EDGE('',*,*,#6354,.F.);
#3353=ORIENTED_EDGE('',*,*,#6355,.T.);
#3354=ORIENTED_EDGE('',*,*,#6352,.T.);
#3355=ORIENTED_EDGE('',*,*,#5756,.F.);
#3356=ORIENTED_EDGE('',*,*,#6356,.F.);
#3357=ORIENTED_EDGE('',*,*,#6357,.T.);
#3358=ORIENTED_EDGE('',*,*,#6354,.T.);
#3359=ORIENTED_EDGE('',*,*,#5755,.F.);
#3360=ORIENTED_EDGE('',*,*,#6358,.F.);
#3361=ORIENTED_EDGE('',*,*,#6359,.T.);
#3362=ORIENTED_EDGE('',*,*,#6356,.T.);
#3363=ORIENTED_EDGE('',*,*,#5754,.F.);
#3364=ORIENTED_EDGE('',*,*,#6360,.F.);
#3365=ORIENTED_EDGE('',*,*,#6361,.T.);
#3366=ORIENTED_EDGE('',*,*,#6358,.T.);
#3367=ORIENTED_EDGE('',*,*,#5753,.F.);
#3368=ORIENTED_EDGE('',*,*,#6362,.F.);
#3369=ORIENTED_EDGE('',*,*,#6363,.T.);
#3370=ORIENTED_EDGE('',*,*,#6360,.T.);
#3371=ORIENTED_EDGE('',*,*,#5752,.F.);
#3372=ORIENTED_EDGE('',*,*,#6364,.F.);
#3373=ORIENTED_EDGE('',*,*,#6365,.T.);
#3374=ORIENTED_EDGE('',*,*,#6362,.T.);
#3375=ORIENTED_EDGE('',*,*,#5751,.F.);
#3376=ORIENTED_EDGE('',*,*,#6366,.F.);
#3377=ORIENTED_EDGE('',*,*,#6367,.T.);
#3378=ORIENTED_EDGE('',*,*,#6364,.T.);
#3379=ORIENTED_EDGE('',*,*,#5750,.F.);
#3380=ORIENTED_EDGE('',*,*,#6368,.F.);
#3381=ORIENTED_EDGE('',*,*,#6369,.T.);
#3382=ORIENTED_EDGE('',*,*,#6366,.T.);
#3383=ORIENTED_EDGE('',*,*,#5749,.F.);
#3384=ORIENTED_EDGE('',*,*,#6370,.F.);
#3385=ORIENTED_EDGE('',*,*,#6371,.T.);
#3386=ORIENTED_EDGE('',*,*,#6368,.T.);
#3387=ORIENTED_EDGE('',*,*,#5748,.F.);
#3388=ORIENTED_EDGE('',*,*,#6351,.F.);
#3389=ORIENTED_EDGE('',*,*,#6372,.T.);
#3390=ORIENTED_EDGE('',*,*,#6370,.T.);
#3391=ORIENTED_EDGE('',*,*,#6350,.F.);
#3392=ORIENTED_EDGE('',*,*,#6353,.F.);
#3393=ORIENTED_EDGE('',*,*,#6355,.F.);
#3394=ORIENTED_EDGE('',*,*,#6357,.F.);
#3395=ORIENTED_EDGE('',*,*,#6359,.F.);
#3396=ORIENTED_EDGE('',*,*,#6361,.F.);
#3397=ORIENTED_EDGE('',*,*,#6363,.F.);
#3398=ORIENTED_EDGE('',*,*,#6365,.F.);
#3399=ORIENTED_EDGE('',*,*,#6367,.F.);
#3400=ORIENTED_EDGE('',*,*,#6369,.F.);
#3401=ORIENTED_EDGE('',*,*,#6371,.F.);
#3402=ORIENTED_EDGE('',*,*,#6372,.F.);
#3403=ORIENTED_EDGE('',*,*,#5715,.F.);
#3404=ORIENTED_EDGE('',*,*,#6373,.F.);
#3405=ORIENTED_EDGE('',*,*,#6374,.T.);
#3406=ORIENTED_EDGE('',*,*,#6375,.T.);
#3407=ORIENTED_EDGE('',*,*,#5738,.F.);
#3408=ORIENTED_EDGE('',*,*,#6376,.F.);
#3409=ORIENTED_EDGE('',*,*,#6377,.T.);
#3410=ORIENTED_EDGE('',*,*,#6373,.T.);
#3411=ORIENTED_EDGE('',*,*,#5737,.F.);
#3412=ORIENTED_EDGE('',*,*,#6378,.F.);
#3413=ORIENTED_EDGE('',*,*,#6379,.T.);
#3414=ORIENTED_EDGE('',*,*,#6376,.T.);
#3415=ORIENTED_EDGE('',*,*,#5736,.F.);
#3416=ORIENTED_EDGE('',*,*,#6380,.F.);
#3417=ORIENTED_EDGE('',*,*,#6381,.T.);
#3418=ORIENTED_EDGE('',*,*,#6378,.T.);
#3419=ORIENTED_EDGE('',*,*,#5735,.F.);
#3420=ORIENTED_EDGE('',*,*,#6382,.F.);
#3421=ORIENTED_EDGE('',*,*,#6383,.T.);
#3422=ORIENTED_EDGE('',*,*,#6380,.T.);
#3423=ORIENTED_EDGE('',*,*,#5734,.F.);
#3424=ORIENTED_EDGE('',*,*,#6384,.F.);
#3425=ORIENTED_EDGE('',*,*,#6385,.T.);
#3426=ORIENTED_EDGE('',*,*,#6382,.T.);
#3427=ORIENTED_EDGE('',*,*,#5733,.F.);
#3428=ORIENTED_EDGE('',*,*,#6386,.F.);
#3429=ORIENTED_EDGE('',*,*,#6387,.T.);
#3430=ORIENTED_EDGE('',*,*,#6384,.T.);
#3431=ORIENTED_EDGE('',*,*,#5732,.F.);
#3432=ORIENTED_EDGE('',*,*,#6388,.F.);
#3433=ORIENTED_EDGE('',*,*,#6389,.T.);
#3434=ORIENTED_EDGE('',*,*,#6386,.T.);
#3435=ORIENTED_EDGE('',*,*,#5731,.F.);
#3436=ORIENTED_EDGE('',*,*,#6390,.F.);
#3437=ORIENTED_EDGE('',*,*,#6391,.T.);
#3438=ORIENTED_EDGE('',*,*,#6388,.T.);
#3439=ORIENTED_EDGE('',*,*,#5730,.F.);
#3440=ORIENTED_EDGE('',*,*,#6392,.F.);
#3441=ORIENTED_EDGE('',*,*,#6393,.T.);
#3442=ORIENTED_EDGE('',*,*,#6390,.T.);
#3443=ORIENTED_EDGE('',*,*,#5729,.F.);
#3444=ORIENTED_EDGE('',*,*,#6394,.F.);
#3445=ORIENTED_EDGE('',*,*,#6395,.T.);
#3446=ORIENTED_EDGE('',*,*,#6392,.T.);
#3447=ORIENTED_EDGE('',*,*,#5728,.F.);
#3448=ORIENTED_EDGE('',*,*,#6396,.F.);
#3449=ORIENTED_EDGE('',*,*,#6397,.T.);
#3450=ORIENTED_EDGE('',*,*,#6394,.T.);
#3451=ORIENTED_EDGE('',*,*,#5727,.F.);
#3452=ORIENTED_EDGE('',*,*,#6398,.F.);
#3453=ORIENTED_EDGE('',*,*,#6399,.T.);
#3454=ORIENTED_EDGE('',*,*,#6396,.T.);
#3455=ORIENTED_EDGE('',*,*,#5726,.F.);
#3456=ORIENTED_EDGE('',*,*,#6400,.F.);
#3457=ORIENTED_EDGE('',*,*,#6401,.T.);
#3458=ORIENTED_EDGE('',*,*,#6398,.T.);
#3459=ORIENTED_EDGE('',*,*,#5725,.F.);
#3460=ORIENTED_EDGE('',*,*,#6402,.F.);
#3461=ORIENTED_EDGE('',*,*,#6403,.T.);
#3462=ORIENTED_EDGE('',*,*,#6400,.T.);
#3463=ORIENTED_EDGE('',*,*,#5724,.F.);
#3464=ORIENTED_EDGE('',*,*,#6404,.F.);
#3465=ORIENTED_EDGE('',*,*,#6405,.T.);
#3466=ORIENTED_EDGE('',*,*,#6402,.T.);
#3467=ORIENTED_EDGE('',*,*,#5723,.F.);
#3468=ORIENTED_EDGE('',*,*,#6406,.F.);
#3469=ORIENTED_EDGE('',*,*,#6407,.T.);
#3470=ORIENTED_EDGE('',*,*,#6404,.T.);
#3471=ORIENTED_EDGE('',*,*,#5722,.F.);
#3472=ORIENTED_EDGE('',*,*,#6408,.F.);
#3473=ORIENTED_EDGE('',*,*,#6409,.T.);
#3474=ORIENTED_EDGE('',*,*,#6406,.T.);
#3475=ORIENTED_EDGE('',*,*,#5721,.F.);
#3476=ORIENTED_EDGE('',*,*,#6410,.F.);
#3477=ORIENTED_EDGE('',*,*,#6411,.T.);
#3478=ORIENTED_EDGE('',*,*,#6408,.T.);
#3479=ORIENTED_EDGE('',*,*,#5720,.F.);
#3480=ORIENTED_EDGE('',*,*,#6412,.F.);
#3481=ORIENTED_EDGE('',*,*,#6413,.T.);
#3482=ORIENTED_EDGE('',*,*,#6410,.T.);
#3483=ORIENTED_EDGE('',*,*,#5719,.F.);
#3484=ORIENTED_EDGE('',*,*,#6414,.F.);
#3485=ORIENTED_EDGE('',*,*,#6415,.T.);
#3486=ORIENTED_EDGE('',*,*,#6412,.T.);
#3487=ORIENTED_EDGE('',*,*,#5718,.F.);
#3488=ORIENTED_EDGE('',*,*,#6416,.F.);
#3489=ORIENTED_EDGE('',*,*,#6417,.T.);
#3490=ORIENTED_EDGE('',*,*,#6414,.T.);
#3491=ORIENTED_EDGE('',*,*,#5717,.F.);
#3492=ORIENTED_EDGE('',*,*,#6418,.F.);
#3493=ORIENTED_EDGE('',*,*,#6419,.T.);
#3494=ORIENTED_EDGE('',*,*,#6416,.T.);
#3495=ORIENTED_EDGE('',*,*,#5716,.F.);
#3496=ORIENTED_EDGE('',*,*,#6375,.F.);
#3497=ORIENTED_EDGE('',*,*,#6420,.T.);
#3498=ORIENTED_EDGE('',*,*,#6418,.T.);
#3499=ORIENTED_EDGE('',*,*,#6374,.F.);
#3500=ORIENTED_EDGE('',*,*,#6377,.F.);
#3501=ORIENTED_EDGE('',*,*,#6379,.F.);
#3502=ORIENTED_EDGE('',*,*,#6381,.F.);
#3503=ORIENTED_EDGE('',*,*,#6383,.F.);
#3504=ORIENTED_EDGE('',*,*,#6385,.F.);
#3505=ORIENTED_EDGE('',*,*,#6387,.F.);
#3506=ORIENTED_EDGE('',*,*,#6389,.F.);
#3507=ORIENTED_EDGE('',*,*,#6391,.F.);
#3508=ORIENTED_EDGE('',*,*,#6393,.F.);
#3509=ORIENTED_EDGE('',*,*,#6395,.F.);
#3510=ORIENTED_EDGE('',*,*,#6397,.F.);
#3511=ORIENTED_EDGE('',*,*,#6399,.F.);
#3512=ORIENTED_EDGE('',*,*,#6401,.F.);
#3513=ORIENTED_EDGE('',*,*,#6403,.F.);
#3514=ORIENTED_EDGE('',*,*,#6405,.F.);
#3515=ORIENTED_EDGE('',*,*,#6407,.F.);
#3516=ORIENTED_EDGE('',*,*,#6409,.F.);
#3517=ORIENTED_EDGE('',*,*,#6411,.F.);
#3518=ORIENTED_EDGE('',*,*,#6413,.F.);
#3519=ORIENTED_EDGE('',*,*,#6415,.F.);
#3520=ORIENTED_EDGE('',*,*,#6417,.F.);
#3521=ORIENTED_EDGE('',*,*,#6419,.F.);
#3522=ORIENTED_EDGE('',*,*,#6420,.F.);
#3523=ORIENTED_EDGE('',*,*,#5759,.F.);
#3524=ORIENTED_EDGE('',*,*,#6421,.F.);
#3525=ORIENTED_EDGE('',*,*,#6422,.T.);
#3526=ORIENTED_EDGE('',*,*,#6423,.T.);
#3527=ORIENTED_EDGE('',*,*,#5787,.F.);
#3528=ORIENTED_EDGE('',*,*,#6424,.F.);
#3529=ORIENTED_EDGE('',*,*,#6425,.T.);
#3530=ORIENTED_EDGE('',*,*,#6421,.T.);
#3531=ORIENTED_EDGE('',*,*,#5786,.F.);
#3532=ORIENTED_EDGE('',*,*,#6426,.F.);
#3533=ORIENTED_EDGE('',*,*,#6427,.T.);
#3534=ORIENTED_EDGE('',*,*,#6424,.T.);
#3535=ORIENTED_EDGE('',*,*,#5785,.F.);
#3536=ORIENTED_EDGE('',*,*,#6428,.F.);
#3537=ORIENTED_EDGE('',*,*,#6429,.T.);
#3538=ORIENTED_EDGE('',*,*,#6426,.T.);
#3539=ORIENTED_EDGE('',*,*,#5784,.F.);
#3540=ORIENTED_EDGE('',*,*,#6430,.F.);
#3541=ORIENTED_EDGE('',*,*,#6431,.T.);
#3542=ORIENTED_EDGE('',*,*,#6428,.T.);
#3543=ORIENTED_EDGE('',*,*,#5783,.F.);
#3544=ORIENTED_EDGE('',*,*,#6432,.F.);
#3545=ORIENTED_EDGE('',*,*,#6433,.T.);
#3546=ORIENTED_EDGE('',*,*,#6430,.T.);
#3547=ORIENTED_EDGE('',*,*,#5782,.F.);
#3548=ORIENTED_EDGE('',*,*,#6434,.F.);
#3549=ORIENTED_EDGE('',*,*,#6435,.T.);
#3550=ORIENTED_EDGE('',*,*,#6432,.T.);
#3551=ORIENTED_EDGE('',*,*,#5781,.F.);
#3552=ORIENTED_EDGE('',*,*,#6436,.F.);
#3553=ORIENTED_EDGE('',*,*,#6437,.T.);
#3554=ORIENTED_EDGE('',*,*,#6434,.T.);
#3555=ORIENTED_EDGE('',*,*,#5780,.F.);
#3556=ORIENTED_EDGE('',*,*,#6438,.F.);
#3557=ORIENTED_EDGE('',*,*,#6439,.T.);
#3558=ORIENTED_EDGE('',*,*,#6436,.T.);
#3559=ORIENTED_EDGE('',*,*,#5779,.F.);
#3560=ORIENTED_EDGE('',*,*,#6440,.F.);
#3561=ORIENTED_EDGE('',*,*,#6441,.T.);
#3562=ORIENTED_EDGE('',*,*,#6438,.T.);
#3563=ORIENTED_EDGE('',*,*,#5778,.F.);
#3564=ORIENTED_EDGE('',*,*,#6442,.F.);
#3565=ORIENTED_EDGE('',*,*,#6443,.T.);
#3566=ORIENTED_EDGE('',*,*,#6440,.T.);
#3567=ORIENTED_EDGE('',*,*,#5777,.F.);
#3568=ORIENTED_EDGE('',*,*,#6444,.F.);
#3569=ORIENTED_EDGE('',*,*,#6445,.T.);
#3570=ORIENTED_EDGE('',*,*,#6442,.T.);
#3571=ORIENTED_EDGE('',*,*,#5776,.F.);
#3572=ORIENTED_EDGE('',*,*,#6446,.F.);
#3573=ORIENTED_EDGE('',*,*,#6447,.T.);
#3574=ORIENTED_EDGE('',*,*,#6444,.T.);
#3575=ORIENTED_EDGE('',*,*,#5775,.F.);
#3576=ORIENTED_EDGE('',*,*,#6448,.F.);
#3577=ORIENTED_EDGE('',*,*,#6449,.T.);
#3578=ORIENTED_EDGE('',*,*,#6446,.T.);
#3579=ORIENTED_EDGE('',*,*,#5774,.F.);
#3580=ORIENTED_EDGE('',*,*,#6450,.F.);
#3581=ORIENTED_EDGE('',*,*,#6451,.T.);
#3582=ORIENTED_EDGE('',*,*,#6448,.T.);
#3583=ORIENTED_EDGE('',*,*,#5773,.F.);
#3584=ORIENTED_EDGE('',*,*,#6452,.F.);
#3585=ORIENTED_EDGE('',*,*,#6453,.T.);
#3586=ORIENTED_EDGE('',*,*,#6450,.T.);
#3587=ORIENTED_EDGE('',*,*,#5772,.F.);
#3588=ORIENTED_EDGE('',*,*,#6454,.F.);
#3589=ORIENTED_EDGE('',*,*,#6455,.T.);
#3590=ORIENTED_EDGE('',*,*,#6452,.T.);
#3591=ORIENTED_EDGE('',*,*,#5771,.F.);
#3592=ORIENTED_EDGE('',*,*,#6456,.F.);
#3593=ORIENTED_EDGE('',*,*,#6457,.T.);
#3594=ORIENTED_EDGE('',*,*,#6454,.T.);
#3595=ORIENTED_EDGE('',*,*,#5770,.F.);
#3596=ORIENTED_EDGE('',*,*,#6458,.F.);
#3597=ORIENTED_EDGE('',*,*,#6459,.T.);
#3598=ORIENTED_EDGE('',*,*,#6456,.T.);
#3599=ORIENTED_EDGE('',*,*,#5769,.F.);
#3600=ORIENTED_EDGE('',*,*,#6460,.F.);
#3601=ORIENTED_EDGE('',*,*,#6461,.T.);
#3602=ORIENTED_EDGE('',*,*,#6458,.T.);
#3603=ORIENTED_EDGE('',*,*,#5768,.F.);
#3604=ORIENTED_EDGE('',*,*,#6462,.F.);
#3605=ORIENTED_EDGE('',*,*,#6463,.T.);
#3606=ORIENTED_EDGE('',*,*,#6460,.T.);
#3607=ORIENTED_EDGE('',*,*,#5767,.F.);
#3608=ORIENTED_EDGE('',*,*,#6464,.F.);
#3609=ORIENTED_EDGE('',*,*,#6465,.T.);
#3610=ORIENTED_EDGE('',*,*,#6462,.T.);
#3611=ORIENTED_EDGE('',*,*,#5766,.F.);
#3612=ORIENTED_EDGE('',*,*,#6466,.F.);
#3613=ORIENTED_EDGE('',*,*,#6467,.T.);
#3614=ORIENTED_EDGE('',*,*,#6464,.T.);
#3615=ORIENTED_EDGE('',*,*,#5765,.F.);
#3616=ORIENTED_EDGE('',*,*,#6468,.F.);
#3617=ORIENTED_EDGE('',*,*,#6469,.T.);
#3618=ORIENTED_EDGE('',*,*,#6466,.T.);
#3619=ORIENTED_EDGE('',*,*,#5764,.F.);
#3620=ORIENTED_EDGE('',*,*,#6470,.F.);
#3621=ORIENTED_EDGE('',*,*,#6471,.T.);
#3622=ORIENTED_EDGE('',*,*,#6468,.T.);
#3623=ORIENTED_EDGE('',*,*,#5763,.F.);
#3624=ORIENTED_EDGE('',*,*,#6472,.F.);
#3625=ORIENTED_EDGE('',*,*,#6473,.T.);
#3626=ORIENTED_EDGE('',*,*,#6470,.T.);
#3627=ORIENTED_EDGE('',*,*,#5762,.F.);
#3628=ORIENTED_EDGE('',*,*,#6474,.F.);
#3629=ORIENTED_EDGE('',*,*,#6475,.T.);
#3630=ORIENTED_EDGE('',*,*,#6472,.T.);
#3631=ORIENTED_EDGE('',*,*,#5761,.F.);
#3632=ORIENTED_EDGE('',*,*,#6476,.F.);
#3633=ORIENTED_EDGE('',*,*,#6477,.T.);
#3634=ORIENTED_EDGE('',*,*,#6474,.T.);
#3635=ORIENTED_EDGE('',*,*,#5760,.F.);
#3636=ORIENTED_EDGE('',*,*,#6423,.F.);
#3637=ORIENTED_EDGE('',*,*,#6478,.T.);
#3638=ORIENTED_EDGE('',*,*,#6476,.T.);
#3639=ORIENTED_EDGE('',*,*,#6422,.F.);
#3640=ORIENTED_EDGE('',*,*,#6425,.F.);
#3641=ORIENTED_EDGE('',*,*,#6427,.F.);
#3642=ORIENTED_EDGE('',*,*,#6429,.F.);
#3643=ORIENTED_EDGE('',*,*,#6431,.F.);
#3644=ORIENTED_EDGE('',*,*,#6433,.F.);
#3645=ORIENTED_EDGE('',*,*,#6435,.F.);
#3646=ORIENTED_EDGE('',*,*,#6437,.F.);
#3647=ORIENTED_EDGE('',*,*,#6439,.F.);
#3648=ORIENTED_EDGE('',*,*,#6441,.F.);
#3649=ORIENTED_EDGE('',*,*,#6443,.F.);
#3650=ORIENTED_EDGE('',*,*,#6445,.F.);
#3651=ORIENTED_EDGE('',*,*,#6447,.F.);
#3652=ORIENTED_EDGE('',*,*,#6449,.F.);
#3653=ORIENTED_EDGE('',*,*,#6451,.F.);
#3654=ORIENTED_EDGE('',*,*,#6453,.F.);
#3655=ORIENTED_EDGE('',*,*,#6455,.F.);
#3656=ORIENTED_EDGE('',*,*,#6457,.F.);
#3657=ORIENTED_EDGE('',*,*,#6459,.F.);
#3658=ORIENTED_EDGE('',*,*,#6461,.F.);
#3659=ORIENTED_EDGE('',*,*,#6463,.F.);
#3660=ORIENTED_EDGE('',*,*,#6465,.F.);
#3661=ORIENTED_EDGE('',*,*,#6467,.F.);
#3662=ORIENTED_EDGE('',*,*,#6469,.F.);
#3663=ORIENTED_EDGE('',*,*,#6471,.F.);
#3664=ORIENTED_EDGE('',*,*,#6473,.F.);
#3665=ORIENTED_EDGE('',*,*,#6475,.F.);
#3666=ORIENTED_EDGE('',*,*,#6477,.F.);
#3667=ORIENTED_EDGE('',*,*,#6478,.F.);
#3668=ORIENTED_EDGE('',*,*,#6324,.T.);
#3669=ORIENTED_EDGE('',*,*,#6347,.T.);
#3670=ORIENTED_EDGE('',*,*,#6328,.T.);
#3671=ORIENTED_EDGE('',*,*,#6479,.F.);
#3672=ORIENTED_EDGE('',*,*,#6174,.T.);
#3673=ORIENTED_EDGE('',*,*,#6479,.T.);
#3674=ORIENTED_EDGE('',*,*,#6480,.T.);
#3675=ORIENTED_EDGE('',*,*,#6481,.F.);
#3676=ORIENTED_EDGE('',*,*,#6482,.F.);
#3677=ORIENTED_EDGE('',*,*,#6173,.T.);
#3678=ORIENTED_EDGE('',*,*,#6480,.F.);
#3679=ORIENTED_EDGE('',*,*,#6482,.T.);
#3680=ORIENTED_EDGE('',*,*,#6169,.T.);
#3681=ORIENTED_EDGE('',*,*,#6483,.F.);
#3682=ORIENTED_EDGE('',*,*,#6484,.F.);
#3683=ORIENTED_EDGE('',*,*,#6485,.T.);
#3684=ORIENTED_EDGE('',*,*,#6172,.T.);
#3685=ORIENTED_EDGE('',*,*,#6486,.F.);
#3686=ORIENTED_EDGE('',*,*,#6487,.F.);
#3687=ORIENTED_EDGE('',*,*,#6483,.T.);
#3688=ORIENTED_EDGE('',*,*,#6171,.F.);
#3689=ORIENTED_EDGE('',*,*,#6488,.F.);
#3690=ORIENTED_EDGE('',*,*,#6489,.T.);
#3691=ORIENTED_EDGE('',*,*,#6486,.T.);
#3692=ORIENTED_EDGE('',*,*,#6170,.F.);
#3693=ORIENTED_EDGE('',*,*,#6485,.F.);
#3694=ORIENTED_EDGE('',*,*,#6490,.T.);
#3695=ORIENTED_EDGE('',*,*,#6488,.T.);
#3696=ORIENTED_EDGE('',*,*,#6484,.T.);
#3697=ORIENTED_EDGE('',*,*,#6487,.T.);
#3698=ORIENTED_EDGE('',*,*,#6489,.F.);
#3699=ORIENTED_EDGE('',*,*,#6490,.F.);
#3700=ORIENTED_EDGE('',*,*,#6491,.F.);
#3701=ORIENTED_EDGE('',*,*,#6168,.T.);
#3702=ORIENTED_EDGE('',*,*,#6491,.T.);
#3703=ORIENTED_EDGE('',*,*,#6135,.T.);
#3704=ORIENTED_EDGE('',*,*,#6492,.F.);
#3705=ORIENTED_EDGE('',*,*,#6493,.F.);
#3706=ORIENTED_EDGE('',*,*,#6494,.T.);
#3707=ORIENTED_EDGE('',*,*,#6167,.T.);
#3708=ORIENTED_EDGE('',*,*,#6495,.F.);
#3709=ORIENTED_EDGE('',*,*,#6496,.F.);
#3710=ORIENTED_EDGE('',*,*,#6492,.T.);
#3711=ORIENTED_EDGE('',*,*,#6166,.T.);
#3712=ORIENTED_EDGE('',*,*,#6497,.F.);
#3713=ORIENTED_EDGE('',*,*,#6498,.F.);
#3714=ORIENTED_EDGE('',*,*,#6495,.T.);
#3715=ORIENTED_EDGE('',*,*,#6165,.F.);
#3716=ORIENTED_EDGE('',*,*,#6499,.F.);
#3717=ORIENTED_EDGE('',*,*,#6500,.T.);
#3718=ORIENTED_EDGE('',*,*,#6497,.T.);
#3719=ORIENTED_EDGE('',*,*,#6164,.T.);
#3720=ORIENTED_EDGE('',*,*,#6501,.F.);
#3721=ORIENTED_EDGE('',*,*,#6502,.F.);
#3722=ORIENTED_EDGE('',*,*,#6499,.T.);
#3723=ORIENTED_EDGE('',*,*,#6163,.T.);
#3724=ORIENTED_EDGE('',*,*,#6503,.F.);
#3725=ORIENTED_EDGE('',*,*,#6504,.F.);
#3726=ORIENTED_EDGE('',*,*,#6501,.T.);
#3727=ORIENTED_EDGE('',*,*,#6162,.T.);
#3728=ORIENTED_EDGE('',*,*,#6505,.F.);
#3729=ORIENTED_EDGE('',*,*,#6506,.F.);
#3730=ORIENTED_EDGE('',*,*,#6503,.T.);
#3731=ORIENTED_EDGE('',*,*,#6161,.T.);
#3732=ORIENTED_EDGE('',*,*,#6507,.F.);
#3733=ORIENTED_EDGE('',*,*,#6508,.F.);
#3734=ORIENTED_EDGE('',*,*,#6505,.T.);
#3735=ORIENTED_EDGE('',*,*,#6160,.T.);
#3736=ORIENTED_EDGE('',*,*,#6509,.F.);
#3737=ORIENTED_EDGE('',*,*,#6510,.F.);
#3738=ORIENTED_EDGE('',*,*,#6507,.T.);
#3739=ORIENTED_EDGE('',*,*,#6159,.F.);
#3740=ORIENTED_EDGE('',*,*,#6511,.F.);
#3741=ORIENTED_EDGE('',*,*,#6512,.T.);
#3742=ORIENTED_EDGE('',*,*,#6509,.T.);
#3743=ORIENTED_EDGE('',*,*,#6158,.F.);
#3744=ORIENTED_EDGE('',*,*,#6513,.F.);
#3745=ORIENTED_EDGE('',*,*,#6514,.T.);
#3746=ORIENTED_EDGE('',*,*,#6511,.T.);
#3747=ORIENTED_EDGE('',*,*,#6157,.F.);
#3748=ORIENTED_EDGE('',*,*,#6515,.F.);
#3749=ORIENTED_EDGE('',*,*,#6516,.T.);
#3750=ORIENTED_EDGE('',*,*,#6513,.T.);
#3751=ORIENTED_EDGE('',*,*,#6156,.F.);
#3752=ORIENTED_EDGE('',*,*,#6517,.F.);
#3753=ORIENTED_EDGE('',*,*,#6518,.T.);
#3754=ORIENTED_EDGE('',*,*,#6515,.T.);
#3755=ORIENTED_EDGE('',*,*,#6155,.F.);
#3756=ORIENTED_EDGE('',*,*,#6519,.F.);
#3757=ORIENTED_EDGE('',*,*,#6520,.T.);
#3758=ORIENTED_EDGE('',*,*,#6517,.T.);
#3759=ORIENTED_EDGE('',*,*,#6154,.T.);
#3760=ORIENTED_EDGE('',*,*,#6521,.F.);
#3761=ORIENTED_EDGE('',*,*,#6522,.F.);
#3762=ORIENTED_EDGE('',*,*,#6519,.T.);
#3763=ORIENTED_EDGE('',*,*,#6153,.F.);
#3764=ORIENTED_EDGE('',*,*,#6523,.F.);
#3765=ORIENTED_EDGE('',*,*,#6524,.T.);
#3766=ORIENTED_EDGE('',*,*,#6521,.T.);
#3767=ORIENTED_EDGE('',*,*,#6152,.F.);
#3768=ORIENTED_EDGE('',*,*,#6525,.F.);
#3769=ORIENTED_EDGE('',*,*,#6526,.T.);
#3770=ORIENTED_EDGE('',*,*,#6523,.T.);
#3771=ORIENTED_EDGE('',*,*,#6151,.F.);
#3772=ORIENTED_EDGE('',*,*,#6527,.F.);
#3773=ORIENTED_EDGE('',*,*,#6528,.T.);
#3774=ORIENTED_EDGE('',*,*,#6525,.T.);
#3775=ORIENTED_EDGE('',*,*,#6150,.F.);
#3776=ORIENTED_EDGE('',*,*,#6529,.F.);
#3777=ORIENTED_EDGE('',*,*,#6530,.T.);
#3778=ORIENTED_EDGE('',*,*,#6527,.T.);
#3779=ORIENTED_EDGE('',*,*,#6149,.F.);
#3780=ORIENTED_EDGE('',*,*,#6531,.F.);
#3781=ORIENTED_EDGE('',*,*,#6532,.T.);
#3782=ORIENTED_EDGE('',*,*,#6529,.T.);
#3783=ORIENTED_EDGE('',*,*,#6148,.T.);
#3784=ORIENTED_EDGE('',*,*,#6533,.F.);
#3785=ORIENTED_EDGE('',*,*,#6534,.F.);
#3786=ORIENTED_EDGE('',*,*,#6531,.T.);
#3787=ORIENTED_EDGE('',*,*,#6147,.F.);
#3788=ORIENTED_EDGE('',*,*,#6535,.F.);
#3789=ORIENTED_EDGE('',*,*,#6536,.T.);
#3790=ORIENTED_EDGE('',*,*,#6533,.T.);
#3791=ORIENTED_EDGE('',*,*,#6146,.F.);
#3792=ORIENTED_EDGE('',*,*,#6537,.F.);
#3793=ORIENTED_EDGE('',*,*,#6538,.T.);
#3794=ORIENTED_EDGE('',*,*,#6535,.T.);
#3795=ORIENTED_EDGE('',*,*,#6145,.F.);
#3796=ORIENTED_EDGE('',*,*,#6539,.F.);
#3797=ORIENTED_EDGE('',*,*,#6540,.T.);
#3798=ORIENTED_EDGE('',*,*,#6537,.T.);
#3799=ORIENTED_EDGE('',*,*,#6144,.F.);
#3800=ORIENTED_EDGE('',*,*,#6541,.F.);
#3801=ORIENTED_EDGE('',*,*,#6542,.T.);
#3802=ORIENTED_EDGE('',*,*,#6539,.T.);
#3803=ORIENTED_EDGE('',*,*,#6143,.F.);
#3804=ORIENTED_EDGE('',*,*,#6543,.F.);
#3805=ORIENTED_EDGE('',*,*,#6544,.T.);
#3806=ORIENTED_EDGE('',*,*,#6541,.T.);
#3807=ORIENTED_EDGE('',*,*,#6142,.T.);
#3808=ORIENTED_EDGE('',*,*,#6545,.F.);
#3809=ORIENTED_EDGE('',*,*,#6546,.F.);
#3810=ORIENTED_EDGE('',*,*,#6543,.T.);
#3811=ORIENTED_EDGE('',*,*,#6141,.T.);
#3812=ORIENTED_EDGE('',*,*,#6547,.F.);
#3813=ORIENTED_EDGE('',*,*,#6548,.F.);
#3814=ORIENTED_EDGE('',*,*,#6545,.T.);
#3815=ORIENTED_EDGE('',*,*,#6140,.T.);
#3816=ORIENTED_EDGE('',*,*,#6549,.F.);
#3817=ORIENTED_EDGE('',*,*,#6550,.F.);
#3818=ORIENTED_EDGE('',*,*,#6547,.T.);
#3819=ORIENTED_EDGE('',*,*,#6139,.T.);
#3820=ORIENTED_EDGE('',*,*,#6551,.F.);
#3821=ORIENTED_EDGE('',*,*,#6552,.F.);
#3822=ORIENTED_EDGE('',*,*,#6549,.T.);
#3823=ORIENTED_EDGE('',*,*,#6138,.F.);
#3824=ORIENTED_EDGE('',*,*,#6553,.F.);
#3825=ORIENTED_EDGE('',*,*,#6554,.T.);
#3826=ORIENTED_EDGE('',*,*,#6551,.T.);
#3827=ORIENTED_EDGE('',*,*,#6137,.T.);
#3828=ORIENTED_EDGE('',*,*,#6555,.F.);
#3829=ORIENTED_EDGE('',*,*,#6556,.F.);
#3830=ORIENTED_EDGE('',*,*,#6553,.T.);
#3831=ORIENTED_EDGE('',*,*,#6136,.T.);
#3832=ORIENTED_EDGE('',*,*,#6494,.F.);
#3833=ORIENTED_EDGE('',*,*,#6557,.F.);
#3834=ORIENTED_EDGE('',*,*,#6555,.T.);
#3835=ORIENTED_EDGE('',*,*,#6493,.T.);
#3836=ORIENTED_EDGE('',*,*,#6496,.T.);
#3837=ORIENTED_EDGE('',*,*,#6498,.T.);
#3838=ORIENTED_EDGE('',*,*,#6500,.F.);
#3839=ORIENTED_EDGE('',*,*,#6502,.T.);
#3840=ORIENTED_EDGE('',*,*,#6504,.T.);
#3841=ORIENTED_EDGE('',*,*,#6506,.T.);
#3842=ORIENTED_EDGE('',*,*,#6508,.T.);
#3843=ORIENTED_EDGE('',*,*,#6510,.T.);
#3844=ORIENTED_EDGE('',*,*,#6512,.F.);
#3845=ORIENTED_EDGE('',*,*,#6514,.F.);
#3846=ORIENTED_EDGE('',*,*,#6516,.F.);
#3847=ORIENTED_EDGE('',*,*,#6518,.F.);
#3848=ORIENTED_EDGE('',*,*,#6520,.F.);
#3849=ORIENTED_EDGE('',*,*,#6522,.T.);
#3850=ORIENTED_EDGE('',*,*,#6524,.F.);
#3851=ORIENTED_EDGE('',*,*,#6526,.F.);
#3852=ORIENTED_EDGE('',*,*,#6528,.F.);
#3853=ORIENTED_EDGE('',*,*,#6530,.F.);
#3854=ORIENTED_EDGE('',*,*,#6532,.F.);
#3855=ORIENTED_EDGE('',*,*,#6534,.T.);
#3856=ORIENTED_EDGE('',*,*,#6536,.F.);
#3857=ORIENTED_EDGE('',*,*,#6538,.F.);
#3858=ORIENTED_EDGE('',*,*,#6540,.F.);
#3859=ORIENTED_EDGE('',*,*,#6542,.F.);
#3860=ORIENTED_EDGE('',*,*,#6544,.F.);
#3861=ORIENTED_EDGE('',*,*,#6546,.T.);
#3862=ORIENTED_EDGE('',*,*,#6548,.T.);
#3863=ORIENTED_EDGE('',*,*,#6550,.T.);
#3864=ORIENTED_EDGE('',*,*,#6552,.T.);
#3865=ORIENTED_EDGE('',*,*,#6554,.F.);
#3866=ORIENTED_EDGE('',*,*,#6556,.T.);
#3867=ORIENTED_EDGE('',*,*,#6557,.T.);
#3868=ORIENTED_EDGE('',*,*,#6558,.F.);
#3869=ORIENTED_EDGE('',*,*,#6134,.T.);
#3870=ORIENTED_EDGE('',*,*,#6558,.T.);
#3871=ORIENTED_EDGE('',*,*,#6559,.F.);
#3872=ORIENTED_EDGE('',*,*,#6133,.T.);
#3873=ORIENTED_EDGE('',*,*,#6559,.T.);
#3874=ORIENTED_EDGE('',*,*,#6129,.T.);
#3875=ORIENTED_EDGE('',*,*,#6560,.F.);
#3876=ORIENTED_EDGE('',*,*,#6561,.F.);
#3877=ORIENTED_EDGE('',*,*,#6562,.T.);
#3878=ORIENTED_EDGE('',*,*,#6132,.T.);
#3879=ORIENTED_EDGE('',*,*,#6563,.F.);
#3880=ORIENTED_EDGE('',*,*,#6564,.F.);
#3881=ORIENTED_EDGE('',*,*,#6560,.T.);
#3882=ORIENTED_EDGE('',*,*,#6131,.F.);
#3883=ORIENTED_EDGE('',*,*,#6565,.F.);
#3884=ORIENTED_EDGE('',*,*,#6566,.T.);
#3885=ORIENTED_EDGE('',*,*,#6563,.T.);
#3886=ORIENTED_EDGE('',*,*,#6130,.F.);
#3887=ORIENTED_EDGE('',*,*,#6562,.F.);
#3888=ORIENTED_EDGE('',*,*,#6567,.T.);
#3889=ORIENTED_EDGE('',*,*,#6565,.T.);
#3890=ORIENTED_EDGE('',*,*,#6561,.T.);
#3891=ORIENTED_EDGE('',*,*,#6564,.T.);
#3892=ORIENTED_EDGE('',*,*,#6566,.F.);
#3893=ORIENTED_EDGE('',*,*,#6567,.F.);
#3894=ORIENTED_EDGE('',*,*,#6125,.T.);
#3895=ORIENTED_EDGE('',*,*,#6568,.F.);
#3896=ORIENTED_EDGE('',*,*,#6569,.F.);
#3897=ORIENTED_EDGE('',*,*,#6570,.T.);
#3898=ORIENTED_EDGE('',*,*,#6128,.T.);
#3899=ORIENTED_EDGE('',*,*,#6571,.F.);
#3900=ORIENTED_EDGE('',*,*,#6572,.F.);
#3901=ORIENTED_EDGE('',*,*,#6568,.T.);
#3902=ORIENTED_EDGE('',*,*,#6127,.F.);
#3903=ORIENTED_EDGE('',*,*,#6573,.F.);
#3904=ORIENTED_EDGE('',*,*,#6574,.T.);
#3905=ORIENTED_EDGE('',*,*,#6571,.T.);
#3906=ORIENTED_EDGE('',*,*,#6126,.F.);
#3907=ORIENTED_EDGE('',*,*,#6570,.F.);
#3908=ORIENTED_EDGE('',*,*,#6575,.T.);
#3909=ORIENTED_EDGE('',*,*,#6573,.T.);
#3910=ORIENTED_EDGE('',*,*,#6569,.T.);
#3911=ORIENTED_EDGE('',*,*,#6572,.T.);
#3912=ORIENTED_EDGE('',*,*,#6574,.F.);
#3913=ORIENTED_EDGE('',*,*,#6575,.F.);
#3914=ORIENTED_EDGE('',*,*,#6186,.F.);
#3915=ORIENTED_EDGE('',*,*,#6576,.F.);
#3916=ORIENTED_EDGE('',*,*,#6577,.T.);
#3917=ORIENTED_EDGE('',*,*,#6578,.T.);
#3918=ORIENTED_EDGE('',*,*,#6185,.T.);
#3919=ORIENTED_EDGE('',*,*,#6579,.F.);
#3920=ORIENTED_EDGE('',*,*,#6580,.F.);
#3921=ORIENTED_EDGE('',*,*,#6576,.T.);
#3922=ORIENTED_EDGE('',*,*,#6188,.T.);
#3923=ORIENTED_EDGE('',*,*,#6581,.F.);
#3924=ORIENTED_EDGE('',*,*,#6582,.F.);
#3925=ORIENTED_EDGE('',*,*,#6579,.T.);
#3926=ORIENTED_EDGE('',*,*,#6187,.F.);
#3927=ORIENTED_EDGE('',*,*,#6578,.F.);
#3928=ORIENTED_EDGE('',*,*,#6583,.T.);
#3929=ORIENTED_EDGE('',*,*,#6581,.T.);
#3930=ORIENTED_EDGE('',*,*,#6577,.F.);
#3931=ORIENTED_EDGE('',*,*,#6580,.T.);
#3932=ORIENTED_EDGE('',*,*,#6582,.T.);
#3933=ORIENTED_EDGE('',*,*,#6583,.F.);
#3934=ORIENTED_EDGE('',*,*,#6121,.T.);
#3935=ORIENTED_EDGE('',*,*,#6584,.F.);
#3936=ORIENTED_EDGE('',*,*,#6585,.F.);
#3937=ORIENTED_EDGE('',*,*,#6586,.T.);
#3938=ORIENTED_EDGE('',*,*,#6124,.T.);
#3939=ORIENTED_EDGE('',*,*,#6587,.F.);
#3940=ORIENTED_EDGE('',*,*,#6588,.F.);
#3941=ORIENTED_EDGE('',*,*,#6584,.T.);
#3942=ORIENTED_EDGE('',*,*,#6123,.T.);
#3943=ORIENTED_EDGE('',*,*,#6589,.F.);
#3944=ORIENTED_EDGE('',*,*,#6590,.F.);
#3945=ORIENTED_EDGE('',*,*,#6587,.T.);
#3946=ORIENTED_EDGE('',*,*,#6591,.T.);
#3947=ORIENTED_EDGE('',*,*,#6592,.F.);
#3948=ORIENTED_EDGE('',*,*,#6593,.F.);
#3949=ORIENTED_EDGE('',*,*,#6594,.T.);
#3950=ORIENTED_EDGE('',*,*,#6595,.T.);
#3951=ORIENTED_EDGE('',*,*,#6596,.F.);
#3952=ORIENTED_EDGE('',*,*,#6597,.F.);
#3953=ORIENTED_EDGE('',*,*,#6592,.T.);
#3954=ORIENTED_EDGE('',*,*,#6598,.T.);
#3955=ORIENTED_EDGE('',*,*,#6599,.F.);
#3956=ORIENTED_EDGE('',*,*,#6600,.F.);
#3957=ORIENTED_EDGE('',*,*,#6596,.T.);
#3958=ORIENTED_EDGE('',*,*,#6601,.T.);
#3959=ORIENTED_EDGE('',*,*,#6594,.F.);
#3960=ORIENTED_EDGE('',*,*,#6602,.F.);
#3961=ORIENTED_EDGE('',*,*,#6599,.T.);
#3962=ORIENTED_EDGE('',*,*,#6122,.T.);
#3963=ORIENTED_EDGE('',*,*,#6586,.F.);
#3964=ORIENTED_EDGE('',*,*,#6603,.F.);
#3965=ORIENTED_EDGE('',*,*,#6589,.T.);
#3966=ORIENTED_EDGE('',*,*,#6593,.T.);
#3967=ORIENTED_EDGE('',*,*,#6597,.T.);
#3968=ORIENTED_EDGE('',*,*,#6600,.T.);
#3969=ORIENTED_EDGE('',*,*,#6602,.T.);
#3970=ORIENTED_EDGE('',*,*,#6585,.T.);
#3971=ORIENTED_EDGE('',*,*,#6588,.T.);
#3972=ORIENTED_EDGE('',*,*,#6590,.T.);
#3973=ORIENTED_EDGE('',*,*,#6603,.T.);
#3974=ORIENTED_EDGE('',*,*,#6591,.F.);
#3975=ORIENTED_EDGE('',*,*,#6601,.F.);
#3976=ORIENTED_EDGE('',*,*,#6598,.F.);
#3977=ORIENTED_EDGE('',*,*,#6595,.F.);
#3978=ORIENTED_EDGE('',*,*,#6604,.F.);
#3979=ORIENTED_EDGE('',*,*,#6481,.T.);
#3980=ORIENTED_EDGE('',*,*,#6605,.F.);
#3981=ORIENTED_EDGE('',*,*,#6604,.T.);
#3982=ORIENTED_EDGE('',*,*,#6605,.T.);
#3983=ORIENTED_EDGE('',*,*,#5919,.T.);
#3984=ORIENTED_EDGE('',*,*,#6606,.F.);
#3985=ORIENTED_EDGE('',*,*,#6607,.F.);
#3986=ORIENTED_EDGE('',*,*,#6608,.T.);
#3987=ORIENTED_EDGE('',*,*,#5920,.T.);
#3988=ORIENTED_EDGE('',*,*,#6608,.F.);
#3989=ORIENTED_EDGE('',*,*,#6609,.F.);
#3990=ORIENTED_EDGE('',*,*,#6610,.T.);
#3991=ORIENTED_EDGE('',*,*,#6267,.T.);
#3992=ORIENTED_EDGE('',*,*,#6611,.T.);
#3993=ORIENTED_EDGE('',*,*,#6612,.T.);
#3994=ORIENTED_EDGE('',*,*,#6613,.T.);
#3995=ORIENTED_EDGE('',*,*,#6614,.T.);
#3996=ORIENTED_EDGE('',*,*,#6615,.T.);
#3997=ORIENTED_EDGE('',*,*,#6616,.T.);
#3998=ORIENTED_EDGE('',*,*,#6617,.T.);
#3999=ORIENTED_EDGE('',*,*,#6618,.T.);
#4000=ORIENTED_EDGE('',*,*,#6619,.T.);
#4001=ORIENTED_EDGE('',*,*,#6620,.T.);
#4002=ORIENTED_EDGE('',*,*,#6621,.T.);
#4003=ORIENTED_EDGE('',*,*,#6622,.T.);
#4004=ORIENTED_EDGE('',*,*,#6623,.T.);
#4005=ORIENTED_EDGE('',*,*,#6609,.T.);
#4006=ORIENTED_EDGE('',*,*,#6607,.T.);
#4007=ORIENTED_EDGE('',*,*,#6624,.T.);
#4008=ORIENTED_EDGE('',*,*,#6625,.T.);
#4009=ORIENTED_EDGE('',*,*,#6626,.T.);
#4010=ORIENTED_EDGE('',*,*,#6627,.T.);
#4011=ORIENTED_EDGE('',*,*,#6628,.T.);
#4012=ORIENTED_EDGE('',*,*,#6629,.T.);
#4013=ORIENTED_EDGE('',*,*,#6630,.T.);
#4014=ORIENTED_EDGE('',*,*,#6631,.T.);
#4015=ORIENTED_EDGE('',*,*,#6632,.T.);
#4016=ORIENTED_EDGE('',*,*,#6632,.F.);
#4017=ORIENTED_EDGE('',*,*,#6633,.T.);
#4018=ORIENTED_EDGE('',*,*,#5910,.T.);
#4019=ORIENTED_EDGE('',*,*,#6268,.F.);
#4020=ORIENTED_EDGE('',*,*,#5933,.T.);
#4021=ORIENTED_EDGE('',*,*,#6634,.F.);
#4022=ORIENTED_EDGE('',*,*,#6611,.F.);
#4023=ORIENTED_EDGE('',*,*,#6266,.F.);
#4024=ORIENTED_EDGE('',*,*,#5911,.T.);
#4025=ORIENTED_EDGE('',*,*,#6633,.F.);
#4026=ORIENTED_EDGE('',*,*,#6631,.F.);
#4027=ORIENTED_EDGE('',*,*,#6635,.T.);
#4028=ORIENTED_EDGE('',*,*,#5912,.T.);
#4029=ORIENTED_EDGE('',*,*,#6635,.F.);
#4030=ORIENTED_EDGE('',*,*,#6630,.F.);
#4031=ORIENTED_EDGE('',*,*,#6636,.T.);
#4032=ORIENTED_EDGE('',*,*,#5913,.T.);
#4033=ORIENTED_EDGE('',*,*,#6636,.F.);
#4034=ORIENTED_EDGE('',*,*,#6629,.F.);
#4035=ORIENTED_EDGE('',*,*,#6637,.T.);
#4036=ORIENTED_EDGE('',*,*,#5914,.T.);
#4037=ORIENTED_EDGE('',*,*,#6637,.F.);
#4038=ORIENTED_EDGE('',*,*,#6628,.F.);
#4039=ORIENTED_EDGE('',*,*,#6638,.T.);
#4040=ORIENTED_EDGE('',*,*,#5915,.T.);
#4041=ORIENTED_EDGE('',*,*,#6638,.F.);
#4042=ORIENTED_EDGE('',*,*,#6627,.F.);
#4043=ORIENTED_EDGE('',*,*,#6639,.T.);
#4044=ORIENTED_EDGE('',*,*,#5916,.T.);
#4045=ORIENTED_EDGE('',*,*,#6639,.F.);
#4046=ORIENTED_EDGE('',*,*,#6626,.F.);
#4047=ORIENTED_EDGE('',*,*,#6640,.T.);
#4048=ORIENTED_EDGE('',*,*,#5917,.T.);
#4049=ORIENTED_EDGE('',*,*,#6640,.F.);
#4050=ORIENTED_EDGE('',*,*,#6625,.F.);
#4051=ORIENTED_EDGE('',*,*,#6641,.T.);
#4052=ORIENTED_EDGE('',*,*,#5918,.T.);
#4053=ORIENTED_EDGE('',*,*,#6641,.F.);
#4054=ORIENTED_EDGE('',*,*,#6624,.F.);
#4055=ORIENTED_EDGE('',*,*,#6606,.T.);
#4056=ORIENTED_EDGE('',*,*,#5921,.T.);
#4057=ORIENTED_EDGE('',*,*,#6610,.F.);
#4058=ORIENTED_EDGE('',*,*,#6623,.F.);
#4059=ORIENTED_EDGE('',*,*,#6642,.T.);
#4060=ORIENTED_EDGE('',*,*,#5922,.T.);
#4061=ORIENTED_EDGE('',*,*,#6642,.F.);
#4062=ORIENTED_EDGE('',*,*,#6622,.F.);
#4063=ORIENTED_EDGE('',*,*,#6643,.T.);
#4064=ORIENTED_EDGE('',*,*,#5923,.T.);
#4065=ORIENTED_EDGE('',*,*,#6643,.F.);
#4066=ORIENTED_EDGE('',*,*,#6621,.F.);
#4067=ORIENTED_EDGE('',*,*,#6644,.T.);
#4068=ORIENTED_EDGE('',*,*,#5924,.T.);
#4069=ORIENTED_EDGE('',*,*,#6644,.F.);
#4070=ORIENTED_EDGE('',*,*,#6620,.F.);
#4071=ORIENTED_EDGE('',*,*,#6645,.T.);
#4072=ORIENTED_EDGE('',*,*,#5925,.T.);
#4073=ORIENTED_EDGE('',*,*,#6645,.F.);
#4074=ORIENTED_EDGE('',*,*,#6619,.F.);
#4075=ORIENTED_EDGE('',*,*,#6646,.T.);
#4076=ORIENTED_EDGE('',*,*,#5926,.T.);
#4077=ORIENTED_EDGE('',*,*,#6646,.F.);
#4078=ORIENTED_EDGE('',*,*,#6618,.F.);
#4079=ORIENTED_EDGE('',*,*,#6647,.T.);
#4080=ORIENTED_EDGE('',*,*,#5927,.T.);
#4081=ORIENTED_EDGE('',*,*,#6647,.F.);
#4082=ORIENTED_EDGE('',*,*,#6617,.F.);
#4083=ORIENTED_EDGE('',*,*,#6648,.T.);
#4084=ORIENTED_EDGE('',*,*,#5928,.T.);
#4085=ORIENTED_EDGE('',*,*,#6648,.F.);
#4086=ORIENTED_EDGE('',*,*,#6616,.F.);
#4087=ORIENTED_EDGE('',*,*,#6649,.T.);
#4088=ORIENTED_EDGE('',*,*,#5929,.T.);
#4089=ORIENTED_EDGE('',*,*,#6649,.F.);
#4090=ORIENTED_EDGE('',*,*,#6615,.F.);
#4091=ORIENTED_EDGE('',*,*,#6650,.T.);
#4092=ORIENTED_EDGE('',*,*,#5930,.T.);
#4093=ORIENTED_EDGE('',*,*,#6650,.F.);
#4094=ORIENTED_EDGE('',*,*,#6614,.F.);
#4095=ORIENTED_EDGE('',*,*,#6651,.T.);
#4096=ORIENTED_EDGE('',*,*,#5931,.T.);
#4097=ORIENTED_EDGE('',*,*,#6651,.F.);
#4098=ORIENTED_EDGE('',*,*,#6613,.F.);
#4099=ORIENTED_EDGE('',*,*,#6652,.T.);
#4100=ORIENTED_EDGE('',*,*,#5932,.T.);
#4101=ORIENTED_EDGE('',*,*,#6652,.F.);
#4102=ORIENTED_EDGE('',*,*,#6612,.F.);
#4103=ORIENTED_EDGE('',*,*,#6634,.T.);
#4104=ORIENTED_EDGE('',*,*,#6270,.T.);
#4105=ORIENTED_EDGE('',*,*,#6653,.T.);
#4106=ORIENTED_EDGE('',*,*,#6654,.T.);
#4107=ORIENTED_EDGE('',*,*,#6655,.T.);
#4108=ORIENTED_EDGE('',*,*,#6655,.F.);
#4109=ORIENTED_EDGE('',*,*,#6656,.T.);
#4110=ORIENTED_EDGE('',*,*,#5906,.T.);
#4111=ORIENTED_EDGE('',*,*,#6271,.F.);
#4112=ORIENTED_EDGE('',*,*,#5908,.T.);
#4113=ORIENTED_EDGE('',*,*,#6657,.F.);
#4114=ORIENTED_EDGE('',*,*,#6653,.F.);
#4115=ORIENTED_EDGE('',*,*,#6269,.F.);
#4116=ORIENTED_EDGE('',*,*,#5907,.T.);
#4117=ORIENTED_EDGE('',*,*,#6656,.F.);
#4118=ORIENTED_EDGE('',*,*,#6654,.F.);
#4119=ORIENTED_EDGE('',*,*,#6657,.T.);
#4120=ORIENTED_EDGE('',*,*,#6264,.T.);
#4121=ORIENTED_EDGE('',*,*,#6658,.T.);
#4122=ORIENTED_EDGE('',*,*,#6659,.T.);
#4123=ORIENTED_EDGE('',*,*,#6660,.T.);
#4124=ORIENTED_EDGE('',*,*,#6661,.T.);
#4125=ORIENTED_EDGE('',*,*,#6662,.T.);
#4126=ORIENTED_EDGE('',*,*,#6663,.T.);
#4127=ORIENTED_EDGE('',*,*,#6664,.T.);
#4128=ORIENTED_EDGE('',*,*,#6665,.T.);
#4129=ORIENTED_EDGE('',*,*,#6666,.T.);
#4130=ORIENTED_EDGE('',*,*,#6667,.T.);
#4131=ORIENTED_EDGE('',*,*,#6668,.T.);
#4132=ORIENTED_EDGE('',*,*,#6669,.T.);
#4133=ORIENTED_EDGE('',*,*,#6670,.T.);
#4134=ORIENTED_EDGE('',*,*,#6261,.T.);
#4135=ORIENTED_EDGE('',*,*,#6671,.T.);
#4136=ORIENTED_EDGE('',*,*,#6672,.T.);
#4137=ORIENTED_EDGE('',*,*,#6673,.T.);
#4138=ORIENTED_EDGE('',*,*,#6674,.T.);
#4139=ORIENTED_EDGE('',*,*,#6675,.T.);
#4140=ORIENTED_EDGE('',*,*,#6676,.T.);
#4141=ORIENTED_EDGE('',*,*,#6677,.T.);
#4142=ORIENTED_EDGE('',*,*,#6678,.T.);
#4143=ORIENTED_EDGE('',*,*,#6679,.T.);
#4144=ORIENTED_EDGE('',*,*,#6680,.T.);
#4145=ORIENTED_EDGE('',*,*,#6681,.T.);
#4146=ORIENTED_EDGE('',*,*,#6682,.T.);
#4147=ORIENTED_EDGE('',*,*,#6683,.T.);
#4148=ORIENTED_EDGE('',*,*,#6684,.T.);
#4149=ORIENTED_EDGE('',*,*,#6685,.T.);
#4150=ORIENTED_EDGE('',*,*,#6686,.T.);
#4151=ORIENTED_EDGE('',*,*,#6687,.T.);
#4152=ORIENTED_EDGE('',*,*,#6688,.T.);
#4153=ORIENTED_EDGE('',*,*,#6689,.T.);
#4154=ORIENTED_EDGE('',*,*,#6689,.F.);
#4155=ORIENTED_EDGE('',*,*,#6690,.T.);
#4156=ORIENTED_EDGE('',*,*,#5935,.T.);
#4157=ORIENTED_EDGE('',*,*,#6265,.F.);
#4158=ORIENTED_EDGE('',*,*,#5953,.T.);
#4159=ORIENTED_EDGE('',*,*,#6691,.F.);
#4160=ORIENTED_EDGE('',*,*,#6671,.F.);
#4161=ORIENTED_EDGE('',*,*,#6260,.F.);
#4162=ORIENTED_EDGE('',*,*,#6107,.T.);
#4163=ORIENTED_EDGE('',*,*,#6692,.F.);
#4164=ORIENTED_EDGE('',*,*,#6658,.F.);
#4165=ORIENTED_EDGE('',*,*,#6263,.F.);
#4166=ORIENTED_EDGE('',*,*,#6670,.F.);
#4167=ORIENTED_EDGE('',*,*,#6693,.T.);
#4168=ORIENTED_EDGE('',*,*,#6109,.T.);
#4169=ORIENTED_EDGE('',*,*,#6262,.F.);
#4170=ORIENTED_EDGE('',*,*,#5936,.T.);
#4171=ORIENTED_EDGE('',*,*,#6690,.F.);
#4172=ORIENTED_EDGE('',*,*,#6688,.F.);
#4173=ORIENTED_EDGE('',*,*,#6694,.T.);
#4174=ORIENTED_EDGE('',*,*,#5952,.T.);
#4175=ORIENTED_EDGE('',*,*,#6695,.F.);
#4176=ORIENTED_EDGE('',*,*,#6672,.F.);
#4177=ORIENTED_EDGE('',*,*,#6691,.T.);
#4178=ORIENTED_EDGE('',*,*,#5951,.T.);
#4179=ORIENTED_EDGE('',*,*,#6696,.F.);
#4180=ORIENTED_EDGE('',*,*,#6673,.F.);
#4181=ORIENTED_EDGE('',*,*,#6695,.T.);
#4182=ORIENTED_EDGE('',*,*,#5950,.T.);
#4183=ORIENTED_EDGE('',*,*,#6697,.F.);
#4184=ORIENTED_EDGE('',*,*,#6674,.F.);
#4185=ORIENTED_EDGE('',*,*,#6696,.T.);
#4186=ORIENTED_EDGE('',*,*,#5949,.T.);
#4187=ORIENTED_EDGE('',*,*,#6698,.F.);
#4188=ORIENTED_EDGE('',*,*,#6675,.F.);
#4189=ORIENTED_EDGE('',*,*,#6697,.T.);
#4190=ORIENTED_EDGE('',*,*,#5948,.T.);
#4191=ORIENTED_EDGE('',*,*,#6699,.F.);
#4192=ORIENTED_EDGE('',*,*,#6676,.F.);
#4193=ORIENTED_EDGE('',*,*,#6698,.T.);
#4194=ORIENTED_EDGE('',*,*,#5947,.T.);
#4195=ORIENTED_EDGE('',*,*,#6700,.F.);
#4196=ORIENTED_EDGE('',*,*,#6677,.F.);
#4197=ORIENTED_EDGE('',*,*,#6699,.T.);
#4198=ORIENTED_EDGE('',*,*,#5946,.T.);
#4199=ORIENTED_EDGE('',*,*,#6701,.F.);
#4200=ORIENTED_EDGE('',*,*,#6678,.F.);
#4201=ORIENTED_EDGE('',*,*,#6700,.T.);
#4202=ORIENTED_EDGE('',*,*,#5945,.T.);
#4203=ORIENTED_EDGE('',*,*,#6702,.F.);
#4204=ORIENTED_EDGE('',*,*,#6679,.F.);
#4205=ORIENTED_EDGE('',*,*,#6701,.T.);
#4206=ORIENTED_EDGE('',*,*,#5944,.T.);
#4207=ORIENTED_EDGE('',*,*,#6703,.F.);
#4208=ORIENTED_EDGE('',*,*,#6680,.F.);
#4209=ORIENTED_EDGE('',*,*,#6702,.T.);
#4210=ORIENTED_EDGE('',*,*,#5943,.T.);
#4211=ORIENTED_EDGE('',*,*,#6704,.F.);
#4212=ORIENTED_EDGE('',*,*,#6681,.F.);
#4213=ORIENTED_EDGE('',*,*,#6703,.T.);
#4214=ORIENTED_EDGE('',*,*,#5942,.T.);
#4215=ORIENTED_EDGE('',*,*,#6705,.F.);
#4216=ORIENTED_EDGE('',*,*,#6682,.F.);
#4217=ORIENTED_EDGE('',*,*,#6704,.T.);
#4218=ORIENTED_EDGE('',*,*,#5941,.T.);
#4219=ORIENTED_EDGE('',*,*,#6706,.F.);
#4220=ORIENTED_EDGE('',*,*,#6683,.F.);
#4221=ORIENTED_EDGE('',*,*,#6705,.T.);
#4222=ORIENTED_EDGE('',*,*,#5940,.T.);
#4223=ORIENTED_EDGE('',*,*,#6707,.F.);
#4224=ORIENTED_EDGE('',*,*,#6684,.F.);
#4225=ORIENTED_EDGE('',*,*,#6706,.T.);
#4226=ORIENTED_EDGE('',*,*,#5939,.T.);
#4227=ORIENTED_EDGE('',*,*,#6708,.F.);
#4228=ORIENTED_EDGE('',*,*,#6685,.F.);
#4229=ORIENTED_EDGE('',*,*,#6707,.T.);
#4230=ORIENTED_EDGE('',*,*,#5938,.T.);
#4231=ORIENTED_EDGE('',*,*,#6709,.F.);
#4232=ORIENTED_EDGE('',*,*,#6686,.F.);
#4233=ORIENTED_EDGE('',*,*,#6708,.T.);
#4234=ORIENTED_EDGE('',*,*,#6120,.T.);
#4235=ORIENTED_EDGE('',*,*,#6710,.F.);
#4236=ORIENTED_EDGE('',*,*,#6659,.F.);
#4237=ORIENTED_EDGE('',*,*,#6692,.T.);
#4238=ORIENTED_EDGE('',*,*,#6119,.T.);
#4239=ORIENTED_EDGE('',*,*,#6711,.F.);
#4240=ORIENTED_EDGE('',*,*,#6660,.F.);
#4241=ORIENTED_EDGE('',*,*,#6710,.T.);
#4242=ORIENTED_EDGE('',*,*,#6118,.T.);
#4243=ORIENTED_EDGE('',*,*,#6712,.F.);
#4244=ORIENTED_EDGE('',*,*,#6661,.F.);
#4245=ORIENTED_EDGE('',*,*,#6711,.T.);
#4246=ORIENTED_EDGE('',*,*,#6117,.T.);
#4247=ORIENTED_EDGE('',*,*,#6713,.F.);
#4248=ORIENTED_EDGE('',*,*,#6662,.F.);
#4249=ORIENTED_EDGE('',*,*,#6712,.T.);
#4250=ORIENTED_EDGE('',*,*,#6116,.T.);
#4251=ORIENTED_EDGE('',*,*,#6714,.F.);
#4252=ORIENTED_EDGE('',*,*,#6663,.F.);
#4253=ORIENTED_EDGE('',*,*,#6713,.T.);
#4254=ORIENTED_EDGE('',*,*,#6115,.T.);
#4255=ORIENTED_EDGE('',*,*,#6715,.F.);
#4256=ORIENTED_EDGE('',*,*,#6664,.F.);
#4257=ORIENTED_EDGE('',*,*,#6714,.T.);
#4258=ORIENTED_EDGE('',*,*,#6114,.T.);
#4259=ORIENTED_EDGE('',*,*,#6716,.F.);
#4260=ORIENTED_EDGE('',*,*,#6665,.F.);
#4261=ORIENTED_EDGE('',*,*,#6715,.T.);
#4262=ORIENTED_EDGE('',*,*,#6113,.T.);
#4263=ORIENTED_EDGE('',*,*,#6717,.F.);
#4264=ORIENTED_EDGE('',*,*,#6666,.F.);
#4265=ORIENTED_EDGE('',*,*,#6716,.T.);
#4266=ORIENTED_EDGE('',*,*,#6112,.T.);
#4267=ORIENTED_EDGE('',*,*,#6718,.F.);
#4268=ORIENTED_EDGE('',*,*,#6667,.F.);
#4269=ORIENTED_EDGE('',*,*,#6717,.T.);
#4270=ORIENTED_EDGE('',*,*,#6111,.T.);
#4271=ORIENTED_EDGE('',*,*,#6719,.F.);
#4272=ORIENTED_EDGE('',*,*,#6668,.F.);
#4273=ORIENTED_EDGE('',*,*,#6718,.T.);
#4274=ORIENTED_EDGE('',*,*,#6110,.T.);
#4275=ORIENTED_EDGE('',*,*,#6693,.F.);
#4276=ORIENTED_EDGE('',*,*,#6669,.F.);
#4277=ORIENTED_EDGE('',*,*,#6719,.T.);
#4278=ORIENTED_EDGE('',*,*,#5937,.T.);
#4279=ORIENTED_EDGE('',*,*,#6694,.F.);
#4280=ORIENTED_EDGE('',*,*,#6687,.F.);
#4281=ORIENTED_EDGE('',*,*,#6709,.T.);
#4282=ORIENTED_EDGE('',*,*,#6258,.T.);
#4283=ORIENTED_EDGE('',*,*,#6720,.T.);
#4284=ORIENTED_EDGE('',*,*,#6721,.T.);
#4285=ORIENTED_EDGE('',*,*,#6722,.T.);
#4286=ORIENTED_EDGE('',*,*,#6722,.F.);
#4287=ORIENTED_EDGE('',*,*,#6723,.T.);
#4288=ORIENTED_EDGE('',*,*,#5955,.T.);
#4289=ORIENTED_EDGE('',*,*,#6259,.F.);
#4290=ORIENTED_EDGE('',*,*,#5957,.T.);
#4291=ORIENTED_EDGE('',*,*,#6724,.F.);
#4292=ORIENTED_EDGE('',*,*,#6720,.F.);
#4293=ORIENTED_EDGE('',*,*,#6257,.F.);
#4294=ORIENTED_EDGE('',*,*,#5956,.T.);
#4295=ORIENTED_EDGE('',*,*,#6723,.F.);
#4296=ORIENTED_EDGE('',*,*,#6721,.F.);
#4297=ORIENTED_EDGE('',*,*,#6724,.T.);
#4298=ORIENTED_EDGE('',*,*,#6249,.T.);
#4299=ORIENTED_EDGE('',*,*,#6725,.T.);
#4300=ORIENTED_EDGE('',*,*,#6726,.T.);
#4301=ORIENTED_EDGE('',*,*,#6727,.T.);
#4302=ORIENTED_EDGE('',*,*,#6728,.T.);
#4303=ORIENTED_EDGE('',*,*,#6729,.T.);
#4304=ORIENTED_EDGE('',*,*,#6730,.T.);
#4305=ORIENTED_EDGE('',*,*,#6731,.T.);
#4306=ORIENTED_EDGE('',*,*,#6732,.T.);
#4307=ORIENTED_EDGE('',*,*,#6733,.T.);
#4308=ORIENTED_EDGE('',*,*,#6734,.T.);
#4309=ORIENTED_EDGE('',*,*,#6735,.T.);
#4310=ORIENTED_EDGE('',*,*,#6736,.T.);
#4311=ORIENTED_EDGE('',*,*,#6737,.T.);
#4312=ORIENTED_EDGE('',*,*,#6738,.T.);
#4313=ORIENTED_EDGE('',*,*,#6739,.T.);
#4314=ORIENTED_EDGE('',*,*,#6740,.T.);
#4315=ORIENTED_EDGE('',*,*,#6246,.T.);
#4316=ORIENTED_EDGE('',*,*,#6741,.T.);
#4317=ORIENTED_EDGE('',*,*,#6742,.T.);
#4318=ORIENTED_EDGE('',*,*,#6743,.T.);
#4319=ORIENTED_EDGE('',*,*,#6744,.T.);
#4320=ORIENTED_EDGE('',*,*,#6745,.T.);
#4321=ORIENTED_EDGE('',*,*,#6746,.T.);
#4322=ORIENTED_EDGE('',*,*,#6747,.T.);
#4323=ORIENTED_EDGE('',*,*,#6748,.T.);
#4324=ORIENTED_EDGE('',*,*,#6749,.T.);
#4325=ORIENTED_EDGE('',*,*,#6750,.T.);
#4326=ORIENTED_EDGE('',*,*,#6751,.T.);
#4327=ORIENTED_EDGE('',*,*,#6752,.T.);
#4328=ORIENTED_EDGE('',*,*,#6753,.T.);
#4329=ORIENTED_EDGE('',*,*,#6754,.T.);
#4330=ORIENTED_EDGE('',*,*,#6755,.T.);
#4331=ORIENTED_EDGE('',*,*,#6756,.T.);
#4332=ORIENTED_EDGE('',*,*,#6757,.T.);
#4333=ORIENTED_EDGE('',*,*,#6758,.T.);
#4334=ORIENTED_EDGE('',*,*,#6759,.T.);
#4335=ORIENTED_EDGE('',*,*,#6760,.T.);
#4336=ORIENTED_EDGE('',*,*,#6761,.T.);
#4337=ORIENTED_EDGE('',*,*,#6762,.T.);
#4338=ORIENTED_EDGE('',*,*,#6762,.F.);
#4339=ORIENTED_EDGE('',*,*,#6763,.T.);
#4340=ORIENTED_EDGE('',*,*,#5974,.T.);
#4341=ORIENTED_EDGE('',*,*,#6250,.F.);
#4342=ORIENTED_EDGE('',*,*,#6070,.T.);
#4343=ORIENTED_EDGE('',*,*,#6764,.F.);
#4344=ORIENTED_EDGE('',*,*,#6725,.F.);
#4345=ORIENTED_EDGE('',*,*,#6248,.F.);
#4346=ORIENTED_EDGE('',*,*,#6740,.F.);
#4347=ORIENTED_EDGE('',*,*,#6765,.T.);
#4348=ORIENTED_EDGE('',*,*,#6072,.T.);
#4349=ORIENTED_EDGE('',*,*,#6247,.F.);
#4350=ORIENTED_EDGE('',*,*,#5995,.T.);
#4351=ORIENTED_EDGE('',*,*,#6766,.F.);
#4352=ORIENTED_EDGE('',*,*,#6741,.F.);
#4353=ORIENTED_EDGE('',*,*,#6245,.F.);
#4354=ORIENTED_EDGE('',*,*,#6086,.T.);
#4355=ORIENTED_EDGE('',*,*,#6767,.F.);
#4356=ORIENTED_EDGE('',*,*,#6726,.F.);
#4357=ORIENTED_EDGE('',*,*,#6764,.T.);
#4358=ORIENTED_EDGE('',*,*,#6085,.T.);
#4359=ORIENTED_EDGE('',*,*,#6768,.F.);
#4360=ORIENTED_EDGE('',*,*,#6727,.F.);
#4361=ORIENTED_EDGE('',*,*,#6767,.T.);
#4362=ORIENTED_EDGE('',*,*,#6084,.T.);
#4363=ORIENTED_EDGE('',*,*,#6769,.F.);
#4364=ORIENTED_EDGE('',*,*,#6728,.F.);
#4365=ORIENTED_EDGE('',*,*,#6768,.T.);
#4366=ORIENTED_EDGE('',*,*,#6083,.T.);
#4367=ORIENTED_EDGE('',*,*,#6770,.F.);
#4368=ORIENTED_EDGE('',*,*,#6729,.F.);
#4369=ORIENTED_EDGE('',*,*,#6769,.T.);
#4370=ORIENTED_EDGE('',*,*,#6082,.T.);
#4371=ORIENTED_EDGE('',*,*,#6771,.F.);
#4372=ORIENTED_EDGE('',*,*,#6730,.F.);
#4373=ORIENTED_EDGE('',*,*,#6770,.T.);
#4374=ORIENTED_EDGE('',*,*,#6081,.T.);
#4375=ORIENTED_EDGE('',*,*,#6772,.F.);
#4376=ORIENTED_EDGE('',*,*,#6731,.F.);
#4377=ORIENTED_EDGE('',*,*,#6771,.T.);
#4378=ORIENTED_EDGE('',*,*,#6080,.T.);
#4379=ORIENTED_EDGE('',*,*,#6773,.F.);
#4380=ORIENTED_EDGE('',*,*,#6732,.F.);
#4381=ORIENTED_EDGE('',*,*,#6772,.T.);
#4382=ORIENTED_EDGE('',*,*,#6079,.T.);
#4383=ORIENTED_EDGE('',*,*,#6774,.F.);
#4384=ORIENTED_EDGE('',*,*,#6733,.F.);
#4385=ORIENTED_EDGE('',*,*,#6773,.T.);
#4386=ORIENTED_EDGE('',*,*,#6078,.T.);
#4387=ORIENTED_EDGE('',*,*,#6775,.F.);
#4388=ORIENTED_EDGE('',*,*,#6734,.F.);
#4389=ORIENTED_EDGE('',*,*,#6774,.T.);
#4390=ORIENTED_EDGE('',*,*,#6077,.T.);
#4391=ORIENTED_EDGE('',*,*,#6776,.F.);
#4392=ORIENTED_EDGE('',*,*,#6735,.F.);
#4393=ORIENTED_EDGE('',*,*,#6775,.T.);
#4394=ORIENTED_EDGE('',*,*,#6076,.T.);
#4395=ORIENTED_EDGE('',*,*,#6777,.F.);
#4396=ORIENTED_EDGE('',*,*,#6736,.F.);
#4397=ORIENTED_EDGE('',*,*,#6776,.T.);
#4398=ORIENTED_EDGE('',*,*,#6075,.T.);
#4399=ORIENTED_EDGE('',*,*,#6778,.F.);
#4400=ORIENTED_EDGE('',*,*,#6737,.F.);
#4401=ORIENTED_EDGE('',*,*,#6777,.T.);
#4402=ORIENTED_EDGE('',*,*,#6074,.T.);
#4403=ORIENTED_EDGE('',*,*,#6779,.F.);
#4404=ORIENTED_EDGE('',*,*,#6738,.F.);
#4405=ORIENTED_EDGE('',*,*,#6778,.T.);
#4406=ORIENTED_EDGE('',*,*,#6073,.T.);
#4407=ORIENTED_EDGE('',*,*,#6765,.F.);
#4408=ORIENTED_EDGE('',*,*,#6739,.F.);
#4409=ORIENTED_EDGE('',*,*,#6779,.T.);
#4410=ORIENTED_EDGE('',*,*,#5994,.T.);
#4411=ORIENTED_EDGE('',*,*,#6780,.F.);
#4412=ORIENTED_EDGE('',*,*,#6742,.F.);
#4413=ORIENTED_EDGE('',*,*,#6766,.T.);
#4414=ORIENTED_EDGE('',*,*,#5993,.T.);
#4415=ORIENTED_EDGE('',*,*,#6781,.F.);
#4416=ORIENTED_EDGE('',*,*,#6743,.F.);
#4417=ORIENTED_EDGE('',*,*,#6780,.T.);
#4418=ORIENTED_EDGE('',*,*,#5992,.T.);
#4419=ORIENTED_EDGE('',*,*,#6782,.F.);
#4420=ORIENTED_EDGE('',*,*,#6744,.F.);
#4421=ORIENTED_EDGE('',*,*,#6781,.T.);
#4422=ORIENTED_EDGE('',*,*,#5991,.T.);
#4423=ORIENTED_EDGE('',*,*,#6783,.F.);
#4424=ORIENTED_EDGE('',*,*,#6745,.F.);
#4425=ORIENTED_EDGE('',*,*,#6782,.T.);
#4426=ORIENTED_EDGE('',*,*,#5990,.T.);
#4427=ORIENTED_EDGE('',*,*,#6784,.F.);
#4428=ORIENTED_EDGE('',*,*,#6746,.F.);
#4429=ORIENTED_EDGE('',*,*,#6783,.T.);
#4430=ORIENTED_EDGE('',*,*,#5989,.T.);
#4431=ORIENTED_EDGE('',*,*,#6785,.F.);
#4432=ORIENTED_EDGE('',*,*,#6747,.F.);
#4433=ORIENTED_EDGE('',*,*,#6784,.T.);
#4434=ORIENTED_EDGE('',*,*,#5988,.T.);
#4435=ORIENTED_EDGE('',*,*,#6786,.F.);
#4436=ORIENTED_EDGE('',*,*,#6748,.F.);
#4437=ORIENTED_EDGE('',*,*,#6785,.T.);
#4438=ORIENTED_EDGE('',*,*,#5987,.T.);
#4439=ORIENTED_EDGE('',*,*,#6787,.F.);
#4440=ORIENTED_EDGE('',*,*,#6749,.F.);
#4441=ORIENTED_EDGE('',*,*,#6786,.T.);
#4442=ORIENTED_EDGE('',*,*,#5986,.T.);
#4443=ORIENTED_EDGE('',*,*,#6788,.F.);
#4444=ORIENTED_EDGE('',*,*,#6750,.F.);
#4445=ORIENTED_EDGE('',*,*,#6787,.T.);
#4446=ORIENTED_EDGE('',*,*,#5985,.T.);
#4447=ORIENTED_EDGE('',*,*,#6789,.F.);
#4448=ORIENTED_EDGE('',*,*,#6751,.F.);
#4449=ORIENTED_EDGE('',*,*,#6788,.T.);
#4450=ORIENTED_EDGE('',*,*,#5984,.T.);
#4451=ORIENTED_EDGE('',*,*,#6790,.F.);
#4452=ORIENTED_EDGE('',*,*,#6752,.F.);
#4453=ORIENTED_EDGE('',*,*,#6789,.T.);
#4454=ORIENTED_EDGE('',*,*,#5983,.T.);
#4455=ORIENTED_EDGE('',*,*,#6791,.F.);
#4456=ORIENTED_EDGE('',*,*,#6753,.F.);
#4457=ORIENTED_EDGE('',*,*,#6790,.T.);
#4458=ORIENTED_EDGE('',*,*,#5982,.T.);
#4459=ORIENTED_EDGE('',*,*,#6792,.F.);
#4460=ORIENTED_EDGE('',*,*,#6754,.F.);
#4461=ORIENTED_EDGE('',*,*,#6791,.T.);
#4462=ORIENTED_EDGE('',*,*,#5981,.T.);
#4463=ORIENTED_EDGE('',*,*,#6793,.F.);
#4464=ORIENTED_EDGE('',*,*,#6755,.F.);
#4465=ORIENTED_EDGE('',*,*,#6792,.T.);
#4466=ORIENTED_EDGE('',*,*,#5980,.T.);
#4467=ORIENTED_EDGE('',*,*,#6794,.F.);
#4468=ORIENTED_EDGE('',*,*,#6756,.F.);
#4469=ORIENTED_EDGE('',*,*,#6793,.T.);
#4470=ORIENTED_EDGE('',*,*,#5979,.T.);
#4471=ORIENTED_EDGE('',*,*,#6795,.F.);
#4472=ORIENTED_EDGE('',*,*,#6757,.F.);
#4473=ORIENTED_EDGE('',*,*,#6794,.T.);
#4474=ORIENTED_EDGE('',*,*,#5978,.T.);
#4475=ORIENTED_EDGE('',*,*,#6796,.F.);
#4476=ORIENTED_EDGE('',*,*,#6758,.F.);
#4477=ORIENTED_EDGE('',*,*,#6795,.T.);
#4478=ORIENTED_EDGE('',*,*,#5977,.T.);
#4479=ORIENTED_EDGE('',*,*,#6797,.F.);
#4480=ORIENTED_EDGE('',*,*,#6759,.F.);
#4481=ORIENTED_EDGE('',*,*,#6796,.T.);
#4482=ORIENTED_EDGE('',*,*,#5976,.T.);
#4483=ORIENTED_EDGE('',*,*,#6798,.F.);
#4484=ORIENTED_EDGE('',*,*,#6760,.F.);
#4485=ORIENTED_EDGE('',*,*,#6797,.T.);
#4486=ORIENTED_EDGE('',*,*,#5975,.T.);
#4487=ORIENTED_EDGE('',*,*,#6763,.F.);
#4488=ORIENTED_EDGE('',*,*,#6761,.F.);
#4489=ORIENTED_EDGE('',*,*,#6798,.T.);
#4490=ORIENTED_EDGE('',*,*,#6069,.T.);
#4491=ORIENTED_EDGE('',*,*,#6799,.F.);
#4492=ORIENTED_EDGE('',*,*,#6800,.F.);
#4493=ORIENTED_EDGE('',*,*,#6801,.T.);
#4494=ORIENTED_EDGE('',*,*,#6004,.T.);
#4495=ORIENTED_EDGE('',*,*,#6802,.F.);
#4496=ORIENTED_EDGE('',*,*,#6803,.F.);
#4497=ORIENTED_EDGE('',*,*,#6804,.T.);
#4498=ORIENTED_EDGE('',*,*,#6005,.T.);
#4499=ORIENTED_EDGE('',*,*,#6804,.F.);
#4500=ORIENTED_EDGE('',*,*,#6805,.F.);
#4501=ORIENTED_EDGE('',*,*,#6806,.T.);
#4502=ORIENTED_EDGE('',*,*,#6237,.T.);
#4503=ORIENTED_EDGE('',*,*,#6807,.T.);
#4504=ORIENTED_EDGE('',*,*,#6800,.T.);
#4505=ORIENTED_EDGE('',*,*,#6808,.T.);
#4506=ORIENTED_EDGE('',*,*,#6809,.T.);
#4507=ORIENTED_EDGE('',*,*,#6810,.T.);
#4508=ORIENTED_EDGE('',*,*,#6811,.T.);
#4509=ORIENTED_EDGE('',*,*,#6812,.T.);
#4510=ORIENTED_EDGE('',*,*,#6813,.T.);
#4511=ORIENTED_EDGE('',*,*,#6234,.T.);
#4512=ORIENTED_EDGE('',*,*,#6814,.T.);
#4513=ORIENTED_EDGE('',*,*,#6815,.T.);
#4514=ORIENTED_EDGE('',*,*,#6816,.T.);
#4515=ORIENTED_EDGE('',*,*,#6817,.T.);
#4516=ORIENTED_EDGE('',*,*,#6818,.T.);
#4517=ORIENTED_EDGE('',*,*,#6819,.T.);
#4518=ORIENTED_EDGE('',*,*,#6820,.T.);
#4519=ORIENTED_EDGE('',*,*,#6821,.T.);
#4520=ORIENTED_EDGE('',*,*,#6822,.T.);
#4521=ORIENTED_EDGE('',*,*,#6823,.T.);
#4522=ORIENTED_EDGE('',*,*,#6824,.T.);
#4523=ORIENTED_EDGE('',*,*,#6825,.T.);
#4524=ORIENTED_EDGE('',*,*,#6826,.T.);
#4525=ORIENTED_EDGE('',*,*,#6805,.T.);
#4526=ORIENTED_EDGE('',*,*,#6803,.T.);
#4527=ORIENTED_EDGE('',*,*,#6827,.T.);
#4528=ORIENTED_EDGE('',*,*,#6018,.T.);
#4529=ORIENTED_EDGE('',*,*,#6828,.F.);
#4530=ORIENTED_EDGE('',*,*,#6814,.F.);
#4531=ORIENTED_EDGE('',*,*,#6233,.F.);
#4532=ORIENTED_EDGE('',*,*,#6813,.F.);
#4533=ORIENTED_EDGE('',*,*,#6829,.T.);
#4534=ORIENTED_EDGE('',*,*,#6063,.T.);
#4535=ORIENTED_EDGE('',*,*,#6235,.F.);
#4536=ORIENTED_EDGE('',*,*,#6061,.T.);
#4537=ORIENTED_EDGE('',*,*,#6801,.F.);
#4538=ORIENTED_EDGE('',*,*,#6807,.F.);
#4539=ORIENTED_EDGE('',*,*,#6236,.F.);
#4540=ORIENTED_EDGE('',*,*,#6827,.F.);
#4541=ORIENTED_EDGE('',*,*,#6802,.T.);
#4542=ORIENTED_EDGE('',*,*,#6003,.T.);
#4543=ORIENTED_EDGE('',*,*,#6238,.F.);
#4544=ORIENTED_EDGE('',*,*,#6006,.T.);
#4545=ORIENTED_EDGE('',*,*,#6806,.F.);
#4546=ORIENTED_EDGE('',*,*,#6826,.F.);
#4547=ORIENTED_EDGE('',*,*,#6830,.T.);
#4548=ORIENTED_EDGE('',*,*,#6007,.T.);
#4549=ORIENTED_EDGE('',*,*,#6830,.F.);
#4550=ORIENTED_EDGE('',*,*,#6825,.F.);
#4551=ORIENTED_EDGE('',*,*,#6831,.T.);
#4552=ORIENTED_EDGE('',*,*,#6008,.T.);
#4553=ORIENTED_EDGE('',*,*,#6831,.F.);
#4554=ORIENTED_EDGE('',*,*,#6824,.F.);
#4555=ORIENTED_EDGE('',*,*,#6832,.T.);
#4556=ORIENTED_EDGE('',*,*,#6009,.T.);
#4557=ORIENTED_EDGE('',*,*,#6832,.F.);
#4558=ORIENTED_EDGE('',*,*,#6823,.F.);
#4559=ORIENTED_EDGE('',*,*,#6833,.T.);
#4560=ORIENTED_EDGE('',*,*,#6010,.T.);
#4561=ORIENTED_EDGE('',*,*,#6833,.F.);
#4562=ORIENTED_EDGE('',*,*,#6822,.F.);
#4563=ORIENTED_EDGE('',*,*,#6834,.T.);
#4564=ORIENTED_EDGE('',*,*,#6011,.T.);
#4565=ORIENTED_EDGE('',*,*,#6834,.F.);
#4566=ORIENTED_EDGE('',*,*,#6821,.F.);
#4567=ORIENTED_EDGE('',*,*,#6835,.T.);
#4568=ORIENTED_EDGE('',*,*,#6012,.T.);
#4569=ORIENTED_EDGE('',*,*,#6835,.F.);
#4570=ORIENTED_EDGE('',*,*,#6820,.F.);
#4571=ORIENTED_EDGE('',*,*,#6836,.T.);
#4572=ORIENTED_EDGE('',*,*,#6013,.T.);
#4573=ORIENTED_EDGE('',*,*,#6836,.F.);
#4574=ORIENTED_EDGE('',*,*,#6819,.F.);
#4575=ORIENTED_EDGE('',*,*,#6837,.T.);
#4576=ORIENTED_EDGE('',*,*,#6014,.T.);
#4577=ORIENTED_EDGE('',*,*,#6837,.F.);
#4578=ORIENTED_EDGE('',*,*,#6818,.F.);
#4579=ORIENTED_EDGE('',*,*,#6838,.T.);
#4580=ORIENTED_EDGE('',*,*,#6015,.T.);
#4581=ORIENTED_EDGE('',*,*,#6838,.F.);
#4582=ORIENTED_EDGE('',*,*,#6817,.F.);
#4583=ORIENTED_EDGE('',*,*,#6839,.T.);
#4584=ORIENTED_EDGE('',*,*,#6016,.T.);
#4585=ORIENTED_EDGE('',*,*,#6839,.F.);
#4586=ORIENTED_EDGE('',*,*,#6816,.F.);
#4587=ORIENTED_EDGE('',*,*,#6840,.T.);
#4588=ORIENTED_EDGE('',*,*,#6017,.T.);
#4589=ORIENTED_EDGE('',*,*,#6840,.F.);
#4590=ORIENTED_EDGE('',*,*,#6815,.F.);
#4591=ORIENTED_EDGE('',*,*,#6828,.T.);
#4592=ORIENTED_EDGE('',*,*,#6064,.T.);
#4593=ORIENTED_EDGE('',*,*,#6829,.F.);
#4594=ORIENTED_EDGE('',*,*,#6812,.F.);
#4595=ORIENTED_EDGE('',*,*,#6841,.T.);
#4596=ORIENTED_EDGE('',*,*,#6065,.T.);
#4597=ORIENTED_EDGE('',*,*,#6841,.F.);
#4598=ORIENTED_EDGE('',*,*,#6811,.F.);
#4599=ORIENTED_EDGE('',*,*,#6842,.T.);
#4600=ORIENTED_EDGE('',*,*,#6066,.T.);
#4601=ORIENTED_EDGE('',*,*,#6842,.F.);
#4602=ORIENTED_EDGE('',*,*,#6810,.F.);
#4603=ORIENTED_EDGE('',*,*,#6843,.T.);
#4604=ORIENTED_EDGE('',*,*,#6067,.T.);
#4605=ORIENTED_EDGE('',*,*,#6843,.F.);
#4606=ORIENTED_EDGE('',*,*,#6809,.F.);
#4607=ORIENTED_EDGE('',*,*,#6844,.T.);
#4608=ORIENTED_EDGE('',*,*,#6068,.T.);
#4609=ORIENTED_EDGE('',*,*,#6844,.F.);
#4610=ORIENTED_EDGE('',*,*,#6808,.F.);
#4611=ORIENTED_EDGE('',*,*,#6799,.T.);
#4612=ORIENTED_EDGE('',*,*,#6231,.T.);
#4613=ORIENTED_EDGE('',*,*,#6845,.T.);
#4614=ORIENTED_EDGE('',*,*,#6846,.T.);
#4615=ORIENTED_EDGE('',*,*,#6847,.T.);
#4616=ORIENTED_EDGE('',*,*,#6848,.T.);
#4617=ORIENTED_EDGE('',*,*,#6849,.T.);
#4618=ORIENTED_EDGE('',*,*,#6850,.T.);
#4619=ORIENTED_EDGE('',*,*,#6851,.T.);
#4620=ORIENTED_EDGE('',*,*,#6852,.T.);
#4621=ORIENTED_EDGE('',*,*,#6853,.T.);
#4622=ORIENTED_EDGE('',*,*,#6854,.T.);
#4623=ORIENTED_EDGE('',*,*,#6855,.T.);
#4624=ORIENTED_EDGE('',*,*,#6030,.T.);
#4625=ORIENTED_EDGE('',*,*,#6856,.F.);
#4626=ORIENTED_EDGE('',*,*,#6845,.F.);
#4627=ORIENTED_EDGE('',*,*,#6230,.F.);
#4628=ORIENTED_EDGE('',*,*,#6855,.F.);
#4629=ORIENTED_EDGE('',*,*,#6857,.T.);
#4630=ORIENTED_EDGE('',*,*,#6020,.T.);
#4631=ORIENTED_EDGE('',*,*,#6232,.F.);
#4632=ORIENTED_EDGE('',*,*,#6029,.T.);
#4633=ORIENTED_EDGE('',*,*,#6858,.F.);
#4634=ORIENTED_EDGE('',*,*,#6846,.F.);
#4635=ORIENTED_EDGE('',*,*,#6856,.T.);
#4636=ORIENTED_EDGE('',*,*,#6028,.T.);
#4637=ORIENTED_EDGE('',*,*,#6859,.F.);
#4638=ORIENTED_EDGE('',*,*,#6847,.F.);
#4639=ORIENTED_EDGE('',*,*,#6858,.T.);
#4640=ORIENTED_EDGE('',*,*,#6027,.T.);
#4641=ORIENTED_EDGE('',*,*,#6860,.F.);
#4642=ORIENTED_EDGE('',*,*,#6848,.F.);
#4643=ORIENTED_EDGE('',*,*,#6859,.T.);
#4644=ORIENTED_EDGE('',*,*,#6026,.T.);
#4645=ORIENTED_EDGE('',*,*,#6861,.F.);
#4646=ORIENTED_EDGE('',*,*,#6849,.F.);
#4647=ORIENTED_EDGE('',*,*,#6860,.T.);
#4648=ORIENTED_EDGE('',*,*,#6025,.T.);
#4649=ORIENTED_EDGE('',*,*,#6862,.F.);
#4650=ORIENTED_EDGE('',*,*,#6850,.F.);
#4651=ORIENTED_EDGE('',*,*,#6861,.T.);
#4652=ORIENTED_EDGE('',*,*,#6024,.T.);
#4653=ORIENTED_EDGE('',*,*,#6863,.F.);
#4654=ORIENTED_EDGE('',*,*,#6851,.F.);
#4655=ORIENTED_EDGE('',*,*,#6862,.T.);
#4656=ORIENTED_EDGE('',*,*,#6023,.T.);
#4657=ORIENTED_EDGE('',*,*,#6864,.F.);
#4658=ORIENTED_EDGE('',*,*,#6852,.F.);
#4659=ORIENTED_EDGE('',*,*,#6863,.T.);
#4660=ORIENTED_EDGE('',*,*,#6022,.T.);
#4661=ORIENTED_EDGE('',*,*,#6865,.F.);
#4662=ORIENTED_EDGE('',*,*,#6853,.F.);
#4663=ORIENTED_EDGE('',*,*,#6864,.T.);
#4664=ORIENTED_EDGE('',*,*,#6021,.T.);
#4665=ORIENTED_EDGE('',*,*,#6857,.F.);
#4666=ORIENTED_EDGE('',*,*,#6854,.F.);
#4667=ORIENTED_EDGE('',*,*,#6865,.T.);
#4668=ORIENTED_EDGE('',*,*,#6243,.T.);
#4669=ORIENTED_EDGE('',*,*,#6866,.T.);
#4670=ORIENTED_EDGE('',*,*,#6867,.T.);
#4671=ORIENTED_EDGE('',*,*,#6868,.T.);
#4672=ORIENTED_EDGE('',*,*,#6869,.T.);
#4673=ORIENTED_EDGE('',*,*,#6870,.T.);
#4674=ORIENTED_EDGE('',*,*,#6871,.T.);
#4675=ORIENTED_EDGE('',*,*,#6872,.T.);
#4676=ORIENTED_EDGE('',*,*,#6873,.T.);
#4677=ORIENTED_EDGE('',*,*,#6874,.T.);
#4678=ORIENTED_EDGE('',*,*,#6875,.T.);
#4679=ORIENTED_EDGE('',*,*,#6876,.T.);
#4680=ORIENTED_EDGE('',*,*,#6877,.T.);
#4681=ORIENTED_EDGE('',*,*,#6878,.T.);
#4682=ORIENTED_EDGE('',*,*,#6879,.T.);
#4683=ORIENTED_EDGE('',*,*,#6240,.T.);
#4684=ORIENTED_EDGE('',*,*,#6880,.T.);
#4685=ORIENTED_EDGE('',*,*,#6881,.T.);
#4686=ORIENTED_EDGE('',*,*,#6882,.T.);
#4687=ORIENTED_EDGE('',*,*,#6883,.T.);
#4688=ORIENTED_EDGE('',*,*,#6884,.T.);
#4689=ORIENTED_EDGE('',*,*,#6879,.F.);
#4690=ORIENTED_EDGE('',*,*,#6885,.T.);
#4691=ORIENTED_EDGE('',*,*,#6048,.T.);
#4692=ORIENTED_EDGE('',*,*,#6241,.F.);
#4693=ORIENTED_EDGE('',*,*,#6046,.T.);
#4694=ORIENTED_EDGE('',*,*,#6886,.F.);
#4695=ORIENTED_EDGE('',*,*,#6866,.F.);
#4696=ORIENTED_EDGE('',*,*,#6242,.F.);
#4697=ORIENTED_EDGE('',*,*,#6001,.T.);
#4698=ORIENTED_EDGE('',*,*,#6887,.F.);
#4699=ORIENTED_EDGE('',*,*,#6880,.F.);
#4700=ORIENTED_EDGE('',*,*,#6239,.F.);
#4701=ORIENTED_EDGE('',*,*,#6884,.F.);
#4702=ORIENTED_EDGE('',*,*,#6888,.T.);
#4703=ORIENTED_EDGE('',*,*,#5997,.T.);
#4704=ORIENTED_EDGE('',*,*,#6244,.F.);
#4705=ORIENTED_EDGE('',*,*,#6060,.T.);
#4706=ORIENTED_EDGE('',*,*,#6889,.F.);
#4707=ORIENTED_EDGE('',*,*,#6867,.F.);
#4708=ORIENTED_EDGE('',*,*,#6886,.T.);
#4709=ORIENTED_EDGE('',*,*,#6059,.T.);
#4710=ORIENTED_EDGE('',*,*,#6890,.F.);
#4711=ORIENTED_EDGE('',*,*,#6868,.F.);
#4712=ORIENTED_EDGE('',*,*,#6889,.T.);
#4713=ORIENTED_EDGE('',*,*,#6058,.T.);
#4714=ORIENTED_EDGE('',*,*,#6891,.F.);
#4715=ORIENTED_EDGE('',*,*,#6869,.F.);
#4716=ORIENTED_EDGE('',*,*,#6890,.T.);
#4717=ORIENTED_EDGE('',*,*,#6057,.T.);
#4718=ORIENTED_EDGE('',*,*,#6892,.F.);
#4719=ORIENTED_EDGE('',*,*,#6870,.F.);
#4720=ORIENTED_EDGE('',*,*,#6891,.T.);
#4721=ORIENTED_EDGE('',*,*,#6056,.T.);
#4722=ORIENTED_EDGE('',*,*,#6893,.F.);
#4723=ORIENTED_EDGE('',*,*,#6871,.F.);
#4724=ORIENTED_EDGE('',*,*,#6892,.T.);
#4725=ORIENTED_EDGE('',*,*,#6055,.T.);
#4726=ORIENTED_EDGE('',*,*,#6894,.F.);
#4727=ORIENTED_EDGE('',*,*,#6872,.F.);
#4728=ORIENTED_EDGE('',*,*,#6893,.T.);
#4729=ORIENTED_EDGE('',*,*,#6054,.T.);
#4730=ORIENTED_EDGE('',*,*,#6895,.F.);
#4731=ORIENTED_EDGE('',*,*,#6873,.F.);
#4732=ORIENTED_EDGE('',*,*,#6894,.T.);
#4733=ORIENTED_EDGE('',*,*,#6053,.T.);
#4734=ORIENTED_EDGE('',*,*,#6896,.F.);
#4735=ORIENTED_EDGE('',*,*,#6874,.F.);
#4736=ORIENTED_EDGE('',*,*,#6895,.T.);
#4737=ORIENTED_EDGE('',*,*,#6052,.T.);
#4738=ORIENTED_EDGE('',*,*,#6897,.F.);
#4739=ORIENTED_EDGE('',*,*,#6875,.F.);
#4740=ORIENTED_EDGE('',*,*,#6896,.T.);
#4741=ORIENTED_EDGE('',*,*,#6051,.T.);
#4742=ORIENTED_EDGE('',*,*,#6898,.F.);
#4743=ORIENTED_EDGE('',*,*,#6876,.F.);
#4744=ORIENTED_EDGE('',*,*,#6897,.T.);
#4745=ORIENTED_EDGE('',*,*,#6050,.T.);
#4746=ORIENTED_EDGE('',*,*,#6899,.F.);
#4747=ORIENTED_EDGE('',*,*,#6877,.F.);
#4748=ORIENTED_EDGE('',*,*,#6898,.T.);
#4749=ORIENTED_EDGE('',*,*,#6000,.T.);
#4750=ORIENTED_EDGE('',*,*,#6900,.F.);
#4751=ORIENTED_EDGE('',*,*,#6881,.F.);
#4752=ORIENTED_EDGE('',*,*,#6887,.T.);
#4753=ORIENTED_EDGE('',*,*,#5999,.T.);
#4754=ORIENTED_EDGE('',*,*,#6901,.F.);
#4755=ORIENTED_EDGE('',*,*,#6882,.F.);
#4756=ORIENTED_EDGE('',*,*,#6900,.T.);
#4757=ORIENTED_EDGE('',*,*,#5998,.T.);
#4758=ORIENTED_EDGE('',*,*,#6888,.F.);
#4759=ORIENTED_EDGE('',*,*,#6883,.F.);
#4760=ORIENTED_EDGE('',*,*,#6901,.T.);
#4761=ORIENTED_EDGE('',*,*,#6049,.T.);
#4762=ORIENTED_EDGE('',*,*,#6885,.F.);
#4763=ORIENTED_EDGE('',*,*,#6878,.F.);
#4764=ORIENTED_EDGE('',*,*,#6899,.T.);
#4765=ORIENTED_EDGE('',*,*,#6228,.T.);
#4766=ORIENTED_EDGE('',*,*,#6902,.T.);
#4767=ORIENTED_EDGE('',*,*,#6903,.T.);
#4768=ORIENTED_EDGE('',*,*,#6904,.T.);
#4769=ORIENTED_EDGE('',*,*,#6905,.T.);
#4770=ORIENTED_EDGE('',*,*,#6906,.T.);
#4771=ORIENTED_EDGE('',*,*,#6907,.T.);
#4772=ORIENTED_EDGE('',*,*,#6908,.T.);
#4773=ORIENTED_EDGE('',*,*,#6909,.T.);
#4774=ORIENTED_EDGE('',*,*,#6910,.T.);
#4775=ORIENTED_EDGE('',*,*,#6911,.T.);
#4776=ORIENTED_EDGE('',*,*,#6912,.T.);
#4777=ORIENTED_EDGE('',*,*,#6913,.T.);
#4778=ORIENTED_EDGE('',*,*,#6914,.T.);
#4779=ORIENTED_EDGE('',*,*,#6915,.T.);
#4780=ORIENTED_EDGE('',*,*,#6916,.T.);
#4781=ORIENTED_EDGE('',*,*,#6916,.F.);
#4782=ORIENTED_EDGE('',*,*,#6917,.T.);
#4783=ORIENTED_EDGE('',*,*,#6032,.T.);
#4784=ORIENTED_EDGE('',*,*,#6229,.F.);
#4785=ORIENTED_EDGE('',*,*,#5901,.T.);
#4786=ORIENTED_EDGE('',*,*,#6918,.F.);
#4787=ORIENTED_EDGE('',*,*,#6902,.F.);
#4788=ORIENTED_EDGE('',*,*,#6227,.F.);
#4789=ORIENTED_EDGE('',*,*,#6033,.T.);
#4790=ORIENTED_EDGE('',*,*,#6917,.F.);
#4791=ORIENTED_EDGE('',*,*,#6915,.F.);
#4792=ORIENTED_EDGE('',*,*,#6919,.T.);
#4793=ORIENTED_EDGE('',*,*,#6045,.T.);
#4794=ORIENTED_EDGE('',*,*,#6920,.F.);
#4795=ORIENTED_EDGE('',*,*,#6903,.F.);
#4796=ORIENTED_EDGE('',*,*,#6918,.T.);
#4797=ORIENTED_EDGE('',*,*,#6044,.T.);
#4798=ORIENTED_EDGE('',*,*,#6921,.F.);
#4799=ORIENTED_EDGE('',*,*,#6904,.F.);
#4800=ORIENTED_EDGE('',*,*,#6920,.T.);
#4801=ORIENTED_EDGE('',*,*,#6043,.T.);
#4802=ORIENTED_EDGE('',*,*,#6922,.F.);
#4803=ORIENTED_EDGE('',*,*,#6905,.F.);
#4804=ORIENTED_EDGE('',*,*,#6921,.T.);
#4805=ORIENTED_EDGE('',*,*,#6042,.T.);
#4806=ORIENTED_EDGE('',*,*,#6923,.F.);
#4807=ORIENTED_EDGE('',*,*,#6906,.F.);
#4808=ORIENTED_EDGE('',*,*,#6922,.T.);
#4809=ORIENTED_EDGE('',*,*,#6041,.T.);
#4810=ORIENTED_EDGE('',*,*,#6924,.F.);
#4811=ORIENTED_EDGE('',*,*,#6907,.F.);
#4812=ORIENTED_EDGE('',*,*,#6923,.T.);
#4813=ORIENTED_EDGE('',*,*,#6040,.T.);
#4814=ORIENTED_EDGE('',*,*,#6925,.F.);
#4815=ORIENTED_EDGE('',*,*,#6908,.F.);
#4816=ORIENTED_EDGE('',*,*,#6924,.T.);
#4817=ORIENTED_EDGE('',*,*,#6039,.T.);
#4818=ORIENTED_EDGE('',*,*,#6926,.F.);
#4819=ORIENTED_EDGE('',*,*,#6909,.F.);
#4820=ORIENTED_EDGE('',*,*,#6925,.T.);
#4821=ORIENTED_EDGE('',*,*,#6038,.T.);
#4822=ORIENTED_EDGE('',*,*,#6927,.F.);
#4823=ORIENTED_EDGE('',*,*,#6910,.F.);
#4824=ORIENTED_EDGE('',*,*,#6926,.T.);
#4825=ORIENTED_EDGE('',*,*,#6037,.T.);
#4826=ORIENTED_EDGE('',*,*,#6928,.F.);
#4827=ORIENTED_EDGE('',*,*,#6911,.F.);
#4828=ORIENTED_EDGE('',*,*,#6927,.T.);
#4829=ORIENTED_EDGE('',*,*,#6036,.T.);
#4830=ORIENTED_EDGE('',*,*,#6929,.F.);
#4831=ORIENTED_EDGE('',*,*,#6912,.F.);
#4832=ORIENTED_EDGE('',*,*,#6928,.T.);
#4833=ORIENTED_EDGE('',*,*,#6035,.T.);
#4834=ORIENTED_EDGE('',*,*,#6930,.F.);
#4835=ORIENTED_EDGE('',*,*,#6913,.F.);
#4836=ORIENTED_EDGE('',*,*,#6929,.T.);
#4837=ORIENTED_EDGE('',*,*,#6034,.T.);
#4838=ORIENTED_EDGE('',*,*,#6919,.F.);
#4839=ORIENTED_EDGE('',*,*,#6914,.F.);
#4840=ORIENTED_EDGE('',*,*,#6930,.T.);
#4841=ORIENTED_EDGE('',*,*,#6255,.T.);
#4842=ORIENTED_EDGE('',*,*,#6931,.T.);
#4843=ORIENTED_EDGE('',*,*,#6932,.T.);
#4844=ORIENTED_EDGE('',*,*,#6933,.T.);
#4845=ORIENTED_EDGE('',*,*,#6934,.T.);
#4846=ORIENTED_EDGE('',*,*,#6935,.T.);
#4847=ORIENTED_EDGE('',*,*,#6936,.T.);
#4848=ORIENTED_EDGE('',*,*,#6937,.T.);
#4849=ORIENTED_EDGE('',*,*,#6938,.T.);
#4850=ORIENTED_EDGE('',*,*,#6939,.T.);
#4851=ORIENTED_EDGE('',*,*,#6940,.T.);
#4852=ORIENTED_EDGE('',*,*,#6941,.T.);
#4853=ORIENTED_EDGE('',*,*,#6942,.T.);
#4854=ORIENTED_EDGE('',*,*,#6943,.T.);
#4855=ORIENTED_EDGE('',*,*,#6944,.T.);
#4856=ORIENTED_EDGE('',*,*,#6945,.T.);
#4857=ORIENTED_EDGE('',*,*,#6946,.T.);
#4858=ORIENTED_EDGE('',*,*,#6947,.T.);
#4859=ORIENTED_EDGE('',*,*,#6948,.T.);
#4860=ORIENTED_EDGE('',*,*,#6949,.T.);
#4861=ORIENTED_EDGE('',*,*,#6252,.T.);
#4862=ORIENTED_EDGE('',*,*,#6950,.T.);
#4863=ORIENTED_EDGE('',*,*,#6951,.T.);
#4864=ORIENTED_EDGE('',*,*,#6952,.T.);
#4865=ORIENTED_EDGE('',*,*,#6953,.T.);
#4866=ORIENTED_EDGE('',*,*,#6954,.T.);
#4867=ORIENTED_EDGE('',*,*,#6955,.T.);
#4868=ORIENTED_EDGE('',*,*,#6956,.T.);
#4869=ORIENTED_EDGE('',*,*,#6957,.T.);
#4870=ORIENTED_EDGE('',*,*,#6958,.T.);
#4871=ORIENTED_EDGE('',*,*,#6959,.T.);
#4872=ORIENTED_EDGE('',*,*,#6960,.T.);
#4873=ORIENTED_EDGE('',*,*,#6961,.T.);
#4874=ORIENTED_EDGE('',*,*,#6962,.T.);
#4875=ORIENTED_EDGE('',*,*,#6963,.T.);
#4876=ORIENTED_EDGE('',*,*,#6949,.F.);
#4877=ORIENTED_EDGE('',*,*,#6964,.T.);
#4878=ORIENTED_EDGE('',*,*,#6087,.T.);
#4879=ORIENTED_EDGE('',*,*,#6253,.F.);
#4880=ORIENTED_EDGE('',*,*,#6105,.T.);
#4881=ORIENTED_EDGE('',*,*,#6965,.F.);
#4882=ORIENTED_EDGE('',*,*,#6931,.F.);
#4883=ORIENTED_EDGE('',*,*,#6254,.F.);
#4884=ORIENTED_EDGE('',*,*,#5972,.T.);
#4885=ORIENTED_EDGE('',*,*,#6966,.F.);
#4886=ORIENTED_EDGE('',*,*,#6950,.F.);
#4887=ORIENTED_EDGE('',*,*,#6251,.F.);
#4888=ORIENTED_EDGE('',*,*,#6963,.F.);
#4889=ORIENTED_EDGE('',*,*,#6967,.T.);
#4890=ORIENTED_EDGE('',*,*,#5959,.T.);
#4891=ORIENTED_EDGE('',*,*,#6256,.F.);
#4892=ORIENTED_EDGE('',*,*,#6104,.T.);
#4893=ORIENTED_EDGE('',*,*,#6968,.F.);
#4894=ORIENTED_EDGE('',*,*,#6932,.F.);
#4895=ORIENTED_EDGE('',*,*,#6965,.T.);
#4896=ORIENTED_EDGE('',*,*,#6103,.T.);
#4897=ORIENTED_EDGE('',*,*,#6969,.F.);
#4898=ORIENTED_EDGE('',*,*,#6933,.F.);
#4899=ORIENTED_EDGE('',*,*,#6968,.T.);
#4900=ORIENTED_EDGE('',*,*,#6102,.T.);
#4901=ORIENTED_EDGE('',*,*,#6970,.F.);
#4902=ORIENTED_EDGE('',*,*,#6934,.F.);
#4903=ORIENTED_EDGE('',*,*,#6969,.T.);
#4904=ORIENTED_EDGE('',*,*,#6101,.T.);
#4905=ORIENTED_EDGE('',*,*,#6971,.F.);
#4906=ORIENTED_EDGE('',*,*,#6935,.F.);
#4907=ORIENTED_EDGE('',*,*,#6970,.T.);
#4908=ORIENTED_EDGE('',*,*,#6100,.T.);
#4909=ORIENTED_EDGE('',*,*,#6972,.F.);
#4910=ORIENTED_EDGE('',*,*,#6936,.F.);
#4911=ORIENTED_EDGE('',*,*,#6971,.T.);
#4912=ORIENTED_EDGE('',*,*,#6099,.T.);
#4913=ORIENTED_EDGE('',*,*,#6973,.F.);
#4914=ORIENTED_EDGE('',*,*,#6937,.F.);
#4915=ORIENTED_EDGE('',*,*,#6972,.T.);
#4916=ORIENTED_EDGE('',*,*,#6098,.T.);
#4917=ORIENTED_EDGE('',*,*,#6974,.F.);
#4918=ORIENTED_EDGE('',*,*,#6938,.F.);
#4919=ORIENTED_EDGE('',*,*,#6973,.T.);
#4920=ORIENTED_EDGE('',*,*,#6097,.T.);
#4921=ORIENTED_EDGE('',*,*,#6975,.F.);
#4922=ORIENTED_EDGE('',*,*,#6939,.F.);
#4923=ORIENTED_EDGE('',*,*,#6974,.T.);
#4924=ORIENTED_EDGE('',*,*,#6096,.T.);
#4925=ORIENTED_EDGE('',*,*,#6976,.F.);
#4926=ORIENTED_EDGE('',*,*,#6940,.F.);
#4927=ORIENTED_EDGE('',*,*,#6975,.T.);
#4928=ORIENTED_EDGE('',*,*,#6095,.T.);
#4929=ORIENTED_EDGE('',*,*,#6977,.F.);
#4930=ORIENTED_EDGE('',*,*,#6941,.F.);
#4931=ORIENTED_EDGE('',*,*,#6976,.T.);
#4932=ORIENTED_EDGE('',*,*,#6094,.T.);
#4933=ORIENTED_EDGE('',*,*,#6978,.F.);
#4934=ORIENTED_EDGE('',*,*,#6942,.F.);
#4935=ORIENTED_EDGE('',*,*,#6977,.T.);
#4936=ORIENTED_EDGE('',*,*,#6093,.T.);
#4937=ORIENTED_EDGE('',*,*,#6979,.F.);
#4938=ORIENTED_EDGE('',*,*,#6943,.F.);
#4939=ORIENTED_EDGE('',*,*,#6978,.T.);
#4940=ORIENTED_EDGE('',*,*,#6092,.T.);
#4941=ORIENTED_EDGE('',*,*,#6980,.F.);
#4942=ORIENTED_EDGE('',*,*,#6944,.F.);
#4943=ORIENTED_EDGE('',*,*,#6979,.T.);
#4944=ORIENTED_EDGE('',*,*,#6091,.T.);
#4945=ORIENTED_EDGE('',*,*,#6981,.F.);
#4946=ORIENTED_EDGE('',*,*,#6945,.F.);
#4947=ORIENTED_EDGE('',*,*,#6980,.T.);
#4948=ORIENTED_EDGE('',*,*,#6090,.T.);
#4949=ORIENTED_EDGE('',*,*,#6982,.F.);
#4950=ORIENTED_EDGE('',*,*,#6946,.F.);
#4951=ORIENTED_EDGE('',*,*,#6981,.T.);
#4952=ORIENTED_EDGE('',*,*,#6089,.T.);
#4953=ORIENTED_EDGE('',*,*,#6983,.F.);
#4954=ORIENTED_EDGE('',*,*,#6947,.F.);
#4955=ORIENTED_EDGE('',*,*,#6982,.T.);
#4956=ORIENTED_EDGE('',*,*,#5971,.T.);
#4957=ORIENTED_EDGE('',*,*,#6984,.F.);
#4958=ORIENTED_EDGE('',*,*,#6951,.F.);
#4959=ORIENTED_EDGE('',*,*,#6966,.T.);
#4960=ORIENTED_EDGE('',*,*,#5970,.T.);
#4961=ORIENTED_EDGE('',*,*,#6985,.F.);
#4962=ORIENTED_EDGE('',*,*,#6952,.F.);
#4963=ORIENTED_EDGE('',*,*,#6984,.T.);
#4964=ORIENTED_EDGE('',*,*,#5969,.T.);
#4965=ORIENTED_EDGE('',*,*,#6986,.F.);
#4966=ORIENTED_EDGE('',*,*,#6953,.F.);
#4967=ORIENTED_EDGE('',*,*,#6985,.T.);
#4968=ORIENTED_EDGE('',*,*,#5968,.T.);
#4969=ORIENTED_EDGE('',*,*,#6987,.F.);
#4970=ORIENTED_EDGE('',*,*,#6954,.F.);
#4971=ORIENTED_EDGE('',*,*,#6986,.T.);
#4972=ORIENTED_EDGE('',*,*,#5967,.T.);
#4973=ORIENTED_EDGE('',*,*,#6988,.F.);
#4974=ORIENTED_EDGE('',*,*,#6955,.F.);
#4975=ORIENTED_EDGE('',*,*,#6987,.T.);
#4976=ORIENTED_EDGE('',*,*,#5966,.T.);
#4977=ORIENTED_EDGE('',*,*,#6989,.F.);
#4978=ORIENTED_EDGE('',*,*,#6956,.F.);
#4979=ORIENTED_EDGE('',*,*,#6988,.T.);
#4980=ORIENTED_EDGE('',*,*,#5965,.T.);
#4981=ORIENTED_EDGE('',*,*,#6990,.F.);
#4982=ORIENTED_EDGE('',*,*,#6957,.F.);
#4983=ORIENTED_EDGE('',*,*,#6989,.T.);
#4984=ORIENTED_EDGE('',*,*,#5964,.T.);
#4985=ORIENTED_EDGE('',*,*,#6991,.F.);
#4986=ORIENTED_EDGE('',*,*,#6958,.F.);
#4987=ORIENTED_EDGE('',*,*,#6990,.T.);
#4988=ORIENTED_EDGE('',*,*,#5963,.T.);
#4989=ORIENTED_EDGE('',*,*,#6992,.F.);
#4990=ORIENTED_EDGE('',*,*,#6959,.F.);
#4991=ORIENTED_EDGE('',*,*,#6991,.T.);
#4992=ORIENTED_EDGE('',*,*,#5962,.T.);
#4993=ORIENTED_EDGE('',*,*,#6993,.F.);
#4994=ORIENTED_EDGE('',*,*,#6960,.F.);
#4995=ORIENTED_EDGE('',*,*,#6992,.T.);
#4996=ORIENTED_EDGE('',*,*,#5961,.T.);
#4997=ORIENTED_EDGE('',*,*,#6994,.F.);
#4998=ORIENTED_EDGE('',*,*,#6961,.F.);
#4999=ORIENTED_EDGE('',*,*,#6993,.T.);
#5000=ORIENTED_EDGE('',*,*,#5960,.T.);
#5001=ORIENTED_EDGE('',*,*,#6967,.F.);
#5002=ORIENTED_EDGE('',*,*,#6962,.F.);
#5003=ORIENTED_EDGE('',*,*,#6994,.T.);
#5004=ORIENTED_EDGE('',*,*,#6088,.T.);
#5005=ORIENTED_EDGE('',*,*,#6964,.F.);
#5006=ORIENTED_EDGE('',*,*,#6948,.F.);
#5007=ORIENTED_EDGE('',*,*,#6983,.T.);
#5008=ORIENTED_EDGE('',*,*,#5888,.T.);
#5009=ORIENTED_EDGE('',*,*,#6995,.F.);
#5010=ORIENTED_EDGE('',*,*,#6996,.F.);
#5011=ORIENTED_EDGE('',*,*,#6997,.T.);
#5012=ORIENTED_EDGE('',*,*,#5891,.T.);
#5013=ORIENTED_EDGE('',*,*,#6998,.F.);
#5014=ORIENTED_EDGE('',*,*,#6999,.F.);
#5015=ORIENTED_EDGE('',*,*,#6995,.T.);
#5016=ORIENTED_EDGE('',*,*,#5890,.T.);
#5017=ORIENTED_EDGE('',*,*,#7000,.F.);
#5018=ORIENTED_EDGE('',*,*,#7001,.F.);
#5019=ORIENTED_EDGE('',*,*,#6998,.T.);
#5020=ORIENTED_EDGE('',*,*,#5889,.T.);
#5021=ORIENTED_EDGE('',*,*,#6997,.F.);
#5022=ORIENTED_EDGE('',*,*,#7002,.F.);
#5023=ORIENTED_EDGE('',*,*,#7000,.T.);
#5024=ORIENTED_EDGE('',*,*,#6996,.T.);
#5025=ORIENTED_EDGE('',*,*,#6999,.T.);
#5026=ORIENTED_EDGE('',*,*,#7001,.T.);
#5027=ORIENTED_EDGE('',*,*,#7002,.T.);
#5028=ORIENTED_EDGE('',*,*,#7003,.T.);
#5029=ORIENTED_EDGE('',*,*,#7004,.F.);
#5030=ORIENTED_EDGE('',*,*,#7005,.F.);
#5031=ORIENTED_EDGE('',*,*,#7006,.T.);
#5032=ORIENTED_EDGE('',*,*,#7007,.T.);
#5033=ORIENTED_EDGE('',*,*,#7008,.F.);
#5034=ORIENTED_EDGE('',*,*,#7009,.F.);
#5035=ORIENTED_EDGE('',*,*,#7004,.T.);
#5036=ORIENTED_EDGE('',*,*,#7010,.T.);
#5037=ORIENTED_EDGE('',*,*,#7011,.F.);
#5038=ORIENTED_EDGE('',*,*,#7012,.F.);
#5039=ORIENTED_EDGE('',*,*,#7008,.T.);
#5040=ORIENTED_EDGE('',*,*,#7013,.T.);
#5041=ORIENTED_EDGE('',*,*,#7014,.F.);
#5042=ORIENTED_EDGE('',*,*,#7015,.F.);
#5043=ORIENTED_EDGE('',*,*,#7016,.T.);
#5044=ORIENTED_EDGE('',*,*,#7017,.T.);
#5045=ORIENTED_EDGE('',*,*,#7018,.F.);
#5046=ORIENTED_EDGE('',*,*,#7019,.F.);
#5047=ORIENTED_EDGE('',*,*,#7014,.T.);
#5048=ORIENTED_EDGE('',*,*,#7020,.T.);
#5049=ORIENTED_EDGE('',*,*,#7021,.F.);
#5050=ORIENTED_EDGE('',*,*,#7022,.F.);
#5051=ORIENTED_EDGE('',*,*,#7018,.T.);
#5052=ORIENTED_EDGE('',*,*,#7023,.T.);
#5053=ORIENTED_EDGE('',*,*,#7024,.F.);
#5054=ORIENTED_EDGE('',*,*,#7025,.F.);
#5055=ORIENTED_EDGE('',*,*,#7026,.T.);
#5056=ORIENTED_EDGE('',*,*,#7027,.T.);
#5057=ORIENTED_EDGE('',*,*,#7028,.F.);
#5058=ORIENTED_EDGE('',*,*,#7029,.F.);
#5059=ORIENTED_EDGE('',*,*,#7024,.T.);
#5060=ORIENTED_EDGE('',*,*,#7030,.T.);
#5061=ORIENTED_EDGE('',*,*,#7031,.F.);
#5062=ORIENTED_EDGE('',*,*,#7032,.F.);
#5063=ORIENTED_EDGE('',*,*,#7028,.T.);
#5064=ORIENTED_EDGE('',*,*,#5678,.T.);
#5065=ORIENTED_EDGE('',*,*,#5849,.T.);
#5066=ORIENTED_EDGE('',*,*,#7033,.F.);
#5067=ORIENTED_EDGE('',*,*,#7034,.F.);
#5068=ORIENTED_EDGE('',*,*,#5848,.T.);
#5069=ORIENTED_EDGE('',*,*,#7035,.F.);
#5070=ORIENTED_EDGE('',*,*,#7036,.F.);
#5071=ORIENTED_EDGE('',*,*,#7033,.T.);
#5072=ORIENTED_EDGE('',*,*,#5847,.T.);
#5073=ORIENTED_EDGE('',*,*,#7037,.F.);
#5074=ORIENTED_EDGE('',*,*,#7038,.F.);
#5075=ORIENTED_EDGE('',*,*,#7035,.T.);
#5076=ORIENTED_EDGE('',*,*,#5846,.T.);
#5077=ORIENTED_EDGE('',*,*,#7039,.F.);
#5078=ORIENTED_EDGE('',*,*,#7040,.F.);
#5079=ORIENTED_EDGE('',*,*,#7037,.T.);
#5080=ORIENTED_EDGE('',*,*,#5845,.T.);
#5081=ORIENTED_EDGE('',*,*,#7041,.F.);
#5082=ORIENTED_EDGE('',*,*,#7042,.F.);
#5083=ORIENTED_EDGE('',*,*,#7039,.T.);
#5084=ORIENTED_EDGE('',*,*,#5844,.T.);
#5085=ORIENTED_EDGE('',*,*,#7043,.F.);
#5086=ORIENTED_EDGE('',*,*,#7044,.F.);
#5087=ORIENTED_EDGE('',*,*,#7041,.T.);
#5088=ORIENTED_EDGE('',*,*,#5843,.T.);
#5089=ORIENTED_EDGE('',*,*,#7045,.F.);
#5090=ORIENTED_EDGE('',*,*,#7046,.F.);
#5091=ORIENTED_EDGE('',*,*,#7043,.T.);
#5092=ORIENTED_EDGE('',*,*,#5842,.T.);
#5093=ORIENTED_EDGE('',*,*,#7047,.F.);
#5094=ORIENTED_EDGE('',*,*,#7048,.F.);
#5095=ORIENTED_EDGE('',*,*,#7045,.T.);
#5096=ORIENTED_EDGE('',*,*,#5841,.T.);
#5097=ORIENTED_EDGE('',*,*,#7049,.F.);
#5098=ORIENTED_EDGE('',*,*,#7050,.F.);
#5099=ORIENTED_EDGE('',*,*,#7047,.T.);
#5100=ORIENTED_EDGE('',*,*,#5840,.T.);
#5101=ORIENTED_EDGE('',*,*,#7051,.F.);
#5102=ORIENTED_EDGE('',*,*,#7052,.F.);
#5103=ORIENTED_EDGE('',*,*,#7049,.T.);
#5104=ORIENTED_EDGE('',*,*,#5839,.T.);
#5105=ORIENTED_EDGE('',*,*,#7053,.F.);
#5106=ORIENTED_EDGE('',*,*,#7054,.F.);
#5107=ORIENTED_EDGE('',*,*,#7051,.T.);
#5108=ORIENTED_EDGE('',*,*,#5838,.T.);
#5109=ORIENTED_EDGE('',*,*,#7055,.F.);
#5110=ORIENTED_EDGE('',*,*,#7056,.F.);
#5111=ORIENTED_EDGE('',*,*,#7053,.T.);
#5112=ORIENTED_EDGE('',*,*,#5837,.T.);
#5113=ORIENTED_EDGE('',*,*,#7057,.F.);
#5114=ORIENTED_EDGE('',*,*,#7058,.F.);
#5115=ORIENTED_EDGE('',*,*,#7055,.T.);
#5116=ORIENTED_EDGE('',*,*,#5836,.T.);
#5117=ORIENTED_EDGE('',*,*,#7059,.F.);
#5118=ORIENTED_EDGE('',*,*,#7060,.F.);
#5119=ORIENTED_EDGE('',*,*,#7057,.T.);
#5120=ORIENTED_EDGE('',*,*,#5835,.T.);
#5121=ORIENTED_EDGE('',*,*,#7061,.F.);
#5122=ORIENTED_EDGE('',*,*,#7062,.F.);
#5123=ORIENTED_EDGE('',*,*,#7059,.T.);
#5124=ORIENTED_EDGE('',*,*,#5834,.T.);
#5125=ORIENTED_EDGE('',*,*,#7063,.F.);
#5126=ORIENTED_EDGE('',*,*,#7064,.F.);
#5127=ORIENTED_EDGE('',*,*,#7061,.T.);
#5128=ORIENTED_EDGE('',*,*,#5833,.T.);
#5129=ORIENTED_EDGE('',*,*,#7065,.F.);
#5130=ORIENTED_EDGE('',*,*,#7066,.F.);
#5131=ORIENTED_EDGE('',*,*,#7063,.T.);
#5132=ORIENTED_EDGE('',*,*,#5832,.T.);
#5133=ORIENTED_EDGE('',*,*,#7067,.F.);
#5134=ORIENTED_EDGE('',*,*,#7068,.F.);
#5135=ORIENTED_EDGE('',*,*,#7065,.T.);
#5136=ORIENTED_EDGE('',*,*,#5831,.T.);
#5137=ORIENTED_EDGE('',*,*,#7069,.F.);
#5138=ORIENTED_EDGE('',*,*,#7070,.F.);
#5139=ORIENTED_EDGE('',*,*,#7067,.T.);
#5140=ORIENTED_EDGE('',*,*,#5830,.T.);
#5141=ORIENTED_EDGE('',*,*,#7071,.F.);
#5142=ORIENTED_EDGE('',*,*,#7072,.F.);
#5143=ORIENTED_EDGE('',*,*,#7069,.T.);
#5144=ORIENTED_EDGE('',*,*,#5829,.T.);
#5145=ORIENTED_EDGE('',*,*,#7073,.F.);
#5146=ORIENTED_EDGE('',*,*,#7074,.F.);
#5147=ORIENTED_EDGE('',*,*,#7071,.T.);
#5148=ORIENTED_EDGE('',*,*,#5828,.T.);
#5149=ORIENTED_EDGE('',*,*,#7075,.F.);
#5150=ORIENTED_EDGE('',*,*,#7076,.F.);
#5151=ORIENTED_EDGE('',*,*,#7073,.T.);
#5152=ORIENTED_EDGE('',*,*,#5827,.T.);
#5153=ORIENTED_EDGE('',*,*,#7077,.F.);
#5154=ORIENTED_EDGE('',*,*,#7078,.F.);
#5155=ORIENTED_EDGE('',*,*,#7075,.T.);
#5156=ORIENTED_EDGE('',*,*,#5826,.T.);
#5157=ORIENTED_EDGE('',*,*,#7079,.F.);
#5158=ORIENTED_EDGE('',*,*,#7080,.F.);
#5159=ORIENTED_EDGE('',*,*,#7077,.T.);
#5160=ORIENTED_EDGE('',*,*,#5825,.T.);
#5161=ORIENTED_EDGE('',*,*,#7081,.F.);
#5162=ORIENTED_EDGE('',*,*,#7082,.F.);
#5163=ORIENTED_EDGE('',*,*,#7079,.T.);
#5164=ORIENTED_EDGE('',*,*,#5824,.T.);
#5165=ORIENTED_EDGE('',*,*,#7083,.F.);
#5166=ORIENTED_EDGE('',*,*,#7084,.F.);
#5167=ORIENTED_EDGE('',*,*,#7081,.T.);
#5168=ORIENTED_EDGE('',*,*,#5823,.T.);
#5169=ORIENTED_EDGE('',*,*,#7085,.F.);
#5170=ORIENTED_EDGE('',*,*,#7086,.F.);
#5171=ORIENTED_EDGE('',*,*,#7083,.T.);
#5172=ORIENTED_EDGE('',*,*,#5822,.T.);
#5173=ORIENTED_EDGE('',*,*,#7087,.F.);
#5174=ORIENTED_EDGE('',*,*,#7088,.F.);
#5175=ORIENTED_EDGE('',*,*,#7085,.T.);
#5176=ORIENTED_EDGE('',*,*,#5680,.T.);
#5177=ORIENTED_EDGE('',*,*,#7089,.F.);
#5178=ORIENTED_EDGE('',*,*,#7087,.T.);
#5179=ORIENTED_EDGE('',*,*,#5821,.T.);
#5180=ORIENTED_EDGE('',*,*,#7090,.T.);
#5181=ORIENTED_EDGE('',*,*,#7016,.F.);
#5182=ORIENTED_EDGE('',*,*,#7091,.F.);
#5183=ORIENTED_EDGE('',*,*,#7021,.T.);
#5184=ORIENTED_EDGE('',*,*,#7092,.T.);
#5185=ORIENTED_EDGE('',*,*,#7026,.F.);
#5186=ORIENTED_EDGE('',*,*,#7093,.F.);
#5187=ORIENTED_EDGE('',*,*,#7031,.T.);
#5188=ORIENTED_EDGE('',*,*,#7094,.T.);
#5189=ORIENTED_EDGE('',*,*,#7006,.F.);
#5190=ORIENTED_EDGE('',*,*,#7095,.F.);
#5191=ORIENTED_EDGE('',*,*,#7011,.T.);
#5192=ORIENTED_EDGE('',*,*,#7034,.T.);
#5193=ORIENTED_EDGE('',*,*,#7036,.T.);
#5194=ORIENTED_EDGE('',*,*,#7038,.T.);
#5195=ORIENTED_EDGE('',*,*,#7040,.T.);
#5196=ORIENTED_EDGE('',*,*,#7042,.T.);
#5197=ORIENTED_EDGE('',*,*,#7044,.T.);
#5198=ORIENTED_EDGE('',*,*,#7046,.T.);
#5199=ORIENTED_EDGE('',*,*,#7048,.T.);
#5200=ORIENTED_EDGE('',*,*,#7050,.T.);
#5201=ORIENTED_EDGE('',*,*,#7052,.T.);
#5202=ORIENTED_EDGE('',*,*,#7054,.T.);
#5203=ORIENTED_EDGE('',*,*,#7056,.T.);
#5204=ORIENTED_EDGE('',*,*,#7058,.T.);
#5205=ORIENTED_EDGE('',*,*,#7060,.T.);
#5206=ORIENTED_EDGE('',*,*,#7062,.T.);
#5207=ORIENTED_EDGE('',*,*,#7064,.T.);
#5208=ORIENTED_EDGE('',*,*,#7066,.T.);
#5209=ORIENTED_EDGE('',*,*,#7068,.T.);
#5210=ORIENTED_EDGE('',*,*,#7070,.T.);
#5211=ORIENTED_EDGE('',*,*,#7072,.T.);
#5212=ORIENTED_EDGE('',*,*,#7074,.T.);
#5213=ORIENTED_EDGE('',*,*,#7076,.T.);
#5214=ORIENTED_EDGE('',*,*,#7078,.T.);
#5215=ORIENTED_EDGE('',*,*,#7080,.T.);
#5216=ORIENTED_EDGE('',*,*,#7082,.T.);
#5217=ORIENTED_EDGE('',*,*,#7084,.T.);
#5218=ORIENTED_EDGE('',*,*,#7086,.T.);
#5219=ORIENTED_EDGE('',*,*,#7088,.T.);
#5220=ORIENTED_EDGE('',*,*,#7089,.T.);
#5221=ORIENTED_EDGE('',*,*,#5679,.F.);
#5222=ORIENTED_EDGE('',*,*,#7025,.T.);
#5223=ORIENTED_EDGE('',*,*,#7029,.T.);
#5224=ORIENTED_EDGE('',*,*,#7032,.T.);
#5225=ORIENTED_EDGE('',*,*,#7093,.T.);
#5226=ORIENTED_EDGE('',*,*,#7015,.T.);
#5227=ORIENTED_EDGE('',*,*,#7019,.T.);
#5228=ORIENTED_EDGE('',*,*,#7022,.T.);
#5229=ORIENTED_EDGE('',*,*,#7091,.T.);
#5230=ORIENTED_EDGE('',*,*,#7005,.T.);
#5231=ORIENTED_EDGE('',*,*,#7009,.T.);
#5232=ORIENTED_EDGE('',*,*,#7012,.T.);
#5233=ORIENTED_EDGE('',*,*,#7095,.T.);
#5234=ORIENTED_EDGE('',*,*,#7023,.F.);
#5235=ORIENTED_EDGE('',*,*,#7092,.F.);
#5236=ORIENTED_EDGE('',*,*,#7030,.F.);
#5237=ORIENTED_EDGE('',*,*,#7027,.F.);
#5238=ORIENTED_EDGE('',*,*,#7013,.F.);
#5239=ORIENTED_EDGE('',*,*,#7090,.F.);
#5240=ORIENTED_EDGE('',*,*,#7020,.F.);
#5241=ORIENTED_EDGE('',*,*,#7017,.F.);
#5242=ORIENTED_EDGE('',*,*,#7096,.T.);
#5243=ORIENTED_EDGE('',*,*,#7097,.F.);
#5244=ORIENTED_EDGE('',*,*,#7098,.F.);
#5245=ORIENTED_EDGE('',*,*,#7099,.T.);
#5246=ORIENTED_EDGE('',*,*,#7100,.T.);
#5247=ORIENTED_EDGE('',*,*,#7101,.F.);
#5248=ORIENTED_EDGE('',*,*,#7102,.F.);
#5249=ORIENTED_EDGE('',*,*,#7097,.T.);
#5250=ORIENTED_EDGE('',*,*,#5874,.T.);
#5251=ORIENTED_EDGE('',*,*,#7103,.F.);
#5252=ORIENTED_EDGE('',*,*,#7104,.F.);
#5253=ORIENTED_EDGE('',*,*,#7105,.T.);
#5254=ORIENTED_EDGE('',*,*,#5887,.T.);
#5255=ORIENTED_EDGE('',*,*,#7106,.F.);
#5256=ORIENTED_EDGE('',*,*,#7107,.F.);
#5257=ORIENTED_EDGE('',*,*,#7103,.T.);
#5258=ORIENTED_EDGE('',*,*,#5886,.T.);
#5259=ORIENTED_EDGE('',*,*,#7108,.F.);
#5260=ORIENTED_EDGE('',*,*,#7109,.F.);
#5261=ORIENTED_EDGE('',*,*,#7106,.T.);
#5262=ORIENTED_EDGE('',*,*,#5885,.T.);
#5263=ORIENTED_EDGE('',*,*,#7110,.F.);
#5264=ORIENTED_EDGE('',*,*,#7111,.F.);
#5265=ORIENTED_EDGE('',*,*,#7108,.T.);
#5266=ORIENTED_EDGE('',*,*,#5884,.T.);
#5267=ORIENTED_EDGE('',*,*,#7112,.F.);
#5268=ORIENTED_EDGE('',*,*,#7113,.F.);
#5269=ORIENTED_EDGE('',*,*,#7110,.T.);
#5270=ORIENTED_EDGE('',*,*,#5883,.T.);
#5271=ORIENTED_EDGE('',*,*,#7114,.F.);
#5272=ORIENTED_EDGE('',*,*,#7115,.F.);
#5273=ORIENTED_EDGE('',*,*,#7112,.T.);
#5274=ORIENTED_EDGE('',*,*,#5882,.T.);
#5275=ORIENTED_EDGE('',*,*,#7116,.F.);
#5276=ORIENTED_EDGE('',*,*,#7117,.F.);
#5277=ORIENTED_EDGE('',*,*,#7114,.T.);
#5278=ORIENTED_EDGE('',*,*,#5881,.T.);
#5279=ORIENTED_EDGE('',*,*,#7118,.F.);
#5280=ORIENTED_EDGE('',*,*,#7119,.F.);
#5281=ORIENTED_EDGE('',*,*,#7116,.T.);
#5282=ORIENTED_EDGE('',*,*,#5880,.T.);
#5283=ORIENTED_EDGE('',*,*,#7120,.F.);
#5284=ORIENTED_EDGE('',*,*,#7121,.F.);
#5285=ORIENTED_EDGE('',*,*,#7118,.T.);
#5286=ORIENTED_EDGE('',*,*,#5879,.T.);
#5287=ORIENTED_EDGE('',*,*,#7122,.F.);
#5288=ORIENTED_EDGE('',*,*,#7123,.F.);
#5289=ORIENTED_EDGE('',*,*,#7120,.T.);
#5290=ORIENTED_EDGE('',*,*,#5878,.T.);
#5291=ORIENTED_EDGE('',*,*,#7124,.F.);
#5292=ORIENTED_EDGE('',*,*,#7125,.F.);
#5293=ORIENTED_EDGE('',*,*,#7122,.T.);
#5294=ORIENTED_EDGE('',*,*,#5877,.T.);
#5295=ORIENTED_EDGE('',*,*,#7126,.F.);
#5296=ORIENTED_EDGE('',*,*,#7127,.F.);
#5297=ORIENTED_EDGE('',*,*,#7124,.T.);
#5298=ORIENTED_EDGE('',*,*,#5876,.T.);
#5299=ORIENTED_EDGE('',*,*,#7128,.F.);
#5300=ORIENTED_EDGE('',*,*,#7129,.F.);
#5301=ORIENTED_EDGE('',*,*,#7126,.T.);
#5302=ORIENTED_EDGE('',*,*,#5875,.T.);
#5303=ORIENTED_EDGE('',*,*,#7105,.F.);
#5304=ORIENTED_EDGE('',*,*,#7130,.F.);
#5305=ORIENTED_EDGE('',*,*,#7128,.T.);
#5306=ORIENTED_EDGE('',*,*,#7131,.T.);
#5307=ORIENTED_EDGE('',*,*,#7099,.F.);
#5308=ORIENTED_EDGE('',*,*,#7132,.F.);
#5309=ORIENTED_EDGE('',*,*,#7101,.T.);
#5310=ORIENTED_EDGE('',*,*,#7104,.T.);
#5311=ORIENTED_EDGE('',*,*,#7107,.T.);
#5312=ORIENTED_EDGE('',*,*,#7109,.T.);
#5313=ORIENTED_EDGE('',*,*,#7111,.T.);
#5314=ORIENTED_EDGE('',*,*,#7113,.T.);
#5315=ORIENTED_EDGE('',*,*,#7115,.T.);
#5316=ORIENTED_EDGE('',*,*,#7117,.T.);
#5317=ORIENTED_EDGE('',*,*,#7119,.T.);
#5318=ORIENTED_EDGE('',*,*,#7121,.T.);
#5319=ORIENTED_EDGE('',*,*,#7123,.T.);
#5320=ORIENTED_EDGE('',*,*,#7125,.T.);
#5321=ORIENTED_EDGE('',*,*,#7127,.T.);
#5322=ORIENTED_EDGE('',*,*,#7129,.T.);
#5323=ORIENTED_EDGE('',*,*,#7130,.T.);
#5324=ORIENTED_EDGE('',*,*,#7098,.T.);
#5325=ORIENTED_EDGE('',*,*,#7102,.T.);
#5326=ORIENTED_EDGE('',*,*,#7132,.T.);
#5327=ORIENTED_EDGE('',*,*,#5866,.T.);
#5328=ORIENTED_EDGE('',*,*,#7133,.F.);
#5329=ORIENTED_EDGE('',*,*,#7134,.F.);
#5330=ORIENTED_EDGE('',*,*,#7135,.T.);
#5331=ORIENTED_EDGE('',*,*,#5873,.T.);
#5332=ORIENTED_EDGE('',*,*,#7136,.F.);
#5333=ORIENTED_EDGE('',*,*,#7137,.F.);
#5334=ORIENTED_EDGE('',*,*,#7133,.T.);
#5335=ORIENTED_EDGE('',*,*,#5872,.T.);
#5336=ORIENTED_EDGE('',*,*,#7138,.F.);
#5337=ORIENTED_EDGE('',*,*,#7139,.F.);
#5338=ORIENTED_EDGE('',*,*,#7136,.T.);
#5339=ORIENTED_EDGE('',*,*,#5871,.T.);
#5340=ORIENTED_EDGE('',*,*,#7140,.F.);
#5341=ORIENTED_EDGE('',*,*,#7141,.F.);
#5342=ORIENTED_EDGE('',*,*,#7138,.T.);
#5343=ORIENTED_EDGE('',*,*,#5870,.T.);
#5344=ORIENTED_EDGE('',*,*,#7142,.F.);
#5345=ORIENTED_EDGE('',*,*,#7143,.F.);
#5346=ORIENTED_EDGE('',*,*,#7140,.T.);
#5347=ORIENTED_EDGE('',*,*,#5869,.T.);
#5348=ORIENTED_EDGE('',*,*,#7144,.F.);
#5349=ORIENTED_EDGE('',*,*,#7145,.F.);
#5350=ORIENTED_EDGE('',*,*,#7142,.T.);
#5351=ORIENTED_EDGE('',*,*,#5868,.T.);
#5352=ORIENTED_EDGE('',*,*,#7146,.F.);
#5353=ORIENTED_EDGE('',*,*,#7147,.F.);
#5354=ORIENTED_EDGE('',*,*,#7144,.T.);
#5355=ORIENTED_EDGE('',*,*,#5867,.T.);
#5356=ORIENTED_EDGE('',*,*,#7135,.F.);
#5357=ORIENTED_EDGE('',*,*,#7148,.F.);
#5358=ORIENTED_EDGE('',*,*,#7146,.T.);
#5359=ORIENTED_EDGE('',*,*,#7134,.T.);
#5360=ORIENTED_EDGE('',*,*,#7137,.T.);
#5361=ORIENTED_EDGE('',*,*,#7139,.T.);
#5362=ORIENTED_EDGE('',*,*,#7141,.T.);
#5363=ORIENTED_EDGE('',*,*,#7143,.T.);
#5364=ORIENTED_EDGE('',*,*,#7145,.T.);
#5365=ORIENTED_EDGE('',*,*,#7147,.T.);
#5366=ORIENTED_EDGE('',*,*,#7148,.T.);
#5367=ORIENTED_EDGE('',*,*,#5862,.T.);
#5368=ORIENTED_EDGE('',*,*,#7149,.F.);
#5369=ORIENTED_EDGE('',*,*,#7150,.F.);
#5370=ORIENTED_EDGE('',*,*,#7151,.T.);
#5371=ORIENTED_EDGE('',*,*,#5865,.T.);
#5372=ORIENTED_EDGE('',*,*,#7152,.F.);
#5373=ORIENTED_EDGE('',*,*,#7153,.F.);
#5374=ORIENTED_EDGE('',*,*,#7149,.T.);
#5375=ORIENTED_EDGE('',*,*,#5864,.T.);
#5376=ORIENTED_EDGE('',*,*,#7154,.F.);
#5377=ORIENTED_EDGE('',*,*,#7155,.F.);
#5378=ORIENTED_EDGE('',*,*,#7152,.T.);
#5379=ORIENTED_EDGE('',*,*,#5863,.T.);
#5380=ORIENTED_EDGE('',*,*,#7151,.F.);
#5381=ORIENTED_EDGE('',*,*,#7156,.F.);
#5382=ORIENTED_EDGE('',*,*,#7154,.T.);
#5383=ORIENTED_EDGE('',*,*,#7150,.T.);
#5384=ORIENTED_EDGE('',*,*,#7153,.T.);
#5385=ORIENTED_EDGE('',*,*,#7155,.T.);
#5386=ORIENTED_EDGE('',*,*,#7156,.T.);
#5387=ORIENTED_EDGE('',*,*,#5858,.T.);
#5388=ORIENTED_EDGE('',*,*,#7157,.F.);
#5389=ORIENTED_EDGE('',*,*,#7158,.F.);
#5390=ORIENTED_EDGE('',*,*,#7159,.T.);
#5391=ORIENTED_EDGE('',*,*,#5861,.T.);
#5392=ORIENTED_EDGE('',*,*,#7160,.F.);
#5393=ORIENTED_EDGE('',*,*,#7161,.F.);
#5394=ORIENTED_EDGE('',*,*,#7157,.T.);
#5395=ORIENTED_EDGE('',*,*,#5860,.T.);
#5396=ORIENTED_EDGE('',*,*,#7162,.F.);
#5397=ORIENTED_EDGE('',*,*,#7163,.F.);
#5398=ORIENTED_EDGE('',*,*,#7160,.T.);
#5399=ORIENTED_EDGE('',*,*,#5859,.T.);
#5400=ORIENTED_EDGE('',*,*,#7159,.F.);
#5401=ORIENTED_EDGE('',*,*,#7164,.F.);
#5402=ORIENTED_EDGE('',*,*,#7162,.T.);
#5403=ORIENTED_EDGE('',*,*,#7158,.T.);
#5404=ORIENTED_EDGE('',*,*,#7161,.T.);
#5405=ORIENTED_EDGE('',*,*,#7163,.T.);
#5406=ORIENTED_EDGE('',*,*,#7164,.T.);
#5407=ORIENTED_EDGE('',*,*,#5852,.T.);
#5408=ORIENTED_EDGE('',*,*,#7165,.F.);
#5409=ORIENTED_EDGE('',*,*,#7166,.F.);
#5410=ORIENTED_EDGE('',*,*,#7167,.T.);
#5411=ORIENTED_EDGE('',*,*,#5857,.T.);
#5412=ORIENTED_EDGE('',*,*,#7168,.F.);
#5413=ORIENTED_EDGE('',*,*,#7169,.F.);
#5414=ORIENTED_EDGE('',*,*,#7165,.T.);
#5415=ORIENTED_EDGE('',*,*,#5856,.T.);
#5416=ORIENTED_EDGE('',*,*,#7170,.F.);
#5417=ORIENTED_EDGE('',*,*,#7171,.F.);
#5418=ORIENTED_EDGE('',*,*,#7168,.T.);
#5419=ORIENTED_EDGE('',*,*,#5855,.T.);
#5420=ORIENTED_EDGE('',*,*,#7172,.F.);
#5421=ORIENTED_EDGE('',*,*,#7173,.F.);
#5422=ORIENTED_EDGE('',*,*,#7170,.T.);
#5423=ORIENTED_EDGE('',*,*,#5854,.T.);
#5424=ORIENTED_EDGE('',*,*,#7174,.F.);
#5425=ORIENTED_EDGE('',*,*,#7175,.F.);
#5426=ORIENTED_EDGE('',*,*,#7172,.T.);
#5427=ORIENTED_EDGE('',*,*,#5853,.T.);
#5428=ORIENTED_EDGE('',*,*,#7167,.F.);
#5429=ORIENTED_EDGE('',*,*,#7176,.F.);
#5430=ORIENTED_EDGE('',*,*,#7174,.T.);
#5431=ORIENTED_EDGE('',*,*,#7166,.T.);
#5432=ORIENTED_EDGE('',*,*,#7169,.T.);
#5433=ORIENTED_EDGE('',*,*,#7171,.T.);
#5434=ORIENTED_EDGE('',*,*,#7173,.T.);
#5435=ORIENTED_EDGE('',*,*,#7175,.T.);
#5436=ORIENTED_EDGE('',*,*,#7176,.T.);
#5437=ORIENTED_EDGE('',*,*,#7003,.F.);
#5438=ORIENTED_EDGE('',*,*,#7094,.F.);
#5439=ORIENTED_EDGE('',*,*,#7010,.F.);
#5440=ORIENTED_EDGE('',*,*,#7007,.F.);
#5441=ORIENTED_EDGE('',*,*,#7096,.F.);
#5442=ORIENTED_EDGE('',*,*,#7131,.F.);
#5443=ORIENTED_EDGE('',*,*,#7100,.F.);
#5444=ORIENTED_EDGE('',*,*,#5819,.T.);
#5445=ORIENTED_EDGE('',*,*,#6221,.F.);
#5446=ORIENTED_EDGE('',*,*,#7177,.F.);
#5447=ORIENTED_EDGE('',*,*,#5666,.T.);
#5448=ORIENTED_EDGE('',*,*,#5896,.F.);
#5449=ORIENTED_EDGE('',*,*,#5668,.F.);
#5450=ORIENTED_EDGE('',*,*,#7178,.T.);
#5451=ORIENTED_EDGE('',*,*,#6219,.T.);
#5452=ORIENTED_EDGE('',*,*,#5667,.T.);
#5453=ORIENTED_EDGE('',*,*,#7177,.T.);
#5454=ORIENTED_EDGE('',*,*,#6220,.F.);
#5455=ORIENTED_EDGE('',*,*,#7178,.F.);
#5456=ORIENTED_EDGE('',*,*,#5895,.T.);
#5457=ORIENTED_EDGE('',*,*,#6218,.F.);
#5458=ORIENTED_EDGE('',*,*,#7179,.F.);
#5459=ORIENTED_EDGE('',*,*,#5670,.T.);
#5460=ORIENTED_EDGE('',*,*,#5893,.F.);
#5461=ORIENTED_EDGE('',*,*,#5672,.F.);
#5462=ORIENTED_EDGE('',*,*,#7180,.T.);
#5463=ORIENTED_EDGE('',*,*,#6216,.T.);
#5464=ORIENTED_EDGE('',*,*,#5671,.T.);
#5465=ORIENTED_EDGE('',*,*,#7179,.T.);
#5466=ORIENTED_EDGE('',*,*,#6217,.F.);
#5467=ORIENTED_EDGE('',*,*,#7180,.F.);
#5468=ORIENTED_EDGE('',*,*,#5892,.T.);
#5469=ORIENTED_EDGE('',*,*,#6215,.F.);
#5470=ORIENTED_EDGE('',*,*,#7181,.F.);
#5471=ORIENTED_EDGE('',*,*,#5674,.T.);
#5472=ORIENTED_EDGE('',*,*,#5850,.F.);
#5473=ORIENTED_EDGE('',*,*,#5676,.F.);
#5474=ORIENTED_EDGE('',*,*,#7182,.T.);
#5475=ORIENTED_EDGE('',*,*,#6213,.T.);
#5476=ORIENTED_EDGE('',*,*,#5675,.T.);
#5477=ORIENTED_EDGE('',*,*,#7181,.T.);
#5478=ORIENTED_EDGE('',*,*,#6214,.F.);
#5479=ORIENTED_EDGE('',*,*,#7182,.F.);
#5480=ORIENTED_EDGE('',*,*,#5898,.T.);
#5481=ORIENTED_EDGE('',*,*,#6224,.F.);
#5482=ORIENTED_EDGE('',*,*,#7183,.F.);
#5483=ORIENTED_EDGE('',*,*,#5662,.T.);
#5484=ORIENTED_EDGE('',*,*,#5817,.F.);
#5485=ORIENTED_EDGE('',*,*,#5664,.F.);
#5486=ORIENTED_EDGE('',*,*,#7184,.T.);
#5487=ORIENTED_EDGE('',*,*,#6222,.T.);
#5488=ORIENTED_EDGE('',*,*,#5663,.T.);
#5489=ORIENTED_EDGE('',*,*,#7183,.T.);
#5490=ORIENTED_EDGE('',*,*,#6223,.F.);
#5491=ORIENTED_EDGE('',*,*,#7184,.F.);
#5492=ORIENTED_EDGE('',*,*,#5813,.T.);
#5493=ORIENTED_EDGE('',*,*,#6206,.F.);
#5494=ORIENTED_EDGE('',*,*,#7185,.F.);
#5495=ORIENTED_EDGE('',*,*,#5690,.T.);
#5496=ORIENTED_EDGE('',*,*,#5815,.F.);
#5497=ORIENTED_EDGE('',*,*,#5692,.F.);
#5498=ORIENTED_EDGE('',*,*,#7186,.T.);
#5499=ORIENTED_EDGE('',*,*,#6204,.T.);
#5500=ORIENTED_EDGE('',*,*,#5691,.F.);
#5501=ORIENTED_EDGE('',*,*,#7185,.T.);
#5502=ORIENTED_EDGE('',*,*,#6205,.T.);
#5503=ORIENTED_EDGE('',*,*,#7186,.F.);
#5504=ORIENTED_EDGE('',*,*,#5810,.T.);
#5505=ORIENTED_EDGE('',*,*,#6209,.F.);
#5506=ORIENTED_EDGE('',*,*,#7187,.F.);
#5507=ORIENTED_EDGE('',*,*,#5686,.T.);
#5508=ORIENTED_EDGE('',*,*,#5811,.F.);
#5509=ORIENTED_EDGE('',*,*,#5688,.F.);
#5510=ORIENTED_EDGE('',*,*,#7188,.T.);
#5511=ORIENTED_EDGE('',*,*,#6207,.T.);
#5512=ORIENTED_EDGE('',*,*,#5687,.F.);
#5513=ORIENTED_EDGE('',*,*,#7187,.T.);
#5514=ORIENTED_EDGE('',*,*,#6208,.T.);
#5515=ORIENTED_EDGE('',*,*,#7188,.F.);
#5516=ORIENTED_EDGE('',*,*,#5820,.T.);
#5517=ORIENTED_EDGE('',*,*,#6212,.F.);
#5518=ORIENTED_EDGE('',*,*,#7189,.F.);
#5519=ORIENTED_EDGE('',*,*,#5682,.T.);
#5520=ORIENTED_EDGE('',*,*,#5808,.F.);
#5521=ORIENTED_EDGE('',*,*,#5684,.F.);
#5522=ORIENTED_EDGE('',*,*,#7190,.T.);
#5523=ORIENTED_EDGE('',*,*,#6210,.T.);
#5524=ORIENTED_EDGE('',*,*,#5683,.F.);
#5525=ORIENTED_EDGE('',*,*,#7189,.T.);
#5526=ORIENTED_EDGE('',*,*,#6211,.T.);
#5527=ORIENTED_EDGE('',*,*,#7190,.F.);
#5528=ORIENTED_EDGE('',*,*,#5814,.T.);
#5529=ORIENTED_EDGE('',*,*,#6203,.F.);
#5530=ORIENTED_EDGE('',*,*,#7191,.F.);
#5531=ORIENTED_EDGE('',*,*,#5694,.T.);
#5532=ORIENTED_EDGE('',*,*,#5805,.F.);
#5533=ORIENTED_EDGE('',*,*,#5696,.F.);
#5534=ORIENTED_EDGE('',*,*,#7192,.T.);
#5535=ORIENTED_EDGE('',*,*,#6201,.T.);
#5536=ORIENTED_EDGE('',*,*,#5695,.F.);
#5537=ORIENTED_EDGE('',*,*,#7191,.T.);
#5538=ORIENTED_EDGE('',*,*,#6202,.T.);
#5539=ORIENTED_EDGE('',*,*,#7192,.F.);
#5540=ORIENTED_EDGE('',*,*,#6304,.T.);
#5541=ORIENTED_EDGE('',*,*,#7193,.F.);
#5542=ORIENTED_EDGE('',*,*,#7194,.F.);
#5543=ORIENTED_EDGE('',*,*,#7195,.T.);
#5544=ORIENTED_EDGE('',*,*,#5802,.T.);
#5545=ORIENTED_EDGE('',*,*,#6199,.F.);
#5546=ORIENTED_EDGE('',*,*,#7196,.F.);
#5547=ORIENTED_EDGE('',*,*,#7193,.T.);
#5548=ORIENTED_EDGE('',*,*,#5793,.F.);
#5549=ORIENTED_EDGE('',*,*,#7195,.F.);
#5550=ORIENTED_EDGE('',*,*,#7197,.T.);
#5551=ORIENTED_EDGE('',*,*,#6197,.T.);
#5552=ORIENTED_EDGE('',*,*,#7194,.T.);
#5553=ORIENTED_EDGE('',*,*,#7196,.T.);
#5554=ORIENTED_EDGE('',*,*,#6198,.T.);
#5555=ORIENTED_EDGE('',*,*,#7197,.F.);
#5556=ORIENTED_EDGE('',*,*,#5801,.T.);
#5557=ORIENTED_EDGE('',*,*,#6278,.F.);
#5558=ORIENTED_EDGE('',*,*,#7198,.F.);
#5559=ORIENTED_EDGE('',*,*,#5643,.T.);
#5560=ORIENTED_EDGE('',*,*,#5797,.F.);
#5561=ORIENTED_EDGE('',*,*,#7199,.F.);
#5562=ORIENTED_EDGE('',*,*,#7200,.T.);
#5563=ORIENTED_EDGE('',*,*,#6276,.T.);
#5564=ORIENTED_EDGE('',*,*,#6302,.T.);
#5565=ORIENTED_EDGE('',*,*,#5645,.F.);
#5566=ORIENTED_EDGE('',*,*,#7201,.F.);
#5567=ORIENTED_EDGE('',*,*,#7199,.T.);
#5568=ORIENTED_EDGE('',*,*,#5644,.F.);
#5569=ORIENTED_EDGE('',*,*,#7198,.T.);
#5570=ORIENTED_EDGE('',*,*,#6277,.T.);
#5571=ORIENTED_EDGE('',*,*,#7200,.F.);
#5572=ORIENTED_EDGE('',*,*,#7201,.T.);
#5573=ORIENTED_EDGE('',*,*,#6303,.T.);
#5574=ORIENTED_EDGE('',*,*,#7202,.F.);
#5575=ORIENTED_EDGE('',*,*,#7203,.F.);
#5576=ORIENTED_EDGE('',*,*,#6273,.T.);
#5577=ORIENTED_EDGE('',*,*,#5795,.T.);
#5578=ORIENTED_EDGE('',*,*,#6275,.F.);
#5579=ORIENTED_EDGE('',*,*,#7204,.F.);
#5580=ORIENTED_EDGE('',*,*,#7202,.T.);
#5581=ORIENTED_EDGE('',*,*,#7203,.T.);
#5582=ORIENTED_EDGE('',*,*,#7204,.T.);
#5583=ORIENTED_EDGE('',*,*,#6274,.T.);
#5584=ORIENTED_EDGE('',*,*,#5789,.F.);
#5585=ORIENTED_EDGE('',*,*,#5702,.F.);
#5586=ORIENTED_EDGE('',*,*,#7205,.T.);
#5587=ORIENTED_EDGE('',*,*,#6194,.T.);
#5588=ORIENTED_EDGE('',*,*,#5791,.T.);
#5589=ORIENTED_EDGE('',*,*,#6196,.F.);
#5590=ORIENTED_EDGE('',*,*,#7206,.F.);
#5591=ORIENTED_EDGE('',*,*,#5700,.T.);
#5592=ORIENTED_EDGE('',*,*,#7205,.F.);
#5593=ORIENTED_EDGE('',*,*,#5701,.F.);
#5594=ORIENTED_EDGE('',*,*,#7206,.T.);
#5595=ORIENTED_EDGE('',*,*,#6195,.T.);
#5596=ORIENTED_EDGE('',*,*,#5788,.T.);
#5597=ORIENTED_EDGE('',*,*,#6193,.F.);
#5598=ORIENTED_EDGE('',*,*,#7207,.F.);
#5599=ORIENTED_EDGE('',*,*,#5704,.T.);
#5600=ORIENTED_EDGE('',*,*,#5710,.F.);
#5601=ORIENTED_EDGE('',*,*,#5706,.F.);
#5602=ORIENTED_EDGE('',*,*,#7208,.T.);
#5603=ORIENTED_EDGE('',*,*,#6191,.T.);
#5604=ORIENTED_EDGE('',*,*,#5705,.F.);
#5605=ORIENTED_EDGE('',*,*,#7207,.T.);
#5606=ORIENTED_EDGE('',*,*,#6192,.T.);
#5607=ORIENTED_EDGE('',*,*,#7208,.F.);
#5608=ORIENTED_EDGE('',*,*,#5714,.T.);
#5609=ORIENTED_EDGE('',*,*,#6281,.F.);
#5610=ORIENTED_EDGE('',*,*,#7209,.F.);
#5611=ORIENTED_EDGE('',*,*,#5639,.T.);
#5612=ORIENTED_EDGE('',*,*,#5799,.F.);
#5613=ORIENTED_EDGE('',*,*,#5641,.F.);
#5614=ORIENTED_EDGE('',*,*,#7210,.T.);
#5615=ORIENTED_EDGE('',*,*,#6279,.T.);
#5616=ORIENTED_EDGE('',*,*,#5640,.F.);
#5617=ORIENTED_EDGE('',*,*,#7209,.T.);
#5618=ORIENTED_EDGE('',*,*,#6280,.T.);
#5619=ORIENTED_EDGE('',*,*,#7210,.F.);
#5620=ORIENTED_EDGE('',*,*,#5709,.T.);
#5621=ORIENTED_EDGE('',*,*,#6190,.F.);
#5622=ORIENTED_EDGE('',*,*,#7211,.F.);
#5623=ORIENTED_EDGE('',*,*,#5708,.T.);
#5624=ORIENTED_EDGE('',*,*,#5712,.F.);
#5625=ORIENTED_EDGE('',*,*,#5637,.F.);
#5626=ORIENTED_EDGE('',*,*,#7212,.T.);
#5627=ORIENTED_EDGE('',*,*,#6282,.T.);
#5628=ORIENTED_EDGE('',*,*,#5636,.F.);
#5629=ORIENTED_EDGE('',*,*,#7211,.T.);
#5630=ORIENTED_EDGE('',*,*,#6189,.T.);
#5631=ORIENTED_EDGE('',*,*,#7212,.F.);
#5632=EDGE_CURVE('',#7213,#7213,#8271,.F.);
#5633=EDGE_CURVE('',#7214,#7214,#8272,.F.);
#5634=EDGE_CURVE('',#7215,#7215,#8273,.T.);
#5635=EDGE_CURVE('',#7216,#7216,#8274,.T.);
#5636=EDGE_CURVE('',#7217,#7218,#454,.T.);
#5637=EDGE_CURVE('',#7218,#7219,#455,.T.);
#5638=EDGE_CURVE('',#7219,#7220,#456,.T.);
#5639=EDGE_CURVE('',#7221,#7220,#457,.T.);
#5640=EDGE_CURVE('',#7221,#7222,#458,.T.);
#5641=EDGE_CURVE('',#7222,#7223,#459,.T.);
#5642=EDGE_CURVE('',#7223,#7224,#460,.T.);
#5643=EDGE_CURVE('',#7225,#7224,#461,.T.);
#5644=EDGE_CURVE('',#7225,#7226,#462,.T.);
#5645=EDGE_CURVE('',#7226,#7227,#463,.T.);
#5646=EDGE_CURVE('',#7227,#7228,#291,.T.);
#5647=EDGE_CURVE('',#7228,#7229,#464,.T.);
#5648=EDGE_CURVE('',#7229,#7230,#292,.T.);
#5649=EDGE_CURVE('',#7231,#7230,#465,.T.);
#5650=EDGE_CURVE('',#7231,#7232,#293,.T.);
#5651=EDGE_CURVE('',#7233,#7232,#466,.T.);
#5652=EDGE_CURVE('',#7233,#7234,#467,.T.);
#5653=EDGE_CURVE('',#7235,#7234,#468,.T.);
#5654=EDGE_CURVE('',#7236,#7235,#469,.T.);
#5655=EDGE_CURVE('',#7236,#7237,#470,.T.);
#5656=EDGE_CURVE('',#7237,#7238,#471,.T.);
#5657=EDGE_CURVE('',#7238,#7239,#472,.T.);
#5658=EDGE_CURVE('',#7239,#7240,#294,.T.);
#5659=EDGE_CURVE('',#7241,#7240,#473,.T.);
#5660=EDGE_CURVE('',#7241,#7242,#295,.T.);
#5661=EDGE_CURVE('',#7243,#7242,#474,.T.);
#5662=EDGE_CURVE('',#7244,#7243,#475,.T.);
#5663=EDGE_CURVE('',#7245,#7244,#476,.T.);
#5664=EDGE_CURVE('',#7245,#7246,#477,.T.);
#5665=EDGE_CURVE('',#7247,#7246,#478,.T.);
#5666=EDGE_CURVE('',#7248,#7247,#479,.T.);
#5667=EDGE_CURVE('',#7249,#7248,#480,.T.);
#5668=EDGE_CURVE('',#7249,#7250,#481,.T.);
#5669=EDGE_CURVE('',#7251,#7250,#482,.T.);
#5670=EDGE_CURVE('',#7252,#7251,#483,.T.);
#5671=EDGE_CURVE('',#7253,#7252,#484,.T.);
#5672=EDGE_CURVE('',#7253,#7254,#485,.T.);
#5673=EDGE_CURVE('',#7255,#7254,#486,.T.);
#5674=EDGE_CURVE('',#7256,#7255,#487,.T.);
#5675=EDGE_CURVE('',#7257,#7256,#488,.T.);
#5676=EDGE_CURVE('',#7257,#7258,#489,.T.);
#5677=EDGE_CURVE('',#7259,#7258,#490,.T.);
#5678=EDGE_CURVE('',#7260,#7259,#491,.T.);
#5679=EDGE_CURVE('',#7260,#7261,#492,.T.);
#5680=EDGE_CURVE('',#7262,#7261,#493,.T.);
#5681=EDGE_CURVE('',#7263,#7262,#494,.T.);
#5682=EDGE_CURVE('',#7264,#7263,#495,.T.);
#5683=EDGE_CURVE('',#7264,#7265,#496,.T.);
#5684=EDGE_CURVE('',#7265,#7266,#497,.T.);
#5685=EDGE_CURVE('',#7267,#7266,#498,.T.);
#5686=EDGE_CURVE('',#7268,#7267,#499,.T.);
#5687=EDGE_CURVE('',#7268,#7269,#500,.T.);
#5688=EDGE_CURVE('',#7269,#7270,#501,.T.);
#5689=EDGE_CURVE('',#7271,#7270,#502,.T.);
#5690=EDGE_CURVE('',#7272,#7271,#503,.T.);
#5691=EDGE_CURVE('',#7272,#7273,#504,.T.);
#5692=EDGE_CURVE('',#7273,#7274,#505,.T.);
#5693=EDGE_CURVE('',#7275,#7274,#506,.T.);
#5694=EDGE_CURVE('',#7276,#7275,#507,.T.);
#5695=EDGE_CURVE('',#7276,#7277,#508,.T.);
#5696=EDGE_CURVE('',#7277,#7278,#509,.T.);
#5697=EDGE_CURVE('',#7279,#7278,#510,.T.);
#5698=EDGE_CURVE('',#7279,#7280,#296,.T.);
#5699=EDGE_CURVE('',#7280,#7281,#511,.T.);
#5700=EDGE_CURVE('',#7282,#7281,#512,.T.);
#5701=EDGE_CURVE('',#7282,#7283,#513,.T.);
#5702=EDGE_CURVE('',#7283,#7284,#514,.T.);
#5703=EDGE_CURVE('',#7284,#7285,#515,.T.);
#5704=EDGE_CURVE('',#7286,#7285,#516,.T.);
#5705=EDGE_CURVE('',#7286,#7287,#517,.T.);
#5706=EDGE_CURVE('',#7287,#7288,#518,.T.);
#5707=EDGE_CURVE('',#7288,#7289,#519,.T.);
#5708=EDGE_CURVE('',#7217,#7289,#520,.T.);
#5709=EDGE_CURVE('',#7289,#7290,#521,.T.);
#5710=EDGE_CURVE('',#7288,#7291,#522,.T.);
#5711=EDGE_CURVE('',#7291,#7290,#523,.T.);
#5712=EDGE_CURVE('',#7219,#7292,#524,.T.);
#5713=EDGE_CURVE('',#7292,#7293,#525,.T.);
#5714=EDGE_CURVE('',#7220,#7293,#526,.T.);
#5715=EDGE_CURVE('',#7294,#7295,#297,.T.);
#5716=EDGE_CURVE('',#7295,#7296,#298,.T.);
#5717=EDGE_CURVE('',#7296,#7297,#299,.T.);
#5718=EDGE_CURVE('',#7297,#7298,#300,.T.);
#5719=EDGE_CURVE('',#7298,#7299,#301,.T.);
#5720=EDGE_CURVE('',#7299,#7300,#527,.T.);
#5721=EDGE_CURVE('',#7300,#7301,#302,.T.);
#5722=EDGE_CURVE('',#7301,#7302,#303,.T.);
#5723=EDGE_CURVE('',#7302,#7303,#304,.T.);
#5724=EDGE_CURVE('',#7303,#7304,#305,.T.);
#5725=EDGE_CURVE('',#7304,#7305,#528,.T.);
#5726=EDGE_CURVE('',#7305,#7306,#306,.T.);
#5727=EDGE_CURVE('',#7306,#7307,#307,.T.);
#5728=EDGE_CURVE('',#7307,#7308,#308,.T.);
#5729=EDGE_CURVE('',#7308,#7309,#529,.T.);
#5730=EDGE_CURVE('',#7309,#7310,#309,.T.);
#5731=EDGE_CURVE('',#7310,#7311,#310,.T.);
#5732=EDGE_CURVE('',#7311,#7312,#311,.T.);
#5733=EDGE_CURVE('',#7312,#7313,#8275,.T.);
#5734=EDGE_CURVE('',#7313,#7314,#530,.T.);
#5735=EDGE_CURVE('',#7314,#7315,#531,.T.);
#5736=EDGE_CURVE('',#7315,#7316,#532,.T.);
#5737=EDGE_CURVE('',#7316,#7317,#533,.T.);
#5738=EDGE_CURVE('',#7317,#7294,#534,.T.);
#5739=EDGE_CURVE('',#7318,#7319,#535,.T.);
#5740=EDGE_CURVE('',#7319,#7320,#536,.T.);
#5741=EDGE_CURVE('',#7320,#7321,#537,.T.);
#5742=EDGE_CURVE('',#7321,#7322,#538,.T.);
#5743=EDGE_CURVE('',#7322,#7323,#539,.T.);
#5744=EDGE_CURVE('',#7323,#7324,#540,.T.);
#5745=EDGE_CURVE('',#7324,#7325,#541,.T.);
#5746=EDGE_CURVE('',#7325,#7318,#542,.T.);
#5747=EDGE_CURVE('',#7326,#7327,#543,.T.);
#5748=EDGE_CURVE('',#7327,#7328,#544,.T.);
#5749=EDGE_CURVE('',#7328,#7329,#545,.T.);
#5750=EDGE_CURVE('',#7329,#7330,#546,.T.);
#5751=EDGE_CURVE('',#7330,#7331,#547,.T.);
#5752=EDGE_CURVE('',#7331,#7332,#548,.T.);
#5753=EDGE_CURVE('',#7332,#7333,#549,.T.);
#5754=EDGE_CURVE('',#7333,#7334,#550,.T.);
#5755=EDGE_CURVE('',#7334,#7335,#551,.T.);
#5756=EDGE_CURVE('',#7335,#7336,#552,.T.);
#5757=EDGE_CURVE('',#7336,#7337,#553,.T.);
#5758=EDGE_CURVE('',#7337,#7326,#554,.T.);
#5759=EDGE_CURVE('',#7338,#7339,#312,.T.);
#5760=EDGE_CURVE('',#7339,#7340,#313,.T.);
#5761=EDGE_CURVE('',#7340,#7341,#314,.T.);
#5762=EDGE_CURVE('',#7341,#7342,#315,.T.);
#5763=EDGE_CURVE('',#7342,#7343,#316,.T.);
#5764=EDGE_CURVE('',#7343,#7344,#317,.T.);
#5765=EDGE_CURVE('',#7344,#7345,#8276,.F.);
#5766=EDGE_CURVE('',#7345,#7346,#555,.T.);
#5767=EDGE_CURVE('',#7346,#7347,#318,.T.);
#5768=EDGE_CURVE('',#7347,#7348,#319,.T.);
#5769=EDGE_CURVE('',#7348,#7349,#320,.T.);
#5770=EDGE_CURVE('',#7349,#7350,#321,.T.);
#5771=EDGE_CURVE('',#7350,#7351,#322,.T.);
#5772=EDGE_CURVE('',#7351,#7352,#323,.T.);
#5773=EDGE_CURVE('',#7352,#7353,#324,.T.);
#5774=EDGE_CURVE('',#7353,#7354,#325,.T.);
#5775=EDGE_CURVE('',#7354,#7355,#326,.T.);
#5776=EDGE_CURVE('',#7355,#7356,#327,.T.);
#5777=EDGE_CURVE('',#7356,#7357,#328,.T.);
#5778=EDGE_CURVE('',#7357,#7358,#8277,.F.);
#5779=EDGE_CURVE('',#7358,#7359,#329,.T.);
#5780=EDGE_CURVE('',#7359,#7360,#8278,.F.);
#5781=EDGE_CURVE('',#7360,#7361,#556,.T.);
#5782=EDGE_CURVE('',#7361,#7362,#330,.T.);
#5783=EDGE_CURVE('',#7362,#7363,#331,.T.);
#5784=EDGE_CURVE('',#7363,#7364,#332,.T.);
#5785=EDGE_CURVE('',#7364,#7365,#333,.T.);
#5786=EDGE_CURVE('',#7365,#7366,#334,.T.);
#5787=EDGE_CURVE('',#7366,#7338,#335,.T.);
#5788=EDGE_CURVE('',#7285,#7367,#557,.T.);
#5789=EDGE_CURVE('',#7284,#7368,#558,.T.);
#5790=EDGE_CURVE('',#7368,#7367,#559,.T.);
#5791=EDGE_CURVE('',#7281,#7369,#560,.T.);
#5792=EDGE_CURVE('',#7280,#7370,#336,.T.);
#5793=EDGE_CURVE('',#7370,#7371,#561,.T.);
#5794=EDGE_CURVE('',#7371,#7369,#562,.T.);
#5795=EDGE_CURVE('',#7372,#7373,#563,.T.);
#5796=EDGE_CURVE('',#7372,#7374,#337,.T.);
#5797=EDGE_CURVE('',#7374,#7375,#564,.T.);
#5798=EDGE_CURVE('',#7375,#7373,#565,.T.);
#5799=EDGE_CURVE('',#7223,#7376,#566,.T.);
#5800=EDGE_CURVE('',#7376,#7377,#567,.T.);
#5801=EDGE_CURVE('',#7224,#7377,#568,.T.);
#5802=EDGE_CURVE('',#7378,#7379,#569,.T.);
#5803=EDGE_CURVE('',#7378,#7380,#338,.T.);
#5804=EDGE_CURVE('',#7380,#7379,#570,.T.);
#5805=EDGE_CURVE('',#7278,#7381,#339,.T.);
#5806=EDGE_CURVE('',#7382,#7381,#571,.T.);
#5807=EDGE_CURVE('',#7382,#7279,#340,.T.);
#5808=EDGE_CURVE('',#7266,#7383,#341,.T.);
#5809=EDGE_CURVE('',#7384,#7383,#572,.T.);
#5810=EDGE_CURVE('',#7267,#7384,#342,.T.);
#5811=EDGE_CURVE('',#7270,#7385,#343,.T.);
#5812=EDGE_CURVE('',#7386,#7385,#573,.T.);
#5813=EDGE_CURVE('',#7271,#7386,#344,.T.);
#5814=EDGE_CURVE('',#7275,#7387,#345,.T.);
#5815=EDGE_CURVE('',#7274,#7388,#346,.T.);
#5816=EDGE_CURVE('',#7387,#7388,#574,.T.);
#5817=EDGE_CURVE('',#7246,#7389,#347,.T.);
#5818=EDGE_CURVE('',#7390,#7389,#575,.T.);
#5819=EDGE_CURVE('',#7247,#7390,#348,.T.);
#5820=EDGE_CURVE('',#7263,#7391,#349,.T.);
#5821=EDGE_CURVE('',#7392,#7262,#576,.T.);
#5822=EDGE_CURVE('',#7393,#7392,#577,.T.);
#5823=EDGE_CURVE('',#7394,#7393,#578,.T.);
#5824=EDGE_CURVE('',#7395,#7394,#8279,.F.);
#5825=EDGE_CURVE('',#7396,#7395,#579,.T.);
#5826=EDGE_CURVE('',#7397,#7396,#8280,.T.);
#5827=EDGE_CURVE('',#7398,#7397,#580,.T.);
#5828=EDGE_CURVE('',#7399,#7398,#581,.T.);
#5829=EDGE_CURVE('',#7400,#7399,#582,.T.);
#5830=EDGE_CURVE('',#7401,#7400,#8281,.T.);
#5831=EDGE_CURVE('',#7402,#7401,#583,.T.);
#5832=EDGE_CURVE('',#7403,#7402,#584,.T.);
#5833=EDGE_CURVE('',#7404,#7403,#585,.T.);
#5834=EDGE_CURVE('',#7405,#7404,#586,.T.);
#5835=EDGE_CURVE('',#7406,#7405,#587,.T.);
#5836=EDGE_CURVE('',#7407,#7406,#588,.T.);
#5837=EDGE_CURVE('',#7408,#7407,#589,.T.);
#5838=EDGE_CURVE('',#7409,#7408,#590,.T.);
#5839=EDGE_CURVE('',#7410,#7409,#8282,.T.);
#5840=EDGE_CURVE('',#7411,#7410,#350,.T.);
#5841=EDGE_CURVE('',#7412,#7411,#351,.T.);
#5842=EDGE_CURVE('',#7413,#7412,#591,.T.);
#5843=EDGE_CURVE('',#7414,#7413,#592,.T.);
#5844=EDGE_CURVE('',#7415,#7414,#593,.T.);
#5845=EDGE_CURVE('',#7416,#7415,#594,.T.);
#5846=EDGE_CURVE('',#7417,#7416,#595,.T.);
#5847=EDGE_CURVE('',#7418,#7417,#596,.T.);
#5848=EDGE_CURVE('',#7419,#7418,#597,.T.);
#5849=EDGE_CURVE('',#7259,#7419,#598,.T.);
#5850=EDGE_CURVE('',#7258,#7420,#352,.T.);
#5851=EDGE_CURVE('',#7391,#7420,#599,.T.);
#5852=EDGE_CURVE('',#7421,#7422,#600,.T.);
#5853=EDGE_CURVE('',#7423,#7421,#353,.T.);
#5854=EDGE_CURVE('',#7424,#7423,#8283,.F.);
#5855=EDGE_CURVE('',#7425,#7424,#354,.T.);
#5856=EDGE_CURVE('',#7426,#7425,#601,.T.);
#5857=EDGE_CURVE('',#7422,#7426,#602,.T.);
#5858=EDGE_CURVE('',#7427,#7428,#603,.T.);
#5859=EDGE_CURVE('',#7429,#7427,#355,.T.);
#5860=EDGE_CURVE('',#7430,#7429,#604,.T.);
#5861=EDGE_CURVE('',#7428,#7430,#356,.T.);
#5862=EDGE_CURVE('',#7431,#7432,#605,.T.);
#5863=EDGE_CURVE('',#7433,#7431,#606,.T.);
#5864=EDGE_CURVE('',#7434,#7433,#607,.T.);
#5865=EDGE_CURVE('',#7432,#7434,#608,.T.);
#5866=EDGE_CURVE('',#7435,#7436,#609,.T.);
#5867=EDGE_CURVE('',#7437,#7435,#610,.T.);
#5868=EDGE_CURVE('',#7438,#7437,#611,.T.);
#5869=EDGE_CURVE('',#7439,#7438,#612,.T.);
#5870=EDGE_CURVE('',#7440,#7439,#613,.T.);
#5871=EDGE_CURVE('',#7441,#7440,#614,.T.);
#5872=EDGE_CURVE('',#7442,#7441,#615,.T.);
#5873=EDGE_CURVE('',#7436,#7442,#616,.T.);
#5874=EDGE_CURVE('',#7443,#7444,#617,.T.);
#5875=EDGE_CURVE('',#7445,#7443,#357,.T.);
#5876=EDGE_CURVE('',#7446,#7445,#358,.T.);
#5877=EDGE_CURVE('',#7447,#7446,#359,.T.);
#5878=EDGE_CURVE('',#7448,#7447,#8284,.T.);
#5879=EDGE_CURVE('',#7449,#7448,#360,.T.);
#5880=EDGE_CURVE('',#7450,#7449,#361,.T.);
#5881=EDGE_CURVE('',#7451,#7450,#362,.T.);
#5882=EDGE_CURVE('',#7452,#7451,#8285,.T.);
#5883=EDGE_CURVE('',#7453,#7452,#618,.T.);
#5884=EDGE_CURVE('',#7454,#7453,#619,.T.);
#5885=EDGE_CURVE('',#7455,#7454,#620,.T.);
#5886=EDGE_CURVE('',#7456,#7455,#621,.T.);
#5887=EDGE_CURVE('',#7444,#7456,#622,.T.);
#5888=EDGE_CURVE('',#7457,#7458,#623,.T.);
#5889=EDGE_CURVE('',#7459,#7457,#624,.T.);
#5890=EDGE_CURVE('',#7460,#7459,#625,.T.);
#5891=EDGE_CURVE('',#7458,#7460,#626,.T.);
#5892=EDGE_CURVE('',#7255,#7461,#363,.T.);
#5893=EDGE_CURVE('',#7254,#7462,#364,.T.);
#5894=EDGE_CURVE('',#7461,#7462,#627,.T.);
#5895=EDGE_CURVE('',#7251,#7463,#365,.T.);
#5896=EDGE_CURVE('',#7250,#7464,#366,.T.);
#5897=EDGE_CURVE('',#7463,#7464,#628,.T.);
#5898=EDGE_CURVE('',#7243,#7465,#367,.T.);
#5899=EDGE_CURVE('',#7242,#7466,#368,.T.);
#5900=EDGE_CURVE('',#7465,#7466,#629,.T.);
#5901=EDGE_CURVE('',#7467,#7468,#630,.T.);
#5902=EDGE_CURVE('',#7467,#7469,#631,.T.);
#5903=EDGE_CURVE('',#7469,#7229,#369,.T.);
#5904=EDGE_CURVE('',#7228,#7470,#370,.T.);
#5905=EDGE_CURVE('',#7470,#7471,#632,.T.);
#5906=EDGE_CURVE('',#7472,#7471,#633,.T.);
#5907=EDGE_CURVE('',#7473,#7472,#634,.T.);
#5908=EDGE_CURVE('',#7474,#7473,#635,.T.);
#5909=EDGE_CURVE('',#7474,#7475,#636,.T.);
#5910=EDGE_CURVE('',#7476,#7475,#637,.T.);
#5911=EDGE_CURVE('',#7477,#7476,#8286,.T.);
#5912=EDGE_CURVE('',#7478,#7477,#8287,.T.);
#5913=EDGE_CURVE('',#7479,#7478,#8288,.T.);
#5914=EDGE_CURVE('',#7480,#7479,#8289,.T.);
#5915=EDGE_CURVE('',#7481,#7480,#8290,.T.);
#5916=EDGE_CURVE('',#7482,#7481,#8291,.T.);
#5917=EDGE_CURVE('',#7483,#7482,#8292,.T.);
#5918=EDGE_CURVE('',#7484,#7483,#8293,.T.);
#5919=EDGE_CURVE('',#7485,#7484,#638,.T.);
#5920=EDGE_CURVE('',#7486,#7485,#639,.T.);
#5921=EDGE_CURVE('',#7487,#7486,#8294,.T.);
#5922=EDGE_CURVE('',#7488,#7487,#8295,.T.);
#5923=EDGE_CURVE('',#7489,#7488,#8296,.T.);
#5924=EDGE_CURVE('',#7490,#7489,#8297,.T.);
#5925=EDGE_CURVE('',#7491,#7490,#8298,.T.);
#5926=EDGE_CURVE('',#7492,#7491,#8299,.T.);
#5927=EDGE_CURVE('',#7493,#7492,#8300,.T.);
#5928=EDGE_CURVE('',#7494,#7493,#8301,.T.);
#5929=EDGE_CURVE('',#7495,#7494,#8302,.T.);
#5930=EDGE_CURVE('',#7496,#7495,#8303,.T.);
#5931=EDGE_CURVE('',#7497,#7496,#8304,.T.);
#5932=EDGE_CURVE('',#7498,#7497,#8305,.T.);
#5933=EDGE_CURVE('',#7499,#7498,#8306,.T.);
#5934=EDGE_CURVE('',#7499,#7500,#640,.T.);
#5935=EDGE_CURVE('',#7501,#7500,#8307,.T.);
#5936=EDGE_CURVE('',#7502,#7501,#641,.T.);
#5937=EDGE_CURVE('',#7503,#7502,#8308,.T.);
#5938=EDGE_CURVE('',#7504,#7503,#8309,.T.);
#5939=EDGE_CURVE('',#7505,#7504,#8310,.T.);
#5940=EDGE_CURVE('',#7506,#7505,#8311,.T.);
#5941=EDGE_CURVE('',#7507,#7506,#8312,.T.);
#5942=EDGE_CURVE('',#7508,#7507,#8313,.T.);
#5943=EDGE_CURVE('',#7509,#7508,#8314,.T.);
#5944=EDGE_CURVE('',#7510,#7509,#8315,.T.);
#5945=EDGE_CURVE('',#7511,#7510,#8316,.T.);
#5946=EDGE_CURVE('',#7512,#7511,#8317,.T.);
#5947=EDGE_CURVE('',#7513,#7512,#8318,.T.);
#5948=EDGE_CURVE('',#7514,#7513,#8319,.T.);
#5949=EDGE_CURVE('',#7515,#7514,#8320,.T.);
#5950=EDGE_CURVE('',#7516,#7515,#8321,.T.);
#5951=EDGE_CURVE('',#7517,#7516,#8322,.T.);
#5952=EDGE_CURVE('',#7518,#7517,#642,.T.);
#5953=EDGE_CURVE('',#7519,#7518,#643,.T.);
#5954=EDGE_CURVE('',#7519,#7520,#644,.T.);
#5955=EDGE_CURVE('',#7521,#7520,#645,.T.);
#5956=EDGE_CURVE('',#7522,#7521,#646,.T.);
#5957=EDGE_CURVE('',#7523,#7522,#647,.T.);
#5958=EDGE_CURVE('',#7523,#7524,#648,.T.);
#5959=EDGE_CURVE('',#7525,#7524,#8323,.T.);
#5960=EDGE_CURVE('',#7526,#7525,#8324,.T.);
#5961=EDGE_CURVE('',#7527,#7526,#8325,.T.);
#5962=EDGE_CURVE('',#7528,#7527,#8326,.T.);
#5963=EDGE_CURVE('',#7529,#7528,#8327,.T.);
#5964=EDGE_CURVE('',#7530,#7529,#8328,.T.);
#5965=EDGE_CURVE('',#7531,#7530,#8329,.T.);
#5966=EDGE_CURVE('',#7532,#7531,#8330,.T.);
#5967=EDGE_CURVE('',#7533,#7532,#8331,.T.);
#5968=EDGE_CURVE('',#7534,#7533,#8332,.T.);
#5969=EDGE_CURVE('',#7535,#7534,#8333,.T.);
#5970=EDGE_CURVE('',#7536,#7535,#8334,.T.);
#5971=EDGE_CURVE('',#7537,#7536,#8335,.T.);
#5972=EDGE_CURVE('',#7538,#7537,#8336,.T.);
#5973=EDGE_CURVE('',#7538,#7539,#649,.T.);
#5974=EDGE_CURVE('',#7540,#7539,#650,.T.);
#5975=EDGE_CURVE('',#7541,#7540,#8337,.T.);
#5976=EDGE_CURVE('',#7542,#7541,#8338,.T.);
#5977=EDGE_CURVE('',#7543,#7542,#8339,.T.);
#5978=EDGE_CURVE('',#7544,#7543,#8340,.T.);
#5979=EDGE_CURVE('',#7545,#7544,#8341,.T.);
#5980=EDGE_CURVE('',#7546,#7545,#8342,.T.);
#5981=EDGE_CURVE('',#7547,#7546,#8343,.T.);
#5982=EDGE_CURVE('',#7548,#7547,#8344,.T.);
#5983=EDGE_CURVE('',#7549,#7548,#651,.T.);
#5984=EDGE_CURVE('',#7550,#7549,#652,.T.);
#5985=EDGE_CURVE('',#7551,#7550,#653,.T.);
#5986=EDGE_CURVE('',#7552,#7551,#8345,.T.);
#5987=EDGE_CURVE('',#7553,#7552,#8346,.T.);
#5988=EDGE_CURVE('',#7554,#7553,#8347,.T.);
#5989=EDGE_CURVE('',#7555,#7554,#8348,.T.);
#5990=EDGE_CURVE('',#7556,#7555,#8349,.T.);
#5991=EDGE_CURVE('',#7557,#7556,#8350,.T.);
#5992=EDGE_CURVE('',#7558,#7557,#8351,.T.);
#5993=EDGE_CURVE('',#7559,#7558,#8352,.T.);
#5994=EDGE_CURVE('',#7560,#7559,#654,.T.);
#5995=EDGE_CURVE('',#7561,#7560,#655,.T.);
#5996=EDGE_CURVE('',#7561,#7562,#656,.T.);
#5997=EDGE_CURVE('',#7563,#7562,#657,.T.);
#5998=EDGE_CURVE('',#7564,#7563,#658,.T.);
#5999=EDGE_CURVE('',#7565,#7564,#659,.T.);
#6000=EDGE_CURVE('',#7566,#7565,#8353,.T.);
#6001=EDGE_CURVE('',#7567,#7566,#8354,.T.);
#6002=EDGE_CURVE('',#7567,#7568,#660,.T.);
#6003=EDGE_CURVE('',#7569,#7568,#661,.T.);
#6004=EDGE_CURVE('',#7570,#7569,#662,.T.);
#6005=EDGE_CURVE('',#7571,#7570,#663,.T.);
#6006=EDGE_CURVE('',#7572,#7571,#8355,.T.);
#6007=EDGE_CURVE('',#7573,#7572,#8356,.T.);
#6008=EDGE_CURVE('',#7574,#7573,#8357,.T.);
#6009=EDGE_CURVE('',#7575,#7574,#8358,.T.);
#6010=EDGE_CURVE('',#7576,#7575,#8359,.T.);
#6011=EDGE_CURVE('',#7577,#7576,#8360,.T.);
#6012=EDGE_CURVE('',#7578,#7577,#8361,.T.);
#6013=EDGE_CURVE('',#7579,#7578,#8362,.T.);
#6014=EDGE_CURVE('',#7580,#7579,#8363,.T.);
#6015=EDGE_CURVE('',#7581,#7580,#8364,.T.);
#6016=EDGE_CURVE('',#7582,#7581,#8365,.T.);
#6017=EDGE_CURVE('',#7583,#7582,#8366,.T.);
#6018=EDGE_CURVE('',#7584,#7583,#664,.T.);
#6019=EDGE_CURVE('',#7584,#7585,#665,.T.);
#6020=EDGE_CURVE('',#7586,#7585,#8367,.T.);
#6021=EDGE_CURVE('',#7587,#7586,#8368,.T.);
#6022=EDGE_CURVE('',#7588,#7587,#8369,.T.);
#6023=EDGE_CURVE('',#7589,#7588,#8370,.T.);
#6024=EDGE_CURVE('',#7590,#7589,#8371,.T.);
#6025=EDGE_CURVE('',#7591,#7590,#8372,.T.);
#6026=EDGE_CURVE('',#7592,#7591,#8373,.T.);
#6027=EDGE_CURVE('',#7593,#7592,#8374,.T.);
#6028=EDGE_CURVE('',#7594,#7593,#666,.T.);
#6029=EDGE_CURVE('',#7595,#7594,#667,.T.);
#6030=EDGE_CURVE('',#7596,#7595,#668,.T.);
#6031=EDGE_CURVE('',#7596,#7597,#669,.T.);
#6032=EDGE_CURVE('',#7598,#7597,#670,.T.);
#6033=EDGE_CURVE('',#7599,#7598,#671,.T.);
#6034=EDGE_CURVE('',#7600,#7599,#672,.T.);
#6035=EDGE_CURVE('',#7601,#7600,#673,.T.);
#6036=EDGE_CURVE('',#7602,#7601,#674,.T.);
#6037=EDGE_CURVE('',#7603,#7602,#8375,.T.);
#6038=EDGE_CURVE('',#7604,#7603,#8376,.T.);
#6039=EDGE_CURVE('',#7605,#7604,#8377,.T.);
#6040=EDGE_CURVE('',#7606,#7605,#8378,.T.);
#6041=EDGE_CURVE('',#7607,#7606,#8379,.T.);
#6042=EDGE_CURVE('',#7608,#7607,#8380,.T.);
#6043=EDGE_CURVE('',#7609,#7608,#8381,.T.);
#6044=EDGE_CURVE('',#7610,#7609,#8382,.T.);
#6045=EDGE_CURVE('',#7468,#7610,#675,.T.);
#6046=EDGE_CURVE('',#7611,#7612,#8383,.T.);
#6047=EDGE_CURVE('',#7611,#7613,#676,.T.);
#6048=EDGE_CURVE('',#7614,#7613,#8384,.T.);
#6049=EDGE_CURVE('',#7615,#7614,#8385,.T.);
#6050=EDGE_CURVE('',#7616,#7615,#8386,.T.);
#6051=EDGE_CURVE('',#7617,#7616,#8387,.T.);
#6052=EDGE_CURVE('',#7618,#7617,#8388,.T.);
#6053=EDGE_CURVE('',#7619,#7618,#8389,.T.);
#6054=EDGE_CURVE('',#7620,#7619,#8390,.T.);
#6055=EDGE_CURVE('',#7621,#7620,#8391,.T.);
#6056=EDGE_CURVE('',#7622,#7621,#8392,.T.);
#6057=EDGE_CURVE('',#7623,#7622,#8393,.T.);
#6058=EDGE_CURVE('',#7624,#7623,#8394,.T.);
#6059=EDGE_CURVE('',#7625,#7624,#677,.T.);
#6060=EDGE_CURVE('',#7612,#7625,#678,.T.);
#6061=EDGE_CURVE('',#7626,#7627,#679,.T.);
#6062=EDGE_CURVE('',#7626,#7628,#680,.T.);
#6063=EDGE_CURVE('',#7629,#7628,#8395,.T.);
#6064=EDGE_CURVE('',#7630,#7629,#8396,.T.);
#6065=EDGE_CURVE('',#7631,#7630,#8397,.T.);
#6066=EDGE_CURVE('',#7632,#7631,#8398,.T.);
#6067=EDGE_CURVE('',#7633,#7632,#8399,.T.);
#6068=EDGE_CURVE('',#7634,#7633,#8400,.T.);
#6069=EDGE_CURVE('',#7627,#7634,#681,.T.);
#6070=EDGE_CURVE('',#7635,#7636,#8401,.T.);
#6071=EDGE_CURVE('',#7635,#7637,#682,.T.);
#6072=EDGE_CURVE('',#7638,#7637,#8402,.T.);
#6073=EDGE_CURVE('',#7639,#7638,#8403,.T.);
#6074=EDGE_CURVE('',#7640,#7639,#8404,.T.);
#6075=EDGE_CURVE('',#7641,#7640,#8405,.T.);
#6076=EDGE_CURVE('',#7642,#7641,#8406,.T.);
#6077=EDGE_CURVE('',#7643,#7642,#8407,.T.);
#6078=EDGE_CURVE('',#7644,#7643,#683,.T.);
#6079=EDGE_CURVE('',#7645,#7644,#684,.T.);
#6080=EDGE_CURVE('',#7646,#7645,#8408,.T.);
#6081=EDGE_CURVE('',#7647,#7646,#8409,.T.);
#6082=EDGE_CURVE('',#7648,#7647,#8410,.T.);
#6083=EDGE_CURVE('',#7649,#7648,#8411,.T.);
#6084=EDGE_CURVE('',#7650,#7649,#8412,.T.);
#6085=EDGE_CURVE('',#7651,#7650,#8413,.T.);
#6086=EDGE_CURVE('',#7636,#7651,#8414,.T.);
#6087=EDGE_CURVE('',#7652,#7653,#8415,.T.);
#6088=EDGE_CURVE('',#7654,#7652,#8416,.T.);
#6089=EDGE_CURVE('',#7655,#7654,#8417,.T.);
#6090=EDGE_CURVE('',#7656,#7655,#8418,.T.);
#6091=EDGE_CURVE('',#7657,#7656,#8419,.T.);
#6092=EDGE_CURVE('',#7658,#7657,#8420,.T.);
#6093=EDGE_CURVE('',#7659,#7658,#8421,.T.);
#6094=EDGE_CURVE('',#7660,#7659,#8422,.T.);
#6095=EDGE_CURVE('',#7661,#7660,#8423,.T.);
#6096=EDGE_CURVE('',#7662,#7661,#8424,.T.);
#6097=EDGE_CURVE('',#7663,#7662,#8425,.T.);
#6098=EDGE_CURVE('',#7664,#7663,#8426,.T.);
#6099=EDGE_CURVE('',#7665,#7664,#8427,.T.);
#6100=EDGE_CURVE('',#7666,#7665,#8428,.T.);
#6101=EDGE_CURVE('',#7667,#7666,#8429,.T.);
#6102=EDGE_CURVE('',#7668,#7667,#8430,.T.);
#6103=EDGE_CURVE('',#7669,#7668,#8431,.T.);
#6104=EDGE_CURVE('',#7670,#7669,#8432,.T.);
#6105=EDGE_CURVE('',#7671,#7670,#8433,.T.);
#6106=EDGE_CURVE('',#7671,#7653,#685,.T.);
#6107=EDGE_CURVE('',#7672,#7673,#8434,.T.);
#6108=EDGE_CURVE('',#7672,#7674,#686,.T.);
#6109=EDGE_CURVE('',#7675,#7674,#8435,.T.);
#6110=EDGE_CURVE('',#7676,#7675,#8436,.T.);
#6111=EDGE_CURVE('',#7677,#7676,#8437,.T.);
#6112=EDGE_CURVE('',#7678,#7677,#8438,.T.);
#6113=EDGE_CURVE('',#7679,#7678,#687,.T.);
#6114=EDGE_CURVE('',#7680,#7679,#688,.T.);
#6115=EDGE_CURVE('',#7681,#7680,#8439,.T.);
#6116=EDGE_CURVE('',#7682,#7681,#8440,.T.);
#6117=EDGE_CURVE('',#7683,#7682,#8441,.T.);
#6118=EDGE_CURVE('',#7684,#7683,#8442,.T.);
#6119=EDGE_CURVE('',#7685,#7684,#8443,.T.);
#6120=EDGE_CURVE('',#7673,#7685,#8444,.T.);
#6121=EDGE_CURVE('',#7686,#7687,#8445,.T.);
#6122=EDGE_CURVE('',#7688,#7686,#689,.T.);
#6123=EDGE_CURVE('',#7689,#7688,#690,.T.);
#6124=EDGE_CURVE('',#7687,#7689,#8446,.T.);
#6125=EDGE_CURVE('',#7690,#7691,#691,.T.);
#6126=EDGE_CURVE('',#7690,#7692,#692,.T.);
#6127=EDGE_CURVE('',#7692,#7693,#693,.T.);
#6128=EDGE_CURVE('',#7691,#7693,#694,.T.);
#6129=EDGE_CURVE('',#7694,#7695,#695,.T.);
#6130=EDGE_CURVE('',#7694,#7696,#696,.T.);
#6131=EDGE_CURVE('',#7696,#7697,#697,.T.);
#6132=EDGE_CURVE('',#7695,#7697,#698,.T.);
#6133=EDGE_CURVE('',#7698,#7698,#8447,.T.);
#6134=EDGE_CURVE('',#7699,#7699,#8448,.T.);
#6135=EDGE_CURVE('',#7700,#7701,#699,.T.);
#6136=EDGE_CURVE('',#7702,#7700,#700,.T.);
#6137=EDGE_CURVE('',#7703,#7702,#701,.T.);
#6138=EDGE_CURVE('',#7703,#7704,#8449,.T.);
#6139=EDGE_CURVE('',#7705,#7704,#702,.T.);
#6140=EDGE_CURVE('',#7706,#7705,#8450,.T.);
#6141=EDGE_CURVE('',#7707,#7706,#703,.T.);
#6142=EDGE_CURVE('',#7708,#7707,#704,.T.);
#6143=EDGE_CURVE('',#7708,#7709,#8451,.T.);
#6144=EDGE_CURVE('',#7709,#7710,#705,.T.);
#6145=EDGE_CURVE('',#7710,#7711,#706,.T.);
#6146=EDGE_CURVE('',#7711,#7712,#8452,.T.);
#6147=EDGE_CURVE('',#7712,#7713,#707,.T.);
#6148=EDGE_CURVE('',#7714,#7713,#8453,.T.);
#6149=EDGE_CURVE('',#7714,#7715,#708,.T.);
#6150=EDGE_CURVE('',#7715,#7716,#709,.T.);
#6151=EDGE_CURVE('',#7716,#7717,#710,.T.);
#6152=EDGE_CURVE('',#7717,#7718,#8454,.T.);
#6153=EDGE_CURVE('',#7718,#7719,#711,.T.);
#6154=EDGE_CURVE('',#7720,#7719,#8455,.T.);
#6155=EDGE_CURVE('',#7720,#7721,#712,.T.);
#6156=EDGE_CURVE('',#7721,#7722,#713,.T.);
#6157=EDGE_CURVE('',#7722,#7723,#714,.T.);
#6158=EDGE_CURVE('',#7723,#7724,#8456,.T.);
#6159=EDGE_CURVE('',#7724,#7725,#715,.T.);
#6160=EDGE_CURVE('',#7726,#7725,#716,.T.);
#6161=EDGE_CURVE('',#7727,#7726,#8457,.T.);
#6162=EDGE_CURVE('',#7728,#7727,#717,.T.);
#6163=EDGE_CURVE('',#7729,#7728,#718,.T.);
#6164=EDGE_CURVE('',#7730,#7729,#719,.T.);
#6165=EDGE_CURVE('',#7730,#7731,#8458,.T.);
#6166=EDGE_CURVE('',#7732,#7731,#720,.T.);
#6167=EDGE_CURVE('',#7701,#7732,#8459,.T.);
#6168=EDGE_CURVE('',#7733,#7733,#8460,.T.);
#6169=EDGE_CURVE('',#7734,#7735,#721,.T.);
#6170=EDGE_CURVE('',#7734,#7736,#722,.T.);
#6171=EDGE_CURVE('',#7736,#7737,#723,.T.);
#6172=EDGE_CURVE('',#7735,#7737,#724,.T.);
#6173=EDGE_CURVE('',#7738,#7738,#8461,.T.);
#6174=EDGE_CURVE('',#7739,#7739,#8462,.T.);
#6175=EDGE_CURVE('',#7240,#7740,#8463,.F.);
#6176=EDGE_CURVE('',#7740,#7741,#725,.T.);
#6177=EDGE_CURVE('',#7741,#7742,#8464,.F.);
#6178=EDGE_CURVE('',#7742,#7743,#726,.T.);
#6179=EDGE_CURVE('',#7743,#7744,#8465,.F.);
#6180=EDGE_CURVE('',#7744,#7745,#727,.T.);
#6181=EDGE_CURVE('',#7745,#7231,#8466,.F.);
#6182=EDGE_CURVE('',#7230,#7746,#371,.T.);
#6183=EDGE_CURVE('',#7747,#7746,#728,.T.);
#6184=EDGE_CURVE('',#7747,#7241,#372,.T.);
#6185=EDGE_CURVE('',#7748,#7749,#729,.T.);
#6186=EDGE_CURVE('',#7748,#7750,#730,.T.);
#6187=EDGE_CURVE('',#7750,#7751,#731,.T.);
#6188=EDGE_CURVE('',#7749,#7751,#732,.T.);
#6189=EDGE_CURVE('',#7752,#7753,#733,.T.);
#6190=EDGE_CURVE('',#7752,#7290,#734,.T.);
#6191=EDGE_CURVE('',#7754,#7291,#735,.T.);
#6192=EDGE_CURVE('',#7755,#7754,#736,.T.);
#6193=EDGE_CURVE('',#7755,#7367,#737,.T.);
#6194=EDGE_CURVE('',#7756,#7368,#738,.T.);
#6195=EDGE_CURVE('',#7757,#7756,#739,.T.);
#6196=EDGE_CURVE('',#7757,#7369,#740,.T.);
#6197=EDGE_CURVE('',#7758,#7371,#741,.T.);
#6198=EDGE_CURVE('',#7759,#7758,#742,.T.);
#6199=EDGE_CURVE('',#7759,#7379,#743,.T.);
#6200=EDGE_CURVE('',#7380,#7382,#373,.T.);
#6201=EDGE_CURVE('',#7760,#7381,#744,.T.);
#6202=EDGE_CURVE('',#7761,#7760,#745,.T.);
#6203=EDGE_CURVE('',#7761,#7387,#746,.T.);
#6204=EDGE_CURVE('',#7762,#7388,#747,.T.);
#6205=EDGE_CURVE('',#7763,#7762,#748,.T.);
#6206=EDGE_CURVE('',#7763,#7386,#749,.T.);
#6207=EDGE_CURVE('',#7764,#7385,#750,.T.);
#6208=EDGE_CURVE('',#7765,#7764,#751,.T.);
#6209=EDGE_CURVE('',#7765,#7384,#752,.T.);
#6210=EDGE_CURVE('',#7766,#7383,#753,.T.);
#6211=EDGE_CURVE('',#7767,#7766,#754,.T.);
#6212=EDGE_CURVE('',#7767,#7391,#755,.T.);
#6213=EDGE_CURVE('',#7768,#7420,#756,.T.);
#6214=EDGE_CURVE('',#7768,#7769,#757,.T.);
#6215=EDGE_CURVE('',#7769,#7461,#758,.T.);
#6216=EDGE_CURVE('',#7770,#7462,#759,.T.);
#6217=EDGE_CURVE('',#7770,#7771,#760,.T.);
#6218=EDGE_CURVE('',#7771,#7463,#761,.T.);
#6219=EDGE_CURVE('',#7772,#7464,#762,.T.);
#6220=EDGE_CURVE('',#7772,#7773,#763,.T.);
#6221=EDGE_CURVE('',#7773,#7390,#764,.T.);
#6222=EDGE_CURVE('',#7774,#7389,#765,.T.);
#6223=EDGE_CURVE('',#7774,#7775,#766,.T.);
#6224=EDGE_CURVE('',#7775,#7465,#767,.T.);
#6225=EDGE_CURVE('',#7466,#7747,#374,.T.);
#6226=EDGE_CURVE('',#7746,#7469,#375,.T.);
#6227=EDGE_CURVE('',#7467,#7776,#768,.T.);
#6228=EDGE_CURVE('',#7777,#7776,#769,.T.);
#6229=EDGE_CURVE('',#7777,#7597,#770,.T.);
#6230=EDGE_CURVE('',#7596,#7778,#771,.T.);
#6231=EDGE_CURVE('',#7779,#7778,#772,.T.);
#6232=EDGE_CURVE('',#7779,#7585,#773,.T.);
#6233=EDGE_CURVE('',#7584,#7780,#774,.T.);
#6234=EDGE_CURVE('',#7781,#7780,#775,.T.);
#6235=EDGE_CURVE('',#7781,#7628,#776,.T.);
#6236=EDGE_CURVE('',#7626,#7782,#777,.T.);
#6237=EDGE_CURVE('',#7783,#7782,#778,.T.);
#6238=EDGE_CURVE('',#7783,#7568,#779,.T.);
#6239=EDGE_CURVE('',#7567,#7784,#780,.F.);
#6240=EDGE_CURVE('',#7785,#7784,#781,.T.);
#6241=EDGE_CURVE('',#7785,#7613,#782,.T.);
#6242=EDGE_CURVE('',#7611,#7786,#783,.F.);
#6243=EDGE_CURVE('',#7787,#7786,#784,.T.);
#6244=EDGE_CURVE('',#7787,#7562,#785,.T.);
#6245=EDGE_CURVE('',#7561,#7788,#786,.T.);
#6246=EDGE_CURVE('',#7789,#7788,#787,.T.);
#6247=EDGE_CURVE('',#7789,#7637,#788,.T.);
#6248=EDGE_CURVE('',#7635,#7790,#789,.F.);
#6249=EDGE_CURVE('',#7791,#7790,#790,.T.);
#6250=EDGE_CURVE('',#7791,#7539,#791,.T.);
#6251=EDGE_CURVE('',#7538,#7792,#792,.F.);
#6252=EDGE_CURVE('',#7793,#7792,#793,.T.);
#6253=EDGE_CURVE('',#7793,#7653,#794,.T.);
#6254=EDGE_CURVE('',#7671,#7794,#795,.F.);
#6255=EDGE_CURVE('',#7795,#7794,#796,.T.);
#6256=EDGE_CURVE('',#7795,#7524,#797,.T.);
#6257=EDGE_CURVE('',#7523,#7796,#798,.T.);
#6258=EDGE_CURVE('',#7797,#7796,#799,.T.);
#6259=EDGE_CURVE('',#7797,#7520,#800,.T.);
#6260=EDGE_CURVE('',#7519,#7798,#801,.T.);
#6261=EDGE_CURVE('',#7799,#7798,#802,.T.);
#6262=EDGE_CURVE('',#7799,#7674,#803,.T.);
#6263=EDGE_CURVE('',#7672,#7800,#804,.F.);
#6264=EDGE_CURVE('',#7801,#7800,#805,.T.);
#6265=EDGE_CURVE('',#7801,#7500,#806,.T.);
#6266=EDGE_CURVE('',#7499,#7802,#807,.F.);
#6267=EDGE_CURVE('',#7803,#7802,#808,.T.);
#6268=EDGE_CURVE('',#7803,#7475,#809,.T.);
#6269=EDGE_CURVE('',#7474,#7804,#810,.T.);
#6270=EDGE_CURVE('',#7805,#7804,#811,.T.);
#6271=EDGE_CURVE('',#7805,#7471,#812,.T.);
#6272=EDGE_CURVE('',#7470,#7806,#376,.T.);
#6273=EDGE_CURVE('',#7807,#7806,#813,.T.);
#6274=EDGE_CURVE('',#7808,#7807,#814,.T.);
#6275=EDGE_CURVE('',#7808,#7373,#815,.T.);
#6276=EDGE_CURVE('',#7809,#7375,#816,.T.);
#6277=EDGE_CURVE('',#7810,#7809,#817,.T.);
#6278=EDGE_CURVE('',#7810,#7377,#818,.T.);
#6279=EDGE_CURVE('',#7811,#7376,#819,.T.);
#6280=EDGE_CURVE('',#7812,#7811,#820,.T.);
#6281=EDGE_CURVE('',#7812,#7293,#821,.T.);
#6282=EDGE_CURVE('',#7753,#7292,#822,.T.);
#6283=EDGE_CURVE('',#7813,#7813,#8467,.T.);
#6284=EDGE_CURVE('',#7814,#7814,#8468,.F.);
#6285=EDGE_CURVE('',#7815,#7816,#823,.T.);
#6286=EDGE_CURVE('',#7816,#7817,#824,.T.);
#6287=EDGE_CURVE('',#7818,#7817,#825,.T.);
#6288=EDGE_CURVE('',#7815,#7818,#826,.T.);
#6289=EDGE_CURVE('',#7819,#7819,#8469,.F.);
#6290=EDGE_CURVE('',#7820,#7820,#8470,.T.);
#6291=EDGE_CURVE('',#7236,#7815,#827,.T.);
#6292=EDGE_CURVE('',#7235,#7816,#828,.T.);
#6293=EDGE_CURVE('',#7237,#7818,#829,.T.);
#6294=EDGE_CURVE('',#7821,#7822,#830,.T.);
#6295=EDGE_CURVE('',#7822,#7238,#8471,.T.);
#6296=EDGE_CURVE('',#7234,#7817,#831,.T.);
#6297=EDGE_CURVE('',#7233,#7823,#8472,.T.);
#6298=EDGE_CURVE('',#7823,#7824,#832,.T.);
#6299=EDGE_CURVE('',#7824,#7825,#8473,.T.);
#6300=EDGE_CURVE('',#7825,#7826,#833,.T.);
#6301=EDGE_CURVE('',#7826,#7821,#8474,.T.);
#6302=EDGE_CURVE('',#7374,#7227,#377,.T.);
#6303=EDGE_CURVE('',#7806,#7372,#378,.T.);
#6304=EDGE_CURVE('',#7370,#7378,#379,.T.);
#6305=EDGE_CURVE('',#7821,#7827,#834,.T.);
#6306=EDGE_CURVE('',#7827,#7828,#835,.T.);
#6307=EDGE_CURVE('',#7822,#7828,#836,.T.);
#6308=EDGE_CURVE('',#7828,#7239,#8475,.T.);
#6309=EDGE_CURVE('',#7232,#7829,#8476,.T.);
#6310=EDGE_CURVE('',#7823,#7829,#837,.T.);
#6311=EDGE_CURVE('',#7829,#7830,#838,.T.);
#6312=EDGE_CURVE('',#7824,#7830,#839,.T.);
#6313=EDGE_CURVE('',#7830,#7831,#8477,.T.);
#6314=EDGE_CURVE('',#7825,#7831,#840,.T.);
#6315=EDGE_CURVE('',#7831,#7832,#841,.T.);
#6316=EDGE_CURVE('',#7826,#7832,#842,.T.);
#6317=EDGE_CURVE('',#7832,#7827,#8478,.T.);
#6318=EDGE_CURVE('',#7829,#7745,#843,.T.);
#6319=EDGE_CURVE('',#7830,#7744,#844,.T.);
#6320=EDGE_CURVE('',#7831,#7743,#845,.T.);
#6321=EDGE_CURVE('',#7832,#7742,#846,.T.);
#6322=EDGE_CURVE('',#7827,#7741,#847,.T.);
#6323=EDGE_CURVE('',#7828,#7740,#848,.T.);
#6324=EDGE_CURVE('',#7833,#7834,#849,.T.);
#6325=EDGE_CURVE('',#7835,#7833,#850,.T.);
#6326=EDGE_CURVE('',#7835,#7836,#851,.T.);
#6327=EDGE_CURVE('',#7836,#7834,#852,.T.);
#6328=EDGE_CURVE('',#7837,#7833,#853,.T.);
#6329=EDGE_CURVE('',#7838,#7837,#854,.T.);
#6330=EDGE_CURVE('',#7838,#7835,#855,.T.);
#6331=EDGE_CURVE('',#7839,#7318,#856,.T.);
#6332=EDGE_CURVE('',#7839,#7840,#857,.T.);
#6333=EDGE_CURVE('',#7840,#7319,#858,.T.);
#6334=EDGE_CURVE('',#7841,#7325,#859,.T.);
#6335=EDGE_CURVE('',#7841,#7839,#860,.T.);
#6336=EDGE_CURVE('',#7842,#7324,#861,.T.);
#6337=EDGE_CURVE('',#7842,#7841,#862,.T.);
#6338=EDGE_CURVE('',#7843,#7323,#863,.T.);
#6339=EDGE_CURVE('',#7843,#7842,#864,.T.);
#6340=EDGE_CURVE('',#7844,#7322,#865,.T.);
#6341=EDGE_CURVE('',#7844,#7843,#866,.T.);
#6342=EDGE_CURVE('',#7845,#7321,#867,.T.);
#6343=EDGE_CURVE('',#7845,#7844,#868,.T.);
#6344=EDGE_CURVE('',#7846,#7320,#869,.T.);
#6345=EDGE_CURVE('',#7846,#7845,#870,.T.);
#6346=EDGE_CURVE('',#7840,#7846,#871,.T.);
#6347=EDGE_CURVE('',#7834,#7837,#872,.T.);
#6348=EDGE_CURVE('',#7836,#7838,#873,.T.);
#6349=EDGE_CURVE('',#7847,#7326,#874,.T.);
#6350=EDGE_CURVE('',#7847,#7848,#875,.T.);
#6351=EDGE_CURVE('',#7848,#7327,#876,.T.);
#6352=EDGE_CURVE('',#7849,#7337,#877,.T.);
#6353=EDGE_CURVE('',#7849,#7847,#878,.T.);
#6354=EDGE_CURVE('',#7850,#7336,#879,.T.);
#6355=EDGE_CURVE('',#7850,#7849,#880,.T.);
#6356=EDGE_CURVE('',#7851,#7335,#881,.T.);
#6357=EDGE_CURVE('',#7851,#7850,#882,.T.);
#6358=EDGE_CURVE('',#7852,#7334,#883,.T.);
#6359=EDGE_CURVE('',#7852,#7851,#884,.T.);
#6360=EDGE_CURVE('',#7853,#7333,#885,.T.);
#6361=EDGE_CURVE('',#7853,#7852,#886,.T.);
#6362=EDGE_CURVE('',#7854,#7332,#887,.T.);
#6363=EDGE_CURVE('',#7854,#7853,#888,.T.);
#6364=EDGE_CURVE('',#7855,#7331,#889,.T.);
#6365=EDGE_CURVE('',#7855,#7854,#890,.T.);
#6366=EDGE_CURVE('',#7856,#7330,#891,.T.);
#6367=EDGE_CURVE('',#7856,#7855,#892,.T.);
#6368=EDGE_CURVE('',#7857,#7329,#893,.T.);
#6369=EDGE_CURVE('',#7857,#7856,#894,.T.);
#6370=EDGE_CURVE('',#7858,#7328,#895,.T.);
#6371=EDGE_CURVE('',#7858,#7857,#896,.T.);
#6372=EDGE_CURVE('',#7848,#7858,#897,.T.);
#6373=EDGE_CURVE('',#7859,#7294,#898,.T.);
#6374=EDGE_CURVE('',#7859,#7860,#380,.T.);
#6375=EDGE_CURVE('',#7860,#7295,#899,.T.);
#6376=EDGE_CURVE('',#7861,#7317,#900,.T.);
#6377=EDGE_CURVE('',#7861,#7859,#901,.T.);
#6378=EDGE_CURVE('',#7862,#7316,#902,.T.);
#6379=EDGE_CURVE('',#7862,#7861,#903,.T.);
#6380=EDGE_CURVE('',#7863,#7315,#904,.T.);
#6381=EDGE_CURVE('',#7863,#7862,#905,.T.);
#6382=EDGE_CURVE('',#7864,#7314,#906,.T.);
#6383=EDGE_CURVE('',#7864,#7863,#907,.T.);
#6384=EDGE_CURVE('',#7865,#7313,#908,.T.);
#6385=EDGE_CURVE('',#7865,#7864,#909,.T.);
#6386=EDGE_CURVE('',#7866,#7312,#910,.T.);
#6387=EDGE_CURVE('',#7866,#7865,#8479,.T.);
#6388=EDGE_CURVE('',#7867,#7311,#911,.T.);
#6389=EDGE_CURVE('',#7867,#7866,#381,.T.);
#6390=EDGE_CURVE('',#7868,#7310,#912,.T.);
#6391=EDGE_CURVE('',#7868,#7867,#382,.T.);
#6392=EDGE_CURVE('',#7869,#7309,#913,.T.);
#6393=EDGE_CURVE('',#7869,#7868,#383,.T.);
#6394=EDGE_CURVE('',#7870,#7308,#914,.T.);
#6395=EDGE_CURVE('',#7870,#7869,#915,.T.);
#6396=EDGE_CURVE('',#7871,#7307,#916,.T.);
#6397=EDGE_CURVE('',#7871,#7870,#384,.T.);
#6398=EDGE_CURVE('',#7872,#7306,#917,.T.);
#6399=EDGE_CURVE('',#7872,#7871,#385,.T.);
#6400=EDGE_CURVE('',#7873,#7305,#918,.T.);
#6401=EDGE_CURVE('',#7873,#7872,#386,.T.);
#6402=EDGE_CURVE('',#7874,#7304,#919,.T.);
#6403=EDGE_CURVE('',#7874,#7873,#920,.T.);
#6404=EDGE_CURVE('',#7875,#7303,#921,.T.);
#6405=EDGE_CURVE('',#7875,#7874,#387,.T.);
#6406=EDGE_CURVE('',#7876,#7302,#922,.T.);
#6407=EDGE_CURVE('',#7876,#7875,#388,.T.);
#6408=EDGE_CURVE('',#7877,#7301,#923,.T.);
#6409=EDGE_CURVE('',#7877,#7876,#389,.T.);
#6410=EDGE_CURVE('',#7878,#7300,#924,.T.);
#6411=EDGE_CURVE('',#7878,#7877,#390,.T.);
#6412=EDGE_CURVE('',#7879,#7299,#925,.T.);
#6413=EDGE_CURVE('',#7879,#7878,#926,.T.);
#6414=EDGE_CURVE('',#7880,#7298,#927,.T.);
#6415=EDGE_CURVE('',#7880,#7879,#391,.T.);
#6416=EDGE_CURVE('',#7881,#7297,#928,.T.);
#6417=EDGE_CURVE('',#7881,#7880,#392,.T.);
#6418=EDGE_CURVE('',#7882,#7296,#929,.T.);
#6419=EDGE_CURVE('',#7882,#7881,#393,.T.);
#6420=EDGE_CURVE('',#7860,#7882,#394,.T.);
#6421=EDGE_CURVE('',#7883,#7338,#930,.T.);
#6422=EDGE_CURVE('',#7883,#7884,#395,.T.);
#6423=EDGE_CURVE('',#7884,#7339,#931,.T.);
#6424=EDGE_CURVE('',#7885,#7366,#932,.T.);
#6425=EDGE_CURVE('',#7885,#7883,#396,.T.);
#6426=EDGE_CURVE('',#7886,#7365,#933,.T.);
#6427=EDGE_CURVE('',#7886,#7885,#397,.T.);
#6428=EDGE_CURVE('',#7887,#7364,#934,.T.);
#6429=EDGE_CURVE('',#7887,#7886,#398,.T.);
#6430=EDGE_CURVE('',#7888,#7363,#935,.T.);
#6431=EDGE_CURVE('',#7888,#7887,#399,.T.);
#6432=EDGE_CURVE('',#7889,#7362,#936,.T.);
#6433=EDGE_CURVE('',#7889,#7888,#400,.T.);
#6434=EDGE_CURVE('',#7890,#7361,#937,.T.);
#6435=EDGE_CURVE('',#7890,#7889,#401,.T.);
#6436=EDGE_CURVE('',#7891,#7360,#938,.T.);
#6437=EDGE_CURVE('',#7891,#7890,#939,.T.);
#6438=EDGE_CURVE('',#7892,#7359,#940,.T.);
#6439=EDGE_CURVE('',#7892,#7891,#8480,.F.);
#6440=EDGE_CURVE('',#7893,#7358,#941,.T.);
#6441=EDGE_CURVE('',#7893,#7892,#402,.T.);
#6442=EDGE_CURVE('',#7894,#7357,#942,.T.);
#6443=EDGE_CURVE('',#7894,#7893,#8481,.F.);
#6444=EDGE_CURVE('',#7895,#7356,#943,.T.);
#6445=EDGE_CURVE('',#7895,#7894,#403,.T.);
#6446=EDGE_CURVE('',#7896,#7355,#944,.T.);
#6447=EDGE_CURVE('',#7896,#7895,#404,.T.);
#6448=EDGE_CURVE('',#7897,#7354,#945,.T.);
#6449=EDGE_CURVE('',#7897,#7896,#405,.T.);
#6450=EDGE_CURVE('',#7898,#7353,#946,.T.);
#6451=EDGE_CURVE('',#7898,#7897,#406,.T.);
#6452=EDGE_CURVE('',#7899,#7352,#947,.T.);
#6453=EDGE_CURVE('',#7899,#7898,#407,.T.);
#6454=EDGE_CURVE('',#7900,#7351,#948,.T.);
#6455=EDGE_CURVE('',#7900,#7899,#408,.T.);
#6456=EDGE_CURVE('',#7901,#7350,#949,.T.);
#6457=EDGE_CURVE('',#7901,#7900,#409,.T.);
#6458=EDGE_CURVE('',#7902,#7349,#950,.T.);
#6459=EDGE_CURVE('',#7902,#7901,#410,.T.);
#6460=EDGE_CURVE('',#7903,#7348,#951,.T.);
#6461=EDGE_CURVE('',#7903,#7902,#411,.T.);
#6462=EDGE_CURVE('',#7904,#7347,#952,.T.);
#6463=EDGE_CURVE('',#7904,#7903,#412,.T.);
#6464=EDGE_CURVE('',#7905,#7346,#953,.T.);
#6465=EDGE_CURVE('',#7905,#7904,#413,.T.);
#6466=EDGE_CURVE('',#7906,#7345,#954,.T.);
#6467=EDGE_CURVE('',#7906,#7905,#955,.T.);
#6468=EDGE_CURVE('',#7907,#7344,#956,.T.);
#6469=EDGE_CURVE('',#7907,#7906,#8482,.F.);
#6470=EDGE_CURVE('',#7908,#7343,#957,.T.);
#6471=EDGE_CURVE('',#7908,#7907,#414,.T.);
#6472=EDGE_CURVE('',#7909,#7342,#958,.T.);
#6473=EDGE_CURVE('',#7909,#7908,#415,.T.);
#6474=EDGE_CURVE('',#7910,#7341,#959,.T.);
#6475=EDGE_CURVE('',#7910,#7909,#416,.T.);
#6476=EDGE_CURVE('',#7911,#7340,#960,.T.);
#6477=EDGE_CURVE('',#7911,#7910,#417,.T.);
#6478=EDGE_CURVE('',#7884,#7911,#418,.T.);
#6479=EDGE_CURVE('',#7912,#7912,#8483,.T.);
#6480=EDGE_CURVE('',#7913,#7913,#8484,.T.);
#6481=EDGE_CURVE('',#7914,#7914,#8485,.T.);
#6482=EDGE_CURVE('',#7915,#7915,#8486,.T.);
#6483=EDGE_CURVE('',#7916,#7735,#961,.T.);
#6484=EDGE_CURVE('',#7917,#7916,#962,.T.);
#6485=EDGE_CURVE('',#7917,#7734,#963,.T.);
#6486=EDGE_CURVE('',#7918,#7737,#964,.T.);
#6487=EDGE_CURVE('',#7916,#7918,#965,.T.);
#6488=EDGE_CURVE('',#7919,#7736,#966,.T.);
#6489=EDGE_CURVE('',#7919,#7918,#967,.T.);
#6490=EDGE_CURVE('',#7917,#7919,#968,.T.);
#6491=EDGE_CURVE('',#7920,#7920,#8487,.T.);
#6492=EDGE_CURVE('',#7921,#7701,#969,.T.);
#6493=EDGE_CURVE('',#7922,#7921,#970,.T.);
#6494=EDGE_CURVE('',#7922,#7700,#971,.T.);
#6495=EDGE_CURVE('',#7923,#7732,#972,.T.);
#6496=EDGE_CURVE('',#7921,#7923,#8488,.T.);
#6497=EDGE_CURVE('',#7924,#7731,#973,.T.);
#6498=EDGE_CURVE('',#7923,#7924,#974,.T.);
#6499=EDGE_CURVE('',#7925,#7730,#975,.T.);
#6500=EDGE_CURVE('',#7925,#7924,#8489,.T.);
#6501=EDGE_CURVE('',#7926,#7729,#976,.T.);
#6502=EDGE_CURVE('',#7925,#7926,#977,.T.);
#6503=EDGE_CURVE('',#7927,#7728,#978,.T.);
#6504=EDGE_CURVE('',#7926,#7927,#979,.T.);
#6505=EDGE_CURVE('',#7928,#7727,#980,.T.);
#6506=EDGE_CURVE('',#7927,#7928,#981,.T.);
#6507=EDGE_CURVE('',#7929,#7726,#982,.T.);
#6508=EDGE_CURVE('',#7928,#7929,#8490,.T.);
#6509=EDGE_CURVE('',#7930,#7725,#983,.T.);
#6510=EDGE_CURVE('',#7929,#7930,#984,.T.);
#6511=EDGE_CURVE('',#7931,#7724,#985,.T.);
#6512=EDGE_CURVE('',#7931,#7930,#986,.T.);
#6513=EDGE_CURVE('',#7932,#7723,#987,.T.);
#6514=EDGE_CURVE('',#7932,#7931,#8491,.T.);
#6515=EDGE_CURVE('',#7933,#7722,#988,.T.);
#6516=EDGE_CURVE('',#7933,#7932,#989,.T.);
#6517=EDGE_CURVE('',#7934,#7721,#990,.T.);
#6518=EDGE_CURVE('',#7934,#7933,#991,.T.);
#6519=EDGE_CURVE('',#7935,#7720,#992,.T.);
#6520=EDGE_CURVE('',#7935,#7934,#993,.T.);
#6521=EDGE_CURVE('',#7936,#7719,#994,.T.);
#6522=EDGE_CURVE('',#7935,#7936,#8492,.T.);
#6523=EDGE_CURVE('',#7937,#7718,#995,.T.);
#6524=EDGE_CURVE('',#7937,#7936,#996,.T.);
#6525=EDGE_CURVE('',#7938,#7717,#997,.T.);
#6526=EDGE_CURVE('',#7938,#7937,#8493,.T.);
#6527=EDGE_CURVE('',#7939,#7716,#998,.T.);
#6528=EDGE_CURVE('',#7939,#7938,#999,.T.);
#6529=EDGE_CURVE('',#7940,#7715,#1000,.T.);
#6530=EDGE_CURVE('',#7940,#7939,#1001,.T.);
#6531=EDGE_CURVE('',#7941,#7714,#1002,.T.);
#6532=EDGE_CURVE('',#7941,#7940,#1003,.T.);
#6533=EDGE_CURVE('',#7942,#7713,#1004,.T.);
#6534=EDGE_CURVE('',#7941,#7942,#8494,.T.);
#6535=EDGE_CURVE('',#7943,#7712,#1005,.T.);
#6536=EDGE_CURVE('',#7943,#7942,#1006,.T.);
#6537=EDGE_CURVE('',#7944,#7711,#1007,.T.);
#6538=EDGE_CURVE('',#7944,#7943,#8495,.T.);
#6539=EDGE_CURVE('',#7945,#7710,#1008,.T.);
#6540=EDGE_CURVE('',#7945,#7944,#1009,.T.);
#6541=EDGE_CURVE('',#7946,#7709,#1010,.T.);
#6542=EDGE_CURVE('',#7946,#7945,#1011,.T.);
#6543=EDGE_CURVE('',#7947,#7708,#1012,.T.);
#6544=EDGE_CURVE('',#7947,#7946,#8496,.T.);
#6545=EDGE_CURVE('',#7948,#7707,#1013,.T.);
#6546=EDGE_CURVE('',#7947,#7948,#1014,.T.);
#6547=EDGE_CURVE('',#7949,#7706,#1015,.T.);
#6548=EDGE_CURVE('',#7948,#7949,#1016,.T.);
#6549=EDGE_CURVE('',#7950,#7705,#1017,.T.);
#6550=EDGE_CURVE('',#7949,#7950,#8497,.T.);
#6551=EDGE_CURVE('',#7951,#7704,#1018,.T.);
#6552=EDGE_CURVE('',#7950,#7951,#1019,.T.);
#6553=EDGE_CURVE('',#7952,#7703,#1020,.T.);
#6554=EDGE_CURVE('',#7952,#7951,#8498,.T.);
#6555=EDGE_CURVE('',#7953,#7702,#1021,.T.);
#6556=EDGE_CURVE('',#7952,#7953,#1022,.T.);
#6557=EDGE_CURVE('',#7953,#7922,#1023,.T.);
#6558=EDGE_CURVE('',#7954,#7954,#8499,.T.);
#6559=EDGE_CURVE('',#7955,#7955,#8500,.T.);
#6560=EDGE_CURVE('',#7956,#7695,#1024,.T.);
#6561=EDGE_CURVE('',#7957,#7956,#1025,.T.);
#6562=EDGE_CURVE('',#7957,#7694,#1026,.T.);
#6563=EDGE_CURVE('',#7958,#7697,#1027,.T.);
#6564=EDGE_CURVE('',#7956,#7958,#1028,.T.);
#6565=EDGE_CURVE('',#7959,#7696,#1029,.T.);
#6566=EDGE_CURVE('',#7959,#7958,#1030,.T.);
#6567=EDGE_CURVE('',#7957,#7959,#1031,.T.);
#6568=EDGE_CURVE('',#7960,#7691,#1032,.T.);
#6569=EDGE_CURVE('',#7961,#7960,#1033,.T.);
#6570=EDGE_CURVE('',#7961,#7690,#1034,.T.);
#6571=EDGE_CURVE('',#7962,#7693,#1035,.T.);
#6572=EDGE_CURVE('',#7960,#7962,#1036,.T.);
#6573=EDGE_CURVE('',#7963,#7692,#1037,.T.);
#6574=EDGE_CURVE('',#7963,#7962,#1038,.T.);
#6575=EDGE_CURVE('',#7961,#7963,#1039,.T.);
#6576=EDGE_CURVE('',#7964,#7748,#1040,.T.);
#6577=EDGE_CURVE('',#7964,#7965,#1041,.T.);
#6578=EDGE_CURVE('',#7965,#7750,#1042,.T.);
#6579=EDGE_CURVE('',#7966,#7749,#1043,.T.);
#6580=EDGE_CURVE('',#7964,#7966,#1044,.T.);
#6581=EDGE_CURVE('',#7967,#7751,#1045,.T.);
#6582=EDGE_CURVE('',#7966,#7967,#1046,.T.);
#6583=EDGE_CURVE('',#7965,#7967,#1047,.T.);
#6584=EDGE_CURVE('',#7968,#7687,#1048,.T.);
#6585=EDGE_CURVE('',#7969,#7968,#8501,.T.);
#6586=EDGE_CURVE('',#7969,#7686,#1049,.T.);
#6587=EDGE_CURVE('',#7970,#7689,#1050,.T.);
#6588=EDGE_CURVE('',#7968,#7970,#8502,.T.);
#6589=EDGE_CURVE('',#7971,#7688,#1051,.T.);
#6590=EDGE_CURVE('',#7970,#7971,#1052,.T.);
#6591=EDGE_CURVE('',#7972,#7973,#8503,.T.);
#6592=EDGE_CURVE('',#7974,#7973,#1053,.T.);
#6593=EDGE_CURVE('',#7975,#7974,#8504,.T.);
#6594=EDGE_CURVE('',#7975,#7972,#1054,.T.);
#6595=EDGE_CURVE('',#7973,#7976,#8505,.T.);
#6596=EDGE_CURVE('',#7977,#7976,#1055,.T.);
#6597=EDGE_CURVE('',#7974,#7977,#8506,.T.);
#6598=EDGE_CURVE('',#7976,#7978,#8507,.T.);
#6599=EDGE_CURVE('',#7979,#7978,#1056,.T.);
#6600=EDGE_CURVE('',#7977,#7979,#8508,.T.);
#6601=EDGE_CURVE('',#7978,#7972,#8509,.T.);
#6602=EDGE_CURVE('',#7979,#7975,#8510,.T.);
#6603=EDGE_CURVE('',#7971,#7969,#1057,.T.);
#6604=EDGE_CURVE('',#7980,#7980,#8511,.T.);
#6605=EDGE_CURVE('',#7981,#7981,#8512,.T.);
#6606=EDGE_CURVE('',#7982,#7484,#1058,.T.);
#6607=EDGE_CURVE('',#7983,#7982,#1059,.T.);
#6608=EDGE_CURVE('',#7983,#7485,#1060,.T.);
#6609=EDGE_CURVE('',#7984,#7983,#1061,.T.);
#6610=EDGE_CURVE('',#7984,#7486,#1062,.T.);
#6611=EDGE_CURVE('',#7802,#7985,#8513,.T.);
#6612=EDGE_CURVE('',#7985,#7986,#8514,.T.);
#6613=EDGE_CURVE('',#7986,#7987,#8515,.T.);
#6614=EDGE_CURVE('',#7987,#7988,#8516,.T.);
#6615=EDGE_CURVE('',#7988,#7989,#8517,.T.);
#6616=EDGE_CURVE('',#7989,#7990,#8518,.T.);
#6617=EDGE_CURVE('',#7990,#7991,#8519,.T.);
#6618=EDGE_CURVE('',#7991,#7992,#8520,.T.);
#6619=EDGE_CURVE('',#7992,#7993,#8521,.T.);
#6620=EDGE_CURVE('',#7993,#7994,#8522,.T.);
#6621=EDGE_CURVE('',#7994,#7995,#8523,.T.);
#6622=EDGE_CURVE('',#7995,#7996,#8524,.T.);
#6623=EDGE_CURVE('',#7996,#7984,#8525,.T.);
#6624=EDGE_CURVE('',#7982,#7997,#8526,.T.);
#6625=EDGE_CURVE('',#7997,#7998,#8527,.T.);
#6626=EDGE_CURVE('',#7998,#7999,#8528,.T.);
#6627=EDGE_CURVE('',#7999,#8000,#8529,.T.);
#6628=EDGE_CURVE('',#8000,#8001,#8530,.T.);
#6629=EDGE_CURVE('',#8001,#8002,#8531,.T.);
#6630=EDGE_CURVE('',#8002,#8003,#8532,.T.);
#6631=EDGE_CURVE('',#8003,#8004,#8533,.T.);
#6632=EDGE_CURVE('',#8004,#7803,#1063,.T.);
#6633=EDGE_CURVE('',#8004,#7476,#1064,.T.);
#6634=EDGE_CURVE('',#7985,#7498,#1065,.T.);
#6635=EDGE_CURVE('',#8003,#7477,#1066,.T.);
#6636=EDGE_CURVE('',#8002,#7478,#1067,.T.);
#6637=EDGE_CURVE('',#8001,#7479,#1068,.T.);
#6638=EDGE_CURVE('',#8000,#7480,#1069,.T.);
#6639=EDGE_CURVE('',#7999,#7481,#1070,.T.);
#6640=EDGE_CURVE('',#7998,#7482,#1071,.T.);
#6641=EDGE_CURVE('',#7997,#7483,#1072,.T.);
#6642=EDGE_CURVE('',#7996,#7487,#1073,.T.);
#6643=EDGE_CURVE('',#7995,#7488,#1074,.T.);
#6644=EDGE_CURVE('',#7994,#7489,#1075,.T.);
#6645=EDGE_CURVE('',#7993,#7490,#1076,.T.);
#6646=EDGE_CURVE('',#7992,#7491,#1077,.T.);
#6647=EDGE_CURVE('',#7991,#7492,#1078,.T.);
#6648=EDGE_CURVE('',#7990,#7493,#1079,.T.);
#6649=EDGE_CURVE('',#7989,#7494,#1080,.T.);
#6650=EDGE_CURVE('',#7988,#7495,#1081,.T.);
#6651=EDGE_CURVE('',#7987,#7496,#1082,.T.);
#6652=EDGE_CURVE('',#7986,#7497,#1083,.T.);
#6653=EDGE_CURVE('',#7804,#8005,#1084,.T.);
#6654=EDGE_CURVE('',#8005,#8006,#1085,.T.);
#6655=EDGE_CURVE('',#8006,#7805,#1086,.T.);
#6656=EDGE_CURVE('',#8006,#7472,#1087,.T.);
#6657=EDGE_CURVE('',#8005,#7473,#1088,.T.);
#6658=EDGE_CURVE('',#7800,#8007,#8534,.T.);
#6659=EDGE_CURVE('',#8007,#8008,#8535,.T.);
#6660=EDGE_CURVE('',#8008,#8009,#8536,.T.);
#6661=EDGE_CURVE('',#8009,#8010,#8537,.T.);
#6662=EDGE_CURVE('',#8010,#8011,#8538,.T.);
#6663=EDGE_CURVE('',#8011,#8012,#8539,.T.);
#6664=EDGE_CURVE('',#8012,#8013,#8540,.T.);
#6665=EDGE_CURVE('',#8013,#8014,#1089,.T.);
#6666=EDGE_CURVE('',#8014,#8015,#1090,.T.);
#6667=EDGE_CURVE('',#8015,#8016,#8541,.T.);
#6668=EDGE_CURVE('',#8016,#8017,#8542,.T.);
#6669=EDGE_CURVE('',#8017,#8018,#8543,.T.);
#6670=EDGE_CURVE('',#8018,#7799,#8544,.T.);
#6671=EDGE_CURVE('',#7798,#8019,#1091,.T.);
#6672=EDGE_CURVE('',#8019,#8020,#1092,.T.);
#6673=EDGE_CURVE('',#8020,#8021,#8545,.T.);
#6674=EDGE_CURVE('',#8021,#8022,#8546,.T.);
#6675=EDGE_CURVE('',#8022,#8023,#8547,.T.);
#6676=EDGE_CURVE('',#8023,#8024,#8548,.T.);
#6677=EDGE_CURVE('',#8024,#8025,#8549,.T.);
#6678=EDGE_CURVE('',#8025,#8026,#8550,.T.);
#6679=EDGE_CURVE('',#8026,#8027,#8551,.T.);
#6680=EDGE_CURVE('',#8027,#8028,#8552,.T.);
#6681=EDGE_CURVE('',#8028,#8029,#8553,.T.);
#6682=EDGE_CURVE('',#8029,#8030,#8554,.T.);
#6683=EDGE_CURVE('',#8030,#8031,#8555,.T.);
#6684=EDGE_CURVE('',#8031,#8032,#8556,.T.);
#6685=EDGE_CURVE('',#8032,#8033,#8557,.T.);
#6686=EDGE_CURVE('',#8033,#8034,#8558,.T.);
#6687=EDGE_CURVE('',#8034,#8035,#8559,.T.);
#6688=EDGE_CURVE('',#8035,#8036,#1093,.T.);
#6689=EDGE_CURVE('',#8036,#7801,#8560,.T.);
#6690=EDGE_CURVE('',#8036,#7501,#1094,.T.);
#6691=EDGE_CURVE('',#8019,#7518,#1095,.T.);
#6692=EDGE_CURVE('',#8007,#7673,#1096,.T.);
#6693=EDGE_CURVE('',#8018,#7675,#1097,.T.);
#6694=EDGE_CURVE('',#8035,#7502,#1098,.T.);
#6695=EDGE_CURVE('',#8020,#7517,#1099,.T.);
#6696=EDGE_CURVE('',#8021,#7516,#1100,.T.);
#6697=EDGE_CURVE('',#8022,#7515,#1101,.T.);
#6698=EDGE_CURVE('',#8023,#7514,#1102,.T.);
#6699=EDGE_CURVE('',#8024,#7513,#1103,.T.);
#6700=EDGE_CURVE('',#8025,#7512,#1104,.T.);
#6701=EDGE_CURVE('',#8026,#7511,#1105,.T.);
#6702=EDGE_CURVE('',#8027,#7510,#1106,.T.);
#6703=EDGE_CURVE('',#8028,#7509,#1107,.T.);
#6704=EDGE_CURVE('',#8029,#7508,#1108,.T.);
#6705=EDGE_CURVE('',#8030,#7507,#1109,.T.);
#6706=EDGE_CURVE('',#8031,#7506,#1110,.T.);
#6707=EDGE_CURVE('',#8032,#7505,#1111,.T.);
#6708=EDGE_CURVE('',#8033,#7504,#1112,.T.);
#6709=EDGE_CURVE('',#8034,#7503,#1113,.T.);
#6710=EDGE_CURVE('',#8008,#7685,#1114,.T.);
#6711=EDGE_CURVE('',#8009,#7684,#1115,.T.);
#6712=EDGE_CURVE('',#8010,#7683,#1116,.T.);
#6713=EDGE_CURVE('',#8011,#7682,#1117,.T.);
#6714=EDGE_CURVE('',#8012,#7681,#1118,.T.);
#6715=EDGE_CURVE('',#8013,#7680,#1119,.T.);
#6716=EDGE_CURVE('',#8014,#7679,#1120,.T.);
#6717=EDGE_CURVE('',#8015,#7678,#1121,.T.);
#6718=EDGE_CURVE('',#8016,#7677,#1122,.T.);
#6719=EDGE_CURVE('',#8017,#7676,#1123,.T.);
#6720=EDGE_CURVE('',#7796,#8037,#1124,.T.);
#6721=EDGE_CURVE('',#8037,#8038,#1125,.T.);
#6722=EDGE_CURVE('',#8038,#7797,#1126,.T.);
#6723=EDGE_CURVE('',#8038,#7521,#1127,.T.);
#6724=EDGE_CURVE('',#8037,#7522,#1128,.T.);
#6725=EDGE_CURVE('',#7790,#8039,#8561,.T.);
#6726=EDGE_CURVE('',#8039,#8040,#8562,.T.);
#6727=EDGE_CURVE('',#8040,#8041,#8563,.T.);
#6728=EDGE_CURVE('',#8041,#8042,#8564,.T.);
#6729=EDGE_CURVE('',#8042,#8043,#8565,.T.);
#6730=EDGE_CURVE('',#8043,#8044,#8566,.T.);
#6731=EDGE_CURVE('',#8044,#8045,#8567,.T.);
#6732=EDGE_CURVE('',#8045,#8046,#8568,.T.);
#6733=EDGE_CURVE('',#8046,#8047,#1129,.T.);
#6734=EDGE_CURVE('',#8047,#8048,#1130,.T.);
#6735=EDGE_CURVE('',#8048,#8049,#8569,.T.);
#6736=EDGE_CURVE('',#8049,#8050,#8570,.T.);
#6737=EDGE_CURVE('',#8050,#8051,#8571,.T.);
#6738=EDGE_CURVE('',#8051,#8052,#8572,.T.);
#6739=EDGE_CURVE('',#8052,#8053,#8573,.T.);
#6740=EDGE_CURVE('',#8053,#7789,#8574,.T.);
#6741=EDGE_CURVE('',#7788,#8054,#1131,.T.);
#6742=EDGE_CURVE('',#8054,#8055,#1132,.T.);
#6743=EDGE_CURVE('',#8055,#8056,#8575,.T.);
#6744=EDGE_CURVE('',#8056,#8057,#8576,.T.);
#6745=EDGE_CURVE('',#8057,#8058,#8577,.T.);
#6746=EDGE_CURVE('',#8058,#8059,#8578,.T.);
#6747=EDGE_CURVE('',#8059,#8060,#8579,.T.);
#6748=EDGE_CURVE('',#8060,#8061,#8580,.T.);
#6749=EDGE_CURVE('',#8061,#8062,#8581,.T.);
#6750=EDGE_CURVE('',#8062,#8063,#8582,.T.);
#6751=EDGE_CURVE('',#8063,#8064,#1133,.T.);
#6752=EDGE_CURVE('',#8064,#8065,#1134,.T.);
#6753=EDGE_CURVE('',#8065,#8066,#1135,.T.);
#6754=EDGE_CURVE('',#8066,#8067,#8583,.T.);
#6755=EDGE_CURVE('',#8067,#8068,#8584,.T.);
#6756=EDGE_CURVE('',#8068,#8069,#8585,.T.);
#6757=EDGE_CURVE('',#8069,#8070,#8586,.T.);
#6758=EDGE_CURVE('',#8070,#8071,#8587,.T.);
#6759=EDGE_CURVE('',#8071,#8072,#8588,.T.);
#6760=EDGE_CURVE('',#8072,#8073,#8589,.T.);
#6761=EDGE_CURVE('',#8073,#8074,#8590,.T.);
#6762=EDGE_CURVE('',#8074,#7791,#1136,.T.);
#6763=EDGE_CURVE('',#8074,#7540,#1137,.T.);
#6764=EDGE_CURVE('',#8039,#7636,#1138,.T.);
#6765=EDGE_CURVE('',#8053,#7638,#1139,.T.);
#6766=EDGE_CURVE('',#8054,#7560,#1140,.T.);
#6767=EDGE_CURVE('',#8040,#7651,#1141,.T.);
#6768=EDGE_CURVE('',#8041,#7650,#1142,.T.);
#6769=EDGE_CURVE('',#8042,#7649,#1143,.T.);
#6770=EDGE_CURVE('',#8043,#7648,#1144,.T.);
#6771=EDGE_CURVE('',#8044,#7647,#1145,.T.);
#6772=EDGE_CURVE('',#8045,#7646,#1146,.T.);
#6773=EDGE_CURVE('',#8046,#7645,#1147,.T.);
#6774=EDGE_CURVE('',#8047,#7644,#1148,.T.);
#6775=EDGE_CURVE('',#8048,#7643,#1149,.T.);
#6776=EDGE_CURVE('',#8049,#7642,#1150,.T.);
#6777=EDGE_CURVE('',#8050,#7641,#1151,.T.);
#6778=EDGE_CURVE('',#8051,#7640,#1152,.T.);
#6779=EDGE_CURVE('',#8052,#7639,#1153,.T.);
#6780=EDGE_CURVE('',#8055,#7559,#1154,.T.);
#6781=EDGE_CURVE('',#8056,#7558,#1155,.T.);
#6782=EDGE_CURVE('',#8057,#7557,#1156,.T.);
#6783=EDGE_CURVE('',#8058,#7556,#1157,.T.);
#6784=EDGE_CURVE('',#8059,#7555,#1158,.T.);
#6785=EDGE_CURVE('',#8060,#7554,#1159,.T.);
#6786=EDGE_CURVE('',#8061,#7553,#1160,.T.);
#6787=EDGE_CURVE('',#8062,#7552,#1161,.T.);
#6788=EDGE_CURVE('',#8063,#7551,#1162,.T.);
#6789=EDGE_CURVE('',#8064,#7550,#1163,.T.);
#6790=EDGE_CURVE('',#8065,#7549,#1164,.T.);
#6791=EDGE_CURVE('',#8066,#7548,#1165,.T.);
#6792=EDGE_CURVE('',#8067,#7547,#1166,.T.);
#6793=EDGE_CURVE('',#8068,#7546,#1167,.T.);
#6794=EDGE_CURVE('',#8069,#7545,#1168,.T.);
#6795=EDGE_CURVE('',#8070,#7544,#1169,.T.);
#6796=EDGE_CURVE('',#8071,#7543,#1170,.T.);
#6797=EDGE_CURVE('',#8072,#7542,#1171,.T.);
#6798=EDGE_CURVE('',#8073,#7541,#1172,.T.);
#6799=EDGE_CURVE('',#8075,#7634,#1173,.T.);
#6800=EDGE_CURVE('',#8076,#8075,#1174,.T.);
#6801=EDGE_CURVE('',#8076,#7627,#1175,.T.);
#6802=EDGE_CURVE('',#8077,#7569,#1176,.T.);
#6803=EDGE_CURVE('',#8078,#8077,#1177,.T.);
#6804=EDGE_CURVE('',#8078,#7570,#1178,.T.);
#6805=EDGE_CURVE('',#8079,#8078,#1179,.T.);
#6806=EDGE_CURVE('',#8079,#7571,#1180,.T.);
#6807=EDGE_CURVE('',#7782,#8076,#1181,.T.);
#6808=EDGE_CURVE('',#8075,#8080,#8591,.T.);
#6809=EDGE_CURVE('',#8080,#8081,#8592,.T.);
#6810=EDGE_CURVE('',#8081,#8082,#8593,.T.);
#6811=EDGE_CURVE('',#8082,#8083,#8594,.T.);
#6812=EDGE_CURVE('',#8083,#8084,#8595,.T.);
#6813=EDGE_CURVE('',#8084,#7781,#8596,.T.);
#6814=EDGE_CURVE('',#7780,#8085,#1182,.T.);
#6815=EDGE_CURVE('',#8085,#8086,#8597,.T.);
#6816=EDGE_CURVE('',#8086,#8087,#8598,.T.);
#6817=EDGE_CURVE('',#8087,#8088,#8599,.T.);
#6818=EDGE_CURVE('',#8088,#8089,#8600,.T.);
#6819=EDGE_CURVE('',#8089,#8090,#8601,.T.);
#6820=EDGE_CURVE('',#8090,#8091,#8602,.T.);
#6821=EDGE_CURVE('',#8091,#8092,#8603,.T.);
#6822=EDGE_CURVE('',#8092,#8093,#8604,.T.);
#6823=EDGE_CURVE('',#8093,#8094,#8605,.T.);
#6824=EDGE_CURVE('',#8094,#8095,#8606,.T.);
#6825=EDGE_CURVE('',#8095,#8096,#8607,.T.);
#6826=EDGE_CURVE('',#8096,#8079,#8608,.T.);
#6827=EDGE_CURVE('',#8077,#7783,#1183,.T.);
#6828=EDGE_CURVE('',#8085,#7583,#1184,.T.);
#6829=EDGE_CURVE('',#8084,#7629,#1185,.T.);
#6830=EDGE_CURVE('',#8096,#7572,#1186,.T.);
#6831=EDGE_CURVE('',#8095,#7573,#1187,.T.);
#6832=EDGE_CURVE('',#8094,#7574,#1188,.T.);
#6833=EDGE_CURVE('',#8093,#7575,#1189,.T.);
#6834=EDGE_CURVE('',#8092,#7576,#1190,.T.);
#6835=EDGE_CURVE('',#8091,#7577,#1191,.T.);
#6836=EDGE_CURVE('',#8090,#7578,#1192,.T.);
#6837=EDGE_CURVE('',#8089,#7579,#1193,.T.);
#6838=EDGE_CURVE('',#8088,#7580,#1194,.T.);
#6839=EDGE_CURVE('',#8087,#7581,#1195,.T.);
#6840=EDGE_CURVE('',#8086,#7582,#1196,.T.);
#6841=EDGE_CURVE('',#8083,#7630,#1197,.T.);
#6842=EDGE_CURVE('',#8082,#7631,#1198,.T.);
#6843=EDGE_CURVE('',#8081,#7632,#1199,.T.);
#6844=EDGE_CURVE('',#8080,#7633,#1200,.T.);
#6845=EDGE_CURVE('',#7778,#8097,#1201,.T.);
#6846=EDGE_CURVE('',#8097,#8098,#1202,.T.);
#6847=EDGE_CURVE('',#8098,#8099,#1203,.T.);
#6848=EDGE_CURVE('',#8099,#8100,#8609,.T.);
#6849=EDGE_CURVE('',#8100,#8101,#8610,.T.);
#6850=EDGE_CURVE('',#8101,#8102,#8611,.T.);
#6851=EDGE_CURVE('',#8102,#8103,#8612,.T.);
#6852=EDGE_CURVE('',#8103,#8104,#8613,.T.);
#6853=EDGE_CURVE('',#8104,#8105,#8614,.T.);
#6854=EDGE_CURVE('',#8105,#8106,#8615,.T.);
#6855=EDGE_CURVE('',#8106,#7779,#8616,.T.);
#6856=EDGE_CURVE('',#8097,#7595,#1204,.T.);
#6857=EDGE_CURVE('',#8106,#7586,#1205,.T.);
#6858=EDGE_CURVE('',#8098,#7594,#1206,.T.);
#6859=EDGE_CURVE('',#8099,#7593,#1207,.T.);
#6860=EDGE_CURVE('',#8100,#7592,#1208,.T.);
#6861=EDGE_CURVE('',#8101,#7591,#1209,.T.);
#6862=EDGE_CURVE('',#8102,#7590,#1210,.T.);
#6863=EDGE_CURVE('',#8103,#7589,#1211,.T.);
#6864=EDGE_CURVE('',#8104,#7588,#1212,.T.);
#6865=EDGE_CURVE('',#8105,#7587,#1213,.T.);
#6866=EDGE_CURVE('',#7786,#8107,#8617,.T.);
#6867=EDGE_CURVE('',#8107,#8108,#1214,.T.);
#6868=EDGE_CURVE('',#8108,#8109,#1215,.T.);
#6869=EDGE_CURVE('',#8109,#8110,#8618,.T.);
#6870=EDGE_CURVE('',#8110,#8111,#8619,.T.);
#6871=EDGE_CURVE('',#8111,#8112,#8620,.T.);
#6872=EDGE_CURVE('',#8112,#8113,#8621,.T.);
#6873=EDGE_CURVE('',#8113,#8114,#8622,.T.);
#6874=EDGE_CURVE('',#8114,#8115,#8623,.T.);
#6875=EDGE_CURVE('',#8115,#8116,#8624,.T.);
#6876=EDGE_CURVE('',#8116,#8117,#8625,.T.);
#6877=EDGE_CURVE('',#8117,#8118,#8626,.T.);
#6878=EDGE_CURVE('',#8118,#8119,#8627,.T.);
#6879=EDGE_CURVE('',#8119,#7785,#8628,.T.);
#6880=EDGE_CURVE('',#7784,#8120,#8629,.T.);
#6881=EDGE_CURVE('',#8120,#8121,#8630,.T.);
#6882=EDGE_CURVE('',#8121,#8122,#1216,.T.);
#6883=EDGE_CURVE('',#8122,#8123,#1217,.T.);
#6884=EDGE_CURVE('',#8123,#7787,#1218,.T.);
#6885=EDGE_CURVE('',#8119,#7614,#1219,.T.);
#6886=EDGE_CURVE('',#8107,#7612,#1220,.T.);
#6887=EDGE_CURVE('',#8120,#7566,#1221,.T.);
#6888=EDGE_CURVE('',#8123,#7563,#1222,.T.);
#6889=EDGE_CURVE('',#8108,#7625,#1223,.T.);
#6890=EDGE_CURVE('',#8109,#7624,#1224,.T.);
#6891=EDGE_CURVE('',#8110,#7623,#1225,.T.);
#6892=EDGE_CURVE('',#8111,#7622,#1226,.T.);
#6893=EDGE_CURVE('',#8112,#7621,#1227,.T.);
#6894=EDGE_CURVE('',#8113,#7620,#1228,.T.);
#6895=EDGE_CURVE('',#8114,#7619,#1229,.T.);
#6896=EDGE_CURVE('',#8115,#7618,#1230,.T.);
#6897=EDGE_CURVE('',#8116,#7617,#1231,.T.);
#6898=EDGE_CURVE('',#8117,#7616,#1232,.T.);
#6899=EDGE_CURVE('',#8118,#7615,#1233,.T.);
#6900=EDGE_CURVE('',#8121,#7565,#1234,.T.);
#6901=EDGE_CURVE('',#8122,#7564,#1235,.T.);
#6902=EDGE_CURVE('',#7776,#8124,#1236,.T.);
#6903=EDGE_CURVE('',#8124,#8125,#1237,.T.);
#6904=EDGE_CURVE('',#8125,#8126,#8631,.T.);
#6905=EDGE_CURVE('',#8126,#8127,#8632,.T.);
#6906=EDGE_CURVE('',#8127,#8128,#8633,.T.);
#6907=EDGE_CURVE('',#8128,#8129,#8634,.T.);
#6908=EDGE_CURVE('',#8129,#8130,#8635,.T.);
#6909=EDGE_CURVE('',#8130,#8131,#8636,.T.);
#6910=EDGE_CURVE('',#8131,#8132,#8637,.T.);
#6911=EDGE_CURVE('',#8132,#8133,#8638,.T.);
#6912=EDGE_CURVE('',#8133,#8134,#1238,.T.);
#6913=EDGE_CURVE('',#8134,#8135,#1239,.T.);
#6914=EDGE_CURVE('',#8135,#8136,#1240,.T.);
#6915=EDGE_CURVE('',#8136,#8137,#1241,.T.);
#6916=EDGE_CURVE('',#8137,#7777,#1242,.T.);
#6917=EDGE_CURVE('',#8137,#7598,#1243,.T.);
#6918=EDGE_CURVE('',#8124,#7468,#1244,.T.);
#6919=EDGE_CURVE('',#8136,#7599,#1245,.T.);
#6920=EDGE_CURVE('',#8125,#7610,#1246,.T.);
#6921=EDGE_CURVE('',#8126,#7609,#1247,.T.);
#6922=EDGE_CURVE('',#8127,#7608,#1248,.T.);
#6923=EDGE_CURVE('',#8128,#7607,#1249,.T.);
#6924=EDGE_CURVE('',#8129,#7606,#1250,.T.);
#6925=EDGE_CURVE('',#8130,#7605,#1251,.T.);
#6926=EDGE_CURVE('',#8131,#7604,#1252,.T.);
#6927=EDGE_CURVE('',#8132,#7603,#1253,.T.);
#6928=EDGE_CURVE('',#8133,#7602,#1254,.T.);
#6929=EDGE_CURVE('',#8134,#7601,#1255,.T.);
#6930=EDGE_CURVE('',#8135,#7600,#1256,.T.);
#6931=EDGE_CURVE('',#7794,#8138,#8639,.T.);
#6932=EDGE_CURVE('',#8138,#8139,#8640,.T.);
#6933=EDGE_CURVE('',#8139,#8140,#8641,.T.);
#6934=EDGE_CURVE('',#8140,#8141,#8642,.T.);
#6935=EDGE_CURVE('',#8141,#8142,#8643,.T.);
#6936=EDGE_CURVE('',#8142,#8143,#8644,.T.);
#6937=EDGE_CURVE('',#8143,#8144,#8645,.T.);
#6938=EDGE_CURVE('',#8144,#8145,#8646,.T.);
#6939=EDGE_CURVE('',#8145,#8146,#8647,.T.);
#6940=EDGE_CURVE('',#8146,#8147,#8648,.T.);
#6941=EDGE_CURVE('',#8147,#8148,#8649,.T.);
#6942=EDGE_CURVE('',#8148,#8149,#8650,.T.);
#6943=EDGE_CURVE('',#8149,#8150,#8651,.T.);
#6944=EDGE_CURVE('',#8150,#8151,#8652,.T.);
#6945=EDGE_CURVE('',#8151,#8152,#8653,.T.);
#6946=EDGE_CURVE('',#8152,#8153,#8654,.T.);
#6947=EDGE_CURVE('',#8153,#8154,#8655,.T.);
#6948=EDGE_CURVE('',#8154,#8155,#8656,.T.);
#6949=EDGE_CURVE('',#8155,#7793,#8657,.T.);
#6950=EDGE_CURVE('',#7792,#8156,#8658,.T.);
#6951=EDGE_CURVE('',#8156,#8157,#8659,.T.);
#6952=EDGE_CURVE('',#8157,#8158,#8660,.T.);
#6953=EDGE_CURVE('',#8158,#8159,#8661,.T.);
#6954=EDGE_CURVE('',#8159,#8160,#8662,.T.);
#6955=EDGE_CURVE('',#8160,#8161,#8663,.T.);
#6956=EDGE_CURVE('',#8161,#8162,#8664,.T.);
#6957=EDGE_CURVE('',#8162,#8163,#8665,.T.);
#6958=EDGE_CURVE('',#8163,#8164,#8666,.T.);
#6959=EDGE_CURVE('',#8164,#8165,#8667,.T.);
#6960=EDGE_CURVE('',#8165,#8166,#8668,.T.);
#6961=EDGE_CURVE('',#8166,#8167,#8669,.T.);
#6962=EDGE_CURVE('',#8167,#8168,#8670,.T.);
#6963=EDGE_CURVE('',#8168,#7795,#8671,.T.);
#6964=EDGE_CURVE('',#8155,#7652,#1257,.T.);
#6965=EDGE_CURVE('',#8138,#7670,#1258,.T.);
#6966=EDGE_CURVE('',#8156,#7537,#1259,.T.);
#6967=EDGE_CURVE('',#8168,#7525,#1260,.T.);
#6968=EDGE_CURVE('',#8139,#7669,#1261,.T.);
#6969=EDGE_CURVE('',#8140,#7668,#1262,.T.);
#6970=EDGE_CURVE('',#8141,#7667,#1263,.T.);
#6971=EDGE_CURVE('',#8142,#7666,#1264,.T.);
#6972=EDGE_CURVE('',#8143,#7665,#1265,.T.);
#6973=EDGE_CURVE('',#8144,#7664,#1266,.T.);
#6974=EDGE_CURVE('',#8145,#7663,#1267,.T.);
#6975=EDGE_CURVE('',#8146,#7662,#1268,.T.);
#6976=EDGE_CURVE('',#8147,#7661,#1269,.T.);
#6977=EDGE_CURVE('',#8148,#7660,#1270,.T.);
#6978=EDGE_CURVE('',#8149,#7659,#1271,.T.);
#6979=EDGE_CURVE('',#8150,#7658,#1272,.T.);
#6980=EDGE_CURVE('',#8151,#7657,#1273,.T.);
#6981=EDGE_CURVE('',#8152,#7656,#1274,.T.);
#6982=EDGE_CURVE('',#8153,#7655,#1275,.T.);
#6983=EDGE_CURVE('',#8154,#7654,#1276,.T.);
#6984=EDGE_CURVE('',#8157,#7536,#1277,.T.);
#6985=EDGE_CURVE('',#8158,#7535,#1278,.T.);
#6986=EDGE_CURVE('',#8159,#7534,#1279,.T.);
#6987=EDGE_CURVE('',#8160,#7533,#1280,.T.);
#6988=EDGE_CURVE('',#8161,#7532,#1281,.T.);
#6989=EDGE_CURVE('',#8162,#7531,#1282,.T.);
#6990=EDGE_CURVE('',#8163,#7530,#1283,.T.);
#6991=EDGE_CURVE('',#8164,#7529,#1284,.T.);
#6992=EDGE_CURVE('',#8165,#7528,#1285,.T.);
#6993=EDGE_CURVE('',#8166,#7527,#1286,.T.);
#6994=EDGE_CURVE('',#8167,#7526,#1287,.T.);
#6995=EDGE_CURVE('',#8169,#7458,#1288,.T.);
#6996=EDGE_CURVE('',#8170,#8169,#1289,.T.);
#6997=EDGE_CURVE('',#8170,#7457,#1290,.T.);
#6998=EDGE_CURVE('',#8171,#7460,#1291,.T.);
#6999=EDGE_CURVE('',#8169,#8171,#1292,.T.);
#7000=EDGE_CURVE('',#8172,#7459,#1293,.T.);
#7001=EDGE_CURVE('',#8171,#8172,#1294,.T.);
#7002=EDGE_CURVE('',#8172,#8170,#1295,.T.);
#7003=EDGE_CURVE('',#8173,#8174,#1296,.T.);
#7004=EDGE_CURVE('',#8175,#8174,#1297,.T.);
#7005=EDGE_CURVE('',#8176,#8175,#1298,.T.);
#7006=EDGE_CURVE('',#8176,#8173,#1299,.T.);
#7007=EDGE_CURVE('',#8174,#8177,#1300,.T.);
#7008=EDGE_CURVE('',#8178,#8177,#1301,.T.);
#7009=EDGE_CURVE('',#8175,#8178,#1302,.T.);
#7010=EDGE_CURVE('',#8177,#8179,#1303,.T.);
#7011=EDGE_CURVE('',#8180,#8179,#1304,.T.);
#7012=EDGE_CURVE('',#8178,#8180,#1305,.T.);
#7013=EDGE_CURVE('',#8181,#8182,#1306,.T.);
#7014=EDGE_CURVE('',#8183,#8182,#1307,.T.);
#7015=EDGE_CURVE('',#8184,#8183,#1308,.T.);
#7016=EDGE_CURVE('',#8184,#8181,#1309,.T.);
#7017=EDGE_CURVE('',#8182,#8185,#1310,.T.);
#7018=EDGE_CURVE('',#8186,#8185,#1311,.T.);
#7019=EDGE_CURVE('',#8183,#8186,#1312,.T.);
#7020=EDGE_CURVE('',#8185,#8187,#1313,.T.);
#7021=EDGE_CURVE('',#8188,#8187,#1314,.T.);
#7022=EDGE_CURVE('',#8186,#8188,#1315,.T.);
#7023=EDGE_CURVE('',#8189,#8190,#1316,.T.);
#7024=EDGE_CURVE('',#8191,#8190,#1317,.T.);
#7025=EDGE_CURVE('',#8192,#8191,#1318,.T.);
#7026=EDGE_CURVE('',#8192,#8189,#1319,.T.);
#7027=EDGE_CURVE('',#8190,#8193,#1320,.T.);
#7028=EDGE_CURVE('',#8194,#8193,#1321,.T.);
#7029=EDGE_CURVE('',#8191,#8194,#1322,.T.);
#7030=EDGE_CURVE('',#8193,#8195,#1323,.T.);
#7031=EDGE_CURVE('',#8196,#8195,#1324,.T.);
#7032=EDGE_CURVE('',#8194,#8196,#1325,.T.);
#7033=EDGE_CURVE('',#8197,#7419,#1326,.T.);
#7034=EDGE_CURVE('',#7260,#8197,#1327,.T.);
#7035=EDGE_CURVE('',#8198,#7418,#1328,.T.);
#7036=EDGE_CURVE('',#8197,#8198,#1329,.T.);
#7037=EDGE_CURVE('',#8199,#7417,#1330,.T.);
#7038=EDGE_CURVE('',#8198,#8199,#1331,.T.);
#7039=EDGE_CURVE('',#8200,#7416,#1332,.T.);
#7040=EDGE_CURVE('',#8199,#8200,#1333,.T.);
#7041=EDGE_CURVE('',#8201,#7415,#1334,.T.);
#7042=EDGE_CURVE('',#8200,#8201,#1335,.T.);
#7043=EDGE_CURVE('',#8202,#7414,#1336,.T.);
#7044=EDGE_CURVE('',#8201,#8202,#1337,.T.);
#7045=EDGE_CURVE('',#8203,#7413,#1338,.T.);
#7046=EDGE_CURVE('',#8202,#8203,#1339,.T.);
#7047=EDGE_CURVE('',#8204,#7412,#1340,.T.);
#7048=EDGE_CURVE('',#8203,#8204,#1341,.T.);
#7049=EDGE_CURVE('',#8205,#7411,#1342,.T.);
#7050=EDGE_CURVE('',#8204,#8205,#419,.T.);
#7051=EDGE_CURVE('',#8206,#7410,#1343,.T.);
#7052=EDGE_CURVE('',#8205,#8206,#420,.T.);
#7053=EDGE_CURVE('',#8207,#7409,#1344,.T.);
#7054=EDGE_CURVE('',#8206,#8207,#8672,.T.);
#7055=EDGE_CURVE('',#8208,#7408,#1345,.T.);
#7056=EDGE_CURVE('',#8207,#8208,#1346,.T.);
#7057=EDGE_CURVE('',#8209,#7407,#1347,.T.);
#7058=EDGE_CURVE('',#8208,#8209,#1348,.T.);
#7059=EDGE_CURVE('',#8210,#7406,#1349,.T.);
#7060=EDGE_CURVE('',#8209,#8210,#1350,.T.);
#7061=EDGE_CURVE('',#8211,#7405,#1351,.T.);
#7062=EDGE_CURVE('',#8210,#8211,#1352,.T.);
#7063=EDGE_CURVE('',#8212,#7404,#1353,.T.);
#7064=EDGE_CURVE('',#8211,#8212,#1354,.T.);
#7065=EDGE_CURVE('',#8213,#7403,#1355,.T.);
#7066=EDGE_CURVE('',#8212,#8213,#1356,.T.);
#7067=EDGE_CURVE('',#8214,#7402,#1357,.T.);
#7068=EDGE_CURVE('',#8213,#8214,#1358,.T.);
#7069=EDGE_CURVE('',#8215,#7401,#1359,.T.);
#7070=EDGE_CURVE('',#8214,#8215,#1360,.T.);
#7071=EDGE_CURVE('',#8216,#7400,#1361,.T.);
#7072=EDGE_CURVE('',#8215,#8216,#8673,.T.);
#7073=EDGE_CURVE('',#8217,#7399,#1362,.T.);
#7074=EDGE_CURVE('',#8216,#8217,#1363,.T.);
#7075=EDGE_CURVE('',#8218,#7398,#1364,.T.);
#7076=EDGE_CURVE('',#8217,#8218,#1365,.T.);
#7077=EDGE_CURVE('',#8219,#7397,#1366,.T.);
#7078=EDGE_CURVE('',#8218,#8219,#1367,.T.);
#7079=EDGE_CURVE('',#8220,#7396,#1368,.T.);
#7080=EDGE_CURVE('',#8219,#8220,#8674,.T.);
#7081=EDGE_CURVE('',#8221,#7395,#1369,.T.);
#7082=EDGE_CURVE('',#8220,#8221,#1370,.T.);
#7083=EDGE_CURVE('',#8222,#7394,#1371,.T.);
#7084=EDGE_CURVE('',#8221,#8222,#8675,.F.);
#7085=EDGE_CURVE('',#8223,#7393,#1372,.T.);
#7086=EDGE_CURVE('',#8222,#8223,#1373,.T.);
#7087=EDGE_CURVE('',#8224,#7392,#1374,.T.);
#7088=EDGE_CURVE('',#8223,#8224,#1375,.T.);
#7089=EDGE_CURVE('',#8224,#7261,#1376,.T.);
#7090=EDGE_CURVE('',#8187,#8181,#1377,.T.);
#7091=EDGE_CURVE('',#8188,#8184,#1378,.T.);
#7092=EDGE_CURVE('',#8195,#8189,#1379,.T.);
#7093=EDGE_CURVE('',#8196,#8192,#1380,.T.);
#7094=EDGE_CURVE('',#8179,#8173,#8676,.F.);
#7095=EDGE_CURVE('',#8180,#8176,#8677,.F.);
#7096=EDGE_CURVE('',#8225,#8226,#1381,.T.);
#7097=EDGE_CURVE('',#8227,#8226,#1382,.T.);
#7098=EDGE_CURVE('',#8228,#8227,#1383,.T.);
#7099=EDGE_CURVE('',#8228,#8225,#1384,.T.);
#7100=EDGE_CURVE('',#8226,#8229,#421,.T.);
#7101=EDGE_CURVE('',#8230,#8229,#1385,.T.);
#7102=EDGE_CURVE('',#8227,#8230,#422,.T.);
#7103=EDGE_CURVE('',#8231,#7444,#1386,.T.);
#7104=EDGE_CURVE('',#8232,#8231,#1387,.T.);
#7105=EDGE_CURVE('',#8232,#7443,#1388,.T.);
#7106=EDGE_CURVE('',#8233,#7456,#1389,.T.);
#7107=EDGE_CURVE('',#8231,#8233,#1390,.T.);
#7108=EDGE_CURVE('',#8234,#7455,#1391,.T.);
#7109=EDGE_CURVE('',#8233,#8234,#1392,.T.);
#7110=EDGE_CURVE('',#8235,#7454,#1393,.T.);
#7111=EDGE_CURVE('',#8234,#8235,#1394,.T.);
#7112=EDGE_CURVE('',#8236,#7453,#1395,.T.);
#7113=EDGE_CURVE('',#8235,#8236,#1396,.T.);
#7114=EDGE_CURVE('',#8237,#7452,#1397,.T.);
#7115=EDGE_CURVE('',#8236,#8237,#1398,.T.);
#7116=EDGE_CURVE('',#8238,#7451,#1399,.T.);
#7117=EDGE_CURVE('',#8237,#8238,#8678,.T.);
#7118=EDGE_CURVE('',#8239,#7450,#1400,.T.);
#7119=EDGE_CURVE('',#8238,#8239,#423,.T.);
#7120=EDGE_CURVE('',#8240,#7449,#1401,.T.);
#7121=EDGE_CURVE('',#8239,#8240,#424,.T.);
#7122=EDGE_CURVE('',#8241,#7448,#1402,.T.);
#7123=EDGE_CURVE('',#8240,#8241,#425,.T.);
#7124=EDGE_CURVE('',#8242,#7447,#1403,.T.);
#7125=EDGE_CURVE('',#8241,#8242,#8679,.T.);
#7126=EDGE_CURVE('',#8243,#7446,#1404,.T.);
#7127=EDGE_CURVE('',#8242,#8243,#426,.T.);
#7128=EDGE_CURVE('',#8244,#7445,#1405,.T.);
#7129=EDGE_CURVE('',#8243,#8244,#427,.T.);
#7130=EDGE_CURVE('',#8244,#8232,#428,.T.);
#7131=EDGE_CURVE('',#8229,#8225,#429,.T.);
#7132=EDGE_CURVE('',#8230,#8228,#430,.T.);
#7133=EDGE_CURVE('',#8245,#7436,#1406,.T.);
#7134=EDGE_CURVE('',#8246,#8245,#1407,.T.);
#7135=EDGE_CURVE('',#8246,#7435,#1408,.T.);
#7136=EDGE_CURVE('',#8247,#7442,#1409,.T.);
#7137=EDGE_CURVE('',#8245,#8247,#1410,.T.);
#7138=EDGE_CURVE('',#8248,#7441,#1411,.T.);
#7139=EDGE_CURVE('',#8247,#8248,#1412,.T.);
#7140=EDGE_CURVE('',#8249,#7440,#1413,.T.);
#7141=EDGE_CURVE('',#8248,#8249,#1414,.T.);
#7142=EDGE_CURVE('',#8250,#7439,#1415,.T.);
#7143=EDGE_CURVE('',#8249,#8250,#1416,.T.);
#7144=EDGE_CURVE('',#8251,#7438,#1417,.T.);
#7145=EDGE_CURVE('',#8250,#8251,#1418,.T.);
#7146=EDGE_CURVE('',#8252,#7437,#1419,.T.);
#7147=EDGE_CURVE('',#8251,#8252,#1420,.T.);
#7148=EDGE_CURVE('',#8252,#8246,#1421,.T.);
#7149=EDGE_CURVE('',#8253,#7432,#1422,.T.);
#7150=EDGE_CURVE('',#8254,#8253,#1423,.T.);
#7151=EDGE_CURVE('',#8254,#7431,#1424,.T.);
#7152=EDGE_CURVE('',#8255,#7434,#1425,.T.);
#7153=EDGE_CURVE('',#8253,#8255,#1426,.T.);
#7154=EDGE_CURVE('',#8256,#7433,#1427,.T.);
#7155=EDGE_CURVE('',#8255,#8256,#1428,.T.);
#7156=EDGE_CURVE('',#8256,#8254,#1429,.T.);
#7157=EDGE_CURVE('',#8257,#7428,#1430,.T.);
#7158=EDGE_CURVE('',#8258,#8257,#1431,.T.);
#7159=EDGE_CURVE('',#8258,#7427,#1432,.T.);
#7160=EDGE_CURVE('',#8259,#7430,#1433,.T.);
#7161=EDGE_CURVE('',#8257,#8259,#431,.T.);
#7162=EDGE_CURVE('',#8260,#7429,#1434,.T.);
#7163=EDGE_CURVE('',#8259,#8260,#1435,.T.);
#7164=EDGE_CURVE('',#8260,#8258,#432,.T.);
#7165=EDGE_CURVE('',#8261,#7422,#1436,.T.);
#7166=EDGE_CURVE('',#8262,#8261,#1437,.T.);
#7167=EDGE_CURVE('',#8262,#7421,#1438,.T.);
#7168=EDGE_CURVE('',#8263,#7426,#1439,.T.);
#7169=EDGE_CURVE('',#8261,#8263,#1440,.T.);
#7170=EDGE_CURVE('',#8264,#7425,#1441,.T.);
#7171=EDGE_CURVE('',#8263,#8264,#1442,.T.);
#7172=EDGE_CURVE('',#8265,#7424,#1443,.T.);
#7173=EDGE_CURVE('',#8264,#8265,#433,.T.);
#7174=EDGE_CURVE('',#8266,#7423,#1444,.T.);
#7175=EDGE_CURVE('',#8265,#8266,#8680,.F.);
#7176=EDGE_CURVE('',#8266,#8262,#434,.T.);
#7177=EDGE_CURVE('',#7248,#7773,#435,.T.);
#7178=EDGE_CURVE('',#7249,#7772,#436,.T.);
#7179=EDGE_CURVE('',#7252,#7771,#437,.T.);
#7180=EDGE_CURVE('',#7253,#7770,#438,.T.);
#7181=EDGE_CURVE('',#7256,#7769,#439,.T.);
#7182=EDGE_CURVE('',#7257,#7768,#440,.T.);
#7183=EDGE_CURVE('',#7244,#7775,#441,.T.);
#7184=EDGE_CURVE('',#7245,#7774,#442,.T.);
#7185=EDGE_CURVE('',#7272,#7763,#443,.T.);
#7186=EDGE_CURVE('',#7273,#7762,#444,.T.);
#7187=EDGE_CURVE('',#7268,#7765,#445,.T.);
#7188=EDGE_CURVE('',#7269,#7764,#446,.T.);
#7189=EDGE_CURVE('',#7264,#7767,#447,.T.);
#7190=EDGE_CURVE('',#7265,#7766,#448,.T.);
#7191=EDGE_CURVE('',#7276,#7761,#449,.T.);
#7192=EDGE_CURVE('',#7277,#7760,#450,.T.);
#7193=EDGE_CURVE('',#8267,#7378,#1445,.T.);
#7194=EDGE_CURVE('',#8268,#8267,#451,.F.);
#7195=EDGE_CURVE('',#8268,#7370,#1446,.T.);
#7196=EDGE_CURVE('',#8267,#7759,#1447,.T.);
#7197=EDGE_CURVE('',#8268,#7758,#1448,.T.);
#7198=EDGE_CURVE('',#7225,#7810,#1449,.T.);
#7199=EDGE_CURVE('',#8269,#7374,#1450,.T.);
#7200=EDGE_CURVE('',#8269,#7809,#1451,.T.);
#7201=EDGE_CURVE('',#8269,#7226,#452,.F.);
#7202=EDGE_CURVE('',#8270,#7372,#1452,.T.);
#7203=EDGE_CURVE('',#7807,#8270,#453,.F.);
#7204=EDGE_CURVE('',#8270,#7808,#1453,.T.);
#7205=EDGE_CURVE('',#7283,#7756,#1454,.T.);
#7206=EDGE_CURVE('',#7282,#7757,#1455,.T.);
#7207=EDGE_CURVE('',#7286,#7755,#1456,.T.);
#7208=EDGE_CURVE('',#7287,#7754,#1457,.T.);
#7209=EDGE_CURVE('',#7221,#7812,#1458,.T.);
#7210=EDGE_CURVE('',#7222,#7811,#1459,.T.);
#7211=EDGE_CURVE('',#7217,#7752,#1460,.T.);
#7212=EDGE_CURVE('',#7218,#7753,#1461,.T.);
#7213=VERTEX_POINT('',#14485);
#7214=VERTEX_POINT('',#14487);
#7215=VERTEX_POINT('',#14489);
#7216=VERTEX_POINT('',#14491);
#7217=VERTEX_POINT('',#14493);
#7218=VERTEX_POINT('',#14494);
#7219=VERTEX_POINT('',#14496);
#7220=VERTEX_POINT('',#14498);
#7221=VERTEX_POINT('',#14500);
#7222=VERTEX_POINT('',#14502);
#7223=VERTEX_POINT('',#14504);
#7224=VERTEX_POINT('',#14506);
#7225=VERTEX_POINT('',#14508);
#7226=VERTEX_POINT('',#14510);
#7227=VERTEX_POINT('',#14512);
#7228=VERTEX_POINT('',#14530);
#7229=VERTEX_POINT('',#14532);
#7230=VERTEX_POINT('',#14550);
#7231=VERTEX_POINT('',#14552);
#7232=VERTEX_POINT('',#14557);
#7233=VERTEX_POINT('',#14559);
#7234=VERTEX_POINT('',#14561);
#7235=VERTEX_POINT('',#14563);
#7236=VERTEX_POINT('',#14565);
#7237=VERTEX_POINT('',#14567);
#7238=VERTEX_POINT('',#14569);
#7239=VERTEX_POINT('',#14571);
#7240=VERTEX_POINT('',#14576);
#7241=VERTEX_POINT('',#14578);
#7242=VERTEX_POINT('',#14596);
#7243=VERTEX_POINT('',#14598);
#7244=VERTEX_POINT('',#14600);
#7245=VERTEX_POINT('',#14602);
#7246=VERTEX_POINT('',#14604);
#7247=VERTEX_POINT('',#14606);
#7248=VERTEX_POINT('',#14608);
#7249=VERTEX_POINT('',#14610);
#7250=VERTEX_POINT('',#14612);
#7251=VERTEX_POINT('',#14614);
#7252=VERTEX_POINT('',#14616);
#7253=VERTEX_POINT('',#14618);
#7254=VERTEX_POINT('',#14620);
#7255=VERTEX_POINT('',#14622);
#7256=VERTEX_POINT('',#14624);
#7257=VERTEX_POINT('',#14626);
#7258=VERTEX_POINT('',#14628);
#7259=VERTEX_POINT('',#14630);
#7260=VERTEX_POINT('',#14632);
#7261=VERTEX_POINT('',#14634);
#7262=VERTEX_POINT('',#14636);
#7263=VERTEX_POINT('',#14638);
#7264=VERTEX_POINT('',#14640);
#7265=VERTEX_POINT('',#14642);
#7266=VERTEX_POINT('',#14644);
#7267=VERTEX_POINT('',#14646);
#7268=VERTEX_POINT('',#14648);
#7269=VERTEX_POINT('',#14650);
#7270=VERTEX_POINT('',#14652);
#7271=VERTEX_POINT('',#14654);
#7272=VERTEX_POINT('',#14656);
#7273=VERTEX_POINT('',#14658);
#7274=VERTEX_POINT('',#14660);
#7275=VERTEX_POINT('',#14662);
#7276=VERTEX_POINT('',#14664);
#7277=VERTEX_POINT('',#14666);
#7278=VERTEX_POINT('',#14668);
#7279=VERTEX_POINT('',#14670);
#7280=VERTEX_POINT('',#14688);
#7281=VERTEX_POINT('',#14690);
#7282=VERTEX_POINT('',#14692);
#7283=VERTEX_POINT('',#14694);
#7284=VERTEX_POINT('',#14696);
#7285=VERTEX_POINT('',#14698);
#7286=VERTEX_POINT('',#14700);
#7287=VERTEX_POINT('',#14702);
#7288=VERTEX_POINT('',#14704);
#7289=VERTEX_POINT('',#14706);
#7290=VERTEX_POINT('',#14710);
#7291=VERTEX_POINT('',#14712);
#7292=VERTEX_POINT('',#14716);
#7293=VERTEX_POINT('',#14718);
#7294=VERTEX_POINT('',#14724);
#7295=VERTEX_POINT('',#14725);
#7296=VERTEX_POINT('',#14729);
#7297=VERTEX_POINT('',#14733);
#7298=VERTEX_POINT('',#14737);
#7299=VERTEX_POINT('',#14741);
#7300=VERTEX_POINT('',#14743);
#7301=VERTEX_POINT('',#14747);
#7302=VERTEX_POINT('',#14751);
#7303=VERTEX_POINT('',#14755);
#7304=VERTEX_POINT('',#14759);
#7305=VERTEX_POINT('',#14761);
#7306=VERTEX_POINT('',#14765);
#7307=VERTEX_POINT('',#14769);
#7308=VERTEX_POINT('',#14773);
#7309=VERTEX_POINT('',#14775);
#7310=VERTEX_POINT('',#14779);
#7311=VERTEX_POINT('',#14783);
#7312=VERTEX_POINT('',#14787);
#7313=VERTEX_POINT('',#14789);
#7314=VERTEX_POINT('',#14791);
#7315=VERTEX_POINT('',#14793);
#7316=VERTEX_POINT('',#14795);
#7317=VERTEX_POINT('',#14797);
#7318=VERTEX_POINT('',#14800);
#7319=VERTEX_POINT('',#14801);
#7320=VERTEX_POINT('',#14803);
#7321=VERTEX_POINT('',#14805);
#7322=VERTEX_POINT('',#14807);
#7323=VERTEX_POINT('',#14809);
#7324=VERTEX_POINT('',#14811);
#7325=VERTEX_POINT('',#14813);
#7326=VERTEX_POINT('',#14816);
#7327=VERTEX_POINT('',#14817);
#7328=VERTEX_POINT('',#14819);
#7329=VERTEX_POINT('',#14821);
#7330=VERTEX_POINT('',#14823);
#7331=VERTEX_POINT('',#14825);
#7332=VERTEX_POINT('',#14827);
#7333=VERTEX_POINT('',#14829);
#7334=VERTEX_POINT('',#14831);
#7335=VERTEX_POINT('',#14833);
#7336=VERTEX_POINT('',#14835);
#7337=VERTEX_POINT('',#14837);
#7338=VERTEX_POINT('',#14842);
#7339=VERTEX_POINT('',#14843);
#7340=VERTEX_POINT('',#14847);
#7341=VERTEX_POINT('',#14851);
#7342=VERTEX_POINT('',#14855);
#7343=VERTEX_POINT('',#14859);
#7344=VERTEX_POINT('',#14863);
#7345=VERTEX_POINT('',#14865);
#7346=VERTEX_POINT('',#14867);
#7347=VERTEX_POINT('',#14871);
#7348=VERTEX_POINT('',#14875);
#7349=VERTEX_POINT('',#14879);
#7350=VERTEX_POINT('',#14883);
#7351=VERTEX_POINT('',#14887);
#7352=VERTEX_POINT('',#14891);
#7353=VERTEX_POINT('',#14895);
#7354=VERTEX_POINT('',#14899);
#7355=VERTEX_POINT('',#14903);
#7356=VERTEX_POINT('',#14907);
#7357=VERTEX_POINT('',#14911);
#7358=VERTEX_POINT('',#14913);
#7359=VERTEX_POINT('',#14917);
#7360=VERTEX_POINT('',#14919);
#7361=VERTEX_POINT('',#14921);
#7362=VERTEX_POINT('',#14925);
#7363=VERTEX_POINT('',#14929);
#7364=VERTEX_POINT('',#14933);
#7365=VERTEX_POINT('',#14937);
#7366=VERTEX_POINT('',#14941);
#7367=VERTEX_POINT('',#14946);
#7368=VERTEX_POINT('',#14948);
#7369=VERTEX_POINT('',#14952);
#7370=VERTEX_POINT('',#14957);
#7371=VERTEX_POINT('',#14959);
#7372=VERTEX_POINT('',#14963);
#7373=VERTEX_POINT('',#14964);
#7374=VERTEX_POINT('',#14969);
#7375=VERTEX_POINT('',#14971);
#7376=VERTEX_POINT('',#14975);
#7377=VERTEX_POINT('',#14977);
#7378=VERTEX_POINT('',#14981);
#7379=VERTEX_POINT('',#14982);
#7380=VERTEX_POINT('',#14987);
#7381=VERTEX_POINT('',#14996);
#7382=VERTEX_POINT('',#14998);
#7383=VERTEX_POINT('',#15010);
#7384=VERTEX_POINT('',#15012);
#7385=VERTEX_POINT('',#15026);
#7386=VERTEX_POINT('',#15028);
#7387=VERTEX_POINT('',#15042);
#7388=VERTEX_POINT('',#15049);
#7389=VERTEX_POINT('',#15058);
#7390=VERTEX_POINT('',#15060);
#7391=VERTEX_POINT('',#15074);
#7392=VERTEX_POINT('',#15076);
#7393=VERTEX_POINT('',#15078);
#7394=VERTEX_POINT('',#15080);
#7395=VERTEX_POINT('',#15082);
#7396=VERTEX_POINT('',#15084);
#7397=VERTEX_POINT('',#15086);
#7398=VERTEX_POINT('',#15088);
#7399=VERTEX_POINT('',#15090);
#7400=VERTEX_POINT('',#15092);
#7401=VERTEX_POINT('',#15094);
#7402=VERTEX_POINT('',#15096);
#7403=VERTEX_POINT('',#15098);
#7404=VERTEX_POINT('',#15100);
#7405=VERTEX_POINT('',#15102);
#7406=VERTEX_POINT('',#15104);
#7407=VERTEX_POINT('',#15106);
#7408=VERTEX_POINT('',#15108);
#7409=VERTEX_POINT('',#15110);
#7410=VERTEX_POINT('',#15112);
#7411=VERTEX_POINT('',#15117);
#7412=VERTEX_POINT('',#15122);
#7413=VERTEX_POINT('',#15124);
#7414=VERTEX_POINT('',#15126);
#7415=VERTEX_POINT('',#15128);
#7416=VERTEX_POINT('',#15130);
#7417=VERTEX_POINT('',#15132);
#7418=VERTEX_POINT('',#15134);
#7419=VERTEX_POINT('',#15136);
#7420=VERTEX_POINT('',#15144);
#7421=VERTEX_POINT('',#15147);
#7422=VERTEX_POINT('',#15148);
#7423=VERTEX_POINT('',#15153);
#7424=VERTEX_POINT('',#15155);
#7425=VERTEX_POINT('',#15160);
#7426=VERTEX_POINT('',#15162);
#7427=VERTEX_POINT('',#15165);
#7428=VERTEX_POINT('',#15166);
#7429=VERTEX_POINT('',#15171);
#7430=VERTEX_POINT('',#15173);
#7431=VERTEX_POINT('',#15179);
#7432=VERTEX_POINT('',#15180);
#7433=VERTEX_POINT('',#15182);
#7434=VERTEX_POINT('',#15184);
#7435=VERTEX_POINT('',#15187);
#7436=VERTEX_POINT('',#15188);
#7437=VERTEX_POINT('',#15190);
#7438=VERTEX_POINT('',#15192);
#7439=VERTEX_POINT('',#15194);
#7440=VERTEX_POINT('',#15196);
#7441=VERTEX_POINT('',#15198);
#7442=VERTEX_POINT('',#15200);
#7443=VERTEX_POINT('',#15203);
#7444=VERTEX_POINT('',#15204);
#7445=VERTEX_POINT('',#15209);
#7446=VERTEX_POINT('',#15214);
#7447=VERTEX_POINT('',#15219);
#7448=VERTEX_POINT('',#15221);
#7449=VERTEX_POINT('',#15226);
#7450=VERTEX_POINT('',#15231);
#7451=VERTEX_POINT('',#15236);
#7452=VERTEX_POINT('',#15238);
#7453=VERTEX_POINT('',#15240);
#7454=VERTEX_POINT('',#15242);
#7455=VERTEX_POINT('',#15244);
#7456=VERTEX_POINT('',#15246);
#7457=VERTEX_POINT('',#15249);
#7458=VERTEX_POINT('',#15250);
#7459=VERTEX_POINT('',#15252);
#7460=VERTEX_POINT('',#15254);
#7461=VERTEX_POINT('',#15263);
#7462=VERTEX_POINT('',#15270);
#7463=VERTEX_POINT('',#15279);
#7464=VERTEX_POINT('',#15286);
#7465=VERTEX_POINT('',#15295);
#7466=VERTEX_POINT('',#15300);
#7467=VERTEX_POINT('',#15304);
#7468=VERTEX_POINT('',#15305);
#7469=VERTEX_POINT('',#15307);
#7470=VERTEX_POINT('',#15316);
#7471=VERTEX_POINT('',#15318);
#7472=VERTEX_POINT('',#15320);
#7473=VERTEX_POINT('',#15322);
#7474=VERTEX_POINT('',#15324);
#7475=VERTEX_POINT('',#15326);
#7476=VERTEX_POINT('',#15328);
#7477=VERTEX_POINT('',#15330);
#7478=VERTEX_POINT('',#15332);
#7479=VERTEX_POINT('',#15334);
#7480=VERTEX_POINT('',#15336);
#7481=VERTEX_POINT('',#15338);
#7482=VERTEX_POINT('',#15340);
#7483=VERTEX_POINT('',#15342);
#7484=VERTEX_POINT('',#15344);
#7485=VERTEX_POINT('',#15346);
#7486=VERTEX_POINT('',#15348);
#7487=VERTEX_POINT('',#15350);
#7488=VERTEX_POINT('',#15352);
#7489=VERTEX_POINT('',#15354);
#7490=VERTEX_POINT('',#15356);
#7491=VERTEX_POINT('',#15358);
#7492=VERTEX_POINT('',#15360);
#7493=VERTEX_POINT('',#15362);
#7494=VERTEX_POINT('',#15364);
#7495=VERTEX_POINT('',#15366);
#7496=VERTEX_POINT('',#15368);
#7497=VERTEX_POINT('',#15370);
#7498=VERTEX_POINT('',#15372);
#7499=VERTEX_POINT('',#15374);
#7500=VERTEX_POINT('',#15376);
#7501=VERTEX_POINT('',#15378);
#7502=VERTEX_POINT('',#15380);
#7503=VERTEX_POINT('',#15382);
#7504=VERTEX_POINT('',#15384);
#7505=VERTEX_POINT('',#15386);
#7506=VERTEX_POINT('',#15388);
#7507=VERTEX_POINT('',#15390);
#7508=VERTEX_POINT('',#15392);
#7509=VERTEX_POINT('',#15394);
#7510=VERTEX_POINT('',#15396);
#7511=VERTEX_POINT('',#15398);
#7512=VERTEX_POINT('',#15400);
#7513=VERTEX_POINT('',#15402);
#7514=VERTEX_POINT('',#15404);
#7515=VERTEX_POINT('',#15406);
#7516=VERTEX_POINT('',#15408);
#7517=VERTEX_POINT('',#15410);
#7518=VERTEX_POINT('',#15412);
#7519=VERTEX_POINT('',#15414);
#7520=VERTEX_POINT('',#15416);
#7521=VERTEX_POINT('',#15418);
#7522=VERTEX_POINT('',#15420);
#7523=VERTEX_POINT('',#15422);
#7524=VERTEX_POINT('',#15424);
#7525=VERTEX_POINT('',#15426);
#7526=VERTEX_POINT('',#15428);
#7527=VERTEX_POINT('',#15430);
#7528=VERTEX_POINT('',#15432);
#7529=VERTEX_POINT('',#15434);
#7530=VERTEX_POINT('',#15436);
#7531=VERTEX_POINT('',#15438);
#7532=VERTEX_POINT('',#15440);
#7533=VERTEX_POINT('',#15442);
#7534=VERTEX_POINT('',#15444);
#7535=VERTEX_POINT('',#15446);
#7536=VERTEX_POINT('',#15448);
#7537=VERTEX_POINT('',#15450);
#7538=VERTEX_POINT('',#15452);
#7539=VERTEX_POINT('',#15454);
#7540=VERTEX_POINT('',#15456);
#7541=VERTEX_POINT('',#15458);
#7542=VERTEX_POINT('',#15460);
#7543=VERTEX_POINT('',#15462);
#7544=VERTEX_POINT('',#15464);
#7545=VERTEX_POINT('',#15466);
#7546=VERTEX_POINT('',#15468);
#7547=VERTEX_POINT('',#15470);
#7548=VERTEX_POINT('',#15472);
#7549=VERTEX_POINT('',#15474);
#7550=VERTEX_POINT('',#15476);
#7551=VERTEX_POINT('',#15478);
#7552=VERTEX_POINT('',#15480);
#7553=VERTEX_POINT('',#15482);
#7554=VERTEX_POINT('',#15484);
#7555=VERTEX_POINT('',#15486);
#7556=VERTEX_POINT('',#15488);
#7557=VERTEX_POINT('',#15490);
#7558=VERTEX_POINT('',#15492);
#7559=VERTEX_POINT('',#15494);
#7560=VERTEX_POINT('',#15496);
#7561=VERTEX_POINT('',#15498);
#7562=VERTEX_POINT('',#15500);
#7563=VERTEX_POINT('',#15502);
#7564=VERTEX_POINT('',#15504);
#7565=VERTEX_POINT('',#15506);
#7566=VERTEX_POINT('',#15508);
#7567=VERTEX_POINT('',#15510);
#7568=VERTEX_POINT('',#15512);
#7569=VERTEX_POINT('',#15514);
#7570=VERTEX_POINT('',#15516);
#7571=VERTEX_POINT('',#15518);
#7572=VERTEX_POINT('',#15520);
#7573=VERTEX_POINT('',#15522);
#7574=VERTEX_POINT('',#15524);
#7575=VERTEX_POINT('',#15526);
#7576=VERTEX_POINT('',#15528);
#7577=VERTEX_POINT('',#15530);
#7578=VERTEX_POINT('',#15532);
#7579=VERTEX_POINT('',#15534);
#7580=VERTEX_POINT('',#15536);
#7581=VERTEX_POINT('',#15538);
#7582=VERTEX_POINT('',#15540);
#7583=VERTEX_POINT('',#15542);
#7584=VERTEX_POINT('',#15544);
#7585=VERTEX_POINT('',#15546);
#7586=VERTEX_POINT('',#15548);
#7587=VERTEX_POINT('',#15550);
#7588=VERTEX_POINT('',#15552);
#7589=VERTEX_POINT('',#15554);
#7590=VERTEX_POINT('',#15556);
#7591=VERTEX_POINT('',#15558);
#7592=VERTEX_POINT('',#15560);
#7593=VERTEX_POINT('',#15562);
#7594=VERTEX_POINT('',#15564);
#7595=VERTEX_POINT('',#15566);
#7596=VERTEX_POINT('',#15568);
#7597=VERTEX_POINT('',#15570);
#7598=VERTEX_POINT('',#15572);
#7599=VERTEX_POINT('',#15574);
#7600=VERTEX_POINT('',#15576);
#7601=VERTEX_POINT('',#15578);
#7602=VERTEX_POINT('',#15580);
#7603=VERTEX_POINT('',#15582);
#7604=VERTEX_POINT('',#15584);
#7605=VERTEX_POINT('',#15586);
#7606=VERTEX_POINT('',#15588);
#7607=VERTEX_POINT('',#15590);
#7608=VERTEX_POINT('',#15592);
#7609=VERTEX_POINT('',#15594);
#7610=VERTEX_POINT('',#15596);
#7611=VERTEX_POINT('',#15600);
#7612=VERTEX_POINT('',#15601);
#7613=VERTEX_POINT('',#15603);
#7614=VERTEX_POINT('',#15605);
#7615=VERTEX_POINT('',#15607);
#7616=VERTEX_POINT('',#15609);
#7617=VERTEX_POINT('',#15611);
#7618=VERTEX_POINT('',#15613);
#7619=VERTEX_POINT('',#15615);
#7620=VERTEX_POINT('',#15617);
#7621=VERTEX_POINT('',#15619);
#7622=VERTEX_POINT('',#15621);
#7623=VERTEX_POINT('',#15623);
#7624=VERTEX_POINT('',#15625);
#7625=VERTEX_POINT('',#15627);
#7626=VERTEX_POINT('',#15631);
#7627=VERTEX_POINT('',#15632);
#7628=VERTEX_POINT('',#15634);
#7629=VERTEX_POINT('',#15636);
#7630=VERTEX_POINT('',#15638);
#7631=VERTEX_POINT('',#15640);
#7632=VERTEX_POINT('',#15642);
#7633=VERTEX_POINT('',#15644);
#7634=VERTEX_POINT('',#15646);
#7635=VERTEX_POINT('',#15650);
#7636=VERTEX_POINT('',#15651);
#7637=VERTEX_POINT('',#15653);
#7638=VERTEX_POINT('',#15655);
#7639=VERTEX_POINT('',#15657);
#7640=VERTEX_POINT('',#15659);
#7641=VERTEX_POINT('',#15661);
#7642=VERTEX_POINT('',#15663);
#7643=VERTEX_POINT('',#15665);
#7644=VERTEX_POINT('',#15667);
#7645=VERTEX_POINT('',#15669);
#7646=VERTEX_POINT('',#15671);
#7647=VERTEX_POINT('',#15673);
#7648=VERTEX_POINT('',#15675);
#7649=VERTEX_POINT('',#15677);
#7650=VERTEX_POINT('',#15679);
#7651=VERTEX_POINT('',#15681);
#7652=VERTEX_POINT('',#15685);
#7653=VERTEX_POINT('',#15686);
#7654=VERTEX_POINT('',#15688);
#7655=VERTEX_POINT('',#15690);
#7656=VERTEX_POINT('',#15692);
#7657=VERTEX_POINT('',#15694);
#7658=VERTEX_POINT('',#15696);
#7659=VERTEX_POINT('',#15698);
#7660=VERTEX_POINT('',#15700);
#7661=VERTEX_POINT('',#15702);
#7662=VERTEX_POINT('',#15704);
#7663=VERTEX_POINT('',#15706);
#7664=VERTEX_POINT('',#15708);
#7665=VERTEX_POINT('',#15710);
#7666=VERTEX_POINT('',#15712);
#7667=VERTEX_POINT('',#15714);
#7668=VERTEX_POINT('',#15716);
#7669=VERTEX_POINT('',#15718);
#7670=VERTEX_POINT('',#15720);
#7671=VERTEX_POINT('',#15722);
#7672=VERTEX_POINT('',#15726);
#7673=VERTEX_POINT('',#15727);
#7674=VERTEX_POINT('',#15729);
#7675=VERTEX_POINT('',#15731);
#7676=VERTEX_POINT('',#15733);
#7677=VERTEX_POINT('',#15735);
#7678=VERTEX_POINT('',#15737);
#7679=VERTEX_POINT('',#15739);
#7680=VERTEX_POINT('',#15741);
#7681=VERTEX_POINT('',#15743);
#7682=VERTEX_POINT('',#15745);
#7683=VERTEX_POINT('',#15747);
#7684=VERTEX_POINT('',#15749);
#7685=VERTEX_POINT('',#15751);
#7686=VERTEX_POINT('',#15755);
#7687=VERTEX_POINT('',#15756);
#7688=VERTEX_POINT('',#15758);
#7689=VERTEX_POINT('',#15760);
#7690=VERTEX_POINT('',#15763);
#7691=VERTEX_POINT('',#15764);
#7692=VERTEX_POINT('',#15766);
#7693=VERTEX_POINT('',#15768);
#7694=VERTEX_POINT('',#15771);
#7695=VERTEX_POINT('',#15772);
#7696=VERTEX_POINT('',#15774);
#7697=VERTEX_POINT('',#15776);
#7698=VERTEX_POINT('',#15779);
#7699=VERTEX_POINT('',#15781);
#7700=VERTEX_POINT('',#15783);
#7701=VERTEX_POINT('',#15784);
#7702=VERTEX_POINT('',#15786);
#7703=VERTEX_POINT('',#15788);
#7704=VERTEX_POINT('',#15790);
#7705=VERTEX_POINT('',#15792);
#7706=VERTEX_POINT('',#15794);
#7707=VERTEX_POINT('',#15796);
#7708=VERTEX_POINT('',#15798);
#7709=VERTEX_POINT('',#15800);
#7710=VERTEX_POINT('',#15802);
#7711=VERTEX_POINT('',#15804);
#7712=VERTEX_POINT('',#15806);
#7713=VERTEX_POINT('',#15808);
#7714=VERTEX_POINT('',#15810);
#7715=VERTEX_POINT('',#15812);
#7716=VERTEX_POINT('',#15814);
#7717=VERTEX_POINT('',#15816);
#7718=VERTEX_POINT('',#15818);
#7719=VERTEX_POINT('',#15820);
#7720=VERTEX_POINT('',#15822);
#7721=VERTEX_POINT('',#15824);
#7722=VERTEX_POINT('',#15826);
#7723=VERTEX_POINT('',#15828);
#7724=VERTEX_POINT('',#15830);
#7725=VERTEX_POINT('',#15832);
#7726=VERTEX_POINT('',#15834);
#7727=VERTEX_POINT('',#15836);
#7728=VERTEX_POINT('',#15838);
#7729=VERTEX_POINT('',#15840);
#7730=VERTEX_POINT('',#15842);
#7731=VERTEX_POINT('',#15844);
#7732=VERTEX_POINT('',#15846);
#7733=VERTEX_POINT('',#15849);
#7734=VERTEX_POINT('',#15851);
#7735=VERTEX_POINT('',#15852);
#7736=VERTEX_POINT('',#15854);
#7737=VERTEX_POINT('',#15856);
#7738=VERTEX_POINT('',#15859);
#7739=VERTEX_POINT('',#15861);
#7740=VERTEX_POINT('',#15863);
#7741=VERTEX_POINT('',#15865);
#7742=VERTEX_POINT('',#15867);
#7743=VERTEX_POINT('',#15869);
#7744=VERTEX_POINT('',#15871);
#7745=VERTEX_POINT('',#15873);
#7746=VERTEX_POINT('',#15879);
#7747=VERTEX_POINT('',#15881);
#7748=VERTEX_POINT('',#15887);
#7749=VERTEX_POINT('',#15888);
#7750=VERTEX_POINT('',#15890);
#7751=VERTEX_POINT('',#15892);
#7752=VERTEX_POINT('',#15896);
#7753=VERTEX_POINT('',#15897);
#7754=VERTEX_POINT('',#15900);
#7755=VERTEX_POINT('',#15902);
#7756=VERTEX_POINT('',#15905);
#7757=VERTEX_POINT('',#15907);
#7758=VERTEX_POINT('',#15910);
#7759=VERTEX_POINT('',#15912);
#7760=VERTEX_POINT('',#15932);
#7761=VERTEX_POINT('',#15934);
#7762=VERTEX_POINT('',#15937);
#7763=VERTEX_POINT('',#15939);
#7764=VERTEX_POINT('',#15942);
#7765=VERTEX_POINT('',#15944);
#7766=VERTEX_POINT('',#15947);
#7767=VERTEX_POINT('',#15949);
#7768=VERTEX_POINT('',#15952);
#7769=VERTEX_POINT('',#15954);
#7770=VERTEX_POINT('',#15957);
#7771=VERTEX_POINT('',#15959);
#7772=VERTEX_POINT('',#15962);
#7773=VERTEX_POINT('',#15964);
#7774=VERTEX_POINT('',#15967);
#7775=VERTEX_POINT('',#15969);
#7776=VERTEX_POINT('',#16006);
#7777=VERTEX_POINT('',#16008);
#7778=VERTEX_POINT('',#16011);
#7779=VERTEX_POINT('',#16013);
#7780=VERTEX_POINT('',#16016);
#7781=VERTEX_POINT('',#16018);
#7782=VERTEX_POINT('',#16021);
#7783=VERTEX_POINT('',#16023);
#7784=VERTEX_POINT('',#16026);
#7785=VERTEX_POINT('',#16028);
#7786=VERTEX_POINT('',#16031);
#7787=VERTEX_POINT('',#16033);
#7788=VERTEX_POINT('',#16036);
#7789=VERTEX_POINT('',#16038);
#7790=VERTEX_POINT('',#16041);
#7791=VERTEX_POINT('',#16043);
#7792=VERTEX_POINT('',#16046);
#7793=VERTEX_POINT('',#16048);
#7794=VERTEX_POINT('',#16051);
#7795=VERTEX_POINT('',#16053);
#7796=VERTEX_POINT('',#16056);
#7797=VERTEX_POINT('',#16058);
#7798=VERTEX_POINT('',#16061);
#7799=VERTEX_POINT('',#16063);
#7800=VERTEX_POINT('',#16066);
#7801=VERTEX_POINT('',#16068);
#7802=VERTEX_POINT('',#16071);
#7803=VERTEX_POINT('',#16073);
#7804=VERTEX_POINT('',#16076);
#7805=VERTEX_POINT('',#16078);
#7806=VERTEX_POINT('',#16097);
#7807=VERTEX_POINT('',#16099);
#7808=VERTEX_POINT('',#16101);
#7809=VERTEX_POINT('',#16104);
#7810=VERTEX_POINT('',#16106);
#7811=VERTEX_POINT('',#16109);
#7812=VERTEX_POINT('',#16111);
#7813=VERTEX_POINT('',#16115);
#7814=VERTEX_POINT('',#16117);
#7815=VERTEX_POINT('',#16119);
#7816=VERTEX_POINT('',#16120);
#7817=VERTEX_POINT('',#16122);
#7818=VERTEX_POINT('',#16124);
#7819=VERTEX_POINT('',#16127);
#7820=VERTEX_POINT('',#16129);
#7821=VERTEX_POINT('',#16137);
#7822=VERTEX_POINT('',#16138);
#7823=VERTEX_POINT('',#16142);
#7824=VERTEX_POINT('',#16144);
#7825=VERTEX_POINT('',#16146);
#7826=VERTEX_POINT('',#16148);
#7827=VERTEX_POINT('',#16233);
#7828=VERTEX_POINT('',#16235);
#7829=VERTEX_POINT('',#16241);
#7830=VERTEX_POINT('',#16245);
#7831=VERTEX_POINT('',#16249);
#7832=VERTEX_POINT('',#16253);
#7833=VERTEX_POINT('',#16272);
#7834=VERTEX_POINT('',#16273);
#7835=VERTEX_POINT('',#16275);
#7836=VERTEX_POINT('',#16277);
#7837=VERTEX_POINT('',#16281);
#7838=VERTEX_POINT('',#16283);
#7839=VERTEX_POINT('',#16287);
#7840=VERTEX_POINT('',#16289);
#7841=VERTEX_POINT('',#16293);
#7842=VERTEX_POINT('',#16297);
#7843=VERTEX_POINT('',#16301);
#7844=VERTEX_POINT('',#16305);
#7845=VERTEX_POINT('',#16309);
#7846=VERTEX_POINT('',#16313);
#7847=VERTEX_POINT('',#16323);
#7848=VERTEX_POINT('',#16325);
#7849=VERTEX_POINT('',#16329);
#7850=VERTEX_POINT('',#16333);
#7851=VERTEX_POINT('',#16337);
#7852=VERTEX_POINT('',#16341);
#7853=VERTEX_POINT('',#16345);
#7854=VERTEX_POINT('',#16349);
#7855=VERTEX_POINT('',#16353);
#7856=VERTEX_POINT('',#16357);
#7857=VERTEX_POINT('',#16361);
#7858=VERTEX_POINT('',#16365);
#7859=VERTEX_POINT('',#16379);
#7860=VERTEX_POINT('',#16383);
#7861=VERTEX_POINT('',#16387);
#7862=VERTEX_POINT('',#16391);
#7863=VERTEX_POINT('',#16395);
#7864=VERTEX_POINT('',#16399);
#7865=VERTEX_POINT('',#16403);
#7866=VERTEX_POINT('',#16407);
#7867=VERTEX_POINT('',#16418);
#7868=VERTEX_POINT('',#16431);
#7869=VERTEX_POINT('',#16444);
#7870=VERTEX_POINT('',#16450);
#7871=VERTEX_POINT('',#16461);
#7872=VERTEX_POINT('',#16474);
#7873=VERTEX_POINT('',#16487);
#7874=VERTEX_POINT('',#16493);
#7875=VERTEX_POINT('',#16504);
#7876=VERTEX_POINT('',#16517);
#7877=VERTEX_POINT('',#16530);
#7878=VERTEX_POINT('',#16543);
#7879=VERTEX_POINT('',#16549);
#7880=VERTEX_POINT('',#16560);
#7881=VERTEX_POINT('',#16573);
#7882=VERTEX_POINT('',#16586);
#7883=VERTEX_POINT('',#16611);
#7884=VERTEX_POINT('',#16615);
#7885=VERTEX_POINT('',#16626);
#7886=VERTEX_POINT('',#16639);
#7887=VERTEX_POINT('',#16652);
#7888=VERTEX_POINT('',#16665);
#7889=VERTEX_POINT('',#16678);
#7890=VERTEX_POINT('',#16691);
#7891=VERTEX_POINT('',#16697);
#7892=VERTEX_POINT('',#16701);
#7893=VERTEX_POINT('',#16712);
#7894=VERTEX_POINT('',#16718);
#7895=VERTEX_POINT('',#16729);
#7896=VERTEX_POINT('',#16742);
#7897=VERTEX_POINT('',#16755);
#7898=VERTEX_POINT('',#16768);
#7899=VERTEX_POINT('',#16781);
#7900=VERTEX_POINT('',#16794);
#7901=VERTEX_POINT('',#16807);
#7902=VERTEX_POINT('',#16820);
#7903=VERTEX_POINT('',#16833);
#7904=VERTEX_POINT('',#16846);
#7905=VERTEX_POINT('',#16859);
#7906=VERTEX_POINT('',#16865);
#7907=VERTEX_POINT('',#16869);
#7908=VERTEX_POINT('',#16880);
#7909=VERTEX_POINT('',#16893);
#7910=VERTEX_POINT('',#16906);
#7911=VERTEX_POINT('',#16919);
#7912=VERTEX_POINT('',#16938);
#7913=VERTEX_POINT('',#16942);
#7914=VERTEX_POINT('',#16944);
#7915=VERTEX_POINT('',#16947);
#7916=VERTEX_POINT('',#16951);
#7917=VERTEX_POINT('',#16953);
#7918=VERTEX_POINT('',#16957);
#7919=VERTEX_POINT('',#16961);
#7920=VERTEX_POINT('',#16968);
#7921=VERTEX_POINT('',#16972);
#7922=VERTEX_POINT('',#16974);
#7923=VERTEX_POINT('',#16978);
#7924=VERTEX_POINT('',#16982);
#7925=VERTEX_POINT('',#16986);
#7926=VERTEX_POINT('',#16990);
#7927=VERTEX_POINT('',#16994);
#7928=VERTEX_POINT('',#16998);
#7929=VERTEX_POINT('',#17002);
#7930=VERTEX_POINT('',#17006);
#7931=VERTEX_POINT('',#17010);
#7932=VERTEX_POINT('',#17014);
#7933=VERTEX_POINT('',#17018);
#7934=VERTEX_POINT('',#17022);
#7935=VERTEX_POINT('',#17026);
#7936=VERTEX_POINT('',#17030);
#7937=VERTEX_POINT('',#17034);
#7938=VERTEX_POINT('',#17038);
#7939=VERTEX_POINT('',#17042);
#7940=VERTEX_POINT('',#17046);
#7941=VERTEX_POINT('',#17050);
#7942=VERTEX_POINT('',#17054);
#7943=VERTEX_POINT('',#17058);
#7944=VERTEX_POINT('',#17062);
#7945=VERTEX_POINT('',#17066);
#7946=VERTEX_POINT('',#17070);
#7947=VERTEX_POINT('',#17074);
#7948=VERTEX_POINT('',#17078);
#7949=VERTEX_POINT('',#17082);
#7950=VERTEX_POINT('',#17086);
#7951=VERTEX_POINT('',#17090);
#7952=VERTEX_POINT('',#17094);
#7953=VERTEX_POINT('',#17098);
#7954=VERTEX_POINT('',#17105);
#7955=VERTEX_POINT('',#17109);
#7956=VERTEX_POINT('',#17113);
#7957=VERTEX_POINT('',#17115);
#7958=VERTEX_POINT('',#17119);
#7959=VERTEX_POINT('',#17123);
#7960=VERTEX_POINT('',#17130);
#7961=VERTEX_POINT('',#17132);
#7962=VERTEX_POINT('',#17136);
#7963=VERTEX_POINT('',#17140);
#7964=VERTEX_POINT('',#17147);
#7965=VERTEX_POINT('',#17149);
#7966=VERTEX_POINT('',#17153);
#7967=VERTEX_POINT('',#17157);
#7968=VERTEX_POINT('',#17164);
#7969=VERTEX_POINT('',#17166);
#7970=VERTEX_POINT('',#17170);
#7971=VERTEX_POINT('',#17174);
#7972=VERTEX_POINT('',#17178);
#7973=VERTEX_POINT('',#17179);
#7974=VERTEX_POINT('',#17181);
#7975=VERTEX_POINT('',#17183);
#7976=VERTEX_POINT('',#17187);
#7977=VERTEX_POINT('',#17189);
#7978=VERTEX_POINT('',#17193);
#7979=VERTEX_POINT('',#17195);
#7980=VERTEX_POINT('',#17206);
#7981=VERTEX_POINT('',#17209);
#7982=VERTEX_POINT('',#17213);
#7983=VERTEX_POINT('',#17215);
#7984=VERTEX_POINT('',#17219);
#7985=VERTEX_POINT('',#17223);
#7986=VERTEX_POINT('',#17225);
#7987=VERTEX_POINT('',#17227);
#7988=VERTEX_POINT('',#17229);
#7989=VERTEX_POINT('',#17231);
#7990=VERTEX_POINT('',#17233);
#7991=VERTEX_POINT('',#17235);
#7992=VERTEX_POINT('',#17237);
#7993=VERTEX_POINT('',#17239);
#7994=VERTEX_POINT('',#17241);
#7995=VERTEX_POINT('',#17243);
#7996=VERTEX_POINT('',#17245);
#7997=VERTEX_POINT('',#17248);
#7998=VERTEX_POINT('',#17250);
#7999=VERTEX_POINT('',#17252);
#8000=VERTEX_POINT('',#17254);
#8001=VERTEX_POINT('',#17256);
#8002=VERTEX_POINT('',#17258);
#8003=VERTEX_POINT('',#17260);
#8004=VERTEX_POINT('',#17262);
#8005=VERTEX_POINT('',#17308);
#8006=VERTEX_POINT('',#17310);
#8007=VERTEX_POINT('',#17319);
#8008=VERTEX_POINT('',#17321);
#8009=VERTEX_POINT('',#17323);
#8010=VERTEX_POINT('',#17325);
#8011=VERTEX_POINT('',#17327);
#8012=VERTEX_POINT('',#17329);
#8013=VERTEX_POINT('',#17331);
#8014=VERTEX_POINT('',#17333);
#8015=VERTEX_POINT('',#17335);
#8016=VERTEX_POINT('',#17337);
#8017=VERTEX_POINT('',#17339);
#8018=VERTEX_POINT('',#17341);
#8019=VERTEX_POINT('',#17344);
#8020=VERTEX_POINT('',#17346);
#8021=VERTEX_POINT('',#17348);
#8022=VERTEX_POINT('',#17350);
#8023=VERTEX_POINT('',#17352);
#8024=VERTEX_POINT('',#17354);
#8025=VERTEX_POINT('',#17356);
#8026=VERTEX_POINT('',#17358);
#8027=VERTEX_POINT('',#17360);
#8028=VERTEX_POINT('',#17362);
#8029=VERTEX_POINT('',#17364);
#8030=VERTEX_POINT('',#17366);
#8031=VERTEX_POINT('',#17368);
#8032=VERTEX_POINT('',#17370);
#8033=VERTEX_POINT('',#17372);
#8034=VERTEX_POINT('',#17374);
#8035=VERTEX_POINT('',#17376);
#8036=VERTEX_POINT('',#17378);
#8037=VERTEX_POINT('',#17444);
#8038=VERTEX_POINT('',#17446);
#8039=VERTEX_POINT('',#17455);
#8040=VERTEX_POINT('',#17457);
#8041=VERTEX_POINT('',#17459);
#8042=VERTEX_POINT('',#17461);
#8043=VERTEX_POINT('',#17463);
#8044=VERTEX_POINT('',#17465);
#8045=VERTEX_POINT('',#17467);
#8046=VERTEX_POINT('',#17469);
#8047=VERTEX_POINT('',#17471);
#8048=VERTEX_POINT('',#17473);
#8049=VERTEX_POINT('',#17475);
#8050=VERTEX_POINT('',#17477);
#8051=VERTEX_POINT('',#17479);
#8052=VERTEX_POINT('',#17481);
#8053=VERTEX_POINT('',#17483);
#8054=VERTEX_POINT('',#17486);
#8055=VERTEX_POINT('',#17488);
#8056=VERTEX_POINT('',#17490);
#8057=VERTEX_POINT('',#17492);
#8058=VERTEX_POINT('',#17494);
#8059=VERTEX_POINT('',#17496);
#8060=VERTEX_POINT('',#17498);
#8061=VERTEX_POINT('',#17500);
#8062=VERTEX_POINT('',#17502);
#8063=VERTEX_POINT('',#17504);
#8064=VERTEX_POINT('',#17506);
#8065=VERTEX_POINT('',#17508);
#8066=VERTEX_POINT('',#17510);
#8067=VERTEX_POINT('',#17512);
#8068=VERTEX_POINT('',#17514);
#8069=VERTEX_POINT('',#17516);
#8070=VERTEX_POINT('',#17518);
#8071=VERTEX_POINT('',#17520);
#8072=VERTEX_POINT('',#17522);
#8073=VERTEX_POINT('',#17524);
#8074=VERTEX_POINT('',#17526);
#8075=VERTEX_POINT('',#17604);
#8076=VERTEX_POINT('',#17606);
#8077=VERTEX_POINT('',#17610);
#8078=VERTEX_POINT('',#17612);
#8079=VERTEX_POINT('',#17616);
#8080=VERTEX_POINT('',#17621);
#8081=VERTEX_POINT('',#17623);
#8082=VERTEX_POINT('',#17625);
#8083=VERTEX_POINT('',#17627);
#8084=VERTEX_POINT('',#17629);
#8085=VERTEX_POINT('',#17632);
#8086=VERTEX_POINT('',#17634);
#8087=VERTEX_POINT('',#17636);
#8088=VERTEX_POINT('',#17638);
#8089=VERTEX_POINT('',#17640);
#8090=VERTEX_POINT('',#17642);
#8091=VERTEX_POINT('',#17644);
#8092=VERTEX_POINT('',#17646);
#8093=VERTEX_POINT('',#17648);
#8094=VERTEX_POINT('',#17650);
#8095=VERTEX_POINT('',#17652);
#8096=VERTEX_POINT('',#17654);
#8097=VERTEX_POINT('',#17697);
#8098=VERTEX_POINT('',#17699);
#8099=VERTEX_POINT('',#17701);
#8100=VERTEX_POINT('',#17703);
#8101=VERTEX_POINT('',#17705);
#8102=VERTEX_POINT('',#17707);
#8103=VERTEX_POINT('',#17709);
#8104=VERTEX_POINT('',#17711);
#8105=VERTEX_POINT('',#17713);
#8106=VERTEX_POINT('',#17715);
#8107=VERTEX_POINT('',#17740);
#8108=VERTEX_POINT('',#17742);
#8109=VERTEX_POINT('',#17744);
#8110=VERTEX_POINT('',#17746);
#8111=VERTEX_POINT('',#17748);
#8112=VERTEX_POINT('',#17750);
#8113=VERTEX_POINT('',#17752);
#8114=VERTEX_POINT('',#17754);
#8115=VERTEX_POINT('',#17756);
#8116=VERTEX_POINT('',#17758);
#8117=VERTEX_POINT('',#17760);
#8118=VERTEX_POINT('',#17762);
#8119=VERTEX_POINT('',#17764);
#8120=VERTEX_POINT('',#17767);
#8121=VERTEX_POINT('',#17769);
#8122=VERTEX_POINT('',#17771);
#8123=VERTEX_POINT('',#17773);
#8124=VERTEX_POINT('',#17813);
#8125=VERTEX_POINT('',#17815);
#8126=VERTEX_POINT('',#17817);
#8127=VERTEX_POINT('',#17819);
#8128=VERTEX_POINT('',#17821);
#8129=VERTEX_POINT('',#17823);
#8130=VERTEX_POINT('',#17825);
#8131=VERTEX_POINT('',#17827);
#8132=VERTEX_POINT('',#17829);
#8133=VERTEX_POINT('',#17831);
#8134=VERTEX_POINT('',#17833);
#8135=VERTEX_POINT('',#17835);
#8136=VERTEX_POINT('',#17837);
#8137=VERTEX_POINT('',#17839);
#8138=VERTEX_POINT('',#17872);
#8139=VERTEX_POINT('',#17874);
#8140=VERTEX_POINT('',#17876);
#8141=VERTEX_POINT('',#17878);
#8142=VERTEX_POINT('',#17880);
#8143=VERTEX_POINT('',#17882);
#8144=VERTEX_POINT('',#17884);
#8145=VERTEX_POINT('',#17886);
#8146=VERTEX_POINT('',#17888);
#8147=VERTEX_POINT('',#17890);
#8148=VERTEX_POINT('',#17892);
#8149=VERTEX_POINT('',#17894);
#8150=VERTEX_POINT('',#17896);
#8151=VERTEX_POINT('',#17898);
#8152=VERTEX_POINT('',#17900);
#8153=VERTEX_POINT('',#17902);
#8154=VERTEX_POINT('',#17904);
#8155=VERTEX_POINT('',#17906);
#8156=VERTEX_POINT('',#17909);
#8157=VERTEX_POINT('',#17911);
#8158=VERTEX_POINT('',#17913);
#8159=VERTEX_POINT('',#17915);
#8160=VERTEX_POINT('',#17917);
#8161=VERTEX_POINT('',#17919);
#8162=VERTEX_POINT('',#17921);
#8163=VERTEX_POINT('',#17923);
#8164=VERTEX_POINT('',#17925);
#8165=VERTEX_POINT('',#17927);
#8166=VERTEX_POINT('',#17929);
#8167=VERTEX_POINT('',#17931);
#8168=VERTEX_POINT('',#17933);
#8169=VERTEX_POINT('',#18001);
#8170=VERTEX_POINT('',#18003);
#8171=VERTEX_POINT('',#18007);
#8172=VERTEX_POINT('',#18011);
#8173=VERTEX_POINT('',#18018);
#8174=VERTEX_POINT('',#18019);
#8175=VERTEX_POINT('',#18021);
#8176=VERTEX_POINT('',#18023);
#8177=VERTEX_POINT('',#18027);
#8178=VERTEX_POINT('',#18029);
#8179=VERTEX_POINT('',#18033);
#8180=VERTEX_POINT('',#18035);
#8181=VERTEX_POINT('',#18039);
#8182=VERTEX_POINT('',#18040);
#8183=VERTEX_POINT('',#18042);
#8184=VERTEX_POINT('',#18044);
#8185=VERTEX_POINT('',#18048);
#8186=VERTEX_POINT('',#18050);
#8187=VERTEX_POINT('',#18054);
#8188=VERTEX_POINT('',#18056);
#8189=VERTEX_POINT('',#18060);
#8190=VERTEX_POINT('',#18061);
#8191=VERTEX_POINT('',#18063);
#8192=VERTEX_POINT('',#18065);
#8193=VERTEX_POINT('',#18069);
#8194=VERTEX_POINT('',#18071);
#8195=VERTEX_POINT('',#18075);
#8196=VERTEX_POINT('',#18077);
#8197=VERTEX_POINT('',#18081);
#8198=VERTEX_POINT('',#18085);
#8199=VERTEX_POINT('',#18089);
#8200=VERTEX_POINT('',#18093);
#8201=VERTEX_POINT('',#18097);
#8202=VERTEX_POINT('',#18101);
#8203=VERTEX_POINT('',#18105);
#8204=VERTEX_POINT('',#18109);
#8205=VERTEX_POINT('',#18120);
#8206=VERTEX_POINT('',#18134);
#8207=VERTEX_POINT('',#18141);
#8208=VERTEX_POINT('',#18145);
#8209=VERTEX_POINT('',#18149);
#8210=VERTEX_POINT('',#18153);
#8211=VERTEX_POINT('',#18157);
#8212=VERTEX_POINT('',#18161);
#8213=VERTEX_POINT('',#18165);
#8214=VERTEX_POINT('',#18169);
#8215=VERTEX_POINT('',#18173);
#8216=VERTEX_POINT('',#18177);
#8217=VERTEX_POINT('',#18181);
#8218=VERTEX_POINT('',#18185);
#8219=VERTEX_POINT('',#18189);
#8220=VERTEX_POINT('',#18193);
#8221=VERTEX_POINT('',#18197);
#8222=VERTEX_POINT('',#18201);
#8223=VERTEX_POINT('',#18205);
#8224=VERTEX_POINT('',#18209);
#8225=VERTEX_POINT('',#18227);
#8226=VERTEX_POINT('',#18228);
#8227=VERTEX_POINT('',#18230);
#8228=VERTEX_POINT('',#18232);
#8229=VERTEX_POINT('',#18246);
#8230=VERTEX_POINT('',#18248);
#8231=VERTEX_POINT('',#18255);
#8232=VERTEX_POINT('',#18257);
#8233=VERTEX_POINT('',#18261);
#8234=VERTEX_POINT('',#18265);
#8235=VERTEX_POINT('',#18269);
#8236=VERTEX_POINT('',#18273);
#8237=VERTEX_POINT('',#18277);
#8238=VERTEX_POINT('',#18281);
#8239=VERTEX_POINT('',#18292);
#8240=VERTEX_POINT('',#18306);
#8241=VERTEX_POINT('',#18320);
#8242=VERTEX_POINT('',#18327);
#8243=VERTEX_POINT('',#18338);
#8244=VERTEX_POINT('',#18352);
#8245=VERTEX_POINT('',#18388);
#8246=VERTEX_POINT('',#18390);
#8247=VERTEX_POINT('',#18394);
#8248=VERTEX_POINT('',#18398);
#8249=VERTEX_POINT('',#18402);
#8250=VERTEX_POINT('',#18406);
#8251=VERTEX_POINT('',#18410);
#8252=VERTEX_POINT('',#18414);
#8253=VERTEX_POINT('',#18421);
#8254=VERTEX_POINT('',#18423);
#8255=VERTEX_POINT('',#18427);
#8256=VERTEX_POINT('',#18431);
#8257=VERTEX_POINT('',#18438);
#8258=VERTEX_POINT('',#18440);
#8259=VERTEX_POINT('',#18451);
#8260=VERTEX_POINT('',#18458);
#8261=VERTEX_POINT('',#18475);
#8262=VERTEX_POINT('',#18477);
#8263=VERTEX_POINT('',#18481);
#8264=VERTEX_POINT('',#18485);
#8265=VERTEX_POINT('',#18496);
#8266=VERTEX_POINT('',#18503);
#8267=VERTEX_POINT('',#18930);
#8268=VERTEX_POINT('',#18935);
#8269=VERTEX_POINT('',#18946);
#8270=VERTEX_POINT('',#18956);
#8271=CIRCLE('',#10770,0.0015);
#8272=CIRCLE('',#10771,0.0015);
#8273=CIRCLE('',#10772,0.0015);
#8274=CIRCLE('',#10773,0.0015);
#8275=CIRCLE('',#10777,0.00122733847527072);
#8276=CIRCLE('',#10778,0.00171242310199295);
#8277=CIRCLE('',#10779,0.00286018420173621);
#8278=CIRCLE('',#10780,0.00160722349692725);
#8279=CIRCLE('',#10791,0.010352866560353);
#8280=CIRCLE('',#10792,0.0134314064302146);
#8281=CIRCLE('',#10793,0.0186597199097885);
#8282=CIRCLE('',#10794,0.0199378863710098);
#8283=CIRCLE('',#10795,0.00248548978105581);
#8284=CIRCLE('',#10796,0.00619353163932302);
#8285=CIRCLE('',#10797,0.00474645309683672);
#8286=CIRCLE('',#10802,0.923455031111906);
#8287=CIRCLE('',#10803,0.517420050446235);
#8288=CIRCLE('',#10804,1.47637544159376);
#8289=CIRCLE('',#10805,0.00203296461198059);
#8290=CIRCLE('',#10806,0.00213678450093444);
#8291=CIRCLE('',#10807,0.178302241844046);
#8292=CIRCLE('',#10808,0.123002823268745);
#8293=CIRCLE('',#10809,0.193705699236611);
#8294=CIRCLE('',#10810,0.0158390071840493);
#8295=CIRCLE('',#10811,0.00800455698895925);
#8296=CIRCLE('',#10812,0.0150329568650857);
#8297=CIRCLE('',#10813,3.13279624982792E-5);
#8298=CIRCLE('',#10814,0.000145631162261078);
#8299=CIRCLE('',#10815,0.134000628537999);
#8300=CIRCLE('',#10816,0.064633665855792);
#8301=CIRCLE('',#10817,0.293118609661927);
#8302=CIRCLE('',#10818,0.105127875404421);
#8303=CIRCLE('',#10819,3.17335006821179);
#8304=CIRCLE('',#10820,2.82762203778235);
#8305=CIRCLE('',#10821,3.9935529437323);
#8306=CIRCLE('',#10822,4.33195485570754);
#8307=CIRCLE('',#10823,2.74120435480606);
#8308=CIRCLE('',#10824,6.84801209127878);
#8309=CIRCLE('',#10825,12.1795862954101);
#8310=CIRCLE('',#10826,0.0762479281734941);
#8311=CIRCLE('',#10827,0.0155740263595188);
#8312=CIRCLE('',#10828,0.182069704531192);
#8313=CIRCLE('',#10829,0.194904538731599);
#8314=CIRCLE('',#10830,0.229742109774486);
#8315=CIRCLE('',#10831,0.0143564174745152);
#8316=CIRCLE('',#10832,0.0102866105520517);
#8317=CIRCLE('',#10833,0.0105627054750791);
#8318=CIRCLE('',#10834,0.000447393781406748);
#8319=CIRCLE('',#10835,0.000441340944848307);
#8320=CIRCLE('',#10836,0.00513015935425567);
#8321=CIRCLE('',#10837,0.00565654590650952);
#8322=CIRCLE('',#10838,0.00696299735236693);
#8323=CIRCLE('',#10839,0.0102583180775231);
#8324=CIRCLE('',#10840,0.0102552755457582);
#8325=CIRCLE('',#10841,0.00243763430951961);
#8326=CIRCLE('',#10842,0.00577585952186259);
#8327=CIRCLE('',#10843,0.00549393443841437);
#8328=CIRCLE('',#10844,0.00540602141681182);
#8329=CIRCLE('',#10845,0.00540332699266596);
#8330=CIRCLE('',#10846,0.0047726806817374);
#8331=CIRCLE('',#10847,0.00545020092305492);
#8332=CIRCLE('',#10848,0.00548997202539964);
#8333=CIRCLE('',#10849,0.00491175043430317);
#8334=CIRCLE('',#10850,0.00654301249540253);
#8335=CIRCLE('',#10851,0.00445196458273525);
#8336=CIRCLE('',#10852,0.00446201606008696);
#8337=CIRCLE('',#10853,0.350618710801855);
#8338=CIRCLE('',#10854,0.182159299718604);
#8339=CIRCLE('',#10855,1.29095483940496);
#8340=CIRCLE('',#10856,9.88352176008729E-5);
#8341=CIRCLE('',#10857,9.86803495007527E-5);
#8342=CIRCLE('',#10858,0.683386834402013);
#8343=CIRCLE('',#10859,0.119212412310094);
#8344=CIRCLE('',#10860,0.227740021645416);
#8345=CIRCLE('',#10861,2.62161556338655);
#8346=CIRCLE('',#10862,1.87375010023945);
#8347=CIRCLE('',#10863,2.06893747436787);
#8348=CIRCLE('',#10864,0.0698173373433708);
#8349=CIRCLE('',#10865,0.0220478069418027);
#8350=CIRCLE('',#10866,0.217199911436952);
#8351=CIRCLE('',#10867,0.236864718952356);
#8352=CIRCLE('',#10868,0.268172205016415);
#8353=CIRCLE('',#10869,2.26953813077718);
#8354=CIRCLE('',#10870,1.22646718821176);
#8355=CIRCLE('',#10871,0.0157664181295677);
#8356=CIRCLE('',#10872,0.00063690051105077);
#8357=CIRCLE('',#10873,0.00072543113256328);
#8358=CIRCLE('',#10874,0.02359513186786);
#8359=CIRCLE('',#10875,0.261641353169421);
#8360=CIRCLE('',#10876,0.277324623021343);
#8361=CIRCLE('',#10877,0.681653786425042);
#8362=CIRCLE('',#10878,0.00254623955875458);
#8363=CIRCLE('',#10879,0.00186552314940204);
#8364=CIRCLE('',#10880,0.723968225588143);
#8365=CIRCLE('',#10881,0.310878097080421);
#8366=CIRCLE('',#10882,0.540374791624353);
#8367=CIRCLE('',#10883,0.0150822594955353);
#8368=CIRCLE('',#10884,0.0376404420871023);
#8369=CIRCLE('',#10885,0.0391810032782153);
#8370=CIRCLE('',#10886,0.0231529605634272);
#8371=CIRCLE('',#10887,0.0255097069478944);
#8372=CIRCLE('',#10888,0.0288851330590428);
#8373=CIRCLE('',#10889,0.0257804577287932);
#8374=CIRCLE('',#10890,0.00534512179014087);
#8375=CIRCLE('',#10891,0.027524082901028);
#8376=CIRCLE('',#10892,0.0152668117294148);
#8377=CIRCLE('',#10893,0.0378516840115968);
#8378=CIRCLE('',#10894,6.97887653666502E-5);
#8379=CIRCLE('',#10895,2.49847799779105E-5);
#8380=CIRCLE('',#10896,0.0927494555596296);
#8381=CIRCLE('',#10897,0.0242547761373367);
#8382=CIRCLE('',#10898,0.0480013159434063);
#8383=CIRCLE('',#10900,0.0652825771619464);
#8384=CIRCLE('',#10901,0.0456030066273115);
#8385=CIRCLE('',#10902,0.046042684585876);
#8386=CIRCLE('',#10903,0.00238931368497338);
#8387=CIRCLE('',#10904,0.000297786734016082);
#8388=CIRCLE('',#10905,0.000253600836727972);
#8389=CIRCLE('',#10906,0.00230500022333256);
#8390=CIRCLE('',#10907,0.213330559996458);
#8391=CIRCLE('',#10908,0.0274764656349429);
#8392=CIRCLE('',#10909,0.0388230891429728);
#8393=CIRCLE('',#10910,0.0358957803512067);
#8394=CIRCLE('',#10911,0.0111185357908418);
#8395=CIRCLE('',#10913,0.27759828095967);
#8396=CIRCLE('',#10914,0.398922511653699);
#8397=CIRCLE('',#10915,0.0976931736084816);
#8398=CIRCLE('',#10916,0.0772967780544438);
#8399=CIRCLE('',#10917,0.0754743152394505);
#8400=CIRCLE('',#10918,0.00474860039436436);
#8401=CIRCLE('',#10920,0.393853587103359);
#8402=CIRCLE('',#10921,0.539945862042068);
#8403=CIRCLE('',#10922,7.7816089852788E-5);
#8404=CIRCLE('',#10923,8.27196731818101E-5);
#8405=CIRCLE('',#10924,0.367720316973845);
#8406=CIRCLE('',#10925,0.0731898472351288);
#8407=CIRCLE('',#10926,0.138439762110717);
#8408=CIRCLE('',#10927,0.0853411703038626);
#8409=CIRCLE('',#10928,0.0489086160177643);
#8410=CIRCLE('',#10929,0.10942848138349);
#8411=CIRCLE('',#10930,0.000305951801977656);
#8412=CIRCLE('',#10931,0.00011773992807736);
#8413=CIRCLE('',#10932,0.0422558595655192);
#8414=CIRCLE('',#10933,0.0424233670197244);
#8415=CIRCLE('',#10935,0.00247807435529386);
#8416=CIRCLE('',#10936,0.0156278714977949);
#8417=CIRCLE('',#10937,0.0137947379155521);
#8418=CIRCLE('',#10938,0.00332390956651042);
#8419=CIRCLE('',#10939,0.0020620853445421);
#8420=CIRCLE('',#10940,0.00237923326942546);
#8421=CIRCLE('',#10941,0.00275259704738156);
#8422=CIRCLE('',#10942,0.00408282877800638);
#8423=CIRCLE('',#10943,0.00437345024553789);
#8424=CIRCLE('',#10944,0.00402203216413979);
#8425=CIRCLE('',#10945,0.00206133085773775);
#8426=CIRCLE('',#10946,0.00475737019717889);
#8427=CIRCLE('',#10947,0.00483224460770565);
#8428=CIRCLE('',#10948,0.00237793266326694);
#8429=CIRCLE('',#10949,0.00342069690892841);
#8430=CIRCLE('',#10950,0.00340126750854139);
#8431=CIRCLE('',#10951,0.00349238436207683);
#8432=CIRCLE('',#10952,0.00378437422772077);
#8433=CIRCLE('',#10953,0.00384266288609134);
#8434=CIRCLE('',#10955,0.0141038427996312);
#8435=CIRCLE('',#10956,0.0303333619510139);
#8436=CIRCLE('',#10957,0.061410951386708);
#8437=CIRCLE('',#10958,0.0613410628729269);
#8438=CIRCLE('',#10959,0.0298904867674129);
#8439=CIRCLE('',#10960,0.0200218027356538);
#8440=CIRCLE('',#10961,0.011756960359642);
#8441=CIRCLE('',#10962,0.0180705600381116);
#8442=CIRCLE('',#10963,0.000143114662737128);
#8443=CIRCLE('',#10964,0.000184990351270342);
#8444=CIRCLE('',#10965,0.0217377447357588);
#8445=CIRCLE('',#10967,0.00177161144676841);
#8446=CIRCLE('',#10968,0.00177161144676841);
#8447=CIRCLE('',#10969,0.000139081102038082);
#8448=CIRCLE('',#10970,0.000272124297933774);
#8449=CIRCLE('',#10971,0.00045795011562505);
#8450=CIRCLE('',#10972,0.000457950115625058);
#8451=CIRCLE('',#10973,0.00229261282169997);
#8452=CIRCLE('',#10974,0.000457950115625065);
#8453=CIRCLE('',#10975,0.000457950115625077);
#8454=CIRCLE('',#10976,0.000738450089764709);
#8455=CIRCLE('',#10977,0.000738450089764716);
#8456=CIRCLE('',#10978,0.00109230963093302);
#8457=CIRCLE('',#10979,0.00109230963093301);
#8458=CIRCLE('',#10980,0.000738450089764736);
#8459=CIRCLE('',#10981,0.000738450089764721);
#8460=CIRCLE('',#10982,0.00147921046726211);
#8461=CIRCLE('',#10983,0.0035);
#8462=CIRCLE('',#10984,0.000171395778047842);
#8463=CIRCLE('',#10985,0.002625);
#8464=CIRCLE('',#10986,0.002625);
#8465=CIRCLE('',#10987,0.002625);
#8466=CIRCLE('',#10988,0.002625);
#8467=CIRCLE('',#10990,0.0015);
#8468=CIRCLE('',#10991,0.0015);
#8469=CIRCLE('',#10992,0.0015);
#8470=CIRCLE('',#10993,0.0015);
#8471=CIRCLE('',#10997,0.001625);
#8472=CIRCLE('',#10998,0.001625);
#8473=CIRCLE('',#10999,0.001625);
#8474=CIRCLE('',#11000,0.001625);
#8475=CIRCLE('',#11008,0.001625);
#8476=CIRCLE('',#11010,0.001625);
#8477=CIRCLE('',#11013,0.001625);
#8478=CIRCLE('',#11016,0.001625);
#8479=CIRCLE('',#11055,0.00122733847527072);
#8480=CIRCLE('',#11062,0.00160722349692725);
#8481=CIRCLE('',#11064,0.00286018420173621);
#8482=CIRCLE('',#11067,0.00171242310199295);
#8483=CIRCLE('',#11071,0.000171395778047842);
#8484=CIRCLE('',#11074,0.003);
#8485=CIRCLE('',#11075,0.003);
#8486=CIRCLE('',#11077,0.0035);
#8487=CIRCLE('',#11085,0.00147921046726211);
#8488=CIRCLE('',#11089,0.000738450089764721);
#8489=CIRCLE('',#11092,0.000738450089764736);
#8490=CIRCLE('',#11097,0.00109230963093301);
#8491=CIRCLE('',#11101,0.00109230963093302);
#8492=CIRCLE('',#11106,0.000738450089764716);
#8493=CIRCLE('',#11109,0.000738450089764709);
#8494=CIRCLE('',#11114,0.000457950115625077);
#8495=CIRCLE('',#11117,0.000457950115625065);
#8496=CIRCLE('',#11121,0.00229261282169997);
#8497=CIRCLE('',#11125,0.000457950115625058);
#8498=CIRCLE('',#11128,0.00045795011562505);
#8499=CIRCLE('',#11133,0.000272124297933774);
#8500=CIRCLE('',#11136,0.000139081102038082);
#8501=CIRCLE('',#11154,0.00177161144676841);
#8502=CIRCLE('',#11156,0.00177161144676841);
#8503=CIRCLE('',#11159,0.00149757864230344);
#8504=CIRCLE('',#11160,0.00149757864230344);
#8505=CIRCLE('',#11162,0.00149757864230344);
#8506=CIRCLE('',#11163,0.00149757864230344);
#8507=CIRCLE('',#11165,0.00149757864230344);
#8508=CIRCLE('',#11166,0.00149757864230344);
#8509=CIRCLE('',#11168,0.00149757864230344);
#8510=CIRCLE('',#11169,0.00149757864230344);
#8511=CIRCLE('',#11174,0.0022);
#8512=CIRCLE('',#11176,0.0022);
#8513=CIRCLE('',#11181,4.33195485570754);
#8514=CIRCLE('',#11182,3.9935529437323);
#8515=CIRCLE('',#11183,2.82762203778235);
#8516=CIRCLE('',#11184,3.17335006821179);
#8517=CIRCLE('',#11185,0.105127875404421);
#8518=CIRCLE('',#11186,0.293118609661927);
#8519=CIRCLE('',#11187,0.064633665855792);
#8520=CIRCLE('',#11188,0.134000628537999);
#8521=CIRCLE('',#11189,0.000145631162261078);
#8522=CIRCLE('',#11190,3.13279624982792E-5);
#8523=CIRCLE('',#11191,0.0150329568650857);
#8524=CIRCLE('',#11192,0.00800455698895925);
#8525=CIRCLE('',#11193,0.0158390071840493);
#8526=CIRCLE('',#11194,0.193705699236611);
#8527=CIRCLE('',#11195,0.123002823268745);
#8528=CIRCLE('',#11196,0.178302241844046);
#8529=CIRCLE('',#11197,0.00213678450093444);
#8530=CIRCLE('',#11198,0.00203296461198059);
#8531=CIRCLE('',#11199,1.47637544159376);
#8532=CIRCLE('',#11200,0.517420050446235);
#8533=CIRCLE('',#11201,0.923455031111906);
#8534=CIRCLE('',#11229,0.0141038427996312);
#8535=CIRCLE('',#11230,0.0217377447357588);
#8536=CIRCLE('',#11231,0.000184990351270342);
#8537=CIRCLE('',#11232,0.000143114662737128);
#8538=CIRCLE('',#11233,0.0180705600381116);
#8539=CIRCLE('',#11234,0.011756960359642);
#8540=CIRCLE('',#11235,0.0200218027356538);
#8541=CIRCLE('',#11236,0.0298904867674129);
#8542=CIRCLE('',#11237,0.0613410628729269);
#8543=CIRCLE('',#11238,0.061410951386708);
#8544=CIRCLE('',#11239,0.0303333619510139);
#8545=CIRCLE('',#11240,0.00696299735236693);
#8546=CIRCLE('',#11241,0.00565654590650952);
#8547=CIRCLE('',#11242,0.00513015935425567);
#8548=CIRCLE('',#11243,0.000441340944848307);
#8549=CIRCLE('',#11244,0.000447393781406748);
#8550=CIRCLE('',#11245,0.0105627054750791);
#8551=CIRCLE('',#11246,0.0102866105520517);
#8552=CIRCLE('',#11247,0.0143564174745152);
#8553=CIRCLE('',#11248,0.229742109774486);
#8554=CIRCLE('',#11249,0.194904538731599);
#8555=CIRCLE('',#11250,0.182069704531192);
#8556=CIRCLE('',#11251,0.0155740263595188);
#8557=CIRCLE('',#11252,0.0762479281734941);
#8558=CIRCLE('',#11253,12.1795862954101);
#8559=CIRCLE('',#11254,6.84801209127878);
#8560=CIRCLE('',#11255,2.74120435480606);
#8561=CIRCLE('',#11293,0.393853587103359);
#8562=CIRCLE('',#11294,0.0424233670197244);
#8563=CIRCLE('',#11295,0.0422558595655192);
#8564=CIRCLE('',#11296,0.00011773992807736);
#8565=CIRCLE('',#11297,0.000305951801977656);
#8566=CIRCLE('',#11298,0.10942848138349);
#8567=CIRCLE('',#11299,0.0489086160177643);
#8568=CIRCLE('',#11300,0.0853411703038626);
#8569=CIRCLE('',#11301,0.138439762110717);
#8570=CIRCLE('',#11302,0.0731898472351288);
#8571=CIRCLE('',#11303,0.367720316973845);
#8572=CIRCLE('',#11304,8.27196731818101E-5);
#8573=CIRCLE('',#11305,7.7816089852788E-5);
#8574=CIRCLE('',#11306,0.539945862042068);
#8575=CIRCLE('',#11307,0.268172205016415);
#8576=CIRCLE('',#11308,0.236864718952356);
#8577=CIRCLE('',#11309,0.217199911436952);
#8578=CIRCLE('',#11310,0.0220478069418027);
#8579=CIRCLE('',#11311,0.0698173373433708);
#8580=CIRCLE('',#11312,2.06893747436787);
#8581=CIRCLE('',#11313,1.87375010023945);
#8582=CIRCLE('',#11314,2.62161556338655);
#8583=CIRCLE('',#11315,0.227740021645416);
#8584=CIRCLE('',#11316,0.119212412310094);
#8585=CIRCLE('',#11317,0.683386834402013);
#8586=CIRCLE('',#11318,9.86803495007527E-5);
#8587=CIRCLE('',#11319,9.88352176008729E-5);
#8588=CIRCLE('',#11320,1.29095483940496);
#8589=CIRCLE('',#11321,0.182159299718604);
#8590=CIRCLE('',#11322,0.350618710801855);
#8591=CIRCLE('',#11365,0.00474860039436436);
#8592=CIRCLE('',#11366,0.0754743152394505);
#8593=CIRCLE('',#11367,0.0772967780544438);
#8594=CIRCLE('',#11368,0.0976931736084816);
#8595=CIRCLE('',#11369,0.398922511653699);
#8596=CIRCLE('',#11370,0.27759828095967);
#8597=CIRCLE('',#11371,0.540374791624353);
#8598=CIRCLE('',#11372,0.310878097080421);
#8599=CIRCLE('',#11373,0.723968225588143);
#8600=CIRCLE('',#11374,0.00186552314940204);
#8601=CIRCLE('',#11375,0.00254623955875458);
#8602=CIRCLE('',#11376,0.681653786425042);
#8603=CIRCLE('',#11377,0.277324623021343);
#8604=CIRCLE('',#11378,0.261641353169421);
#8605=CIRCLE('',#11379,0.02359513186786);
#8606=CIRCLE('',#11380,0.00072543113256328);
#8607=CIRCLE('',#11381,0.00063690051105077);
#8608=CIRCLE('',#11382,0.0157664181295677);
#8609=CIRCLE('',#11405,0.00534512179014087);
#8610=CIRCLE('',#11406,0.0257804577287932);
#8611=CIRCLE('',#11407,0.0288851330590428);
#8612=CIRCLE('',#11408,0.0255097069478944);
#8613=CIRCLE('',#11409,0.0231529605634272);
#8614=CIRCLE('',#11410,0.0391810032782153);
#8615=CIRCLE('',#11411,0.0376404420871023);
#8616=CIRCLE('',#11412,0.0150822594955353);
#8617=CIRCLE('',#11425,0.0652825771619464);
#8618=CIRCLE('',#11426,0.0111185357908418);
#8619=CIRCLE('',#11427,0.0358957803512067);
#8620=CIRCLE('',#11428,0.0388230891429728);
#8621=CIRCLE('',#11429,0.0274764656349429);
#8622=CIRCLE('',#11430,0.213330559996458);
#8623=CIRCLE('',#11431,0.00230500022333256);
#8624=CIRCLE('',#11432,0.000253600836727972);
#8625=CIRCLE('',#11433,0.000297786734016082);
#8626=CIRCLE('',#11434,0.00238931368497338);
#8627=CIRCLE('',#11435,0.046042684585876);
#8628=CIRCLE('',#11436,0.0456030066273115);
#8629=CIRCLE('',#11437,1.22646718821176);
#8630=CIRCLE('',#11438,2.26953813077718);
#8631=CIRCLE('',#11459,0.0480013159434063);
#8632=CIRCLE('',#11460,0.0242547761373367);
#8633=CIRCLE('',#11461,0.0927494555596296);
#8634=CIRCLE('',#11462,2.49847799779105E-5);
#8635=CIRCLE('',#11463,6.97887653666502E-5);
#8636=CIRCLE('',#11464,0.0378516840115968);
#8637=CIRCLE('',#11465,0.0152668117294148);
#8638=CIRCLE('',#11466,0.027524082901028);
#8639=CIRCLE('',#11483,0.00384266288609134);
#8640=CIRCLE('',#11484,0.00378437422772077);
#8641=CIRCLE('',#11485,0.00349238436207683);
#8642=CIRCLE('',#11486,0.00340126750854139);
#8643=CIRCLE('',#11487,0.00342069690892841);
#8644=CIRCLE('',#11488,0.00237793266326694);
#8645=CIRCLE('',#11489,0.00483224460770565);
#8646=CIRCLE('',#11490,0.00475737019717889);
#8647=CIRCLE('',#11491,0.00206133085773775);
#8648=CIRCLE('',#11492,0.00402203216413979);
#8649=CIRCLE('',#11493,0.00437345024553789);
#8650=CIRCLE('',#11494,0.00408282877800638);
#8651=CIRCLE('',#11495,0.00275259704738156);
#8652=CIRCLE('',#11496,0.00237923326942546);
#8653=CIRCLE('',#11497,0.0020620853445421);
#8654=CIRCLE('',#11498,0.00332390956651042);
#8655=CIRCLE('',#11499,0.0137947379155521);
#8656=CIRCLE('',#11500,0.0156278714977949);
#8657=CIRCLE('',#11501,0.00247807435529386);
#8658=CIRCLE('',#11502,0.00446201606008696);
#8659=CIRCLE('',#11503,0.00445196458273525);
#8660=CIRCLE('',#11504,0.00654301249540253);
#8661=CIRCLE('',#11505,0.00491175043430317);
#8662=CIRCLE('',#11506,0.00548997202539964);
#8663=CIRCLE('',#11507,0.00545020092305492);
#8664=CIRCLE('',#11508,0.0047726806817374);
#8665=CIRCLE('',#11509,0.00540332699266596);
#8666=CIRCLE('',#11510,0.00540602141681182);
#8667=CIRCLE('',#11511,0.00549393443841437);
#8668=CIRCLE('',#11512,0.00577585952186259);
#8669=CIRCLE('',#11513,0.00243763430951961);
#8670=CIRCLE('',#11514,0.0102552755457582);
#8671=CIRCLE('',#11515,0.0102583180775231);
#8672=CIRCLE('',#11572,0.0199378863710098);
#8673=CIRCLE('',#11582,0.0186597199097885);
#8674=CIRCLE('',#11587,0.0134314064302146);
#8675=CIRCLE('',#11590,0.010352866560353);
#8676=CIRCLE('',#11597,0.0139612968136977);
#8677=CIRCLE('',#11598,0.0139612968136977);
#8678=CIRCLE('',#11610,0.00474645309683672);
#8679=CIRCLE('',#11612,0.00619353163932302);
#8680=CIRCLE('',#11635,0.00248548978105581);
#8681=EDGE_LOOP('',(#2470));
#8682=EDGE_LOOP('',(#2471));
#8683=EDGE_LOOP('',(#2472));
#8684=EDGE_LOOP('',(#2473));
#8685=EDGE_LOOP('',(#2474,#2475,#2476,#2477,#2478,#2479,#2480,#2481,#2482,
#2483,#2484,#2485,#2486,#2487,#2488,#2489,#2490,#2491,#2492,#2493,#2494,
#2495,#2496,#2497,#2498,#2499,#2500,#2501,#2502,#2503,#2504,#2505,#2506,
#2507,#2508,#2509,#2510,#2511,#2512,#2513,#2514,#2515,#2516,#2517,#2518,
#2519,#2520,#2521,#2522,#2523,#2524,#2525,#2526,#2527,#2528,#2529,#2530,
#2531,#2532,#2533,#2534,#2535,#2536,#2537,#2538,#2539,#2540,#2541,#2542,
#2543,#2544,#2545,#2546));
#8686=EDGE_LOOP('',(#2547,#2548,#2549,#2550));
#8687=EDGE_LOOP('',(#2551,#2552,#2553,#2554));
#8688=EDGE_LOOP('',(#2555,#2556,#2557,#2558,#2559,#2560,#2561,#2562,#2563,
#2564,#2565,#2566,#2567,#2568,#2569,#2570,#2571,#2572,#2573,#2574,#2575,
#2576,#2577,#2578));
#8689=EDGE_LOOP('',(#2579,#2580,#2581,#2582,#2583,#2584,#2585,#2586));
#8690=EDGE_LOOP('',(#2587,#2588,#2589,#2590,#2591,#2592,#2593,#2594,#2595,
#2596,#2597,#2598));
#8691=EDGE_LOOP('',(#2599,#2600,#2601,#2602,#2603,#2604,#2605,#2606,#2607,
#2608,#2609,#2610,#2611,#2612,#2613,#2614,#2615,#2616,#2617,#2618,#2619,
#2620,#2621,#2622,#2623,#2624,#2625,#2626,#2627));
#8692=EDGE_LOOP('',(#2628,#2629,#2630,#2631));
#8693=EDGE_LOOP('',(#2632,#2633,#2634,#2635,#2636));
#8694=EDGE_LOOP('',(#2637,#2638,#2639,#2640));
#8695=EDGE_LOOP('',(#2641,#2642,#2643,#2644));
#8696=EDGE_LOOP('',(#2645,#2646,#2647));
#8697=EDGE_LOOP('',(#2648,#2649,#2650,#2651));
#8698=EDGE_LOOP('',(#2652,#2653,#2654,#2655));
#8699=EDGE_LOOP('',(#2656,#2657,#2658,#2659));
#8700=EDGE_LOOP('',(#2660,#2661,#2662,#2663));
#8701=EDGE_LOOP('',(#2664,#2665,#2666,#2667));
#8702=EDGE_LOOP('',(#2668,#2669,#2670,#2671,#2672,#2673,#2674,#2675,#2676,
#2677,#2678,#2679,#2680,#2681,#2682,#2683,#2684,#2685,#2686,#2687,#2688,
#2689,#2690,#2691,#2692,#2693,#2694,#2695,#2696,#2697,#2698,#2699,#2700,
#2701));
#8703=EDGE_LOOP('',(#2702,#2703,#2704,#2705,#2706,#2707));
#8704=EDGE_LOOP('',(#2708,#2709,#2710,#2711));
#8705=EDGE_LOOP('',(#2712,#2713,#2714,#2715));
#8706=EDGE_LOOP('',(#2716,#2717,#2718,#2719,#2720,#2721,#2722,#2723));
#8707=EDGE_LOOP('',(#2724,#2725,#2726,#2727,#2728,#2729,#2730,#2731,#2732,
#2733,#2734,#2735,#2736,#2737));
#8708=EDGE_LOOP('',(#2738,#2739,#2740,#2741));
#8709=EDGE_LOOP('',(#2742,#2743,#2744,#2745));
#8710=EDGE_LOOP('',(#2746,#2747,#2748,#2749));
#8711=EDGE_LOOP('',(#2750,#2751,#2752,#2753));
#8712=EDGE_LOOP('',(#2754,#2755,#2756,#2757,#2758,#2759,#2760,#2761,#2762,
#2763,#2764,#2765,#2766,#2767,#2768,#2769,#2770,#2771,#2772,#2773,#2774,
#2775,#2776,#2777,#2778,#2779,#2780,#2781,#2782,#2783,#2784,#2785,#2786,
#2787,#2788,#2789,#2790,#2791,#2792,#2793,#2794,#2795,#2796,#2797,#2798,
#2799,#2800,#2801,#2802,#2803,#2804,#2805,#2806,#2807,#2808,#2809,#2810,
#2811,#2812,#2813,#2814,#2815,#2816,#2817,#2818,#2819,#2820,#2821,#2822,
#2823,#2824,#2825,#2826,#2827,#2828,#2829,#2830,#2831,#2832,#2833,#2834,
#2835,#2836,#2837,#2838,#2839,#2840,#2841,#2842,#2843,#2844,#2845,#2846,
#2847,#2848,#2849,#2850,#2851,#2852,#2853,#2854,#2855,#2856,#2857,#2858,
#2859,#2860,#2861,#2862,#2863,#2864,#2865,#2866,#2867,#2868,#2869,#2870,
#2871,#2872,#2873,#2874,#2875,#2876,#2877,#2878,#2879,#2880,#2881,#2882,
#2883,#2884,#2885,#2886,#2887,#2888,#2889,#2890,#2891,#2892,#2893,#2894,
#2895,#2896,#2897,#2898,#2899));
#8713=EDGE_LOOP('',(#2900,#2901,#2902,#2903,#2904,#2905,#2906,#2907,#2908,
#2909,#2910,#2911,#2912,#2913,#2914));
#8714=EDGE_LOOP('',(#2915,#2916,#2917,#2918,#2919,#2920,#2921,#2922,#2923));
#8715=EDGE_LOOP('',(#2924,#2925,#2926,#2927,#2928,#2929,#2930,#2931,#2932,
#2933,#2934,#2935,#2936,#2937,#2938,#2939,#2940));
#8716=EDGE_LOOP('',(#2941,#2942,#2943,#2944,#2945,#2946,#2947,#2948,#2949,
#2950,#2951,#2952,#2953,#2954,#2955,#2956,#2957,#2958,#2959,#2960));
#8717=EDGE_LOOP('',(#2961,#2962,#2963,#2964,#2965,#2966,#2967,#2968,#2969,
#2970,#2971,#2972,#2973,#2974));
#8718=EDGE_LOOP('',(#2975,#2976,#2977,#2978));
#8719=EDGE_LOOP('',(#2979,#2980,#2981,#2982));
#8720=EDGE_LOOP('',(#2983,#2984,#2985,#2986));
#8721=EDGE_LOOP('',(#2987));
#8722=EDGE_LOOP('',(#2988));
#8723=EDGE_LOOP('',(#2989,#2990,#2991,#2992,#2993,#2994,#2995,#2996,#2997,
#2998,#2999,#3000,#3001,#3002,#3003,#3004,#3005,#3006,#3007,#3008,#3009,
#3010,#3011,#3012,#3013,#3014,#3015,#3016,#3017,#3018,#3019,#3020,#3021));
#8724=EDGE_LOOP('',(#3022));
#8725=EDGE_LOOP('',(#3023,#3024,#3025,#3026));
#8726=EDGE_LOOP('',(#3027));
#8727=EDGE_LOOP('',(#3028));
#8728=EDGE_LOOP('',(#3029,#3030,#3031,#3032,#3033,#3034,#3035,#3036,#3037,
#3038,#3039,#3040));
#8729=EDGE_LOOP('',(#3041,#3042,#3043,#3044));
#8730=EDGE_LOOP('',(#3045,#3046,#3047,#3048,#3049,#3050,#3051,#3052,#3053,
#3054,#3055,#3056,#3057,#3058,#3059,#3060,#3061,#3062,#3063,#3064,#3065,
#3066,#3067,#3068,#3069,#3070,#3071,#3072,#3073,#3074,#3075,#3076,#3077,
#3078,#3079,#3080,#3081,#3082,#3083,#3084,#3085,#3086,#3087,#3088,#3089,
#3090,#3091,#3092,#3093,#3094,#3095,#3096,#3097,#3098,#3099,#3100,#3101,
#3102,#3103,#3104,#3105,#3106,#3107,#3108,#3109,#3110,#3111,#3112,#3113,
#3114,#3115,#3116,#3117,#3118,#3119,#3120,#3121,#3122,#3123,#3124,#3125,
#3126,#3127,#3128,#3129,#3130,#3131,#3132,#3133,#3134,#3135,#3136,#3137,
#3138,#3139,#3140,#3141,#3142,#3143,#3144,#3145,#3146,#3147,#3148,#3149,
#3150,#3151,#3152,#3153,#3154,#3155,#3156,#3157,#3158,#3159,#3160,#3161,
#3162,#3163,#3164,#3165,#3166,#3167,#3168,#3169,#3170,#3171));
#8731=EDGE_LOOP('',(#3172));
#8732=EDGE_LOOP('',(#3173));
#8733=EDGE_LOOP('',(#3174,#3175,#3176,#3177));
#8734=EDGE_LOOP('',(#3178));
#8735=EDGE_LOOP('',(#3179));
#8736=EDGE_LOOP('',(#3180,#3181,#3182,#3183));
#8737=EDGE_LOOP('',(#3184,#3185,#3186,#3187));
#8738=EDGE_LOOP('',(#3188,#3189,#3190,#3191,#3192,#3193,#3194,#3195,#3196,
#3197,#3198,#3199));
#8739=EDGE_LOOP('',(#3200,#3201,#3202,#3203));
#8740=EDGE_LOOP('',(#3204));
#8741=EDGE_LOOP('',(#3205));
#8742=EDGE_LOOP('',(#3206));
#8743=EDGE_LOOP('',(#3207));
#8744=EDGE_LOOP('',(#3208));
#8745=EDGE_LOOP('',(#3209));
#8746=EDGE_LOOP('',(#3210));
#8747=EDGE_LOOP('',(#3211));
#8748=EDGE_LOOP('',(#3212,#3213,#3214,#3215));
#8749=EDGE_LOOP('',(#3216,#3217,#3218,#3219,#3220,#3221));
#8750=EDGE_LOOP('',(#3222,#3223,#3224,#3225));
#8751=EDGE_LOOP('',(#3226,#3227,#3228,#3229,#3230,#3231));
#8752=EDGE_LOOP('',(#3232,#3233,#3234,#3235));
#8753=EDGE_LOOP('',(#3236,#3237,#3238,#3239));
#8754=EDGE_LOOP('',(#3240,#3241,#3242,#3243));
#8755=EDGE_LOOP('',(#3244,#3245,#3246,#3247));
#8756=EDGE_LOOP('',(#3248,#3249,#3250,#3251));
#8757=EDGE_LOOP('',(#3252,#3253,#3254,#3255));
#8758=EDGE_LOOP('',(#3256,#3257,#3258,#3259));
#8759=EDGE_LOOP('',(#3260,#3261,#3262,#3263));
#8760=EDGE_LOOP('',(#3264,#3265,#3266,#3267));
#8761=EDGE_LOOP('',(#3268,#3269,#3270,#3271));
#8762=EDGE_LOOP('',(#3272,#3273,#3274,#3275));
#8763=EDGE_LOOP('',(#3276,#3277,#3278,#3279));
#8764=EDGE_LOOP('',(#3280,#3281,#3282,#3283));
#8765=EDGE_LOOP('',(#3284,#3285,#3286,#3287));
#8766=EDGE_LOOP('',(#3288,#3289,#3290,#3291));
#8767=EDGE_LOOP('',(#3292,#3293,#3294,#3295));
#8768=EDGE_LOOP('',(#3296,#3297,#3298,#3299));
#8769=EDGE_LOOP('',(#3300,#3301,#3302,#3303));
#8770=EDGE_LOOP('',(#3304,#3305,#3306,#3307));
#8771=EDGE_LOOP('',(#3308,#3309,#3310,#3311));
#8772=EDGE_LOOP('',(#3312,#3313,#3314,#3315));
#8773=EDGE_LOOP('',(#3316,#3317,#3318,#3319));
#8774=EDGE_LOOP('',(#3320,#3321,#3322,#3323));
#8775=EDGE_LOOP('',(#3324,#3325,#3326,#3327));
#8776=EDGE_LOOP('',(#3328,#3329,#3330,#3331));
#8777=EDGE_LOOP('',(#3332,#3333,#3334,#3335,#3336,#3337,#3338,#3339));
#8778=EDGE_LOOP('',(#3340,#3341,#3342));
#8779=EDGE_LOOP('',(#3343,#3344,#3345,#3346));
#8780=EDGE_LOOP('',(#3347,#3348,#3349,#3350));
#8781=EDGE_LOOP('',(#3351,#3352,#3353,#3354));
#8782=EDGE_LOOP('',(#3355,#3356,#3357,#3358));
#8783=EDGE_LOOP('',(#3359,#3360,#3361,#3362));
#8784=EDGE_LOOP('',(#3363,#3364,#3365,#3366));
#8785=EDGE_LOOP('',(#3367,#3368,#3369,#3370));
#8786=EDGE_LOOP('',(#3371,#3372,#3373,#3374));
#8787=EDGE_LOOP('',(#3375,#3376,#3377,#3378));
#8788=EDGE_LOOP('',(#3379,#3380,#3381,#3382));
#8789=EDGE_LOOP('',(#3383,#3384,#3385,#3386));
#8790=EDGE_LOOP('',(#3387,#3388,#3389,#3390));
#8791=EDGE_LOOP('',(#3391,#3392,#3393,#3394,#3395,#3396,#3397,#3398,#3399,
#3400,#3401,#3402));
#8792=EDGE_LOOP('',(#3403,#3404,#3405,#3406));
#8793=EDGE_LOOP('',(#3407,#3408,#3409,#3410));
#8794=EDGE_LOOP('',(#3411,#3412,#3413,#3414));
#8795=EDGE_LOOP('',(#3415,#3416,#3417,#3418));
#8796=EDGE_LOOP('',(#3419,#3420,#3421,#3422));
#8797=EDGE_LOOP('',(#3423,#3424,#3425,#3426));
#8798=EDGE_LOOP('',(#3427,#3428,#3429,#3430));
#8799=EDGE_LOOP('',(#3431,#3432,#3433,#3434));
#8800=EDGE_LOOP('',(#3435,#3436,#3437,#3438));
#8801=EDGE_LOOP('',(#3439,#3440,#3441,#3442));
#8802=EDGE_LOOP('',(#3443,#3444,#3445,#3446));
#8803=EDGE_LOOP('',(#3447,#3448,#3449,#3450));
#8804=EDGE_LOOP('',(#3451,#3452,#3453,#3454));
#8805=EDGE_LOOP('',(#3455,#3456,#3457,#3458));
#8806=EDGE_LOOP('',(#3459,#3460,#3461,#3462));
#8807=EDGE_LOOP('',(#3463,#3464,#3465,#3466));
#8808=EDGE_LOOP('',(#3467,#3468,#3469,#3470));
#8809=EDGE_LOOP('',(#3471,#3472,#3473,#3474));
#8810=EDGE_LOOP('',(#3475,#3476,#3477,#3478));
#8811=EDGE_LOOP('',(#3479,#3480,#3481,#3482));
#8812=EDGE_LOOP('',(#3483,#3484,#3485,#3486));
#8813=EDGE_LOOP('',(#3487,#3488,#3489,#3490));
#8814=EDGE_LOOP('',(#3491,#3492,#3493,#3494));
#8815=EDGE_LOOP('',(#3495,#3496,#3497,#3498));
#8816=EDGE_LOOP('',(#3499,#3500,#3501,#3502,#3503,#3504,#3505,#3506,#3507,
#3508,#3509,#3510,#3511,#3512,#3513,#3514,#3515,#3516,#3517,#3518,#3519,
#3520,#3521,#3522));
#8817=EDGE_LOOP('',(#3523,#3524,#3525,#3526));
#8818=EDGE_LOOP('',(#3527,#3528,#3529,#3530));
#8819=EDGE_LOOP('',(#3531,#3532,#3533,#3534));
#8820=EDGE_LOOP('',(#3535,#3536,#3537,#3538));
#8821=EDGE_LOOP('',(#3539,#3540,#3541,#3542));
#8822=EDGE_LOOP('',(#3543,#3544,#3545,#3546));
#8823=EDGE_LOOP('',(#3547,#3548,#3549,#3550));
#8824=EDGE_LOOP('',(#3551,#3552,#3553,#3554));
#8825=EDGE_LOOP('',(#3555,#3556,#3557,#3558));
#8826=EDGE_LOOP('',(#3559,#3560,#3561,#3562));
#8827=EDGE_LOOP('',(#3563,#3564,#3565,#3566));
#8828=EDGE_LOOP('',(#3567,#3568,#3569,#3570));
#8829=EDGE_LOOP('',(#3571,#3572,#3573,#3574));
#8830=EDGE_LOOP('',(#3575,#3576,#3577,#3578));
#8831=EDGE_LOOP('',(#3579,#3580,#3581,#3582));
#8832=EDGE_LOOP('',(#3583,#3584,#3585,#3586));
#8833=EDGE_LOOP('',(#3587,#3588,#3589,#3590));
#8834=EDGE_LOOP('',(#3591,#3592,#3593,#3594));
#8835=EDGE_LOOP('',(#3595,#3596,#3597,#3598));
#8836=EDGE_LOOP('',(#3599,#3600,#3601,#3602));
#8837=EDGE_LOOP('',(#3603,#3604,#3605,#3606));
#8838=EDGE_LOOP('',(#3607,#3608,#3609,#3610));
#8839=EDGE_LOOP('',(#3611,#3612,#3613,#3614));
#8840=EDGE_LOOP('',(#3615,#3616,#3617,#3618));
#8841=EDGE_LOOP('',(#3619,#3620,#3621,#3622));
#8842=EDGE_LOOP('',(#3623,#3624,#3625,#3626));
#8843=EDGE_LOOP('',(#3627,#3628,#3629,#3630));
#8844=EDGE_LOOP('',(#3631,#3632,#3633,#3634));
#8845=EDGE_LOOP('',(#3635,#3636,#3637,#3638));
#8846=EDGE_LOOP('',(#3639,#3640,#3641,#3642,#3643,#3644,#3645,#3646,#3647,
#3648,#3649,#3650,#3651,#3652,#3653,#3654,#3655,#3656,#3657,#3658,#3659,
#3660,#3661,#3662,#3663,#3664,#3665,#3666,#3667));
#8847=EDGE_LOOP('',(#3668,#3669,#3670));
#8848=EDGE_LOOP('',(#3671));
#8849=EDGE_LOOP('',(#3672));
#8850=EDGE_LOOP('',(#3673));
#8851=EDGE_LOOP('',(#3674));
#8852=EDGE_LOOP('',(#3675));
#8853=EDGE_LOOP('',(#3676));
#8854=EDGE_LOOP('',(#3677));
#8855=EDGE_LOOP('',(#3678));
#8856=EDGE_LOOP('',(#3679));
#8857=EDGE_LOOP('',(#3680,#3681,#3682,#3683));
#8858=EDGE_LOOP('',(#3684,#3685,#3686,#3687));
#8859=EDGE_LOOP('',(#3688,#3689,#3690,#3691));
#8860=EDGE_LOOP('',(#3692,#3693,#3694,#3695));
#8861=EDGE_LOOP('',(#3696,#3697,#3698,#3699));
#8862=EDGE_LOOP('',(#3700));
#8863=EDGE_LOOP('',(#3701));
#8864=EDGE_LOOP('',(#3702));
#8865=EDGE_LOOP('',(#3703,#3704,#3705,#3706));
#8866=EDGE_LOOP('',(#3707,#3708,#3709,#3710));
#8867=EDGE_LOOP('',(#3711,#3712,#3713,#3714));
#8868=EDGE_LOOP('',(#3715,#3716,#3717,#3718));
#8869=EDGE_LOOP('',(#3719,#3720,#3721,#3722));
#8870=EDGE_LOOP('',(#3723,#3724,#3725,#3726));
#8871=EDGE_LOOP('',(#3727,#3728,#3729,#3730));
#8872=EDGE_LOOP('',(#3731,#3732,#3733,#3734));
#8873=EDGE_LOOP('',(#3735,#3736,#3737,#3738));
#8874=EDGE_LOOP('',(#3739,#3740,#3741,#3742));
#8875=EDGE_LOOP('',(#3743,#3744,#3745,#3746));
#8876=EDGE_LOOP('',(#3747,#3748,#3749,#3750));
#8877=EDGE_LOOP('',(#3751,#3752,#3753,#3754));
#8878=EDGE_LOOP('',(#3755,#3756,#3757,#3758));
#8879=EDGE_LOOP('',(#3759,#3760,#3761,#3762));
#8880=EDGE_LOOP('',(#3763,#3764,#3765,#3766));
#8881=EDGE_LOOP('',(#3767,#3768,#3769,#3770));
#8882=EDGE_LOOP('',(#3771,#3772,#3773,#3774));
#8883=EDGE_LOOP('',(#3775,#3776,#3777,#3778));
#8884=EDGE_LOOP('',(#3779,#3780,#3781,#3782));
#8885=EDGE_LOOP('',(#3783,#3784,#3785,#3786));
#8886=EDGE_LOOP('',(#3787,#3788,#3789,#3790));
#8887=EDGE_LOOP('',(#3791,#3792,#3793,#3794));
#8888=EDGE_LOOP('',(#3795,#3796,#3797,#3798));
#8889=EDGE_LOOP('',(#3799,#3800,#3801,#3802));
#8890=EDGE_LOOP('',(#3803,#3804,#3805,#3806));
#8891=EDGE_LOOP('',(#3807,#3808,#3809,#3810));
#8892=EDGE_LOOP('',(#3811,#3812,#3813,#3814));
#8893=EDGE_LOOP('',(#3815,#3816,#3817,#3818));
#8894=EDGE_LOOP('',(#3819,#3820,#3821,#3822));
#8895=EDGE_LOOP('',(#3823,#3824,#3825,#3826));
#8896=EDGE_LOOP('',(#3827,#3828,#3829,#3830));
#8897=EDGE_LOOP('',(#3831,#3832,#3833,#3834));
#8898=EDGE_LOOP('',(#3835,#3836,#3837,#3838,#3839,#3840,#3841,#3842,#3843,
#3844,#3845,#3846,#3847,#3848,#3849,#3850,#3851,#3852,#3853,#3854,#3855,
#3856,#3857,#3858,#3859,#3860,#3861,#3862,#3863,#3864,#3865,#3866,#3867));
#8899=EDGE_LOOP('',(#3868));
#8900=EDGE_LOOP('',(#3869));
#8901=EDGE_LOOP('',(#3870));
#8902=EDGE_LOOP('',(#3871));
#8903=EDGE_LOOP('',(#3872));
#8904=EDGE_LOOP('',(#3873));
#8905=EDGE_LOOP('',(#3874,#3875,#3876,#3877));
#8906=EDGE_LOOP('',(#3878,#3879,#3880,#3881));
#8907=EDGE_LOOP('',(#3882,#3883,#3884,#3885));
#8908=EDGE_LOOP('',(#3886,#3887,#3888,#3889));
#8909=EDGE_LOOP('',(#3890,#3891,#3892,#3893));
#8910=EDGE_LOOP('',(#3894,#3895,#3896,#3897));
#8911=EDGE_LOOP('',(#3898,#3899,#3900,#3901));
#8912=EDGE_LOOP('',(#3902,#3903,#3904,#3905));
#8913=EDGE_LOOP('',(#3906,#3907,#3908,#3909));
#8914=EDGE_LOOP('',(#3910,#3911,#3912,#3913));
#8915=EDGE_LOOP('',(#3914,#3915,#3916,#3917));
#8916=EDGE_LOOP('',(#3918,#3919,#3920,#3921));
#8917=EDGE_LOOP('',(#3922,#3923,#3924,#3925));
#8918=EDGE_LOOP('',(#3926,#3927,#3928,#3929));
#8919=EDGE_LOOP('',(#3930,#3931,#3932,#3933));
#8920=EDGE_LOOP('',(#3934,#3935,#3936,#3937));
#8921=EDGE_LOOP('',(#3938,#3939,#3940,#3941));
#8922=EDGE_LOOP('',(#3942,#3943,#3944,#3945));
#8923=EDGE_LOOP('',(#3946,#3947,#3948,#3949));
#8924=EDGE_LOOP('',(#3950,#3951,#3952,#3953));
#8925=EDGE_LOOP('',(#3954,#3955,#3956,#3957));
#8926=EDGE_LOOP('',(#3958,#3959,#3960,#3961));
#8927=EDGE_LOOP('',(#3962,#3963,#3964,#3965));
#8928=EDGE_LOOP('',(#3966,#3967,#3968,#3969));
#8929=EDGE_LOOP('',(#3970,#3971,#3972,#3973));
#8930=EDGE_LOOP('',(#3974,#3975,#3976,#3977));
#8931=EDGE_LOOP('',(#3978));
#8932=EDGE_LOOP('',(#3979));
#8933=EDGE_LOOP('',(#3980));
#8934=EDGE_LOOP('',(#3981));
#8935=EDGE_LOOP('',(#3982));
#8936=EDGE_LOOP('',(#3983,#3984,#3985,#3986));
#8937=EDGE_LOOP('',(#3987,#3988,#3989,#3990));
#8938=EDGE_LOOP('',(#3991,#3992,#3993,#3994,#3995,#3996,#3997,#3998,#3999,
#4000,#4001,#4002,#4003,#4004,#4005,#4006,#4007,#4008,#4009,#4010,#4011,
#4012,#4013,#4014,#4015));
#8939=EDGE_LOOP('',(#4016,#4017,#4018,#4019));
#8940=EDGE_LOOP('',(#4020,#4021,#4022,#4023));
#8941=EDGE_LOOP('',(#4024,#4025,#4026,#4027));
#8942=EDGE_LOOP('',(#4028,#4029,#4030,#4031));
#8943=EDGE_LOOP('',(#4032,#4033,#4034,#4035));
#8944=EDGE_LOOP('',(#4036,#4037,#4038,#4039));
#8945=EDGE_LOOP('',(#4040,#4041,#4042,#4043));
#8946=EDGE_LOOP('',(#4044,#4045,#4046,#4047));
#8947=EDGE_LOOP('',(#4048,#4049,#4050,#4051));
#8948=EDGE_LOOP('',(#4052,#4053,#4054,#4055));
#8949=EDGE_LOOP('',(#4056,#4057,#4058,#4059));
#8950=EDGE_LOOP('',(#4060,#4061,#4062,#4063));
#8951=EDGE_LOOP('',(#4064,#4065,#4066,#4067));
#8952=EDGE_LOOP('',(#4068,#4069,#4070,#4071));
#8953=EDGE_LOOP('',(#4072,#4073,#4074,#4075));
#8954=EDGE_LOOP('',(#4076,#4077,#4078,#4079));
#8955=EDGE_LOOP('',(#4080,#4081,#4082,#4083));
#8956=EDGE_LOOP('',(#4084,#4085,#4086,#4087));
#8957=EDGE_LOOP('',(#4088,#4089,#4090,#4091));
#8958=EDGE_LOOP('',(#4092,#4093,#4094,#4095));
#8959=EDGE_LOOP('',(#4096,#4097,#4098,#4099));
#8960=EDGE_LOOP('',(#4100,#4101,#4102,#4103));
#8961=EDGE_LOOP('',(#4104,#4105,#4106,#4107));
#8962=EDGE_LOOP('',(#4108,#4109,#4110,#4111));
#8963=EDGE_LOOP('',(#4112,#4113,#4114,#4115));
#8964=EDGE_LOOP('',(#4116,#4117,#4118,#4119));
#8965=EDGE_LOOP('',(#4120,#4121,#4122,#4123,#4124,#4125,#4126,#4127,#4128,
#4129,#4130,#4131,#4132,#4133,#4134,#4135,#4136,#4137,#4138,#4139,#4140,
#4141,#4142,#4143,#4144,#4145,#4146,#4147,#4148,#4149,#4150,#4151,#4152,
#4153));
#8966=EDGE_LOOP('',(#4154,#4155,#4156,#4157));
#8967=EDGE_LOOP('',(#4158,#4159,#4160,#4161));
#8968=EDGE_LOOP('',(#4162,#4163,#4164,#4165));
#8969=EDGE_LOOP('',(#4166,#4167,#4168,#4169));
#8970=EDGE_LOOP('',(#4170,#4171,#4172,#4173));
#8971=EDGE_LOOP('',(#4174,#4175,#4176,#4177));
#8972=EDGE_LOOP('',(#4178,#4179,#4180,#4181));
#8973=EDGE_LOOP('',(#4182,#4183,#4184,#4185));
#8974=EDGE_LOOP('',(#4186,#4187,#4188,#4189));
#8975=EDGE_LOOP('',(#4190,#4191,#4192,#4193));
#8976=EDGE_LOOP('',(#4194,#4195,#4196,#4197));
#8977=EDGE_LOOP('',(#4198,#4199,#4200,#4201));
#8978=EDGE_LOOP('',(#4202,#4203,#4204,#4205));
#8979=EDGE_LOOP('',(#4206,#4207,#4208,#4209));
#8980=EDGE_LOOP('',(#4210,#4211,#4212,#4213));
#8981=EDGE_LOOP('',(#4214,#4215,#4216,#4217));
#8982=EDGE_LOOP('',(#4218,#4219,#4220,#4221));
#8983=EDGE_LOOP('',(#4222,#4223,#4224,#4225));
#8984=EDGE_LOOP('',(#4226,#4227,#4228,#4229));
#8985=EDGE_LOOP('',(#4230,#4231,#4232,#4233));
#8986=EDGE_LOOP('',(#4234,#4235,#4236,#4237));
#8987=EDGE_LOOP('',(#4238,#4239,#4240,#4241));
#8988=EDGE_LOOP('',(#4242,#4243,#4244,#4245));
#8989=EDGE_LOOP('',(#4246,#4247,#4248,#4249));
#8990=EDGE_LOOP('',(#4250,#4251,#4252,#4253));
#8991=EDGE_LOOP('',(#4254,#4255,#4256,#4257));
#8992=EDGE_LOOP('',(#4258,#4259,#4260,#4261));
#8993=EDGE_LOOP('',(#4262,#4263,#4264,#4265));
#8994=EDGE_LOOP('',(#4266,#4267,#4268,#4269));
#8995=EDGE_LOOP('',(#4270,#4271,#4272,#4273));
#8996=EDGE_LOOP('',(#4274,#4275,#4276,#4277));
#8997=EDGE_LOOP('',(#4278,#4279,#4280,#4281));
#8998=EDGE_LOOP('',(#4282,#4283,#4284,#4285));
#8999=EDGE_LOOP('',(#4286,#4287,#4288,#4289));
#9000=EDGE_LOOP('',(#4290,#4291,#4292,#4293));
#9001=EDGE_LOOP('',(#4294,#4295,#4296,#4297));
#9002=EDGE_LOOP('',(#4298,#4299,#4300,#4301,#4302,#4303,#4304,#4305,#4306,
#4307,#4308,#4309,#4310,#4311,#4312,#4313,#4314,#4315,#4316,#4317,#4318,
#4319,#4320,#4321,#4322,#4323,#4324,#4325,#4326,#4327,#4328,#4329,#4330,
#4331,#4332,#4333,#4334,#4335,#4336,#4337));
#9003=EDGE_LOOP('',(#4338,#4339,#4340,#4341));
#9004=EDGE_LOOP('',(#4342,#4343,#4344,#4345));
#9005=EDGE_LOOP('',(#4346,#4347,#4348,#4349));
#9006=EDGE_LOOP('',(#4350,#4351,#4352,#4353));
#9007=EDGE_LOOP('',(#4354,#4355,#4356,#4357));
#9008=EDGE_LOOP('',(#4358,#4359,#4360,#4361));
#9009=EDGE_LOOP('',(#4362,#4363,#4364,#4365));
#9010=EDGE_LOOP('',(#4366,#4367,#4368,#4369));
#9011=EDGE_LOOP('',(#4370,#4371,#4372,#4373));
#9012=EDGE_LOOP('',(#4374,#4375,#4376,#4377));
#9013=EDGE_LOOP('',(#4378,#4379,#4380,#4381));
#9014=EDGE_LOOP('',(#4382,#4383,#4384,#4385));
#9015=EDGE_LOOP('',(#4386,#4387,#4388,#4389));
#9016=EDGE_LOOP('',(#4390,#4391,#4392,#4393));
#9017=EDGE_LOOP('',(#4394,#4395,#4396,#4397));
#9018=EDGE_LOOP('',(#4398,#4399,#4400,#4401));
#9019=EDGE_LOOP('',(#4402,#4403,#4404,#4405));
#9020=EDGE_LOOP('',(#4406,#4407,#4408,#4409));
#9021=EDGE_LOOP('',(#4410,#4411,#4412,#4413));
#9022=EDGE_LOOP('',(#4414,#4415,#4416,#4417));
#9023=EDGE_LOOP('',(#4418,#4419,#4420,#4421));
#9024=EDGE_LOOP('',(#4422,#4423,#4424,#4425));
#9025=EDGE_LOOP('',(#4426,#4427,#4428,#4429));
#9026=EDGE_LOOP('',(#4430,#4431,#4432,#4433));
#9027=EDGE_LOOP('',(#4434,#4435,#4436,#4437));
#9028=EDGE_LOOP('',(#4438,#4439,#4440,#4441));
#9029=EDGE_LOOP('',(#4442,#4443,#4444,#4445));
#9030=EDGE_LOOP('',(#4446,#4447,#4448,#4449));
#9031=EDGE_LOOP('',(#4450,#4451,#4452,#4453));
#9032=EDGE_LOOP('',(#4454,#4455,#4456,#4457));
#9033=EDGE_LOOP('',(#4458,#4459,#4460,#4461));
#9034=EDGE_LOOP('',(#4462,#4463,#4464,#4465));
#9035=EDGE_LOOP('',(#4466,#4467,#4468,#4469));
#9036=EDGE_LOOP('',(#4470,#4471,#4472,#4473));
#9037=EDGE_LOOP('',(#4474,#4475,#4476,#4477));
#9038=EDGE_LOOP('',(#4478,#4479,#4480,#4481));
#9039=EDGE_LOOP('',(#4482,#4483,#4484,#4485));
#9040=EDGE_LOOP('',(#4486,#4487,#4488,#4489));
#9041=EDGE_LOOP('',(#4490,#4491,#4492,#4493));
#9042=EDGE_LOOP('',(#4494,#4495,#4496,#4497));
#9043=EDGE_LOOP('',(#4498,#4499,#4500,#4501));
#9044=EDGE_LOOP('',(#4502,#4503,#4504,#4505,#4506,#4507,#4508,#4509,#4510,
#4511,#4512,#4513,#4514,#4515,#4516,#4517,#4518,#4519,#4520,#4521,#4522,
#4523,#4524,#4525,#4526,#4527));
#9045=EDGE_LOOP('',(#4528,#4529,#4530,#4531));
#9046=EDGE_LOOP('',(#4532,#4533,#4534,#4535));
#9047=EDGE_LOOP('',(#4536,#4537,#4538,#4539));
#9048=EDGE_LOOP('',(#4540,#4541,#4542,#4543));
#9049=EDGE_LOOP('',(#4544,#4545,#4546,#4547));
#9050=EDGE_LOOP('',(#4548,#4549,#4550,#4551));
#9051=EDGE_LOOP('',(#4552,#4553,#4554,#4555));
#9052=EDGE_LOOP('',(#4556,#4557,#4558,#4559));
#9053=EDGE_LOOP('',(#4560,#4561,#4562,#4563));
#9054=EDGE_LOOP('',(#4564,#4565,#4566,#4567));
#9055=EDGE_LOOP('',(#4568,#4569,#4570,#4571));
#9056=EDGE_LOOP('',(#4572,#4573,#4574,#4575));
#9057=EDGE_LOOP('',(#4576,#4577,#4578,#4579));
#9058=EDGE_LOOP('',(#4580,#4581,#4582,#4583));
#9059=EDGE_LOOP('',(#4584,#4585,#4586,#4587));
#9060=EDGE_LOOP('',(#4588,#4589,#4590,#4591));
#9061=EDGE_LOOP('',(#4592,#4593,#4594,#4595));
#9062=EDGE_LOOP('',(#4596,#4597,#4598,#4599));
#9063=EDGE_LOOP('',(#4600,#4601,#4602,#4603));
#9064=EDGE_LOOP('',(#4604,#4605,#4606,#4607));
#9065=EDGE_LOOP('',(#4608,#4609,#4610,#4611));
#9066=EDGE_LOOP('',(#4612,#4613,#4614,#4615,#4616,#4617,#4618,#4619,#4620,
#4621,#4622,#4623));
#9067=EDGE_LOOP('',(#4624,#4625,#4626,#4627));
#9068=EDGE_LOOP('',(#4628,#4629,#4630,#4631));
#9069=EDGE_LOOP('',(#4632,#4633,#4634,#4635));
#9070=EDGE_LOOP('',(#4636,#4637,#4638,#4639));
#9071=EDGE_LOOP('',(#4640,#4641,#4642,#4643));
#9072=EDGE_LOOP('',(#4644,#4645,#4646,#4647));
#9073=EDGE_LOOP('',(#4648,#4649,#4650,#4651));
#9074=EDGE_LOOP('',(#4652,#4653,#4654,#4655));
#9075=EDGE_LOOP('',(#4656,#4657,#4658,#4659));
#9076=EDGE_LOOP('',(#4660,#4661,#4662,#4663));
#9077=EDGE_LOOP('',(#4664,#4665,#4666,#4667));
#9078=EDGE_LOOP('',(#4668,#4669,#4670,#4671,#4672,#4673,#4674,#4675,#4676,
#4677,#4678,#4679,#4680,#4681,#4682,#4683,#4684,#4685,#4686,#4687,#4688));
#9079=EDGE_LOOP('',(#4689,#4690,#4691,#4692));
#9080=EDGE_LOOP('',(#4693,#4694,#4695,#4696));
#9081=EDGE_LOOP('',(#4697,#4698,#4699,#4700));
#9082=EDGE_LOOP('',(#4701,#4702,#4703,#4704));
#9083=EDGE_LOOP('',(#4705,#4706,#4707,#4708));
#9084=EDGE_LOOP('',(#4709,#4710,#4711,#4712));
#9085=EDGE_LOOP('',(#4713,#4714,#4715,#4716));
#9086=EDGE_LOOP('',(#4717,#4718,#4719,#4720));
#9087=EDGE_LOOP('',(#4721,#4722,#4723,#4724));
#9088=EDGE_LOOP('',(#4725,#4726,#4727,#4728));
#9089=EDGE_LOOP('',(#4729,#4730,#4731,#4732));
#9090=EDGE_LOOP('',(#4733,#4734,#4735,#4736));
#9091=EDGE_LOOP('',(#4737,#4738,#4739,#4740));
#9092=EDGE_LOOP('',(#4741,#4742,#4743,#4744));
#9093=EDGE_LOOP('',(#4745,#4746,#4747,#4748));
#9094=EDGE_LOOP('',(#4749,#4750,#4751,#4752));
#9095=EDGE_LOOP('',(#4753,#4754,#4755,#4756));
#9096=EDGE_LOOP('',(#4757,#4758,#4759,#4760));
#9097=EDGE_LOOP('',(#4761,#4762,#4763,#4764));
#9098=EDGE_LOOP('',(#4765,#4766,#4767,#4768,#4769,#4770,#4771,#4772,#4773,
#4774,#4775,#4776,#4777,#4778,#4779,#4780));
#9099=EDGE_LOOP('',(#4781,#4782,#4783,#4784));
#9100=EDGE_LOOP('',(#4785,#4786,#4787,#4788));
#9101=EDGE_LOOP('',(#4789,#4790,#4791,#4792));
#9102=EDGE_LOOP('',(#4793,#4794,#4795,#4796));
#9103=EDGE_LOOP('',(#4797,#4798,#4799,#4800));
#9104=EDGE_LOOP('',(#4801,#4802,#4803,#4804));
#9105=EDGE_LOOP('',(#4805,#4806,#4807,#4808));
#9106=EDGE_LOOP('',(#4809,#4810,#4811,#4812));
#9107=EDGE_LOOP('',(#4813,#4814,#4815,#4816));
#9108=EDGE_LOOP('',(#4817,#4818,#4819,#4820));
#9109=EDGE_LOOP('',(#4821,#4822,#4823,#4824));
#9110=EDGE_LOOP('',(#4825,#4826,#4827,#4828));
#9111=EDGE_LOOP('',(#4829,#4830,#4831,#4832));
#9112=EDGE_LOOP('',(#4833,#4834,#4835,#4836));
#9113=EDGE_LOOP('',(#4837,#4838,#4839,#4840));
#9114=EDGE_LOOP('',(#4841,#4842,#4843,#4844,#4845,#4846,#4847,#4848,#4849,
#4850,#4851,#4852,#4853,#4854,#4855,#4856,#4857,#4858,#4859,#4860,#4861,
#4862,#4863,#4864,#4865,#4866,#4867,#4868,#4869,#4870,#4871,#4872,#4873,
#4874,#4875));
#9115=EDGE_LOOP('',(#4876,#4877,#4878,#4879));
#9116=EDGE_LOOP('',(#4880,#4881,#4882,#4883));
#9117=EDGE_LOOP('',(#4884,#4885,#4886,#4887));
#9118=EDGE_LOOP('',(#4888,#4889,#4890,#4891));
#9119=EDGE_LOOP('',(#4892,#4893,#4894,#4895));
#9120=EDGE_LOOP('',(#4896,#4897,#4898,#4899));
#9121=EDGE_LOOP('',(#4900,#4901,#4902,#4903));
#9122=EDGE_LOOP('',(#4904,#4905,#4906,#4907));
#9123=EDGE_LOOP('',(#4908,#4909,#4910,#4911));
#9124=EDGE_LOOP('',(#4912,#4913,#4914,#4915));
#9125=EDGE_LOOP('',(#4916,#4917,#4918,#4919));
#9126=EDGE_LOOP('',(#4920,#4921,#4922,#4923));
#9127=EDGE_LOOP('',(#4924,#4925,#4926,#4927));
#9128=EDGE_LOOP('',(#4928,#4929,#4930,#4931));
#9129=EDGE_LOOP('',(#4932,#4933,#4934,#4935));
#9130=EDGE_LOOP('',(#4936,#4937,#4938,#4939));
#9131=EDGE_LOOP('',(#4940,#4941,#4942,#4943));
#9132=EDGE_LOOP('',(#4944,#4945,#4946,#4947));
#9133=EDGE_LOOP('',(#4948,#4949,#4950,#4951));
#9134=EDGE_LOOP('',(#4952,#4953,#4954,#4955));
#9135=EDGE_LOOP('',(#4956,#4957,#4958,#4959));
#9136=EDGE_LOOP('',(#4960,#4961,#4962,#4963));
#9137=EDGE_LOOP('',(#4964,#4965,#4966,#4967));
#9138=EDGE_LOOP('',(#4968,#4969,#4970,#4971));
#9139=EDGE_LOOP('',(#4972,#4973,#4974,#4975));
#9140=EDGE_LOOP('',(#4976,#4977,#4978,#4979));
#9141=EDGE_LOOP('',(#4980,#4981,#4982,#4983));
#9142=EDGE_LOOP('',(#4984,#4985,#4986,#4987));
#9143=EDGE_LOOP('',(#4988,#4989,#4990,#4991));
#9144=EDGE_LOOP('',(#4992,#4993,#4994,#4995));
#9145=EDGE_LOOP('',(#4996,#4997,#4998,#4999));
#9146=EDGE_LOOP('',(#5000,#5001,#5002,#5003));
#9147=EDGE_LOOP('',(#5004,#5005,#5006,#5007));
#9148=EDGE_LOOP('',(#5008,#5009,#5010,#5011));
#9149=EDGE_LOOP('',(#5012,#5013,#5014,#5015));
#9150=EDGE_LOOP('',(#5016,#5017,#5018,#5019));
#9151=EDGE_LOOP('',(#5020,#5021,#5022,#5023));
#9152=EDGE_LOOP('',(#5024,#5025,#5026,#5027));
#9153=EDGE_LOOP('',(#5028,#5029,#5030,#5031));
#9154=EDGE_LOOP('',(#5032,#5033,#5034,#5035));
#9155=EDGE_LOOP('',(#5036,#5037,#5038,#5039));
#9156=EDGE_LOOP('',(#5040,#5041,#5042,#5043));
#9157=EDGE_LOOP('',(#5044,#5045,#5046,#5047));
#9158=EDGE_LOOP('',(#5048,#5049,#5050,#5051));
#9159=EDGE_LOOP('',(#5052,#5053,#5054,#5055));
#9160=EDGE_LOOP('',(#5056,#5057,#5058,#5059));
#9161=EDGE_LOOP('',(#5060,#5061,#5062,#5063));
#9162=EDGE_LOOP('',(#5064,#5065,#5066,#5067));
#9163=EDGE_LOOP('',(#5068,#5069,#5070,#5071));
#9164=EDGE_LOOP('',(#5072,#5073,#5074,#5075));
#9165=EDGE_LOOP('',(#5076,#5077,#5078,#5079));
#9166=EDGE_LOOP('',(#5080,#5081,#5082,#5083));
#9167=EDGE_LOOP('',(#5084,#5085,#5086,#5087));
#9168=EDGE_LOOP('',(#5088,#5089,#5090,#5091));
#9169=EDGE_LOOP('',(#5092,#5093,#5094,#5095));
#9170=EDGE_LOOP('',(#5096,#5097,#5098,#5099));
#9171=EDGE_LOOP('',(#5100,#5101,#5102,#5103));
#9172=EDGE_LOOP('',(#5104,#5105,#5106,#5107));
#9173=EDGE_LOOP('',(#5108,#5109,#5110,#5111));
#9174=EDGE_LOOP('',(#5112,#5113,#5114,#5115));
#9175=EDGE_LOOP('',(#5116,#5117,#5118,#5119));
#9176=EDGE_LOOP('',(#5120,#5121,#5122,#5123));
#9177=EDGE_LOOP('',(#5124,#5125,#5126,#5127));
#9178=EDGE_LOOP('',(#5128,#5129,#5130,#5131));
#9179=EDGE_LOOP('',(#5132,#5133,#5134,#5135));
#9180=EDGE_LOOP('',(#5136,#5137,#5138,#5139));
#9181=EDGE_LOOP('',(#5140,#5141,#5142,#5143));
#9182=EDGE_LOOP('',(#5144,#5145,#5146,#5147));
#9183=EDGE_LOOP('',(#5148,#5149,#5150,#5151));
#9184=EDGE_LOOP('',(#5152,#5153,#5154,#5155));
#9185=EDGE_LOOP('',(#5156,#5157,#5158,#5159));
#9186=EDGE_LOOP('',(#5160,#5161,#5162,#5163));
#9187=EDGE_LOOP('',(#5164,#5165,#5166,#5167));
#9188=EDGE_LOOP('',(#5168,#5169,#5170,#5171));
#9189=EDGE_LOOP('',(#5172,#5173,#5174,#5175));
#9190=EDGE_LOOP('',(#5176,#5177,#5178,#5179));
#9191=EDGE_LOOP('',(#5180,#5181,#5182,#5183));
#9192=EDGE_LOOP('',(#5184,#5185,#5186,#5187));
#9193=EDGE_LOOP('',(#5188,#5189,#5190,#5191));
#9194=EDGE_LOOP('',(#5192,#5193,#5194,#5195,#5196,#5197,#5198,#5199,#5200,
#5201,#5202,#5203,#5204,#5205,#5206,#5207,#5208,#5209,#5210,#5211,#5212,
#5213,#5214,#5215,#5216,#5217,#5218,#5219,#5220,#5221));
#9195=EDGE_LOOP('',(#5222,#5223,#5224,#5225));
#9196=EDGE_LOOP('',(#5226,#5227,#5228,#5229));
#9197=EDGE_LOOP('',(#5230,#5231,#5232,#5233));
#9198=EDGE_LOOP('',(#5234,#5235,#5236,#5237));
#9199=EDGE_LOOP('',(#5238,#5239,#5240,#5241));
#9200=EDGE_LOOP('',(#5242,#5243,#5244,#5245));
#9201=EDGE_LOOP('',(#5246,#5247,#5248,#5249));
#9202=EDGE_LOOP('',(#5250,#5251,#5252,#5253));
#9203=EDGE_LOOP('',(#5254,#5255,#5256,#5257));
#9204=EDGE_LOOP('',(#5258,#5259,#5260,#5261));
#9205=EDGE_LOOP('',(#5262,#5263,#5264,#5265));
#9206=EDGE_LOOP('',(#5266,#5267,#5268,#5269));
#9207=EDGE_LOOP('',(#5270,#5271,#5272,#5273));
#9208=EDGE_LOOP('',(#5274,#5275,#5276,#5277));
#9209=EDGE_LOOP('',(#5278,#5279,#5280,#5281));
#9210=EDGE_LOOP('',(#5282,#5283,#5284,#5285));
#9211=EDGE_LOOP('',(#5286,#5287,#5288,#5289));
#9212=EDGE_LOOP('',(#5290,#5291,#5292,#5293));
#9213=EDGE_LOOP('',(#5294,#5295,#5296,#5297));
#9214=EDGE_LOOP('',(#5298,#5299,#5300,#5301));
#9215=EDGE_LOOP('',(#5302,#5303,#5304,#5305));
#9216=EDGE_LOOP('',(#5306,#5307,#5308,#5309));
#9217=EDGE_LOOP('',(#5310,#5311,#5312,#5313,#5314,#5315,#5316,#5317,#5318,
#5319,#5320,#5321,#5322,#5323));
#9218=EDGE_LOOP('',(#5324,#5325,#5326));
#9219=EDGE_LOOP('',(#5327,#5328,#5329,#5330));
#9220=EDGE_LOOP('',(#5331,#5332,#5333,#5334));
#9221=EDGE_LOOP('',(#5335,#5336,#5337,#5338));
#9222=EDGE_LOOP('',(#5339,#5340,#5341,#5342));
#9223=EDGE_LOOP('',(#5343,#5344,#5345,#5346));
#9224=EDGE_LOOP('',(#5347,#5348,#5349,#5350));
#9225=EDGE_LOOP('',(#5351,#5352,#5353,#5354));
#9226=EDGE_LOOP('',(#5355,#5356,#5357,#5358));
#9227=EDGE_LOOP('',(#5359,#5360,#5361,#5362,#5363,#5364,#5365,#5366));
#9228=EDGE_LOOP('',(#5367,#5368,#5369,#5370));
#9229=EDGE_LOOP('',(#5371,#5372,#5373,#5374));
#9230=EDGE_LOOP('',(#5375,#5376,#5377,#5378));
#9231=EDGE_LOOP('',(#5379,#5380,#5381,#5382));
#9232=EDGE_LOOP('',(#5383,#5384,#5385,#5386));
#9233=EDGE_LOOP('',(#5387,#5388,#5389,#5390));
#9234=EDGE_LOOP('',(#5391,#5392,#5393,#5394));
#9235=EDGE_LOOP('',(#5395,#5396,#5397,#5398));
#9236=EDGE_LOOP('',(#5399,#5400,#5401,#5402));
#9237=EDGE_LOOP('',(#5403,#5404,#5405,#5406));
#9238=EDGE_LOOP('',(#5407,#5408,#5409,#5410));
#9239=EDGE_LOOP('',(#5411,#5412,#5413,#5414));
#9240=EDGE_LOOP('',(#5415,#5416,#5417,#5418));
#9241=EDGE_LOOP('',(#5419,#5420,#5421,#5422));
#9242=EDGE_LOOP('',(#5423,#5424,#5425,#5426));
#9243=EDGE_LOOP('',(#5427,#5428,#5429,#5430));
#9244=EDGE_LOOP('',(#5431,#5432,#5433,#5434,#5435,#5436));
#9245=EDGE_LOOP('',(#5437,#5438,#5439,#5440));
#9246=EDGE_LOOP('',(#5441,#5442,#5443));
#9247=EDGE_LOOP('',(#5444,#5445,#5446,#5447));
#9248=EDGE_LOOP('',(#5448,#5449,#5450,#5451));
#9249=EDGE_LOOP('',(#5452,#5453,#5454,#5455));
#9250=EDGE_LOOP('',(#5456,#5457,#5458,#5459));
#9251=EDGE_LOOP('',(#5460,#5461,#5462,#5463));
#9252=EDGE_LOOP('',(#5464,#5465,#5466,#5467));
#9253=EDGE_LOOP('',(#5468,#5469,#5470,#5471));
#9254=EDGE_LOOP('',(#5472,#5473,#5474,#5475));
#9255=EDGE_LOOP('',(#5476,#5477,#5478,#5479));
#9256=EDGE_LOOP('',(#5480,#5481,#5482,#5483));
#9257=EDGE_LOOP('',(#5484,#5485,#5486,#5487));
#9258=EDGE_LOOP('',(#5488,#5489,#5490,#5491));
#9259=EDGE_LOOP('',(#5492,#5493,#5494,#5495));
#9260=EDGE_LOOP('',(#5496,#5497,#5498,#5499));
#9261=EDGE_LOOP('',(#5500,#5501,#5502,#5503));
#9262=EDGE_LOOP('',(#5504,#5505,#5506,#5507));
#9263=EDGE_LOOP('',(#5508,#5509,#5510,#5511));
#9264=EDGE_LOOP('',(#5512,#5513,#5514,#5515));
#9265=EDGE_LOOP('',(#5516,#5517,#5518,#5519));
#9266=EDGE_LOOP('',(#5520,#5521,#5522,#5523));
#9267=EDGE_LOOP('',(#5524,#5525,#5526,#5527));
#9268=EDGE_LOOP('',(#5528,#5529,#5530,#5531));
#9269=EDGE_LOOP('',(#5532,#5533,#5534,#5535));
#9270=EDGE_LOOP('',(#5536,#5537,#5538,#5539));
#9271=EDGE_LOOP('',(#5540,#5541,#5542,#5543));
#9272=EDGE_LOOP('',(#5544,#5545,#5546,#5547));
#9273=EDGE_LOOP('',(#5548,#5549,#5550,#5551));
#9274=EDGE_LOOP('',(#5552,#5553,#5554,#5555));
#9275=EDGE_LOOP('',(#5556,#5557,#5558,#5559));
#9276=EDGE_LOOP('',(#5560,#5561,#5562,#5563));
#9277=EDGE_LOOP('',(#5564,#5565,#5566,#5567));
#9278=EDGE_LOOP('',(#5568,#5569,#5570,#5571,#5572));
#9279=EDGE_LOOP('',(#5573,#5574,#5575,#5576));
#9280=EDGE_LOOP('',(#5577,#5578,#5579,#5580));
#9281=EDGE_LOOP('',(#5581,#5582,#5583));
#9282=EDGE_LOOP('',(#5584,#5585,#5586,#5587));
#9283=EDGE_LOOP('',(#5588,#5589,#5590,#5591));
#9284=EDGE_LOOP('',(#5592,#5593,#5594,#5595));
#9285=EDGE_LOOP('',(#5596,#5597,#5598,#5599));
#9286=EDGE_LOOP('',(#5600,#5601,#5602,#5603));
#9287=EDGE_LOOP('',(#5604,#5605,#5606,#5607));
#9288=EDGE_LOOP('',(#5608,#5609,#5610,#5611));
#9289=EDGE_LOOP('',(#5612,#5613,#5614,#5615));
#9290=EDGE_LOOP('',(#5616,#5617,#5618,#5619));
#9291=EDGE_LOOP('',(#5620,#5621,#5622,#5623));
#9292=EDGE_LOOP('',(#5624,#5625,#5626,#5627));
#9293=EDGE_LOOP('',(#5628,#5629,#5630,#5631));
#9294=FACE_BOUND('',#8681,.T.);
#9295=FACE_BOUND('',#8682,.T.);
#9296=FACE_BOUND('',#8683,.T.);
#9297=FACE_BOUND('',#8684,.T.);
#9298=FACE_BOUND('',#8685,.T.);
#9299=FACE_BOUND('',#8686,.T.);
#9300=FACE_BOUND('',#8687,.T.);
#9301=FACE_BOUND('',#8688,.T.);
#9302=FACE_BOUND('',#8689,.T.);
#9303=FACE_BOUND('',#8690,.T.);
#9304=FACE_BOUND('',#8691,.T.);
#9305=FACE_BOUND('',#8692,.T.);
#9306=FACE_BOUND('',#8693,.T.);
#9307=FACE_BOUND('',#8694,.T.);
#9308=FACE_BOUND('',#8695,.T.);
#9309=FACE_BOUND('',#8696,.T.);
#9310=FACE_BOUND('',#8697,.T.);
#9311=FACE_BOUND('',#8698,.T.);
#9312=FACE_BOUND('',#8699,.T.);
#9313=FACE_BOUND('',#8700,.T.);
#9314=FACE_BOUND('',#8701,.T.);
#9315=FACE_BOUND('',#8702,.T.);
#9316=FACE_BOUND('',#8703,.T.);
#9317=FACE_BOUND('',#8704,.T.);
#9318=FACE_BOUND('',#8705,.T.);
#9319=FACE_BOUND('',#8706,.T.);
#9320=FACE_BOUND('',#8707,.T.);
#9321=FACE_BOUND('',#8708,.T.);
#9322=FACE_BOUND('',#8709,.T.);
#9323=FACE_BOUND('',#8710,.T.);
#9324=FACE_BOUND('',#8711,.T.);
#9325=FACE_BOUND('',#8712,.T.);
#9326=FACE_BOUND('',#8713,.T.);
#9327=FACE_BOUND('',#8714,.T.);
#9328=FACE_BOUND('',#8715,.T.);
#9329=FACE_BOUND('',#8716,.T.);
#9330=FACE_BOUND('',#8717,.T.);
#9331=FACE_BOUND('',#8718,.T.);
#9332=FACE_BOUND('',#8719,.T.);
#9333=FACE_BOUND('',#8720,.T.);
#9334=FACE_BOUND('',#8721,.T.);
#9335=FACE_BOUND('',#8722,.T.);
#9336=FACE_BOUND('',#8723,.T.);
#9337=FACE_BOUND('',#8724,.T.);
#9338=FACE_BOUND('',#8725,.T.);
#9339=FACE_BOUND('',#8726,.T.);
#9340=FACE_BOUND('',#8727,.T.);
#9341=FACE_BOUND('',#8728,.T.);
#9342=FACE_BOUND('',#8729,.T.);
#9343=FACE_BOUND('',#8730,.T.);
#9344=FACE_BOUND('',#8731,.T.);
#9345=FACE_BOUND('',#8732,.T.);
#9346=FACE_BOUND('',#8733,.T.);
#9347=FACE_BOUND('',#8734,.T.);
#9348=FACE_BOUND('',#8735,.T.);
#9349=FACE_BOUND('',#8736,.T.);
#9350=FACE_BOUND('',#8737,.T.);
#9351=FACE_BOUND('',#8738,.T.);
#9352=FACE_BOUND('',#8739,.T.);
#9353=FACE_BOUND('',#8740,.T.);
#9354=FACE_BOUND('',#8741,.T.);
#9355=FACE_BOUND('',#8742,.T.);
#9356=FACE_BOUND('',#8743,.T.);
#9357=FACE_BOUND('',#8744,.T.);
#9358=FACE_BOUND('',#8745,.T.);
#9359=FACE_BOUND('',#8746,.T.);
#9360=FACE_BOUND('',#8747,.T.);
#9361=FACE_BOUND('',#8748,.T.);
#9362=FACE_BOUND('',#8749,.T.);
#9363=FACE_BOUND('',#8750,.T.);
#9364=FACE_BOUND('',#8751,.T.);
#9365=FACE_BOUND('',#8752,.T.);
#9366=FACE_BOUND('',#8753,.T.);
#9367=FACE_BOUND('',#8754,.T.);
#9368=FACE_BOUND('',#8755,.T.);
#9369=FACE_BOUND('',#8756,.T.);
#9370=FACE_BOUND('',#8757,.T.);
#9371=FACE_BOUND('',#8758,.T.);
#9372=FACE_BOUND('',#8759,.T.);
#9373=FACE_BOUND('',#8760,.T.);
#9374=FACE_BOUND('',#8761,.T.);
#9375=FACE_BOUND('',#8762,.T.);
#9376=FACE_BOUND('',#8763,.T.);
#9377=FACE_BOUND('',#8764,.T.);
#9378=FACE_BOUND('',#8765,.T.);
#9379=FACE_BOUND('',#8766,.T.);
#9380=FACE_BOUND('',#8767,.T.);
#9381=FACE_BOUND('',#8768,.T.);
#9382=FACE_BOUND('',#8769,.T.);
#9383=FACE_BOUND('',#8770,.T.);
#9384=FACE_BOUND('',#8771,.T.);
#9385=FACE_BOUND('',#8772,.T.);
#9386=FACE_BOUND('',#8773,.T.);
#9387=FACE_BOUND('',#8774,.T.);
#9388=FACE_BOUND('',#8775,.T.);
#9389=FACE_BOUND('',#8776,.T.);
#9390=FACE_BOUND('',#8777,.T.);
#9391=FACE_BOUND('',#8778,.T.);
#9392=FACE_BOUND('',#8779,.T.);
#9393=FACE_BOUND('',#8780,.T.);
#9394=FACE_BOUND('',#8781,.T.);
#9395=FACE_BOUND('',#8782,.T.);
#9396=FACE_BOUND('',#8783,.T.);
#9397=FACE_BOUND('',#8784,.T.);
#9398=FACE_BOUND('',#8785,.T.);
#9399=FACE_BOUND('',#8786,.T.);
#9400=FACE_BOUND('',#8787,.T.);
#9401=FACE_BOUND('',#8788,.T.);
#9402=FACE_BOUND('',#8789,.T.);
#9403=FACE_BOUND('',#8790,.T.);
#9404=FACE_BOUND('',#8791,.T.);
#9405=FACE_BOUND('',#8792,.T.);
#9406=FACE_BOUND('',#8793,.T.);
#9407=FACE_BOUND('',#8794,.T.);
#9408=FACE_BOUND('',#8795,.T.);
#9409=FACE_BOUND('',#8796,.T.);
#9410=FACE_BOUND('',#8797,.T.);
#9411=FACE_BOUND('',#8798,.T.);
#9412=FACE_BOUND('',#8799,.T.);
#9413=FACE_BOUND('',#8800,.T.);
#9414=FACE_BOUND('',#8801,.T.);
#9415=FACE_BOUND('',#8802,.T.);
#9416=FACE_BOUND('',#8803,.T.);
#9417=FACE_BOUND('',#8804,.T.);
#9418=FACE_BOUND('',#8805,.T.);
#9419=FACE_BOUND('',#8806,.T.);
#9420=FACE_BOUND('',#8807,.T.);
#9421=FACE_BOUND('',#8808,.T.);
#9422=FACE_BOUND('',#8809,.T.);
#9423=FACE_BOUND('',#8810,.T.);
#9424=FACE_BOUND('',#8811,.T.);
#9425=FACE_BOUND('',#8812,.T.);
#9426=FACE_BOUND('',#8813,.T.);
#9427=FACE_BOUND('',#8814,.T.);
#9428=FACE_BOUND('',#8815,.T.);
#9429=FACE_BOUND('',#8816,.T.);
#9430=FACE_BOUND('',#8817,.T.);
#9431=FACE_BOUND('',#8818,.T.);
#9432=FACE_BOUND('',#8819,.T.);
#9433=FACE_BOUND('',#8820,.T.);
#9434=FACE_BOUND('',#8821,.T.);
#9435=FACE_BOUND('',#8822,.T.);
#9436=FACE_BOUND('',#8823,.T.);
#9437=FACE_BOUND('',#8824,.T.);
#9438=FACE_BOUND('',#8825,.T.);
#9439=FACE_BOUND('',#8826,.T.);
#9440=FACE_BOUND('',#8827,.T.);
#9441=FACE_BOUND('',#8828,.T.);
#9442=FACE_BOUND('',#8829,.T.);
#9443=FACE_BOUND('',#8830,.T.);
#9444=FACE_BOUND('',#8831,.T.);
#9445=FACE_BOUND('',#8832,.T.);
#9446=FACE_BOUND('',#8833,.T.);
#9447=FACE_BOUND('',#8834,.T.);
#9448=FACE_BOUND('',#8835,.T.);
#9449=FACE_BOUND('',#8836,.T.);
#9450=FACE_BOUND('',#8837,.T.);
#9451=FACE_BOUND('',#8838,.T.);
#9452=FACE_BOUND('',#8839,.T.);
#9453=FACE_BOUND('',#8840,.T.);
#9454=FACE_BOUND('',#8841,.T.);
#9455=FACE_BOUND('',#8842,.T.);
#9456=FACE_BOUND('',#8843,.T.);
#9457=FACE_BOUND('',#8844,.T.);
#9458=FACE_BOUND('',#8845,.T.);
#9459=FACE_BOUND('',#8846,.T.);
#9460=FACE_BOUND('',#8847,.T.);
#9461=FACE_BOUND('',#8848,.T.);
#9462=FACE_BOUND('',#8849,.T.);
#9463=FACE_BOUND('',#8850,.T.);
#9464=FACE_BOUND('',#8851,.T.);
#9465=FACE_BOUND('',#8852,.T.);
#9466=FACE_BOUND('',#8853,.T.);
#9467=FACE_BOUND('',#8854,.T.);
#9468=FACE_BOUND('',#8855,.T.);
#9469=FACE_BOUND('',#8856,.T.);
#9470=FACE_BOUND('',#8857,.T.);
#9471=FACE_BOUND('',#8858,.T.);
#9472=FACE_BOUND('',#8859,.T.);
#9473=FACE_BOUND('',#8860,.T.);
#9474=FACE_BOUND('',#8861,.T.);
#9475=FACE_BOUND('',#8862,.T.);
#9476=FACE_BOUND('',#8863,.T.);
#9477=FACE_BOUND('',#8864,.T.);
#9478=FACE_BOUND('',#8865,.T.);
#9479=FACE_BOUND('',#8866,.T.);
#9480=FACE_BOUND('',#8867,.T.);
#9481=FACE_BOUND('',#8868,.T.);
#9482=FACE_BOUND('',#8869,.T.);
#9483=FACE_BOUND('',#8870,.T.);
#9484=FACE_BOUND('',#8871,.T.);
#9485=FACE_BOUND('',#8872,.T.);
#9486=FACE_BOUND('',#8873,.T.);
#9487=FACE_BOUND('',#8874,.T.);
#9488=FACE_BOUND('',#8875,.T.);
#9489=FACE_BOUND('',#8876,.T.);
#9490=FACE_BOUND('',#8877,.T.);
#9491=FACE_BOUND('',#8878,.T.);
#9492=FACE_BOUND('',#8879,.T.);
#9493=FACE_BOUND('',#8880,.T.);
#9494=FACE_BOUND('',#8881,.T.);
#9495=FACE_BOUND('',#8882,.T.);
#9496=FACE_BOUND('',#8883,.T.);
#9497=FACE_BOUND('',#8884,.T.);
#9498=FACE_BOUND('',#8885,.T.);
#9499=FACE_BOUND('',#8886,.T.);
#9500=FACE_BOUND('',#8887,.T.);
#9501=FACE_BOUND('',#8888,.T.);
#9502=FACE_BOUND('',#8889,.T.);
#9503=FACE_BOUND('',#8890,.T.);
#9504=FACE_BOUND('',#8891,.T.);
#9505=FACE_BOUND('',#8892,.T.);
#9506=FACE_BOUND('',#8893,.T.);
#9507=FACE_BOUND('',#8894,.T.);
#9508=FACE_BOUND('',#8895,.T.);
#9509=FACE_BOUND('',#8896,.T.);
#9510=FACE_BOUND('',#8897,.T.);
#9511=FACE_BOUND('',#8898,.T.);
#9512=FACE_BOUND('',#8899,.T.);
#9513=FACE_BOUND('',#8900,.T.);
#9514=FACE_BOUND('',#8901,.T.);
#9515=FACE_BOUND('',#8902,.T.);
#9516=FACE_BOUND('',#8903,.T.);
#9517=FACE_BOUND('',#8904,.T.);
#9518=FACE_BOUND('',#8905,.T.);
#9519=FACE_BOUND('',#8906,.T.);
#9520=FACE_BOUND('',#8907,.T.);
#9521=FACE_BOUND('',#8908,.T.);
#9522=FACE_BOUND('',#8909,.T.);
#9523=FACE_BOUND('',#8910,.T.);
#9524=FACE_BOUND('',#8911,.T.);
#9525=FACE_BOUND('',#8912,.T.);
#9526=FACE_BOUND('',#8913,.T.);
#9527=FACE_BOUND('',#8914,.T.);
#9528=FACE_BOUND('',#8915,.T.);
#9529=FACE_BOUND('',#8916,.T.);
#9530=FACE_BOUND('',#8917,.T.);
#9531=FACE_BOUND('',#8918,.T.);
#9532=FACE_BOUND('',#8919,.T.);
#9533=FACE_BOUND('',#8920,.T.);
#9534=FACE_BOUND('',#8921,.T.);
#9535=FACE_BOUND('',#8922,.T.);
#9536=FACE_BOUND('',#8923,.T.);
#9537=FACE_BOUND('',#8924,.T.);
#9538=FACE_BOUND('',#8925,.T.);
#9539=FACE_BOUND('',#8926,.T.);
#9540=FACE_BOUND('',#8927,.T.);
#9541=FACE_BOUND('',#8928,.T.);
#9542=FACE_BOUND('',#8929,.T.);
#9543=FACE_BOUND('',#8930,.T.);
#9544=FACE_BOUND('',#8931,.T.);
#9545=FACE_BOUND('',#8932,.T.);
#9546=FACE_BOUND('',#8933,.T.);
#9547=FACE_BOUND('',#8934,.T.);
#9548=FACE_BOUND('',#8935,.T.);
#9549=FACE_BOUND('',#8936,.T.);
#9550=FACE_BOUND('',#8937,.T.);
#9551=FACE_BOUND('',#8938,.T.);
#9552=FACE_BOUND('',#8939,.T.);
#9553=FACE_BOUND('',#8940,.T.);
#9554=FACE_BOUND('',#8941,.T.);
#9555=FACE_BOUND('',#8942,.T.);
#9556=FACE_BOUND('',#8943,.T.);
#9557=FACE_BOUND('',#8944,.T.);
#9558=FACE_BOUND('',#8945,.T.);
#9559=FACE_BOUND('',#8946,.T.);
#9560=FACE_BOUND('',#8947,.T.);
#9561=FACE_BOUND('',#8948,.T.);
#9562=FACE_BOUND('',#8949,.T.);
#9563=FACE_BOUND('',#8950,.T.);
#9564=FACE_BOUND('',#8951,.T.);
#9565=FACE_BOUND('',#8952,.T.);
#9566=FACE_BOUND('',#8953,.T.);
#9567=FACE_BOUND('',#8954,.T.);
#9568=FACE_BOUND('',#8955,.T.);
#9569=FACE_BOUND('',#8956,.T.);
#9570=FACE_BOUND('',#8957,.T.);
#9571=FACE_BOUND('',#8958,.T.);
#9572=FACE_BOUND('',#8959,.T.);
#9573=FACE_BOUND('',#8960,.T.);
#9574=FACE_BOUND('',#8961,.T.);
#9575=FACE_BOUND('',#8962,.T.);
#9576=FACE_BOUND('',#8963,.T.);
#9577=FACE_BOUND('',#8964,.T.);
#9578=FACE_BOUND('',#8965,.T.);
#9579=FACE_BOUND('',#8966,.T.);
#9580=FACE_BOUND('',#8967,.T.);
#9581=FACE_BOUND('',#8968,.T.);
#9582=FACE_BOUND('',#8969,.T.);
#9583=FACE_BOUND('',#8970,.T.);
#9584=FACE_BOUND('',#8971,.T.);
#9585=FACE_BOUND('',#8972,.T.);
#9586=FACE_BOUND('',#8973,.T.);
#9587=FACE_BOUND('',#8974,.T.);
#9588=FACE_BOUND('',#8975,.T.);
#9589=FACE_BOUND('',#8976,.T.);
#9590=FACE_BOUND('',#8977,.T.);
#9591=FACE_BOUND('',#8978,.T.);
#9592=FACE_BOUND('',#8979,.T.);
#9593=FACE_BOUND('',#8980,.T.);
#9594=FACE_BOUND('',#8981,.T.);
#9595=FACE_BOUND('',#8982,.T.);
#9596=FACE_BOUND('',#8983,.T.);
#9597=FACE_BOUND('',#8984,.T.);
#9598=FACE_BOUND('',#8985,.T.);
#9599=FACE_BOUND('',#8986,.T.);
#9600=FACE_BOUND('',#8987,.T.);
#9601=FACE_BOUND('',#8988,.T.);
#9602=FACE_BOUND('',#8989,.T.);
#9603=FACE_BOUND('',#8990,.T.);
#9604=FACE_BOUND('',#8991,.T.);
#9605=FACE_BOUND('',#8992,.T.);
#9606=FACE_BOUND('',#8993,.T.);
#9607=FACE_BOUND('',#8994,.T.);
#9608=FACE_BOUND('',#8995,.T.);
#9609=FACE_BOUND('',#8996,.T.);
#9610=FACE_BOUND('',#8997,.T.);
#9611=FACE_BOUND('',#8998,.T.);
#9612=FACE_BOUND('',#8999,.T.);
#9613=FACE_BOUND('',#9000,.T.);
#9614=FACE_BOUND('',#9001,.T.);
#9615=FACE_BOUND('',#9002,.T.);
#9616=FACE_BOUND('',#9003,.T.);
#9617=FACE_BOUND('',#9004,.T.);
#9618=FACE_BOUND('',#9005,.T.);
#9619=FACE_BOUND('',#9006,.T.);
#9620=FACE_BOUND('',#9007,.T.);
#9621=FACE_BOUND('',#9008,.T.);
#9622=FACE_BOUND('',#9009,.T.);
#9623=FACE_BOUND('',#9010,.T.);
#9624=FACE_BOUND('',#9011,.T.);
#9625=FACE_BOUND('',#9012,.T.);
#9626=FACE_BOUND('',#9013,.T.);
#9627=FACE_BOUND('',#9014,.T.);
#9628=FACE_BOUND('',#9015,.T.);
#9629=FACE_BOUND('',#9016,.T.);
#9630=FACE_BOUND('',#9017,.T.);
#9631=FACE_BOUND('',#9018,.T.);
#9632=FACE_BOUND('',#9019,.T.);
#9633=FACE_BOUND('',#9020,.T.);
#9634=FACE_BOUND('',#9021,.T.);
#9635=FACE_BOUND('',#9022,.T.);
#9636=FACE_BOUND('',#9023,.T.);
#9637=FACE_BOUND('',#9024,.T.);
#9638=FACE_BOUND('',#9025,.T.);
#9639=FACE_BOUND('',#9026,.T.);
#9640=FACE_BOUND('',#9027,.T.);
#9641=FACE_BOUND('',#9028,.T.);
#9642=FACE_BOUND('',#9029,.T.);
#9643=FACE_BOUND('',#9030,.T.);
#9644=FACE_BOUND('',#9031,.T.);
#9645=FACE_BOUND('',#9032,.T.);
#9646=FACE_BOUND('',#9033,.T.);
#9647=FACE_BOUND('',#9034,.T.);
#9648=FACE_BOUND('',#9035,.T.);
#9649=FACE_BOUND('',#9036,.T.);
#9650=FACE_BOUND('',#9037,.T.);
#9651=FACE_BOUND('',#9038,.T.);
#9652=FACE_BOUND('',#9039,.T.);
#9653=FACE_BOUND('',#9040,.T.);
#9654=FACE_BOUND('',#9041,.T.);
#9655=FACE_BOUND('',#9042,.T.);
#9656=FACE_BOUND('',#9043,.T.);
#9657=FACE_BOUND('',#9044,.T.);
#9658=FACE_BOUND('',#9045,.T.);
#9659=FACE_BOUND('',#9046,.T.);
#9660=FACE_BOUND('',#9047,.T.);
#9661=FACE_BOUND('',#9048,.T.);
#9662=FACE_BOUND('',#9049,.T.);
#9663=FACE_BOUND('',#9050,.T.);
#9664=FACE_BOUND('',#9051,.T.);
#9665=FACE_BOUND('',#9052,.T.);
#9666=FACE_BOUND('',#9053,.T.);
#9667=FACE_BOUND('',#9054,.T.);
#9668=FACE_BOUND('',#9055,.T.);
#9669=FACE_BOUND('',#9056,.T.);
#9670=FACE_BOUND('',#9057,.T.);
#9671=FACE_BOUND('',#9058,.T.);
#9672=FACE_BOUND('',#9059,.T.);
#9673=FACE_BOUND('',#9060,.T.);
#9674=FACE_BOUND('',#9061,.T.);
#9675=FACE_BOUND('',#9062,.T.);
#9676=FACE_BOUND('',#9063,.T.);
#9677=FACE_BOUND('',#9064,.T.);
#9678=FACE_BOUND('',#9065,.T.);
#9679=FACE_BOUND('',#9066,.T.);
#9680=FACE_BOUND('',#9067,.T.);
#9681=FACE_BOUND('',#9068,.T.);
#9682=FACE_BOUND('',#9069,.T.);
#9683=FACE_BOUND('',#9070,.T.);
#9684=FACE_BOUND('',#9071,.T.);
#9685=FACE_BOUND('',#9072,.T.);
#9686=FACE_BOUND('',#9073,.T.);
#9687=FACE_BOUND('',#9074,.T.);
#9688=FACE_BOUND('',#9075,.T.);
#9689=FACE_BOUND('',#9076,.T.);
#9690=FACE_BOUND('',#9077,.T.);
#9691=FACE_BOUND('',#9078,.T.);
#9692=FACE_BOUND('',#9079,.T.);
#9693=FACE_BOUND('',#9080,.T.);
#9694=FACE_BOUND('',#9081,.T.);
#9695=FACE_BOUND('',#9082,.T.);
#9696=FACE_BOUND('',#9083,.T.);
#9697=FACE_BOUND('',#9084,.T.);
#9698=FACE_BOUND('',#9085,.T.);
#9699=FACE_BOUND('',#9086,.T.);
#9700=FACE_BOUND('',#9087,.T.);
#9701=FACE_BOUND('',#9088,.T.);
#9702=FACE_BOUND('',#9089,.T.);
#9703=FACE_BOUND('',#9090,.T.);
#9704=FACE_BOUND('',#9091,.T.);
#9705=FACE_BOUND('',#9092,.T.);
#9706=FACE_BOUND('',#9093,.T.);
#9707=FACE_BOUND('',#9094,.T.);
#9708=FACE_BOUND('',#9095,.T.);
#9709=FACE_BOUND('',#9096,.T.);
#9710=FACE_BOUND('',#9097,.T.);
#9711=FACE_BOUND('',#9098,.T.);
#9712=FACE_BOUND('',#9099,.T.);
#9713=FACE_BOUND('',#9100,.T.);
#9714=FACE_BOUND('',#9101,.T.);
#9715=FACE_BOUND('',#9102,.T.);
#9716=FACE_BOUND('',#9103,.T.);
#9717=FACE_BOUND('',#9104,.T.);
#9718=FACE_BOUND('',#9105,.T.);
#9719=FACE_BOUND('',#9106,.T.);
#9720=FACE_BOUND('',#9107,.T.);
#9721=FACE_BOUND('',#9108,.T.);
#9722=FACE_BOUND('',#9109,.T.);
#9723=FACE_BOUND('',#9110,.T.);
#9724=FACE_BOUND('',#9111,.T.);
#9725=FACE_BOUND('',#9112,.T.);
#9726=FACE_BOUND('',#9113,.T.);
#9727=FACE_BOUND('',#9114,.T.);
#9728=FACE_BOUND('',#9115,.T.);
#9729=FACE_BOUND('',#9116,.T.);
#9730=FACE_BOUND('',#9117,.T.);
#9731=FACE_BOUND('',#9118,.T.);
#9732=FACE_BOUND('',#9119,.T.);
#9733=FACE_BOUND('',#9120,.T.);
#9734=FACE_BOUND('',#9121,.T.);
#9735=FACE_BOUND('',#9122,.T.);
#9736=FACE_BOUND('',#9123,.T.);
#9737=FACE_BOUND('',#9124,.T.);
#9738=FACE_BOUND('',#9125,.T.);
#9739=FACE_BOUND('',#9126,.T.);
#9740=FACE_BOUND('',#9127,.T.);
#9741=FACE_BOUND('',#9128,.T.);
#9742=FACE_BOUND('',#9129,.T.);
#9743=FACE_BOUND('',#9130,.T.);
#9744=FACE_BOUND('',#9131,.T.);
#9745=FACE_BOUND('',#9132,.T.);
#9746=FACE_BOUND('',#9133,.T.);
#9747=FACE_BOUND('',#9134,.T.);
#9748=FACE_BOUND('',#9135,.T.);
#9749=FACE_BOUND('',#9136,.T.);
#9750=FACE_BOUND('',#9137,.T.);
#9751=FACE_BOUND('',#9138,.T.);
#9752=FACE_BOUND('',#9139,.T.);
#9753=FACE_BOUND('',#9140,.T.);
#9754=FACE_BOUND('',#9141,.T.);
#9755=FACE_BOUND('',#9142,.T.);
#9756=FACE_BOUND('',#9143,.T.);
#9757=FACE_BOUND('',#9144,.T.);
#9758=FACE_BOUND('',#9145,.T.);
#9759=FACE_BOUND('',#9146,.T.);
#9760=FACE_BOUND('',#9147,.T.);
#9761=FACE_BOUND('',#9148,.T.);
#9762=FACE_BOUND('',#9149,.T.);
#9763=FACE_BOUND('',#9150,.T.);
#9764=FACE_BOUND('',#9151,.T.);
#9765=FACE_BOUND('',#9152,.T.);
#9766=FACE_BOUND('',#9153,.T.);
#9767=FACE_BOUND('',#9154,.T.);
#9768=FACE_BOUND('',#9155,.T.);
#9769=FACE_BOUND('',#9156,.T.);
#9770=FACE_BOUND('',#9157,.T.);
#9771=FACE_BOUND('',#9158,.T.);
#9772=FACE_BOUND('',#9159,.T.);
#9773=FACE_BOUND('',#9160,.T.);
#9774=FACE_BOUND('',#9161,.T.);
#9775=FACE_BOUND('',#9162,.T.);
#9776=FACE_BOUND('',#9163,.T.);
#9777=FACE_BOUND('',#9164,.T.);
#9778=FACE_BOUND('',#9165,.T.);
#9779=FACE_BOUND('',#9166,.T.);
#9780=FACE_BOUND('',#9167,.T.);
#9781=FACE_BOUND('',#9168,.T.);
#9782=FACE_BOUND('',#9169,.T.);
#9783=FACE_BOUND('',#9170,.T.);
#9784=FACE_BOUND('',#9171,.T.);
#9785=FACE_BOUND('',#9172,.T.);
#9786=FACE_BOUND('',#9173,.T.);
#9787=FACE_BOUND('',#9174,.T.);
#9788=FACE_BOUND('',#9175,.T.);
#9789=FACE_BOUND('',#9176,.T.);
#9790=FACE_BOUND('',#9177,.T.);
#9791=FACE_BOUND('',#9178,.T.);
#9792=FACE_BOUND('',#9179,.T.);
#9793=FACE_BOUND('',#9180,.T.);
#9794=FACE_BOUND('',#9181,.T.);
#9795=FACE_BOUND('',#9182,.T.);
#9796=FACE_BOUND('',#9183,.T.);
#9797=FACE_BOUND('',#9184,.T.);
#9798=FACE_BOUND('',#9185,.T.);
#9799=FACE_BOUND('',#9186,.T.);
#9800=FACE_BOUND('',#9187,.T.);
#9801=FACE_BOUND('',#9188,.T.);
#9802=FACE_BOUND('',#9189,.T.);
#9803=FACE_BOUND('',#9190,.T.);
#9804=FACE_BOUND('',#9191,.T.);
#9805=FACE_BOUND('',#9192,.T.);
#9806=FACE_BOUND('',#9193,.T.);
#9807=FACE_BOUND('',#9194,.T.);
#9808=FACE_BOUND('',#9195,.T.);
#9809=FACE_BOUND('',#9196,.T.);
#9810=FACE_BOUND('',#9197,.T.);
#9811=FACE_BOUND('',#9198,.T.);
#9812=FACE_BOUND('',#9199,.T.);
#9813=FACE_BOUND('',#9200,.T.);
#9814=FACE_BOUND('',#9201,.T.);
#9815=FACE_BOUND('',#9202,.T.);
#9816=FACE_BOUND('',#9203,.T.);
#9817=FACE_BOUND('',#9204,.T.);
#9818=FACE_BOUND('',#9205,.T.);
#9819=FACE_BOUND('',#9206,.T.);
#9820=FACE_BOUND('',#9207,.T.);
#9821=FACE_BOUND('',#9208,.T.);
#9822=FACE_BOUND('',#9209,.T.);
#9823=FACE_BOUND('',#9210,.T.);
#9824=FACE_BOUND('',#9211,.T.);
#9825=FACE_BOUND('',#9212,.T.);
#9826=FACE_BOUND('',#9213,.T.);
#9827=FACE_BOUND('',#9214,.T.);
#9828=FACE_BOUND('',#9215,.T.);
#9829=FACE_BOUND('',#9216,.T.);
#9830=FACE_BOUND('',#9217,.T.);
#9831=FACE_BOUND('',#9218,.T.);
#9832=FACE_BOUND('',#9219,.T.);
#9833=FACE_BOUND('',#9220,.T.);
#9834=FACE_BOUND('',#9221,.T.);
#9835=FACE_BOUND('',#9222,.T.);
#9836=FACE_BOUND('',#9223,.T.);
#9837=FACE_BOUND('',#9224,.T.);
#9838=FACE_BOUND('',#9225,.T.);
#9839=FACE_BOUND('',#9226,.T.);
#9840=FACE_BOUND('',#9227,.T.);
#9841=FACE_BOUND('',#9228,.T.);
#9842=FACE_BOUND('',#9229,.T.);
#9843=FACE_BOUND('',#9230,.T.);
#9844=FACE_BOUND('',#9231,.T.);
#9845=FACE_BOUND('',#9232,.T.);
#9846=FACE_BOUND('',#9233,.T.);
#9847=FACE_BOUND('',#9234,.T.);
#9848=FACE_BOUND('',#9235,.T.);
#9849=FACE_BOUND('',#9236,.T.);
#9850=FACE_BOUND('',#9237,.T.);
#9851=FACE_BOUND('',#9238,.T.);
#9852=FACE_BOUND('',#9239,.T.);
#9853=FACE_BOUND('',#9240,.T.);
#9854=FACE_BOUND('',#9241,.T.);
#9855=FACE_BOUND('',#9242,.T.);
#9856=FACE_BOUND('',#9243,.T.);
#9857=FACE_BOUND('',#9244,.T.);
#9858=FACE_BOUND('',#9245,.T.);
#9859=FACE_BOUND('',#9246,.T.);
#9860=FACE_BOUND('',#9247,.T.);
#9861=FACE_BOUND('',#9248,.T.);
#9862=FACE_BOUND('',#9249,.T.);
#9863=FACE_BOUND('',#9250,.T.);
#9864=FACE_BOUND('',#9251,.T.);
#9865=FACE_BOUND('',#9252,.T.);
#9866=FACE_BOUND('',#9253,.T.);
#9867=FACE_BOUND('',#9254,.T.);
#9868=FACE_BOUND('',#9255,.T.);
#9869=FACE_BOUND('',#9256,.T.);
#9870=FACE_BOUND('',#9257,.T.);
#9871=FACE_BOUND('',#9258,.T.);
#9872=FACE_BOUND('',#9259,.T.);
#9873=FACE_BOUND('',#9260,.T.);
#9874=FACE_BOUND('',#9261,.T.);
#9875=FACE_BOUND('',#9262,.T.);
#9876=FACE_BOUND('',#9263,.T.);
#9877=FACE_BOUND('',#9264,.T.);
#9878=FACE_BOUND('',#9265,.T.);
#9879=FACE_BOUND('',#9266,.T.);
#9880=FACE_BOUND('',#9267,.T.);
#9881=FACE_BOUND('',#9268,.T.);
#9882=FACE_BOUND('',#9269,.T.);
#9883=FACE_BOUND('',#9270,.T.);
#9884=FACE_BOUND('',#9271,.T.);
#9885=FACE_BOUND('',#9272,.T.);
#9886=FACE_BOUND('',#9273,.T.);
#9887=FACE_BOUND('',#9274,.T.);
#9888=FACE_BOUND('',#9275,.T.);
#9889=FACE_BOUND('',#9276,.T.);
#9890=FACE_BOUND('',#9277,.T.);
#9891=FACE_BOUND('',#9278,.T.);
#9892=FACE_BOUND('',#9279,.T.);
#9893=FACE_BOUND('',#9280,.T.);
#9894=FACE_BOUND('',#9281,.T.);
#9895=FACE_BOUND('',#9282,.T.);
#9896=FACE_BOUND('',#9283,.T.);
#9897=FACE_BOUND('',#9284,.T.);
#9898=FACE_BOUND('',#9285,.T.);
#9899=FACE_BOUND('',#9286,.T.);
#9900=FACE_BOUND('',#9287,.T.);
#9901=FACE_BOUND('',#9288,.T.);
#9902=FACE_BOUND('',#9289,.T.);
#9903=FACE_BOUND('',#9290,.T.);
#9904=FACE_BOUND('',#9291,.T.);
#9905=FACE_BOUND('',#9292,.T.);
#9906=FACE_BOUND('',#9293,.T.);
#9907=PLANE('',#10769);
#9908=PLANE('',#10774);
#9909=PLANE('',#10775);
#9910=PLANE('',#10776);
#9911=PLANE('',#10781);
#9912=PLANE('',#10782);
#9913=PLANE('',#10783);
#9914=PLANE('',#10784);
#9915=PLANE('',#10785);
#9916=PLANE('',#10786);
#9917=PLANE('',#10787);
#9918=PLANE('',#10788);
#9919=PLANE('',#10789);
#9920=PLANE('',#10790);
#9921=PLANE('',#10798);
#9922=PLANE('',#10799);
#9923=PLANE('',#10800);
#9924=PLANE('',#10801);
#9925=PLANE('',#10899);
#9926=PLANE('',#10912);
#9927=PLANE('',#10919);
#9928=PLANE('',#10934);
#9929=PLANE('',#10954);
#9930=PLANE('',#10966);
#9931=PLANE('',#10989);
#9932=PLANE('',#10994);
#9933=PLANE('',#10995);
#9934=PLANE('',#10996);
#9935=PLANE('',#11001);
#9936=PLANE('',#11006);
#9937=PLANE('',#11011);
#9938=PLANE('',#11014);
#9939=PLANE('',#11018);
#9940=PLANE('',#11020);
#9941=PLANE('',#11022);
#9942=PLANE('',#11024);
#9943=PLANE('',#11025);
#9944=PLANE('',#11026);
#9945=PLANE('',#11027);
#9946=PLANE('',#11028);
#9947=PLANE('',#11029);
#9948=PLANE('',#11030);
#9949=PLANE('',#11031);
#9950=PLANE('',#11032);
#9951=PLANE('',#11033);
#9952=PLANE('',#11034);
#9953=PLANE('',#11035);
#9954=PLANE('',#11036);
#9955=PLANE('',#11037);
#9956=PLANE('',#11038);
#9957=PLANE('',#11039);
#9958=PLANE('',#11040);
#9959=PLANE('',#11041);
#9960=PLANE('',#11042);
#9961=PLANE('',#11043);
#9962=PLANE('',#11044);
#9963=PLANE('',#11045);
#9964=PLANE('',#11046);
#9965=PLANE('',#11047);
#9966=PLANE('',#11048);
#9967=PLANE('',#11049);
#9968=PLANE('',#11050);
#9969=PLANE('',#11051);
#9970=PLANE('',#11052);
#9971=PLANE('',#11053);
#9972=PLANE('',#11056);
#9973=PLANE('',#11057);
#9974=PLANE('',#11058);
#9975=PLANE('',#11059);
#9976=PLANE('',#11060);
#9977=PLANE('',#11065);
#9978=PLANE('',#11068);
#9979=PLANE('',#11069);
#9980=PLANE('',#11072);
#9981=PLANE('',#11078);
#9982=PLANE('',#11079);
#9983=PLANE('',#11080);
#9984=PLANE('',#11081);
#9985=PLANE('',#11082);
#9986=PLANE('',#11083);
#9987=PLANE('',#11086);
#9988=PLANE('',#11087);
#9989=PLANE('',#11090);
#9990=PLANE('',#11093);
#9991=PLANE('',#11094);
#9992=PLANE('',#11095);
#9993=PLANE('',#11098);
#9994=PLANE('',#11099);
#9995=PLANE('',#11102);
#9996=PLANE('',#11103);
#9997=PLANE('',#11104);
#9998=PLANE('',#11107);
#9999=PLANE('',#11110);
#10000=PLANE('',#11111);
#10001=PLANE('',#11112);
#10002=PLANE('',#11115);
#10003=PLANE('',#11118);
#10004=PLANE('',#11119);
#10005=PLANE('',#11122);
#10006=PLANE('',#11123);
#10007=PLANE('',#11126);
#10008=PLANE('',#11129);
#10009=PLANE('',#11130);
#10010=PLANE('',#11131);
#10011=PLANE('',#11134);
#10012=PLANE('',#11137);
#10013=PLANE('',#11138);
#10014=PLANE('',#11139);
#10015=PLANE('',#11140);
#10016=PLANE('',#11141);
#10017=PLANE('',#11142);
#10018=PLANE('',#11143);
#10019=PLANE('',#11144);
#10020=PLANE('',#11145);
#10021=PLANE('',#11146);
#10022=PLANE('',#11147);
#10023=PLANE('',#11148);
#10024=PLANE('',#11149);
#10025=PLANE('',#11150);
#10026=PLANE('',#11151);
#10027=PLANE('',#11152);
#10028=PLANE('',#11157);
#10029=PLANE('',#11170);
#10030=PLANE('',#11171);
#10031=PLANE('',#11172);
#10032=PLANE('',#11173);
#10033=PLANE('',#11177);
#10034=PLANE('',#11178);
#10035=PLANE('',#11179);
#10036=PLANE('',#11180);
#10037=PLANE('',#11202);
#10038=PLANE('',#11224);
#10039=PLANE('',#11225);
#10040=PLANE('',#11226);
#10041=PLANE('',#11227);
#10042=PLANE('',#11228);
#10043=PLANE('',#11257);
#10044=PLANE('',#11260);
#10045=PLANE('',#11261);
#10046=PLANE('',#11275);
#10047=PLANE('',#11282);
#10048=PLANE('',#11283);
#10049=PLANE('',#11288);
#10050=PLANE('',#11289);
#10051=PLANE('',#11290);
#10052=PLANE('',#11291);
#10053=PLANE('',#11292);
#10054=PLANE('',#11323);
#10055=PLANE('',#11326);
#10056=PLANE('',#11334);
#10057=PLANE('',#11335);
#10058=PLANE('',#11341);
#10059=PLANE('',#11350);
#10060=PLANE('',#11351);
#10061=PLANE('',#11352);
#10062=PLANE('',#11361);
#10063=PLANE('',#11362);
#10064=PLANE('',#11363);
#10065=PLANE('',#11364);
#10066=PLANE('',#11383);
#10067=PLANE('',#11385);
#10068=PLANE('',#11386);
#10069=PLANE('',#11404);
#10070=PLANE('',#11413);
#10071=PLANE('',#11415);
#10072=PLANE('',#11416);
#10073=PLANE('',#11424);
#10074=PLANE('',#11442);
#10075=PLANE('',#11443);
#10076=PLANE('',#11444);
#10077=PLANE('',#11455);
#10078=PLANE('',#11456);
#10079=PLANE('',#11458);
#10080=PLANE('',#11467);
#10081=PLANE('',#11468);
#10082=PLANE('',#11469);
#10083=PLANE('',#11470);
#10084=PLANE('',#11479);
#10085=PLANE('',#11480);
#10086=PLANE('',#11481);
#10087=PLANE('',#11482);
#10088=PLANE('',#11549);
#10089=PLANE('',#11550);
#10090=PLANE('',#11551);
#10091=PLANE('',#11552);
#10092=PLANE('',#11553);
#10093=PLANE('',#11554);
#10094=PLANE('',#11555);
#10095=PLANE('',#11556);
#10096=PLANE('',#11557);
#10097=PLANE('',#11558);
#10098=PLANE('',#11559);
#10099=PLANE('',#11560);
#10100=PLANE('',#11561);
#10101=PLANE('',#11562);
#10102=PLANE('',#11563);
#10103=PLANE('',#11564);
#10104=PLANE('',#11565);
#10105=PLANE('',#11566);
#10106=PLANE('',#11567);
#10107=PLANE('',#11568);
#10108=PLANE('',#11569);
#10109=PLANE('',#11570);
#10110=PLANE('',#11573);
#10111=PLANE('',#11574);
#10112=PLANE('',#11575);
#10113=PLANE('',#11576);
#10114=PLANE('',#11577);
#10115=PLANE('',#11578);
#10116=PLANE('',#11579);
#10117=PLANE('',#11580);
#10118=PLANE('',#11583);
#10119=PLANE('',#11584);
#10120=PLANE('',#11585);
#10121=PLANE('',#11588);
#10122=PLANE('',#11591);
#10123=PLANE('',#11592);
#10124=PLANE('',#11593);
#10125=PLANE('',#11594);
#10126=PLANE('',#11595);
#10127=PLANE('',#11599);
#10128=PLANE('',#11600);
#10129=PLANE('',#11601);
#10130=PLANE('',#11602);
#10131=PLANE('',#11603);
#10132=PLANE('',#11604);
#10133=PLANE('',#11605);
#10134=PLANE('',#11606);
#10135=PLANE('',#11607);
#10136=PLANE('',#11608);
#10137=PLANE('',#11613);
#10138=PLANE('',#11614);
#10139=PLANE('',#11615);
#10140=PLANE('',#11616);
#10141=PLANE('',#11617);
#10142=PLANE('',#11618);
#10143=PLANE('',#11619);
#10144=PLANE('',#11620);
#10145=PLANE('',#11621);
#10146=PLANE('',#11622);
#10147=PLANE('',#11623);
#10148=PLANE('',#11624);
#10149=PLANE('',#11625);
#10150=PLANE('',#11626);
#10151=PLANE('',#11627);
#10152=PLANE('',#11628);
#10153=PLANE('',#11629);
#10154=PLANE('',#11630);
#10155=PLANE('',#11631);
#10156=PLANE('',#11632);
#10157=PLANE('',#11633);
#10158=PLANE('',#11636);
#10159=PLANE('',#11637);
#10160=PLANE('',#11638);
#10161=PLANE('',#11639);
#10162=PLANE('',#11640);
#10163=PLANE('',#11641);
#10164=PLANE('',#11642);
#10165=PLANE('',#11643);
#10166=PLANE('',#11644);
#10167=PLANE('',#11645);
#10168=PLANE('',#11646);
#10169=PLANE('',#11647);
#10170=PLANE('',#11648);
#10171=PLANE('',#11649);
#10172=PLANE('',#11650);
#10173=PLANE('',#11651);
#10174=PLANE('',#11652);
#10175=PLANE('',#11653);
#10176=PLANE('',#11654);
#10177=PLANE('',#11655);
#10178=PLANE('',#11656);
#10179=PLANE('',#11657);
#10180=PLANE('',#11658);
#10181=PLANE('',#11659);
#10182=PLANE('',#11660);
#10183=PLANE('',#11661);
#10184=PLANE('',#11662);
#10185=PLANE('',#11663);
#10186=PLANE('',#11664);
#10187=PLANE('',#11665);
#10188=PLANE('',#11666);
#10189=PLANE('',#11667);
#10190=PLANE('',#11668);
#10191=PLANE('',#11669);
#10192=ADVANCED_FACE('',(#9294,#9295,#9296,#9297,#9298),#9907,.T.);
#10193=ADVANCED_FACE('',(#9299),#9908,.F.);
#10194=ADVANCED_FACE('',(#9300),#9909,.F.);
#10195=ADVANCED_FACE('',(#9301,#9302,#9303,#9304,#9305),#9910,.F.);
#10196=ADVANCED_FACE('',(#9306),#9911,.F.);
#10197=ADVANCED_FACE('',(#9307),#9912,.F.);
#10198=ADVANCED_FACE('',(#9308),#9913,.F.);
#10199=ADVANCED_FACE('',(#9309),#9914,.F.);
#10200=ADVANCED_FACE('',(#9310),#9915,.T.);
#10201=ADVANCED_FACE('',(#9311),#9916,.T.);
#10202=ADVANCED_FACE('',(#9312),#9917,.T.);
#10203=ADVANCED_FACE('',(#9313),#9918,.T.);
#10204=ADVANCED_FACE('',(#9314),#9919,.T.);
#10205=ADVANCED_FACE('',(#9315,#9316,#9317,#9318,#9319,#9320,#9321),#9920,
 .T.);
#10206=ADVANCED_FACE('',(#9322),#9921,.T.);
#10207=ADVANCED_FACE('',(#9323),#9922,.T.);
#10208=ADVANCED_FACE('',(#9324),#9923,.T.);
#10209=ADVANCED_FACE('',(#9325),#9924,.F.);
#10210=ADVANCED_FACE('',(#9326),#9925,.F.);
#10211=ADVANCED_FACE('',(#9327),#9926,.F.);
#10212=ADVANCED_FACE('',(#9328),#9927,.F.);
#10213=ADVANCED_FACE('',(#9329),#9928,.F.);
#10214=ADVANCED_FACE('',(#9330),#9929,.F.);
#10215=ADVANCED_FACE('',(#9331,#9332,#9333,#9334,#9335,#9336,#9337,#9338,
#9339,#9340,#9341,#9342),#9930,.T.);
#10216=ADVANCED_FACE('',(#9343,#9344,#9345,#9346,#9347,#9348),#9931,.F.);
#10217=ADVANCED_FACE('',(#9349),#9932,.T.);
#10218=ADVANCED_FACE('',(#9350),#9933,.F.);
#10219=ADVANCED_FACE('',(#9351),#9934,.F.);
#10220=ADVANCED_FACE('',(#9352),#9935,.T.);
#10221=ADVANCED_FACE('',(#9353,#9354),#89,.F.);
#10222=ADVANCED_FACE('',(#9355,#9356),#90,.F.);
#10223=ADVANCED_FACE('',(#9357,#9358),#91,.F.);
#10224=ADVANCED_FACE('',(#9359,#9360),#92,.F.);
#10225=ADVANCED_FACE('',(#9361),#16,.T.);
#10226=ADVANCED_FACE('',(#9362),#17,.T.);
#10227=ADVANCED_FACE('',(#9363),#18,.T.);
#10228=ADVANCED_FACE('',(#9364),#19,.T.);
#10229=ADVANCED_FACE('',(#9365),#9936,.F.);
#10230=ADVANCED_FACE('',(#9366),#93,.F.);
#10231=ADVANCED_FACE('',(#9367),#94,.F.);
#10232=ADVANCED_FACE('',(#9368),#9937,.F.);
#10233=ADVANCED_FACE('',(#9369),#95,.F.);
#10234=ADVANCED_FACE('',(#9370),#9938,.F.);
#10235=ADVANCED_FACE('',(#9371),#96,.F.);
#10236=ADVANCED_FACE('',(#9372),#12,.F.);
#10237=ADVANCED_FACE('',(#9373),#9939,.T.);
#10238=ADVANCED_FACE('',(#9374),#13,.F.);
#10239=ADVANCED_FACE('',(#9375),#9940,.T.);
#10240=ADVANCED_FACE('',(#9376),#14,.F.);
#10241=ADVANCED_FACE('',(#9377),#9941,.T.);
#10242=ADVANCED_FACE('',(#9378),#15,.F.);
#10243=ADVANCED_FACE('',(#9379),#9942,.T.);
#10244=ADVANCED_FACE('',(#9380),#9943,.T.);
#10245=ADVANCED_FACE('',(#9381),#9944,.T.);
#10246=ADVANCED_FACE('',(#9382),#9945,.T.);
#10247=ADVANCED_FACE('',(#9383),#9946,.T.);
#10248=ADVANCED_FACE('',(#9384),#9947,.T.);
#10249=ADVANCED_FACE('',(#9385),#9948,.T.);
#10250=ADVANCED_FACE('',(#9386),#9949,.T.);
#10251=ADVANCED_FACE('',(#9387),#9950,.T.);
#10252=ADVANCED_FACE('',(#9388),#9951,.T.);
#10253=ADVANCED_FACE('',(#9389),#9952,.T.);
#10254=ADVANCED_FACE('',(#9390,#9391),#9953,.T.);
#10255=ADVANCED_FACE('',(#9392),#9954,.T.);
#10256=ADVANCED_FACE('',(#9393),#9955,.T.);
#10257=ADVANCED_FACE('',(#9394),#9956,.T.);
#10258=ADVANCED_FACE('',(#9395),#9957,.T.);
#10259=ADVANCED_FACE('',(#9396),#9958,.T.);
#10260=ADVANCED_FACE('',(#9397),#9959,.T.);
#10261=ADVANCED_FACE('',(#9398),#9960,.T.);
#10262=ADVANCED_FACE('',(#9399),#9961,.T.);
#10263=ADVANCED_FACE('',(#9400),#9962,.T.);
#10264=ADVANCED_FACE('',(#9401),#9963,.T.);
#10265=ADVANCED_FACE('',(#9402),#9964,.T.);
#10266=ADVANCED_FACE('',(#9403),#9965,.T.);
#10267=ADVANCED_FACE('',(#9404),#9966,.T.);
#10268=ADVANCED_FACE('',(#9405),#20,.T.);
#10269=ADVANCED_FACE('',(#9406),#9967,.T.);
#10270=ADVANCED_FACE('',(#9407),#9968,.T.);
#10271=ADVANCED_FACE('',(#9408),#9969,.T.);
#10272=ADVANCED_FACE('',(#9409),#9970,.T.);
#10273=ADVANCED_FACE('',(#9410),#9971,.T.);
#10274=ADVANCED_FACE('',(#9411),#97,.T.);
#10275=ADVANCED_FACE('',(#9412),#21,.T.);
#10276=ADVANCED_FACE('',(#9413),#22,.T.);
#10277=ADVANCED_FACE('',(#9414),#23,.T.);
#10278=ADVANCED_FACE('',(#9415),#9972,.T.);
#10279=ADVANCED_FACE('',(#9416),#24,.T.);
#10280=ADVANCED_FACE('',(#9417),#25,.T.);
#10281=ADVANCED_FACE('',(#9418),#26,.T.);
#10282=ADVANCED_FACE('',(#9419),#9973,.T.);
#10283=ADVANCED_FACE('',(#9420),#27,.T.);
#10284=ADVANCED_FACE('',(#9421),#28,.T.);
#10285=ADVANCED_FACE('',(#9422),#29,.T.);
#10286=ADVANCED_FACE('',(#9423),#30,.T.);
#10287=ADVANCED_FACE('',(#9424),#9974,.T.);
#10288=ADVANCED_FACE('',(#9425),#31,.T.);
#10289=ADVANCED_FACE('',(#9426),#32,.T.);
#10290=ADVANCED_FACE('',(#9427),#33,.T.);
#10291=ADVANCED_FACE('',(#9428),#34,.T.);
#10292=ADVANCED_FACE('',(#9429),#9975,.T.);
#10293=ADVANCED_FACE('',(#9430),#35,.T.);
#10294=ADVANCED_FACE('',(#9431),#36,.T.);
#10295=ADVANCED_FACE('',(#9432),#37,.T.);
#10296=ADVANCED_FACE('',(#9433),#38,.T.);
#10297=ADVANCED_FACE('',(#9434),#39,.T.);
#10298=ADVANCED_FACE('',(#9435),#40,.T.);
#10299=ADVANCED_FACE('',(#9436),#41,.T.);
#10300=ADVANCED_FACE('',(#9437),#9976,.T.);
#10301=ADVANCED_FACE('',(#9438),#98,.F.);
#10302=ADVANCED_FACE('',(#9439),#42,.T.);
#10303=ADVANCED_FACE('',(#9440),#99,.F.);
#10304=ADVANCED_FACE('',(#9441),#43,.T.);
#10305=ADVANCED_FACE('',(#9442),#44,.T.);
#10306=ADVANCED_FACE('',(#9443),#45,.T.);
#10307=ADVANCED_FACE('',(#9444),#46,.T.);
#10308=ADVANCED_FACE('',(#9445),#47,.T.);
#10309=ADVANCED_FACE('',(#9446),#48,.T.);
#10310=ADVANCED_FACE('',(#9447),#49,.T.);
#10311=ADVANCED_FACE('',(#9448),#50,.T.);
#10312=ADVANCED_FACE('',(#9449),#51,.T.);
#10313=ADVANCED_FACE('',(#9450),#52,.T.);
#10314=ADVANCED_FACE('',(#9451),#53,.T.);
#10315=ADVANCED_FACE('',(#9452),#9977,.T.);
#10316=ADVANCED_FACE('',(#9453),#100,.F.);
#10317=ADVANCED_FACE('',(#9454),#54,.T.);
#10318=ADVANCED_FACE('',(#9455),#55,.T.);
#10319=ADVANCED_FACE('',(#9456),#56,.T.);
#10320=ADVANCED_FACE('',(#9457),#57,.T.);
#10321=ADVANCED_FACE('',(#9458),#58,.T.);
#10322=ADVANCED_FACE('',(#9459),#9978,.T.);
#10323=ADVANCED_FACE('',(#9460),#9979,.F.);
#10324=ADVANCED_FACE('',(#9461,#9462),#101,.F.);
#10325=ADVANCED_FACE('',(#9463),#9980,.T.);
#10326=ADVANCED_FACE('',(#9464,#9465),#102,.T.);
#10327=ADVANCED_FACE('',(#9466,#9467),#103,.F.);
#10328=ADVANCED_FACE('',(#9468,#9469),#9981,.T.);
#10329=ADVANCED_FACE('',(#9470),#9982,.F.);
#10330=ADVANCED_FACE('',(#9471),#9983,.F.);
#10331=ADVANCED_FACE('',(#9472),#9984,.T.);
#10332=ADVANCED_FACE('',(#9473),#9985,.T.);
#10333=ADVANCED_FACE('',(#9474),#9986,.T.);
#10334=ADVANCED_FACE('',(#9475,#9476),#104,.F.);
#10335=ADVANCED_FACE('',(#9477),#9987,.T.);
#10336=ADVANCED_FACE('',(#9478),#9988,.F.);
#10337=ADVANCED_FACE('',(#9479),#105,.F.);
#10338=ADVANCED_FACE('',(#9480),#9989,.F.);
#10339=ADVANCED_FACE('',(#9481),#106,.T.);
#10340=ADVANCED_FACE('',(#9482),#9990,.F.);
#10341=ADVANCED_FACE('',(#9483),#9991,.F.);
#10342=ADVANCED_FACE('',(#9484),#9992,.F.);
#10343=ADVANCED_FACE('',(#9485),#107,.F.);
#10344=ADVANCED_FACE('',(#9486),#9993,.F.);
#10345=ADVANCED_FACE('',(#9487),#9994,.T.);
#10346=ADVANCED_FACE('',(#9488),#108,.F.);
#10347=ADVANCED_FACE('',(#9489),#9995,.T.);
#10348=ADVANCED_FACE('',(#9490),#9996,.T.);
#10349=ADVANCED_FACE('',(#9491),#9997,.T.);
#10350=ADVANCED_FACE('',(#9492),#109,.T.);
#10351=ADVANCED_FACE('',(#9493),#9998,.T.);
#10352=ADVANCED_FACE('',(#9494),#110,.F.);
#10353=ADVANCED_FACE('',(#9495),#9999,.T.);
#10354=ADVANCED_FACE('',(#9496),#10000,.T.);
#10355=ADVANCED_FACE('',(#9497),#10001,.T.);
#10356=ADVANCED_FACE('',(#9498),#111,.T.);
#10357=ADVANCED_FACE('',(#9499),#10002,.T.);
#10358=ADVANCED_FACE('',(#9500),#112,.F.);
#10359=ADVANCED_FACE('',(#9501),#10003,.T.);
#10360=ADVANCED_FACE('',(#9502),#10004,.T.);
#10361=ADVANCED_FACE('',(#9503),#113,.T.);
#10362=ADVANCED_FACE('',(#9504),#10005,.F.);
#10363=ADVANCED_FACE('',(#9505),#10006,.F.);
#10364=ADVANCED_FACE('',(#9506),#114,.F.);
#10365=ADVANCED_FACE('',(#9507),#10007,.F.);
#10366=ADVANCED_FACE('',(#9508),#115,.T.);
#10367=ADVANCED_FACE('',(#9509),#10008,.F.);
#10368=ADVANCED_FACE('',(#9510),#10009,.F.);
#10369=ADVANCED_FACE('',(#9511),#10010,.T.);
#10370=ADVANCED_FACE('',(#9512,#9513),#116,.F.);
#10371=ADVANCED_FACE('',(#9514),#10011,.T.);
#10372=ADVANCED_FACE('',(#9515,#9516),#117,.F.);
#10373=ADVANCED_FACE('',(#9517),#10012,.T.);
#10374=ADVANCED_FACE('',(#9518),#10013,.F.);
#10375=ADVANCED_FACE('',(#9519),#10014,.F.);
#10376=ADVANCED_FACE('',(#9520),#10015,.T.);
#10377=ADVANCED_FACE('',(#9521),#10016,.T.);
#10378=ADVANCED_FACE('',(#9522),#10017,.T.);
#10379=ADVANCED_FACE('',(#9523),#10018,.F.);
#10380=ADVANCED_FACE('',(#9524),#10019,.F.);
#10381=ADVANCED_FACE('',(#9525),#10020,.T.);
#10382=ADVANCED_FACE('',(#9526),#10021,.T.);
#10383=ADVANCED_FACE('',(#9527),#10022,.T.);
#10384=ADVANCED_FACE('',(#9528),#10023,.T.);
#10385=ADVANCED_FACE('',(#9529),#10024,.F.);
#10386=ADVANCED_FACE('',(#9530),#10025,.F.);
#10387=ADVANCED_FACE('',(#9531),#10026,.T.);
#10388=ADVANCED_FACE('',(#9532),#10027,.T.);
#10389=ADVANCED_FACE('',(#9533),#118,.F.);
#10390=ADVANCED_FACE('',(#9534),#119,.F.);
#10391=ADVANCED_FACE('',(#9535),#10028,.F.);
#10392=ADVANCED_FACE('',(#9536),#120,.F.);
#10393=ADVANCED_FACE('',(#9537),#121,.F.);
#10394=ADVANCED_FACE('',(#9538),#122,.F.);
#10395=ADVANCED_FACE('',(#9539),#123,.F.);
#10396=ADVANCED_FACE('',(#9540),#10029,.F.);
#10397=ADVANCED_FACE('',(#9541,#9542),#10030,.T.);
#10398=ADVANCED_FACE('',(#9543),#10031,.T.);
#10399=ADVANCED_FACE('',(#9544,#9545),#10032,.T.);
#10400=ADVANCED_FACE('',(#9546,#9547),#124,.F.);
#10401=ADVANCED_FACE('',(#9548),#10033,.T.);
#10402=ADVANCED_FACE('',(#9549),#10034,.F.);
#10403=ADVANCED_FACE('',(#9550),#10035,.F.);
#10404=ADVANCED_FACE('',(#9551),#10036,.T.);
#10405=ADVANCED_FACE('',(#9552),#10037,.F.);
#10406=ADVANCED_FACE('',(#9553),#125,.F.);
#10407=ADVANCED_FACE('',(#9554),#126,.F.);
#10408=ADVANCED_FACE('',(#9555),#127,.F.);
#10409=ADVANCED_FACE('',(#9556),#128,.F.);
#10410=ADVANCED_FACE('',(#9557),#129,.F.);
#10411=ADVANCED_FACE('',(#9558),#130,.T.);
#10412=ADVANCED_FACE('',(#9559),#131,.T.);
#10413=ADVANCED_FACE('',(#9560),#132,.T.);
#10414=ADVANCED_FACE('',(#9561),#133,.T.);
#10415=ADVANCED_FACE('',(#9562),#134,.F.);
#10416=ADVANCED_FACE('',(#9563),#135,.F.);
#10417=ADVANCED_FACE('',(#9564),#136,.F.);
#10418=ADVANCED_FACE('',(#9565),#137,.F.);
#10419=ADVANCED_FACE('',(#9566),#138,.F.);
#10420=ADVANCED_FACE('',(#9567),#139,.F.);
#10421=ADVANCED_FACE('',(#9568),#140,.F.);
#10422=ADVANCED_FACE('',(#9569),#141,.F.);
#10423=ADVANCED_FACE('',(#9570),#142,.T.);
#10424=ADVANCED_FACE('',(#9571),#143,.T.);
#10425=ADVANCED_FACE('',(#9572),#144,.T.);
#10426=ADVANCED_FACE('',(#9573),#145,.T.);
#10427=ADVANCED_FACE('',(#9574),#10038,.T.);
#10428=ADVANCED_FACE('',(#9575),#10039,.F.);
#10429=ADVANCED_FACE('',(#9576),#10040,.F.);
#10430=ADVANCED_FACE('',(#9577),#10041,.F.);
#10431=ADVANCED_FACE('',(#9578),#10042,.T.);
#10432=ADVANCED_FACE('',(#9579),#146,.T.);
#10433=ADVANCED_FACE('',(#9580),#10043,.F.);
#10434=ADVANCED_FACE('',(#9581),#147,.T.);
#10435=ADVANCED_FACE('',(#9582),#148,.T.);
#10436=ADVANCED_FACE('',(#9583),#10044,.F.);
#10437=ADVANCED_FACE('',(#9584),#10045,.F.);
#10438=ADVANCED_FACE('',(#9585),#149,.F.);
#10439=ADVANCED_FACE('',(#9586),#150,.F.);
#10440=ADVANCED_FACE('',(#9587),#151,.F.);
#10441=ADVANCED_FACE('',(#9588),#152,.F.);
#10442=ADVANCED_FACE('',(#9589),#153,.F.);
#10443=ADVANCED_FACE('',(#9590),#154,.F.);
#10444=ADVANCED_FACE('',(#9591),#155,.F.);
#10445=ADVANCED_FACE('',(#9592),#156,.F.);
#10446=ADVANCED_FACE('',(#9593),#157,.T.);
#10447=ADVANCED_FACE('',(#9594),#158,.T.);
#10448=ADVANCED_FACE('',(#9595),#159,.T.);
#10449=ADVANCED_FACE('',(#9596),#160,.T.);
#10450=ADVANCED_FACE('',(#9597),#161,.F.);
#10451=ADVANCED_FACE('',(#9598),#10046,.F.);
#10452=ADVANCED_FACE('',(#9599),#162,.T.);
#10453=ADVANCED_FACE('',(#9600),#163,.T.);
#10454=ADVANCED_FACE('',(#9601),#164,.T.);
#10455=ADVANCED_FACE('',(#9602),#165,.T.);
#10456=ADVANCED_FACE('',(#9603),#166,.T.);
#10457=ADVANCED_FACE('',(#9604),#167,.T.);
#10458=ADVANCED_FACE('',(#9605),#10047,.F.);
#10459=ADVANCED_FACE('',(#9606),#10048,.F.);
#10460=ADVANCED_FACE('',(#9607),#168,.T.);
#10461=ADVANCED_FACE('',(#9608),#169,.T.);
#10462=ADVANCED_FACE('',(#9609),#170,.T.);
#10463=ADVANCED_FACE('',(#9610),#171,.F.);
#10464=ADVANCED_FACE('',(#9611),#10049,.T.);
#10465=ADVANCED_FACE('',(#9612),#10050,.F.);
#10466=ADVANCED_FACE('',(#9613),#10051,.F.);
#10467=ADVANCED_FACE('',(#9614),#10052,.F.);
#10468=ADVANCED_FACE('',(#9615),#10053,.T.);
#10469=ADVANCED_FACE('',(#9616),#10054,.F.);
#10470=ADVANCED_FACE('',(#9617),#172,.T.);
#10471=ADVANCED_FACE('',(#9618),#173,.F.);
#10472=ADVANCED_FACE('',(#9619),#10055,.F.);
#10473=ADVANCED_FACE('',(#9620),#174,.T.);
#10474=ADVANCED_FACE('',(#9621),#175,.T.);
#10475=ADVANCED_FACE('',(#9622),#176,.T.);
#10476=ADVANCED_FACE('',(#9623),#177,.T.);
#10477=ADVANCED_FACE('',(#9624),#178,.T.);
#10478=ADVANCED_FACE('',(#9625),#179,.T.);
#10479=ADVANCED_FACE('',(#9626),#180,.T.);
#10480=ADVANCED_FACE('',(#9627),#10056,.F.);
#10481=ADVANCED_FACE('',(#9628),#10057,.F.);
#10482=ADVANCED_FACE('',(#9629),#181,.F.);
#10483=ADVANCED_FACE('',(#9630),#182,.F.);
#10484=ADVANCED_FACE('',(#9631),#183,.F.);
#10485=ADVANCED_FACE('',(#9632),#184,.F.);
#10486=ADVANCED_FACE('',(#9633),#185,.F.);
#10487=ADVANCED_FACE('',(#9634),#10058,.F.);
#10488=ADVANCED_FACE('',(#9635),#186,.F.);
#10489=ADVANCED_FACE('',(#9636),#187,.F.);
#10490=ADVANCED_FACE('',(#9637),#188,.F.);
#10491=ADVANCED_FACE('',(#9638),#189,.F.);
#10492=ADVANCED_FACE('',(#9639),#190,.T.);
#10493=ADVANCED_FACE('',(#9640),#191,.T.);
#10494=ADVANCED_FACE('',(#9641),#192,.T.);
#10495=ADVANCED_FACE('',(#9642),#193,.T.);
#10496=ADVANCED_FACE('',(#9643),#10059,.F.);
#10497=ADVANCED_FACE('',(#9644),#10060,.F.);
#10498=ADVANCED_FACE('',(#9645),#10061,.F.);
#10499=ADVANCED_FACE('',(#9646),#194,.F.);
#10500=ADVANCED_FACE('',(#9647),#195,.F.);
#10501=ADVANCED_FACE('',(#9648),#196,.F.);
#10502=ADVANCED_FACE('',(#9649),#197,.F.);
#10503=ADVANCED_FACE('',(#9650),#198,.F.);
#10504=ADVANCED_FACE('',(#9651),#199,.F.);
#10505=ADVANCED_FACE('',(#9652),#200,.F.);
#10506=ADVANCED_FACE('',(#9653),#201,.F.);
#10507=ADVANCED_FACE('',(#9654),#10062,.F.);
#10508=ADVANCED_FACE('',(#9655),#10063,.F.);
#10509=ADVANCED_FACE('',(#9656),#10064,.F.);
#10510=ADVANCED_FACE('',(#9657),#10065,.T.);
#10511=ADVANCED_FACE('',(#9658),#10066,.F.);
#10512=ADVANCED_FACE('',(#9659),#202,.F.);
#10513=ADVANCED_FACE('',(#9660),#10067,.F.);
#10514=ADVANCED_FACE('',(#9661),#10068,.F.);
#10515=ADVANCED_FACE('',(#9662),#203,.F.);
#10516=ADVANCED_FACE('',(#9663),#204,.F.);
#10517=ADVANCED_FACE('',(#9664),#205,.F.);
#10518=ADVANCED_FACE('',(#9665),#206,.F.);
#10519=ADVANCED_FACE('',(#9666),#207,.T.);
#10520=ADVANCED_FACE('',(#9667),#208,.T.);
#10521=ADVANCED_FACE('',(#9668),#209,.T.);
#10522=ADVANCED_FACE('',(#9669),#210,.T.);
#10523=ADVANCED_FACE('',(#9670),#211,.F.);
#10524=ADVANCED_FACE('',(#9671),#212,.F.);
#10525=ADVANCED_FACE('',(#9672),#213,.F.);
#10526=ADVANCED_FACE('',(#9673),#214,.F.);
#10527=ADVANCED_FACE('',(#9674),#215,.F.);
#10528=ADVANCED_FACE('',(#9675),#216,.T.);
#10529=ADVANCED_FACE('',(#9676),#217,.T.);
#10530=ADVANCED_FACE('',(#9677),#218,.T.);
#10531=ADVANCED_FACE('',(#9678),#219,.T.);
#10532=ADVANCED_FACE('',(#9679),#10069,.T.);
#10533=ADVANCED_FACE('',(#9680),#10070,.F.);
#10534=ADVANCED_FACE('',(#9681),#220,.T.);
#10535=ADVANCED_FACE('',(#9682),#10071,.F.);
#10536=ADVANCED_FACE('',(#9683),#10072,.F.);
#10537=ADVANCED_FACE('',(#9684),#221,.F.);
#10538=ADVANCED_FACE('',(#9685),#222,.F.);
#10539=ADVANCED_FACE('',(#9686),#223,.F.);
#10540=ADVANCED_FACE('',(#9687),#224,.F.);
#10541=ADVANCED_FACE('',(#9688),#225,.T.);
#10542=ADVANCED_FACE('',(#9689),#226,.T.);
#10543=ADVANCED_FACE('',(#9690),#227,.T.);
#10544=ADVANCED_FACE('',(#9691),#10073,.T.);
#10545=ADVANCED_FACE('',(#9692),#228,.F.);
#10546=ADVANCED_FACE('',(#9693),#229,.T.);
#10547=ADVANCED_FACE('',(#9694),#230,.T.);
#10548=ADVANCED_FACE('',(#9695),#10074,.F.);
#10549=ADVANCED_FACE('',(#9696),#10075,.F.);
#10550=ADVANCED_FACE('',(#9697),#10076,.F.);
#10551=ADVANCED_FACE('',(#9698),#231,.T.);
#10552=ADVANCED_FACE('',(#9699),#232,.T.);
#10553=ADVANCED_FACE('',(#9700),#233,.T.);
#10554=ADVANCED_FACE('',(#9701),#234,.T.);
#10555=ADVANCED_FACE('',(#9702),#235,.T.);
#10556=ADVANCED_FACE('',(#9703),#236,.T.);
#10557=ADVANCED_FACE('',(#9704),#237,.T.);
#10558=ADVANCED_FACE('',(#9705),#238,.T.);
#10559=ADVANCED_FACE('',(#9706),#239,.F.);
#10560=ADVANCED_FACE('',(#9707),#240,.T.);
#10561=ADVANCED_FACE('',(#9708),#10077,.F.);
#10562=ADVANCED_FACE('',(#9709),#10078,.F.);
#10563=ADVANCED_FACE('',(#9710),#241,.F.);
#10564=ADVANCED_FACE('',(#9711),#10079,.T.);
#10565=ADVANCED_FACE('',(#9712),#10080,.F.);
#10566=ADVANCED_FACE('',(#9713),#10081,.F.);
#10567=ADVANCED_FACE('',(#9714),#10082,.F.);
#10568=ADVANCED_FACE('',(#9715),#10083,.F.);
#10569=ADVANCED_FACE('',(#9716),#242,.F.);
#10570=ADVANCED_FACE('',(#9717),#243,.F.);
#10571=ADVANCED_FACE('',(#9718),#244,.F.);
#10572=ADVANCED_FACE('',(#9719),#245,.F.);
#10573=ADVANCED_FACE('',(#9720),#246,.F.);
#10574=ADVANCED_FACE('',(#9721),#247,.F.);
#10575=ADVANCED_FACE('',(#9722),#248,.F.);
#10576=ADVANCED_FACE('',(#9723),#249,.F.);
#10577=ADVANCED_FACE('',(#9724),#10084,.F.);
#10578=ADVANCED_FACE('',(#9725),#10085,.F.);
#10579=ADVANCED_FACE('',(#9726),#10086,.F.);
#10580=ADVANCED_FACE('',(#9727),#10087,.T.);
#10581=ADVANCED_FACE('',(#9728),#250,.T.);
#10582=ADVANCED_FACE('',(#9729),#251,.T.);
#10583=ADVANCED_FACE('',(#9730),#252,.F.);
#10584=ADVANCED_FACE('',(#9731),#253,.F.);
#10585=ADVANCED_FACE('',(#9732),#254,.T.);
#10586=ADVANCED_FACE('',(#9733),#255,.T.);
#10587=ADVANCED_FACE('',(#9734),#256,.T.);
#10588=ADVANCED_FACE('',(#9735),#257,.T.);
#10589=ADVANCED_FACE('',(#9736),#258,.T.);
#10590=ADVANCED_FACE('',(#9737),#259,.T.);
#10591=ADVANCED_FACE('',(#9738),#260,.T.);
#10592=ADVANCED_FACE('',(#9739),#261,.T.);
#10593=ADVANCED_FACE('',(#9740),#262,.T.);
#10594=ADVANCED_FACE('',(#9741),#263,.T.);
#10595=ADVANCED_FACE('',(#9742),#264,.T.);
#10596=ADVANCED_FACE('',(#9743),#265,.T.);
#10597=ADVANCED_FACE('',(#9744),#266,.T.);
#10598=ADVANCED_FACE('',(#9745),#267,.T.);
#10599=ADVANCED_FACE('',(#9746),#268,.T.);
#10600=ADVANCED_FACE('',(#9747),#269,.T.);
#10601=ADVANCED_FACE('',(#9748),#270,.F.);
#10602=ADVANCED_FACE('',(#9749),#271,.F.);
#10603=ADVANCED_FACE('',(#9750),#272,.F.);
#10604=ADVANCED_FACE('',(#9751),#273,.F.);
#10605=ADVANCED_FACE('',(#9752),#274,.F.);
#10606=ADVANCED_FACE('',(#9753),#275,.F.);
#10607=ADVANCED_FACE('',(#9754),#276,.F.);
#10608=ADVANCED_FACE('',(#9755),#277,.F.);
#10609=ADVANCED_FACE('',(#9756),#278,.F.);
#10610=ADVANCED_FACE('',(#9757),#279,.F.);
#10611=ADVANCED_FACE('',(#9758),#280,.F.);
#10612=ADVANCED_FACE('',(#9759),#281,.F.);
#10613=ADVANCED_FACE('',(#9760),#282,.T.);
#10614=ADVANCED_FACE('',(#9761),#10088,.F.);
#10615=ADVANCED_FACE('',(#9762),#10089,.F.);
#10616=ADVANCED_FACE('',(#9763),#10090,.F.);
#10617=ADVANCED_FACE('',(#9764),#10091,.F.);
#10618=ADVANCED_FACE('',(#9765),#10092,.T.);
#10619=ADVANCED_FACE('',(#9766),#10093,.F.);
#10620=ADVANCED_FACE('',(#9767),#10094,.F.);
#10621=ADVANCED_FACE('',(#9768),#10095,.F.);
#10622=ADVANCED_FACE('',(#9769),#10096,.F.);
#10623=ADVANCED_FACE('',(#9770),#10097,.F.);
#10624=ADVANCED_FACE('',(#9771),#10098,.F.);
#10625=ADVANCED_FACE('',(#9772),#10099,.F.);
#10626=ADVANCED_FACE('',(#9773),#10100,.F.);
#10627=ADVANCED_FACE('',(#9774),#10101,.F.);
#10628=ADVANCED_FACE('',(#9775),#10102,.F.);
#10629=ADVANCED_FACE('',(#9776),#10103,.F.);
#10630=ADVANCED_FACE('',(#9777),#10104,.F.);
#10631=ADVANCED_FACE('',(#9778),#10105,.F.);
#10632=ADVANCED_FACE('',(#9779),#10106,.F.);
#10633=ADVANCED_FACE('',(#9780),#10107,.F.);
#10634=ADVANCED_FACE('',(#9781),#10108,.F.);
#10635=ADVANCED_FACE('',(#9782),#10109,.F.);
#10636=ADVANCED_FACE('',(#9783),#59,.F.);
#10637=ADVANCED_FACE('',(#9784),#60,.F.);
#10638=ADVANCED_FACE('',(#9785),#283,.F.);
#10639=ADVANCED_FACE('',(#9786),#10110,.F.);
#10640=ADVANCED_FACE('',(#9787),#10111,.F.);
#10641=ADVANCED_FACE('',(#9788),#10112,.F.);
#10642=ADVANCED_FACE('',(#9789),#10113,.F.);
#10643=ADVANCED_FACE('',(#9790),#10114,.F.);
#10644=ADVANCED_FACE('',(#9791),#10115,.F.);
#10645=ADVANCED_FACE('',(#9792),#10116,.F.);
#10646=ADVANCED_FACE('',(#9793),#10117,.F.);
#10647=ADVANCED_FACE('',(#9794),#284,.F.);
#10648=ADVANCED_FACE('',(#9795),#10118,.F.);
#10649=ADVANCED_FACE('',(#9796),#10119,.F.);
#10650=ADVANCED_FACE('',(#9797),#10120,.F.);
#10651=ADVANCED_FACE('',(#9798),#285,.F.);
#10652=ADVANCED_FACE('',(#9799),#10121,.F.);
#10653=ADVANCED_FACE('',(#9800),#286,.T.);
#10654=ADVANCED_FACE('',(#9801),#10122,.F.);
#10655=ADVANCED_FACE('',(#9802),#10123,.F.);
#10656=ADVANCED_FACE('',(#9803),#10124,.F.);
#10657=ADVANCED_FACE('',(#9804),#10125,.F.);
#10658=ADVANCED_FACE('',(#9805),#10126,.F.);
#10659=ADVANCED_FACE('',(#9806),#287,.T.);
#10660=ADVANCED_FACE('',(#9807,#9808,#9809,#9810),#10127,.T.);
#10661=ADVANCED_FACE('',(#9811),#10128,.T.);
#10662=ADVANCED_FACE('',(#9812),#10129,.T.);
#10663=ADVANCED_FACE('',(#9813),#10130,.F.);
#10664=ADVANCED_FACE('',(#9814),#61,.F.);
#10665=ADVANCED_FACE('',(#9815),#10131,.F.);
#10666=ADVANCED_FACE('',(#9816),#10132,.F.);
#10667=ADVANCED_FACE('',(#9817),#10133,.F.);
#10668=ADVANCED_FACE('',(#9818),#10134,.F.);
#10669=ADVANCED_FACE('',(#9819),#10135,.F.);
#10670=ADVANCED_FACE('',(#9820),#10136,.F.);
#10671=ADVANCED_FACE('',(#9821),#288,.F.);
#10672=ADVANCED_FACE('',(#9822),#62,.F.);
#10673=ADVANCED_FACE('',(#9823),#63,.F.);
#10674=ADVANCED_FACE('',(#9824),#64,.F.);
#10675=ADVANCED_FACE('',(#9825),#289,.F.);
#10676=ADVANCED_FACE('',(#9826),#65,.F.);
#10677=ADVANCED_FACE('',(#9827),#66,.F.);
#10678=ADVANCED_FACE('',(#9828),#67,.F.);
#10679=ADVANCED_FACE('',(#9829),#68,.F.);
#10680=ADVANCED_FACE('',(#9830,#9831),#10137,.T.);
#10681=ADVANCED_FACE('',(#9832),#10138,.F.);
#10682=ADVANCED_FACE('',(#9833),#10139,.F.);
#10683=ADVANCED_FACE('',(#9834),#10140,.F.);
#10684=ADVANCED_FACE('',(#9835),#10141,.F.);
#10685=ADVANCED_FACE('',(#9836),#10142,.F.);
#10686=ADVANCED_FACE('',(#9837),#10143,.F.);
#10687=ADVANCED_FACE('',(#9838),#10144,.F.);
#10688=ADVANCED_FACE('',(#9839),#10145,.F.);
#10689=ADVANCED_FACE('',(#9840),#10146,.T.);
#10690=ADVANCED_FACE('',(#9841),#10147,.F.);
#10691=ADVANCED_FACE('',(#9842),#10148,.F.);
#10692=ADVANCED_FACE('',(#9843),#10149,.F.);
#10693=ADVANCED_FACE('',(#9844),#10150,.F.);
#10694=ADVANCED_FACE('',(#9845),#10151,.T.);
#10695=ADVANCED_FACE('',(#9846),#10152,.F.);
#10696=ADVANCED_FACE('',(#9847),#69,.F.);
#10697=ADVANCED_FACE('',(#9848),#10153,.F.);
#10698=ADVANCED_FACE('',(#9849),#70,.F.);
#10699=ADVANCED_FACE('',(#9850),#10154,.T.);
#10700=ADVANCED_FACE('',(#9851),#10155,.F.);
#10701=ADVANCED_FACE('',(#9852),#10156,.F.);
#10702=ADVANCED_FACE('',(#9853),#10157,.F.);
#10703=ADVANCED_FACE('',(#9854),#71,.F.);
#10704=ADVANCED_FACE('',(#9855),#290,.T.);
#10705=ADVANCED_FACE('',(#9856),#72,.F.);
#10706=ADVANCED_FACE('',(#9857),#10158,.T.);
#10707=ADVANCED_FACE('',(#9858),#10159,.T.);
#10708=ADVANCED_FACE('',(#9859),#10160,.T.);
#10709=ADVANCED_FACE('',(#9860),#73,.F.);
#10710=ADVANCED_FACE('',(#9861),#74,.T.);
#10711=ADVANCED_FACE('',(#9862),#10161,.T.);
#10712=ADVANCED_FACE('',(#9863),#75,.F.);
#10713=ADVANCED_FACE('',(#9864),#76,.T.);
#10714=ADVANCED_FACE('',(#9865),#10162,.T.);
#10715=ADVANCED_FACE('',(#9866),#77,.F.);
#10716=ADVANCED_FACE('',(#9867),#78,.T.);
#10717=ADVANCED_FACE('',(#9868),#10163,.T.);
#10718=ADVANCED_FACE('',(#9869),#79,.F.);
#10719=ADVANCED_FACE('',(#9870),#80,.T.);
#10720=ADVANCED_FACE('',(#9871),#10164,.T.);
#10721=ADVANCED_FACE('',(#9872),#81,.F.);
#10722=ADVANCED_FACE('',(#9873),#82,.T.);
#10723=ADVANCED_FACE('',(#9874),#10165,.T.);
#10724=ADVANCED_FACE('',(#9875),#83,.F.);
#10725=ADVANCED_FACE('',(#9876),#84,.T.);
#10726=ADVANCED_FACE('',(#9877),#10166,.T.);
#10727=ADVANCED_FACE('',(#9878),#85,.F.);
#10728=ADVANCED_FACE('',(#9879),#86,.T.);
#10729=ADVANCED_FACE('',(#9880),#10167,.T.);
#10730=ADVANCED_FACE('',(#9881),#87,.F.);
#10731=ADVANCED_FACE('',(#9882),#88,.T.);
#10732=ADVANCED_FACE('',(#9883),#10168,.T.);
#10733=ADVANCED_FACE('',(#9884),#10169,.F.);
#10734=ADVANCED_FACE('',(#9885),#10170,.F.);
#10735=ADVANCED_FACE('',(#9886),#10171,.T.);
#10736=ADVANCED_FACE('',(#9887),#10172,.T.);
#10737=ADVANCED_FACE('',(#9888),#10173,.F.);
#10738=ADVANCED_FACE('',(#9889),#10174,.T.);
#10739=ADVANCED_FACE('',(#9890),#10175,.F.);
#10740=ADVANCED_FACE('',(#9891),#10176,.T.);
#10741=ADVANCED_FACE('',(#9892),#10177,.F.);
#10742=ADVANCED_FACE('',(#9893),#10178,.F.);
#10743=ADVANCED_FACE('',(#9894),#10179,.T.);
#10744=ADVANCED_FACE('',(#9895),#10180,.T.);
#10745=ADVANCED_FACE('',(#9896),#10181,.F.);
#10746=ADVANCED_FACE('',(#9897),#10182,.T.);
#10747=ADVANCED_FACE('',(#9898),#10183,.F.);
#10748=ADVANCED_FACE('',(#9899),#10184,.T.);
#10749=ADVANCED_FACE('',(#9900),#10185,.T.);
#10750=ADVANCED_FACE('',(#9901),#10186,.F.);
#10751=ADVANCED_FACE('',(#9902),#10187,.T.);
#10752=ADVANCED_FACE('',(#9903),#10188,.T.);
#10753=ADVANCED_FACE('',(#9904),#10189,.F.);
#10754=ADVANCED_FACE('',(#9905),#10190,.T.);
#10755=ADVANCED_FACE('',(#9906),#10191,.T.);
#10756=CLOSED_SHELL('',(#10192,#10193,#10194,#10195,#10196,#10197,#10198,
#10199,#10200,#10201,#10202,#10203,#10204,#10205,#10206,#10207,#10208,#10209,
#10210,#10211,#10212,#10213,#10214,#10215,#10216,#10217,#10218,#10219,#10220,
#10221,#10222,#10223,#10224,#10225,#10226,#10227,#10228,#10229,#10230,#10231,
#10232,#10233,#10234,#10235,#10236,#10237,#10238,#10239,#10240,#10241,#10242,
#10243,#10244,#10245,#10246,#10247,#10248,#10249,#10250,#10251,#10252,#10253,
#10254,#10255,#10256,#10257,#10258,#10259,#10260,#10261,#10262,#10263,#10264,
#10265,#10266,#10267,#10268,#10269,#10270,#10271,#10272,#10273,#10274,#10275,
#10276,#10277,#10278,#10279,#10280,#10281,#10282,#10283,#10284,#10285,#10286,
#10287,#10288,#10289,#10290,#10291,#10292,#10293,#10294,#10295,#10296,#10297,
#10298,#10299,#10300,#10301,#10302,#10303,#10304,#10305,#10306,#10307,#10308,
#10309,#10310,#10311,#10312,#10313,#10314,#10315,#10316,#10317,#10318,#10319,
#10320,#10321,#10322,#10323,#10324,#10325,#10326,#10327,#10328,#10329,#10330,
#10331,#10332,#10333,#10334,#10335,#10336,#10337,#10338,#10339,#10340,#10341,
#10342,#10343,#10344,#10345,#10346,#10347,#10348,#10349,#10350,#10351,#10352,
#10353,#10354,#10355,#10356,#10357,#10358,#10359,#10360,#10361,#10362,#10363,
#10364,#10365,#10366,#10367,#10368,#10369,#10370,#10371,#10372,#10373,#10374,
#10375,#10376,#10377,#10378,#10379,#10380,#10381,#10382,#10383,#10384,#10385,
#10386,#10387,#10388,#10389,#10390,#10391,#10392,#10393,#10394,#10395,#10396,
#10397,#10398,#10399,#10400,#10401,#10402,#10403,#10404,#10405,#10406,#10407,
#10408,#10409,#10410,#10411,#10412,#10413,#10414,#10415,#10416,#10417,#10418,
#10419,#10420,#10421,#10422,#10423,#10424,#10425,#10426,#10427,#10428,#10429,
#10430,#10431,#10432,#10433,#10434,#10435,#10436,#10437,#10438,#10439,#10440,
#10441,#10442,#10443,#10444,#10445,#10446,#10447,#10448,#10449,#10450,#10451,
#10452,#10453,#10454,#10455,#10456,#10457,#10458,#10459,#10460,#10461,#10462,
#10463,#10464,#10465,#10466,#10467,#10468,#10469,#10470,#10471,#10472,#10473,
#10474,#10475,#10476,#10477,#10478,#10479,#10480,#10481,#10482,#10483,#10484,
#10485,#10486,#10487,#10488,#10489,#10490,#10491,#10492,#10493,#10494,#10495,
#10496,#10497,#10498,#10499,#10500,#10501,#10502,#10503,#10504,#10505,#10506,
#10507,#10508,#10509,#10510,#10511,#10512,#10513,#10514,#10515,#10516,#10517,
#10518,#10519,#10520,#10521,#10522,#10523,#10524,#10525,#10526,#10527,#10528,
#10529,#10530,#10531,#10532,#10533,#10534,#10535,#10536,#10537,#10538,#10539,
#10540,#10541,#10542,#10543,#10544,#10545,#10546,#10547,#10548,#10549,#10550,
#10551,#10552,#10553,#10554,#10555,#10556,#10557,#10558,#10559,#10560,#10561,
#10562,#10563,#10564,#10565,#10566,#10567,#10568,#10569,#10570,#10571,#10572,
#10573,#10574,#10575,#10576,#10577,#10578,#10579,#10580,#10581,#10582,#10583,
#10584,#10585,#10586,#10587,#10588,#10589,#10590,#10591,#10592,#10593,#10594,
#10595,#10596,#10597,#10598,#10599,#10600,#10601,#10602,#10603,#10604,#10605,
#10606,#10607,#10608,#10609,#10610,#10611,#10612,#10613,#10614,#10615,#10616,
#10617,#10618,#10619,#10620,#10621,#10622,#10623,#10624,#10625,#10626,#10627,
#10628,#10629,#10630,#10631,#10632,#10633,#10634,#10635,#10636,#10637,#10638,
#10639,#10640,#10641,#10642,#10643,#10644,#10645,#10646,#10647,#10648,#10649,
#10650,#10651,#10652,#10653,#10654,#10655,#10656,#10657,#10658,#10659,#10660,
#10661,#10662,#10663,#10664,#10665,#10666,#10667,#10668,#10669,#10670,#10671,
#10672,#10673,#10674,#10675,#10676,#10677,#10678,#10679,#10680,#10681,#10682,
#10683,#10684,#10685,#10686,#10687,#10688,#10689,#10690,#10691,#10692,#10693,
#10694,#10695,#10696,#10697,#10698,#10699,#10700,#10701,#10702,#10703,#10704,
#10705,#10706,#10707,#10708,#10709,#10710,#10711,#10712,#10713,#10714,#10715,
#10716,#10717,#10718,#10719,#10720,#10721,#10722,#10723,#10724,#10725,#10726,
#10727,#10728,#10729,#10730,#10731,#10732,#10733,#10734,#10735,#10736,#10737,
#10738,#10739,#10740,#10741,#10742,#10743,#10744,#10745,#10746,#10747,#10748,
#10749,#10750,#10751,#10752,#10753,#10754,#10755));
#10757=STYLED_ITEM('',(#10758),#10765);
#10758=PRESENTATION_STYLE_ASSIGNMENT((#10759));
#10759=SURFACE_STYLE_USAGE(.BOTH.,#10760);
#10760=SURFACE_SIDE_STYLE('',(#10761));
#10761=SURFACE_STYLE_FILL_AREA(#10762);
#10762=FILL_AREA_STYLE('',(#10763));
#10763=FILL_AREA_STYLE_COLOUR('',#10764);
#10764=COLOUR_RGB('',0.219607843137255,0.392156862745098,0.419607843137255);
#10765=MANIFOLD_SOLID_BREP('Aligner',#10756);
#10766=SHAPE_DEFINITION_REPRESENTATION(#18990,#10767);
#10767=SHAPE_REPRESENTATION('Aligner',(#10768),#18985);
#10768=AXIS2_PLACEMENT_3D('',#14482,#11670,#11671);
#10769=AXIS2_PLACEMENT_3D('',#14483,#11672,#11673);
#10770=AXIS2_PLACEMENT_3D('',#14484,#11674,#11675);
#10771=AXIS2_PLACEMENT_3D('',#14486,#11676,#11677);
#10772=AXIS2_PLACEMENT_3D('',#14488,#11678,#11679);
#10773=AXIS2_PLACEMENT_3D('',#14490,#11680,#11681);
#10774=AXIS2_PLACEMENT_3D('',#14708,#11749,#11750);
#10775=AXIS2_PLACEMENT_3D('',#14714,#11754,#11755);
#10776=AXIS2_PLACEMENT_3D('',#14720,#11759,#11760);
#10777=AXIS2_PLACEMENT_3D('',#14788,#11764,#11765);
#10778=AXIS2_PLACEMENT_3D('',#14864,#11791,#11792);
#10779=AXIS2_PLACEMENT_3D('',#14912,#11794,#11795);
#10780=AXIS2_PLACEMENT_3D('',#14918,#11796,#11797);
#10781=AXIS2_PLACEMENT_3D('',#14950,#11802,#11803);
#10782=AXIS2_PLACEMENT_3D('',#14961,#11807,#11808);
#10783=AXIS2_PLACEMENT_3D('',#14973,#11812,#11813);
#10784=AXIS2_PLACEMENT_3D('',#14979,#11817,#11818);
#10785=AXIS2_PLACEMENT_3D('',#14989,#11821,#11822);
#10786=AXIS2_PLACEMENT_3D('',#15003,#11824,#11825);
#10787=AXIS2_PLACEMENT_3D('',#15019,#11827,#11828);
#10788=AXIS2_PLACEMENT_3D('',#15035,#11830,#11831);
#10789=AXIS2_PLACEMENT_3D('',#15051,#11833,#11834);
#10790=AXIS2_PLACEMENT_3D('',#15067,#11836,#11837);
#10791=AXIS2_PLACEMENT_3D('',#15081,#11841,#11842);
#10792=AXIS2_PLACEMENT_3D('',#15085,#11844,#11845);
#10793=AXIS2_PLACEMENT_3D('',#15093,#11849,#11850);
#10794=AXIS2_PLACEMENT_3D('',#15111,#11859,#11860);
#10795=AXIS2_PLACEMENT_3D('',#15154,#11871,#11872);
#10796=AXIS2_PLACEMENT_3D('',#15220,#11890,#11891);
#10797=AXIS2_PLACEMENT_3D('',#15237,#11892,#11893);
#10798=AXIS2_PLACEMENT_3D('',#15256,#11903,#11904);
#10799=AXIS2_PLACEMENT_3D('',#15272,#11906,#11907);
#10800=AXIS2_PLACEMENT_3D('',#15288,#11909,#11910);
#10801=AXIS2_PLACEMENT_3D('',#15302,#11912,#11913);
#10802=AXIS2_PLACEMENT_3D('',#15329,#11922,#11923);
#10803=AXIS2_PLACEMENT_3D('',#15331,#11924,#11925);
#10804=AXIS2_PLACEMENT_3D('',#15333,#11926,#11927);
#10805=AXIS2_PLACEMENT_3D('',#15335,#11928,#11929);
#10806=AXIS2_PLACEMENT_3D('',#15337,#11930,#11931);
#10807=AXIS2_PLACEMENT_3D('',#15339,#11932,#11933);
#10808=AXIS2_PLACEMENT_3D('',#15341,#11934,#11935);
#10809=AXIS2_PLACEMENT_3D('',#15343,#11936,#11937);
#10810=AXIS2_PLACEMENT_3D('',#15349,#11940,#11941);
#10811=AXIS2_PLACEMENT_3D('',#15351,#11942,#11943);
#10812=AXIS2_PLACEMENT_3D('',#15353,#11944,#11945);
#10813=AXIS2_PLACEMENT_3D('',#15355,#11946,#11947);
#10814=AXIS2_PLACEMENT_3D('',#15357,#11948,#11949);
#10815=AXIS2_PLACEMENT_3D('',#15359,#11950,#11951);
#10816=AXIS2_PLACEMENT_3D('',#15361,#11952,#11953);
#10817=AXIS2_PLACEMENT_3D('',#15363,#11954,#11955);
#10818=AXIS2_PLACEMENT_3D('',#15365,#11956,#11957);
#10819=AXIS2_PLACEMENT_3D('',#15367,#11958,#11959);
#10820=AXIS2_PLACEMENT_3D('',#15369,#11960,#11961);
#10821=AXIS2_PLACEMENT_3D('',#15371,#11962,#11963);
#10822=AXIS2_PLACEMENT_3D('',#15373,#11964,#11965);
#10823=AXIS2_PLACEMENT_3D('',#15377,#11967,#11968);
#10824=AXIS2_PLACEMENT_3D('',#15381,#11970,#11971);
#10825=AXIS2_PLACEMENT_3D('',#15383,#11972,#11973);
#10826=AXIS2_PLACEMENT_3D('',#15385,#11974,#11975);
#10827=AXIS2_PLACEMENT_3D('',#15387,#11976,#11977);
#10828=AXIS2_PLACEMENT_3D('',#15389,#11978,#11979);
#10829=AXIS2_PLACEMENT_3D('',#15391,#11980,#11981);
#10830=AXIS2_PLACEMENT_3D('',#15393,#11982,#11983);
#10831=AXIS2_PLACEMENT_3D('',#15395,#11984,#11985);
#10832=AXIS2_PLACEMENT_3D('',#15397,#11986,#11987);
#10833=AXIS2_PLACEMENT_3D('',#15399,#11988,#11989);
#10834=AXIS2_PLACEMENT_3D('',#15401,#11990,#11991);
#10835=AXIS2_PLACEMENT_3D('',#15403,#11992,#11993);
#10836=AXIS2_PLACEMENT_3D('',#15405,#11994,#11995);
#10837=AXIS2_PLACEMENT_3D('',#15407,#11996,#11997);
#10838=AXIS2_PLACEMENT_3D('',#15409,#11998,#11999);
#10839=AXIS2_PLACEMENT_3D('',#15425,#12007,#12008);
#10840=AXIS2_PLACEMENT_3D('',#15427,#12009,#12010);
#10841=AXIS2_PLACEMENT_3D('',#15429,#12011,#12012);
#10842=AXIS2_PLACEMENT_3D('',#15431,#12013,#12014);
#10843=AXIS2_PLACEMENT_3D('',#15433,#12015,#12016);
#10844=AXIS2_PLACEMENT_3D('',#15435,#12017,#12018);
#10845=AXIS2_PLACEMENT_3D('',#15437,#12019,#12020);
#10846=AXIS2_PLACEMENT_3D('',#15439,#12021,#12022);
#10847=AXIS2_PLACEMENT_3D('',#15441,#12023,#12024);
#10848=AXIS2_PLACEMENT_3D('',#15443,#12025,#12026);
#10849=AXIS2_PLACEMENT_3D('',#15445,#12027,#12028);
#10850=AXIS2_PLACEMENT_3D('',#15447,#12029,#12030);
#10851=AXIS2_PLACEMENT_3D('',#15449,#12031,#12032);
#10852=AXIS2_PLACEMENT_3D('',#15451,#12033,#12034);
#10853=AXIS2_PLACEMENT_3D('',#15457,#12037,#12038);
#10854=AXIS2_PLACEMENT_3D('',#15459,#12039,#12040);
#10855=AXIS2_PLACEMENT_3D('',#15461,#12041,#12042);
#10856=AXIS2_PLACEMENT_3D('',#15463,#12043,#12044);
#10857=AXIS2_PLACEMENT_3D('',#15465,#12045,#12046);
#10858=AXIS2_PLACEMENT_3D('',#15467,#12047,#12048);
#10859=AXIS2_PLACEMENT_3D('',#15469,#12049,#12050);
#10860=AXIS2_PLACEMENT_3D('',#15471,#12051,#12052);
#10861=AXIS2_PLACEMENT_3D('',#15479,#12056,#12057);
#10862=AXIS2_PLACEMENT_3D('',#15481,#12058,#12059);
#10863=AXIS2_PLACEMENT_3D('',#15483,#12060,#12061);
#10864=AXIS2_PLACEMENT_3D('',#15485,#12062,#12063);
#10865=AXIS2_PLACEMENT_3D('',#15487,#12064,#12065);
#10866=AXIS2_PLACEMENT_3D('',#15489,#12066,#12067);
#10867=AXIS2_PLACEMENT_3D('',#15491,#12068,#12069);
#10868=AXIS2_PLACEMENT_3D('',#15493,#12070,#12071);
#10869=AXIS2_PLACEMENT_3D('',#15507,#12078,#12079);
#10870=AXIS2_PLACEMENT_3D('',#15509,#12080,#12081);
#10871=AXIS2_PLACEMENT_3D('',#15519,#12086,#12087);
#10872=AXIS2_PLACEMENT_3D('',#15521,#12088,#12089);
#10873=AXIS2_PLACEMENT_3D('',#15523,#12090,#12091);
#10874=AXIS2_PLACEMENT_3D('',#15525,#12092,#12093);
#10875=AXIS2_PLACEMENT_3D('',#15527,#12094,#12095);
#10876=AXIS2_PLACEMENT_3D('',#15529,#12096,#12097);
#10877=AXIS2_PLACEMENT_3D('',#15531,#12098,#12099);
#10878=AXIS2_PLACEMENT_3D('',#15533,#12100,#12101);
#10879=AXIS2_PLACEMENT_3D('',#15535,#12102,#12103);
#10880=AXIS2_PLACEMENT_3D('',#15537,#12104,#12105);
#10881=AXIS2_PLACEMENT_3D('',#15539,#12106,#12107);
#10882=AXIS2_PLACEMENT_3D('',#15541,#12108,#12109);
#10883=AXIS2_PLACEMENT_3D('',#15547,#12112,#12113);
#10884=AXIS2_PLACEMENT_3D('',#15549,#12114,#12115);
#10885=AXIS2_PLACEMENT_3D('',#15551,#12116,#12117);
#10886=AXIS2_PLACEMENT_3D('',#15553,#12118,#12119);
#10887=AXIS2_PLACEMENT_3D('',#15555,#12120,#12121);
#10888=AXIS2_PLACEMENT_3D('',#15557,#12122,#12123);
#10889=AXIS2_PLACEMENT_3D('',#15559,#12124,#12125);
#10890=AXIS2_PLACEMENT_3D('',#15561,#12126,#12127);
#10891=AXIS2_PLACEMENT_3D('',#15581,#12137,#12138);
#10892=AXIS2_PLACEMENT_3D('',#15583,#12139,#12140);
#10893=AXIS2_PLACEMENT_3D('',#15585,#12141,#12142);
#10894=AXIS2_PLACEMENT_3D('',#15587,#12143,#12144);
#10895=AXIS2_PLACEMENT_3D('',#15589,#12145,#12146);
#10896=AXIS2_PLACEMENT_3D('',#15591,#12147,#12148);
#10897=AXIS2_PLACEMENT_3D('',#15593,#12149,#12150);
#10898=AXIS2_PLACEMENT_3D('',#15595,#12151,#12152);
#10899=AXIS2_PLACEMENT_3D('',#15598,#12154,#12155);
#10900=AXIS2_PLACEMENT_3D('',#15599,#12156,#12157);
#10901=AXIS2_PLACEMENT_3D('',#15604,#12159,#12160);
#10902=AXIS2_PLACEMENT_3D('',#15606,#12161,#12162);
#10903=AXIS2_PLACEMENT_3D('',#15608,#12163,#12164);
#10904=AXIS2_PLACEMENT_3D('',#15610,#12165,#12166);
#10905=AXIS2_PLACEMENT_3D('',#15612,#12167,#12168);
#10906=AXIS2_PLACEMENT_3D('',#15614,#12169,#12170);
#10907=AXIS2_PLACEMENT_3D('',#15616,#12171,#12172);
#10908=AXIS2_PLACEMENT_3D('',#15618,#12173,#12174);
#10909=AXIS2_PLACEMENT_3D('',#15620,#12175,#12176);
#10910=AXIS2_PLACEMENT_3D('',#15622,#12177,#12178);
#10911=AXIS2_PLACEMENT_3D('',#15624,#12179,#12180);
#10912=AXIS2_PLACEMENT_3D('',#15629,#12183,#12184);
#10913=AXIS2_PLACEMENT_3D('',#15635,#12187,#12188);
#10914=AXIS2_PLACEMENT_3D('',#15637,#12189,#12190);
#10915=AXIS2_PLACEMENT_3D('',#15639,#12191,#12192);
#10916=AXIS2_PLACEMENT_3D('',#15641,#12193,#12194);
#10917=AXIS2_PLACEMENT_3D('',#15643,#12195,#12196);
#10918=AXIS2_PLACEMENT_3D('',#15645,#12197,#12198);
#10919=AXIS2_PLACEMENT_3D('',#15648,#12200,#12201);
#10920=AXIS2_PLACEMENT_3D('',#15649,#12202,#12203);
#10921=AXIS2_PLACEMENT_3D('',#15654,#12205,#12206);
#10922=AXIS2_PLACEMENT_3D('',#15656,#12207,#12208);
#10923=AXIS2_PLACEMENT_3D('',#15658,#12209,#12210);
#10924=AXIS2_PLACEMENT_3D('',#15660,#12211,#12212);
#10925=AXIS2_PLACEMENT_3D('',#15662,#12213,#12214);
#10926=AXIS2_PLACEMENT_3D('',#15664,#12215,#12216);
#10927=AXIS2_PLACEMENT_3D('',#15670,#12219,#12220);
#10928=AXIS2_PLACEMENT_3D('',#15672,#12221,#12222);
#10929=AXIS2_PLACEMENT_3D('',#15674,#12223,#12224);
#10930=AXIS2_PLACEMENT_3D('',#15676,#12225,#12226);
#10931=AXIS2_PLACEMENT_3D('',#15678,#12227,#12228);
#10932=AXIS2_PLACEMENT_3D('',#15680,#12229,#12230);
#10933=AXIS2_PLACEMENT_3D('',#15682,#12231,#12232);
#10934=AXIS2_PLACEMENT_3D('',#15683,#12233,#12234);
#10935=AXIS2_PLACEMENT_3D('',#15684,#12235,#12236);
#10936=AXIS2_PLACEMENT_3D('',#15687,#12237,#12238);
#10937=AXIS2_PLACEMENT_3D('',#15689,#12239,#12240);
#10938=AXIS2_PLACEMENT_3D('',#15691,#12241,#12242);
#10939=AXIS2_PLACEMENT_3D('',#15693,#12243,#12244);
#10940=AXIS2_PLACEMENT_3D('',#15695,#12245,#12246);
#10941=AXIS2_PLACEMENT_3D('',#15697,#12247,#12248);
#10942=AXIS2_PLACEMENT_3D('',#15699,#12249,#12250);
#10943=AXIS2_PLACEMENT_3D('',#15701,#12251,#12252);
#10944=AXIS2_PLACEMENT_3D('',#15703,#12253,#12254);
#10945=AXIS2_PLACEMENT_3D('',#15705,#12255,#12256);
#10946=AXIS2_PLACEMENT_3D('',#15707,#12257,#12258);
#10947=AXIS2_PLACEMENT_3D('',#15709,#12259,#12260);
#10948=AXIS2_PLACEMENT_3D('',#15711,#12261,#12262);
#10949=AXIS2_PLACEMENT_3D('',#15713,#12263,#12264);
#10950=AXIS2_PLACEMENT_3D('',#15715,#12265,#12266);
#10951=AXIS2_PLACEMENT_3D('',#15717,#12267,#12268);
#10952=AXIS2_PLACEMENT_3D('',#15719,#12269,#12270);
#10953=AXIS2_PLACEMENT_3D('',#15721,#12271,#12272);
#10954=AXIS2_PLACEMENT_3D('',#15724,#12274,#12275);
#10955=AXIS2_PLACEMENT_3D('',#15725,#12276,#12277);
#10956=AXIS2_PLACEMENT_3D('',#15730,#12279,#12280);
#10957=AXIS2_PLACEMENT_3D('',#15732,#12281,#12282);
#10958=AXIS2_PLACEMENT_3D('',#15734,#12283,#12284);
#10959=AXIS2_PLACEMENT_3D('',#15736,#12285,#12286);
#10960=AXIS2_PLACEMENT_3D('',#15742,#12289,#12290);
#10961=AXIS2_PLACEMENT_3D('',#15744,#12291,#12292);
#10962=AXIS2_PLACEMENT_3D('',#15746,#12293,#12294);
#10963=AXIS2_PLACEMENT_3D('',#15748,#12295,#12296);
#10964=AXIS2_PLACEMENT_3D('',#15750,#12297,#12298);
#10965=AXIS2_PLACEMENT_3D('',#15752,#12299,#12300);
#10966=AXIS2_PLACEMENT_3D('',#15753,#12301,#12302);
#10967=AXIS2_PLACEMENT_3D('',#15754,#12303,#12304);
#10968=AXIS2_PLACEMENT_3D('',#15761,#12307,#12308);
#10969=AXIS2_PLACEMENT_3D('',#15778,#12317,#12318);
#10970=AXIS2_PLACEMENT_3D('',#15780,#12319,#12320);
#10971=AXIS2_PLACEMENT_3D('',#15789,#12324,#12325);
#10972=AXIS2_PLACEMENT_3D('',#15793,#12327,#12328);
#10973=AXIS2_PLACEMENT_3D('',#15799,#12331,#12332);
#10974=AXIS2_PLACEMENT_3D('',#15805,#12335,#12336);
#10975=AXIS2_PLACEMENT_3D('',#15809,#12338,#12339);
#10976=AXIS2_PLACEMENT_3D('',#15817,#12343,#12344);
#10977=AXIS2_PLACEMENT_3D('',#15821,#12346,#12347);
#10978=AXIS2_PLACEMENT_3D('',#15829,#12351,#12352);
#10979=AXIS2_PLACEMENT_3D('',#15835,#12355,#12356);
#10980=AXIS2_PLACEMENT_3D('',#15843,#12360,#12361);
#10981=AXIS2_PLACEMENT_3D('',#15847,#12363,#12364);
#10982=AXIS2_PLACEMENT_3D('',#15848,#12365,#12366);
#10983=AXIS2_PLACEMENT_3D('',#15858,#12371,#12372);
#10984=AXIS2_PLACEMENT_3D('',#15860,#12373,#12374);
#10985=AXIS2_PLACEMENT_3D('',#15862,#12375,#12376);
#10986=AXIS2_PLACEMENT_3D('',#15866,#12378,#12379);
#10987=AXIS2_PLACEMENT_3D('',#15870,#12381,#12382);
#10988=AXIS2_PLACEMENT_3D('',#15874,#12384,#12385);
#10989=AXIS2_PLACEMENT_3D('',#15894,#12391,#12392);
#10990=AXIS2_PLACEMENT_3D('',#16114,#12483,#12484);
#10991=AXIS2_PLACEMENT_3D('',#16116,#12485,#12486);
#10992=AXIS2_PLACEMENT_3D('',#16126,#12491,#12492);
#10993=AXIS2_PLACEMENT_3D('',#16128,#12493,#12494);
#10994=AXIS2_PLACEMENT_3D('',#16130,#12495,#12496);
#10995=AXIS2_PLACEMENT_3D('',#16133,#12499,#12500);
#10996=AXIS2_PLACEMENT_3D('',#16135,#12502,#12503);
#10997=AXIS2_PLACEMENT_3D('',#16139,#12505,#12506);
#10998=AXIS2_PLACEMENT_3D('',#16141,#12508,#12509);
#10999=AXIS2_PLACEMENT_3D('',#16145,#12511,#12512);
#11000=AXIS2_PLACEMENT_3D('',#16149,#12514,#12515);
#11001=AXIS2_PLACEMENT_3D('',#16150,#12516,#12517);
#11002=AXIS2_PLACEMENT_3D('',#16151,#12518,#12519);
#11003=AXIS2_PLACEMENT_3D('',#16152,#12520,#12521);
#11004=AXIS2_PLACEMENT_3D('',#16153,#12522,#12523);
#11005=AXIS2_PLACEMENT_3D('',#16154,#12524,#12525);
#11006=AXIS2_PLACEMENT_3D('',#16231,#12526,#12527);
#11007=AXIS2_PLACEMENT_3D('',#16237,#12531,#12532);
#11008=AXIS2_PLACEMENT_3D('',#16238,#12533,#12534);
#11009=AXIS2_PLACEMENT_3D('',#16239,#12535,#12536);
#11010=AXIS2_PLACEMENT_3D('',#16240,#12537,#12538);
#11011=AXIS2_PLACEMENT_3D('',#16243,#12540,#12541);
#11012=AXIS2_PLACEMENT_3D('',#16247,#12544,#12545);
#11013=AXIS2_PLACEMENT_3D('',#16248,#12546,#12547);
#11014=AXIS2_PLACEMENT_3D('',#16251,#12549,#12550);
#11015=AXIS2_PLACEMENT_3D('',#16255,#12553,#12554);
#11016=AXIS2_PLACEMENT_3D('',#16256,#12555,#12556);
#11017=AXIS2_PLACEMENT_3D('',#16257,#12557,#12558);
#11018=AXIS2_PLACEMENT_3D('',#16259,#12560,#12561);
#11019=AXIS2_PLACEMENT_3D('',#16261,#12563,#12564);
#11020=AXIS2_PLACEMENT_3D('',#16263,#12566,#12567);
#11021=AXIS2_PLACEMENT_3D('',#16265,#12569,#12570);
#11022=AXIS2_PLACEMENT_3D('',#16267,#12572,#12573);
#11023=AXIS2_PLACEMENT_3D('',#16269,#12575,#12576);
#11024=AXIS2_PLACEMENT_3D('',#16270,#12577,#12578);
#11025=AXIS2_PLACEMENT_3D('',#16279,#12583,#12584);
#11026=AXIS2_PLACEMENT_3D('',#16285,#12588,#12589);
#11027=AXIS2_PLACEMENT_3D('',#16291,#12593,#12594);
#11028=AXIS2_PLACEMENT_3D('',#16295,#12597,#12598);
#11029=AXIS2_PLACEMENT_3D('',#16299,#12601,#12602);
#11030=AXIS2_PLACEMENT_3D('',#16303,#12605,#12606);
#11031=AXIS2_PLACEMENT_3D('',#16307,#12609,#12610);
#11032=AXIS2_PLACEMENT_3D('',#16311,#12613,#12614);
#11033=AXIS2_PLACEMENT_3D('',#16315,#12617,#12618);
#11034=AXIS2_PLACEMENT_3D('',#16317,#12620,#12621);
#11035=AXIS2_PLACEMENT_3D('',#16320,#12624,#12625);
#11036=AXIS2_PLACEMENT_3D('',#16321,#12626,#12627);
#11037=AXIS2_PLACEMENT_3D('',#16327,#12631,#12632);
#11038=AXIS2_PLACEMENT_3D('',#16331,#12635,#12636);
#11039=AXIS2_PLACEMENT_3D('',#16335,#12639,#12640);
#11040=AXIS2_PLACEMENT_3D('',#16339,#12643,#12644);
#11041=AXIS2_PLACEMENT_3D('',#16343,#12647,#12648);
#11042=AXIS2_PLACEMENT_3D('',#16347,#12651,#12652);
#11043=AXIS2_PLACEMENT_3D('',#16351,#12655,#12656);
#11044=AXIS2_PLACEMENT_3D('',#16355,#12659,#12660);
#11045=AXIS2_PLACEMENT_3D('',#16359,#12663,#12664);
#11046=AXIS2_PLACEMENT_3D('',#16363,#12667,#12668);
#11047=AXIS2_PLACEMENT_3D('',#16367,#12671,#12672);
#11048=AXIS2_PLACEMENT_3D('',#16369,#12674,#12675);
#11049=AXIS2_PLACEMENT_3D('',#16385,#12678,#12679);
#11050=AXIS2_PLACEMENT_3D('',#16389,#12682,#12683);
#11051=AXIS2_PLACEMENT_3D('',#16393,#12686,#12687);
#11052=AXIS2_PLACEMENT_3D('',#16397,#12690,#12691);
#11053=AXIS2_PLACEMENT_3D('',#16401,#12694,#12695);
#11054=AXIS2_PLACEMENT_3D('',#16405,#12698,#12699);
#11055=AXIS2_PLACEMENT_3D('',#16408,#12701,#12702);
#11056=AXIS2_PLACEMENT_3D('',#16448,#12706,#12707);
#11057=AXIS2_PLACEMENT_3D('',#16491,#12713,#12714);
#11058=AXIS2_PLACEMENT_3D('',#16547,#12721,#12722);
#11059=AXIS2_PLACEMENT_3D('',#16601,#12728,#12729);
#11060=AXIS2_PLACEMENT_3D('',#16695,#12738,#12739);
#11061=AXIS2_PLACEMENT_3D('',#16699,#12742,#12743);
#11062=AXIS2_PLACEMENT_3D('',#16702,#12745,#12746);
#11063=AXIS2_PLACEMENT_3D('',#16716,#12748,#12749);
#11064=AXIS2_PLACEMENT_3D('',#16719,#12751,#12752);
#11065=AXIS2_PLACEMENT_3D('',#16863,#12764,#12765);
#11066=AXIS2_PLACEMENT_3D('',#16867,#12768,#12769);
#11067=AXIS2_PLACEMENT_3D('',#16870,#12771,#12772);
#11068=AXIS2_PLACEMENT_3D('',#16934,#12777,#12778);
#11069=AXIS2_PLACEMENT_3D('',#16935,#12779,#12780);
#11070=AXIS2_PLACEMENT_3D('',#16936,#12781,#12782);
#11071=AXIS2_PLACEMENT_3D('',#16937,#12783,#12784);
#11072=AXIS2_PLACEMENT_3D('',#16939,#12785,#12786);
#11073=AXIS2_PLACEMENT_3D('',#16940,#12787,#12788);
#11074=AXIS2_PLACEMENT_3D('',#16941,#12789,#12790);
#11075=AXIS2_PLACEMENT_3D('',#16943,#12791,#12792);
#11076=AXIS2_PLACEMENT_3D('',#16945,#12793,#12794);
#11077=AXIS2_PLACEMENT_3D('',#16946,#12795,#12796);
#11078=AXIS2_PLACEMENT_3D('',#16948,#12797,#12798);
#11079=AXIS2_PLACEMENT_3D('',#16949,#12799,#12800);
#11080=AXIS2_PLACEMENT_3D('',#16955,#12804,#12805);
#11081=AXIS2_PLACEMENT_3D('',#16959,#12808,#12809);
#11082=AXIS2_PLACEMENT_3D('',#16963,#12812,#12813);
#11083=AXIS2_PLACEMENT_3D('',#16965,#12815,#12816);
#11084=AXIS2_PLACEMENT_3D('',#16966,#12817,#12818);
#11085=AXIS2_PLACEMENT_3D('',#16967,#12819,#12820);
#11086=AXIS2_PLACEMENT_3D('',#16969,#12821,#12822);
#11087=AXIS2_PLACEMENT_3D('',#16970,#12823,#12824);
#11088=AXIS2_PLACEMENT_3D('',#16976,#12828,#12829);
#11089=AXIS2_PLACEMENT_3D('',#16979,#12831,#12832);
#11090=AXIS2_PLACEMENT_3D('',#16980,#12833,#12834);
#11091=AXIS2_PLACEMENT_3D('',#16984,#12837,#12838);
#11092=AXIS2_PLACEMENT_3D('',#16987,#12840,#12841);
#11093=AXIS2_PLACEMENT_3D('',#16988,#12842,#12843);
#11094=AXIS2_PLACEMENT_3D('',#16992,#12846,#12847);
#11095=AXIS2_PLACEMENT_3D('',#16996,#12850,#12851);
#11096=AXIS2_PLACEMENT_3D('',#17000,#12854,#12855);
#11097=AXIS2_PLACEMENT_3D('',#17003,#12857,#12858);
#11098=AXIS2_PLACEMENT_3D('',#17004,#12859,#12860);
#11099=AXIS2_PLACEMENT_3D('',#17008,#12863,#12864);
#11100=AXIS2_PLACEMENT_3D('',#17012,#12867,#12868);
#11101=AXIS2_PLACEMENT_3D('',#17015,#12870,#12871);
#11102=AXIS2_PLACEMENT_3D('',#17016,#12872,#12873);
#11103=AXIS2_PLACEMENT_3D('',#17020,#12876,#12877);
#11104=AXIS2_PLACEMENT_3D('',#17024,#12880,#12881);
#11105=AXIS2_PLACEMENT_3D('',#17028,#12884,#12885);
#11106=AXIS2_PLACEMENT_3D('',#17031,#12887,#12888);
#11107=AXIS2_PLACEMENT_3D('',#17032,#12889,#12890);
#11108=AXIS2_PLACEMENT_3D('',#17036,#12893,#12894);
#11109=AXIS2_PLACEMENT_3D('',#17039,#12896,#12897);
#11110=AXIS2_PLACEMENT_3D('',#17040,#12898,#12899);
#11111=AXIS2_PLACEMENT_3D('',#17044,#12902,#12903);
#11112=AXIS2_PLACEMENT_3D('',#17048,#12906,#12907);
#11113=AXIS2_PLACEMENT_3D('',#17052,#12910,#12911);
#11114=AXIS2_PLACEMENT_3D('',#17055,#12913,#12914);
#11115=AXIS2_PLACEMENT_3D('',#17056,#12915,#12916);
#11116=AXIS2_PLACEMENT_3D('',#17060,#12919,#12920);
#11117=AXIS2_PLACEMENT_3D('',#17063,#12922,#12923);
#11118=AXIS2_PLACEMENT_3D('',#17064,#12924,#12925);
#11119=AXIS2_PLACEMENT_3D('',#17068,#12928,#12929);
#11120=AXIS2_PLACEMENT_3D('',#17072,#12932,#12933);
#11121=AXIS2_PLACEMENT_3D('',#17075,#12935,#12936);
#11122=AXIS2_PLACEMENT_3D('',#17076,#12937,#12938);
#11123=AXIS2_PLACEMENT_3D('',#17080,#12941,#12942);
#11124=AXIS2_PLACEMENT_3D('',#17084,#12945,#12946);
#11125=AXIS2_PLACEMENT_3D('',#17087,#12948,#12949);
#11126=AXIS2_PLACEMENT_3D('',#17088,#12950,#12951);
#11127=AXIS2_PLACEMENT_3D('',#17092,#12954,#12955);
#11128=AXIS2_PLACEMENT_3D('',#17095,#12957,#12958);
#11129=AXIS2_PLACEMENT_3D('',#17096,#12959,#12960);
#11130=AXIS2_PLACEMENT_3D('',#17100,#12963,#12964);
#11131=AXIS2_PLACEMENT_3D('',#17102,#12966,#12967);
#11132=AXIS2_PLACEMENT_3D('',#17103,#12968,#12969);
#11133=AXIS2_PLACEMENT_3D('',#17104,#12970,#12971);
#11134=AXIS2_PLACEMENT_3D('',#17106,#12972,#12973);
#11135=AXIS2_PLACEMENT_3D('',#17107,#12974,#12975);
#11136=AXIS2_PLACEMENT_3D('',#17108,#12976,#12977);
#11137=AXIS2_PLACEMENT_3D('',#17110,#12978,#12979);
#11138=AXIS2_PLACEMENT_3D('',#17111,#12980,#12981);
#11139=AXIS2_PLACEMENT_3D('',#17117,#12985,#12986);
#11140=AXIS2_PLACEMENT_3D('',#17121,#12989,#12990);
#11141=AXIS2_PLACEMENT_3D('',#17125,#12993,#12994);
#11142=AXIS2_PLACEMENT_3D('',#17127,#12996,#12997);
#11143=AXIS2_PLACEMENT_3D('',#17128,#12998,#12999);
#11144=AXIS2_PLACEMENT_3D('',#17134,#13003,#13004);
#11145=AXIS2_PLACEMENT_3D('',#17138,#13007,#13008);
#11146=AXIS2_PLACEMENT_3D('',#17142,#13011,#13012);
#11147=AXIS2_PLACEMENT_3D('',#17144,#13014,#13015);
#11148=AXIS2_PLACEMENT_3D('',#17145,#13016,#13017);
#11149=AXIS2_PLACEMENT_3D('',#17151,#13021,#13022);
#11150=AXIS2_PLACEMENT_3D('',#17155,#13025,#13026);
#11151=AXIS2_PLACEMENT_3D('',#17159,#13029,#13030);
#11152=AXIS2_PLACEMENT_3D('',#17161,#13032,#13033);
#11153=AXIS2_PLACEMENT_3D('',#17162,#13034,#13035);
#11154=AXIS2_PLACEMENT_3D('',#17165,#13037,#13038);
#11155=AXIS2_PLACEMENT_3D('',#17168,#13040,#13041);
#11156=AXIS2_PLACEMENT_3D('',#17171,#13043,#13044);
#11157=AXIS2_PLACEMENT_3D('',#17172,#13045,#13046);
#11158=AXIS2_PLACEMENT_3D('',#17176,#13049,#13050);
#11159=AXIS2_PLACEMENT_3D('',#17177,#13051,#13052);
#11160=AXIS2_PLACEMENT_3D('',#17182,#13054,#13055);
#11161=AXIS2_PLACEMENT_3D('',#17185,#13057,#13058);
#11162=AXIS2_PLACEMENT_3D('',#17186,#13059,#13060);
#11163=AXIS2_PLACEMENT_3D('',#17190,#13062,#13063);
#11164=AXIS2_PLACEMENT_3D('',#17191,#13064,#13065);
#11165=AXIS2_PLACEMENT_3D('',#17192,#13066,#13067);
#11166=AXIS2_PLACEMENT_3D('',#17196,#13069,#13070);
#11167=AXIS2_PLACEMENT_3D('',#17197,#13071,#13072);
#11168=AXIS2_PLACEMENT_3D('',#17198,#13073,#13074);
#11169=AXIS2_PLACEMENT_3D('',#17199,#13075,#13076);
#11170=AXIS2_PLACEMENT_3D('',#17200,#13077,#13078);
#11171=AXIS2_PLACEMENT_3D('',#17202,#13080,#13081);
#11172=AXIS2_PLACEMENT_3D('',#17203,#13082,#13083);
#11173=AXIS2_PLACEMENT_3D('',#17204,#13084,#13085);
#11174=AXIS2_PLACEMENT_3D('',#17205,#13086,#13087);
#11175=AXIS2_PLACEMENT_3D('',#17207,#13088,#13089);
#11176=AXIS2_PLACEMENT_3D('',#17208,#13090,#13091);
#11177=AXIS2_PLACEMENT_3D('',#17210,#13092,#13093);
#11178=AXIS2_PLACEMENT_3D('',#17211,#13094,#13095);
#11179=AXIS2_PLACEMENT_3D('',#17217,#13099,#13100);
#11180=AXIS2_PLACEMENT_3D('',#17221,#13103,#13104);
#11181=AXIS2_PLACEMENT_3D('',#17222,#13105,#13106);
#11182=AXIS2_PLACEMENT_3D('',#17224,#13107,#13108);
#11183=AXIS2_PLACEMENT_3D('',#17226,#13109,#13110);
#11184=AXIS2_PLACEMENT_3D('',#17228,#13111,#13112);
#11185=AXIS2_PLACEMENT_3D('',#17230,#13113,#13114);
#11186=AXIS2_PLACEMENT_3D('',#17232,#13115,#13116);
#11187=AXIS2_PLACEMENT_3D('',#17234,#13117,#13118);
#11188=AXIS2_PLACEMENT_3D('',#17236,#13119,#13120);
#11189=AXIS2_PLACEMENT_3D('',#17238,#13121,#13122);
#11190=AXIS2_PLACEMENT_3D('',#17240,#13123,#13124);
#11191=AXIS2_PLACEMENT_3D('',#17242,#13125,#13126);
#11192=AXIS2_PLACEMENT_3D('',#17244,#13127,#13128);
#11193=AXIS2_PLACEMENT_3D('',#17246,#13129,#13130);
#11194=AXIS2_PLACEMENT_3D('',#17247,#13131,#13132);
#11195=AXIS2_PLACEMENT_3D('',#17249,#13133,#13134);
#11196=AXIS2_PLACEMENT_3D('',#17251,#13135,#13136);
#11197=AXIS2_PLACEMENT_3D('',#17253,#13137,#13138);
#11198=AXIS2_PLACEMENT_3D('',#17255,#13139,#13140);
#11199=AXIS2_PLACEMENT_3D('',#17257,#13141,#13142);
#11200=AXIS2_PLACEMENT_3D('',#17259,#13143,#13144);
#11201=AXIS2_PLACEMENT_3D('',#17261,#13145,#13146);
#11202=AXIS2_PLACEMENT_3D('',#17264,#13148,#13149);
#11203=AXIS2_PLACEMENT_3D('',#17266,#13151,#13152);
#11204=AXIS2_PLACEMENT_3D('',#17268,#13154,#13155);
#11205=AXIS2_PLACEMENT_3D('',#17270,#13157,#13158);
#11206=AXIS2_PLACEMENT_3D('',#17272,#13160,#13161);
#11207=AXIS2_PLACEMENT_3D('',#17274,#13163,#13164);
#11208=AXIS2_PLACEMENT_3D('',#17276,#13166,#13167);
#11209=AXIS2_PLACEMENT_3D('',#17278,#13169,#13170);
#11210=AXIS2_PLACEMENT_3D('',#17280,#13172,#13173);
#11211=AXIS2_PLACEMENT_3D('',#17282,#13175,#13176);
#11212=AXIS2_PLACEMENT_3D('',#17283,#13177,#13178);
#11213=AXIS2_PLACEMENT_3D('',#17285,#13180,#13181);
#11214=AXIS2_PLACEMENT_3D('',#17287,#13183,#13184);
#11215=AXIS2_PLACEMENT_3D('',#17289,#13186,#13187);
#11216=AXIS2_PLACEMENT_3D('',#17291,#13189,#13190);
#11217=AXIS2_PLACEMENT_3D('',#17293,#13192,#13193);
#11218=AXIS2_PLACEMENT_3D('',#17295,#13195,#13196);
#11219=AXIS2_PLACEMENT_3D('',#17297,#13198,#13199);
#11220=AXIS2_PLACEMENT_3D('',#17299,#13201,#13202);
#11221=AXIS2_PLACEMENT_3D('',#17301,#13204,#13205);
#11222=AXIS2_PLACEMENT_3D('',#17303,#13207,#13208);
#11223=AXIS2_PLACEMENT_3D('',#17305,#13210,#13211);
#11224=AXIS2_PLACEMENT_3D('',#17306,#13212,#13213);
#11225=AXIS2_PLACEMENT_3D('',#17312,#13217,#13218);
#11226=AXIS2_PLACEMENT_3D('',#17314,#13220,#13221);
#11227=AXIS2_PLACEMENT_3D('',#17316,#13223,#13224);
#11228=AXIS2_PLACEMENT_3D('',#17317,#13225,#13226);
#11229=AXIS2_PLACEMENT_3D('',#17318,#13227,#13228);
#11230=AXIS2_PLACEMENT_3D('',#17320,#13229,#13230);
#11231=AXIS2_PLACEMENT_3D('',#17322,#13231,#13232);
#11232=AXIS2_PLACEMENT_3D('',#17324,#13233,#13234);
#11233=AXIS2_PLACEMENT_3D('',#17326,#13235,#13236);
#11234=AXIS2_PLACEMENT_3D('',#17328,#13237,#13238);
#11235=AXIS2_PLACEMENT_3D('',#17330,#13239,#13240);
#11236=AXIS2_PLACEMENT_3D('',#17336,#13243,#13244);
#11237=AXIS2_PLACEMENT_3D('',#17338,#13245,#13246);
#11238=AXIS2_PLACEMENT_3D('',#17340,#13247,#13248);
#11239=AXIS2_PLACEMENT_3D('',#17342,#13249,#13250);
#11240=AXIS2_PLACEMENT_3D('',#17347,#13253,#13254);
#11241=AXIS2_PLACEMENT_3D('',#17349,#13255,#13256);
#11242=AXIS2_PLACEMENT_3D('',#17351,#13257,#13258);
#11243=AXIS2_PLACEMENT_3D('',#17353,#13259,#13260);
#11244=AXIS2_PLACEMENT_3D('',#17355,#13261,#13262);
#11245=AXIS2_PLACEMENT_3D('',#17357,#13263,#13264);
#11246=AXIS2_PLACEMENT_3D('',#17359,#13265,#13266);
#11247=AXIS2_PLACEMENT_3D('',#17361,#13267,#13268);
#11248=AXIS2_PLACEMENT_3D('',#17363,#13269,#13270);
#11249=AXIS2_PLACEMENT_3D('',#17365,#13271,#13272);
#11250=AXIS2_PLACEMENT_3D('',#17367,#13273,#13274);
#11251=AXIS2_PLACEMENT_3D('',#17369,#13275,#13276);
#11252=AXIS2_PLACEMENT_3D('',#17371,#13277,#13278);
#11253=AXIS2_PLACEMENT_3D('',#17373,#13279,#13280);
#11254=AXIS2_PLACEMENT_3D('',#17375,#13281,#13282);
#11255=AXIS2_PLACEMENT_3D('',#17379,#13284,#13285);
#11256=AXIS2_PLACEMENT_3D('',#17380,#13286,#13287);
#11257=AXIS2_PLACEMENT_3D('',#17382,#13289,#13290);
#11258=AXIS2_PLACEMENT_3D('',#17384,#13292,#13293);
#11259=AXIS2_PLACEMENT_3D('',#17386,#13295,#13296);
#11260=AXIS2_PLACEMENT_3D('',#17388,#13298,#13299);
#11261=AXIS2_PLACEMENT_3D('',#17390,#13301,#13302);
#11262=AXIS2_PLACEMENT_3D('',#17392,#13304,#13305);
#11263=AXIS2_PLACEMENT_3D('',#17394,#13307,#13308);
#11264=AXIS2_PLACEMENT_3D('',#17396,#13310,#13311);
#11265=AXIS2_PLACEMENT_3D('',#17398,#13313,#13314);
#11266=AXIS2_PLACEMENT_3D('',#17400,#13316,#13317);
#11267=AXIS2_PLACEMENT_3D('',#17402,#13319,#13320);
#11268=AXIS2_PLACEMENT_3D('',#17404,#13322,#13323);
#11269=AXIS2_PLACEMENT_3D('',#17406,#13325,#13326);
#11270=AXIS2_PLACEMENT_3D('',#17408,#13328,#13329);
#11271=AXIS2_PLACEMENT_3D('',#17410,#13331,#13332);
#11272=AXIS2_PLACEMENT_3D('',#17412,#13334,#13335);
#11273=AXIS2_PLACEMENT_3D('',#17414,#13337,#13338);
#11274=AXIS2_PLACEMENT_3D('',#17416,#13340,#13341);
#11275=AXIS2_PLACEMENT_3D('',#17418,#13343,#13344);
#11276=AXIS2_PLACEMENT_3D('',#17420,#13346,#13347);
#11277=AXIS2_PLACEMENT_3D('',#17422,#13349,#13350);
#11278=AXIS2_PLACEMENT_3D('',#17424,#13352,#13353);
#11279=AXIS2_PLACEMENT_3D('',#17426,#13355,#13356);
#11280=AXIS2_PLACEMENT_3D('',#17428,#13358,#13359);
#11281=AXIS2_PLACEMENT_3D('',#17430,#13361,#13362);
#11282=AXIS2_PLACEMENT_3D('',#17432,#13364,#13365);
#11283=AXIS2_PLACEMENT_3D('',#17434,#13367,#13368);
#11284=AXIS2_PLACEMENT_3D('',#17436,#13370,#13371);
#11285=AXIS2_PLACEMENT_3D('',#17438,#13373,#13374);
#11286=AXIS2_PLACEMENT_3D('',#17440,#13376,#13377);
#11287=AXIS2_PLACEMENT_3D('',#17441,#13378,#13379);
#11288=AXIS2_PLACEMENT_3D('',#17442,#13380,#13381);
#11289=AXIS2_PLACEMENT_3D('',#17448,#13385,#13386);
#11290=AXIS2_PLACEMENT_3D('',#17450,#13388,#13389);
#11291=AXIS2_PLACEMENT_3D('',#17452,#13391,#13392);
#11292=AXIS2_PLACEMENT_3D('',#17453,#13393,#13394);
#11293=AXIS2_PLACEMENT_3D('',#17454,#13395,#13396);
#11294=AXIS2_PLACEMENT_3D('',#17456,#13397,#13398);
#11295=AXIS2_PLACEMENT_3D('',#17458,#13399,#13400);
#11296=AXIS2_PLACEMENT_3D('',#17460,#13401,#13402);
#11297=AXIS2_PLACEMENT_3D('',#17462,#13403,#13404);
#11298=AXIS2_PLACEMENT_3D('',#17464,#13405,#13406);
#11299=AXIS2_PLACEMENT_3D('',#17466,#13407,#13408);
#11300=AXIS2_PLACEMENT_3D('',#17468,#13409,#13410);
#11301=AXIS2_PLACEMENT_3D('',#17474,#13413,#13414);
#11302=AXIS2_PLACEMENT_3D('',#17476,#13415,#13416);
#11303=AXIS2_PLACEMENT_3D('',#17478,#13417,#13418);
#11304=AXIS2_PLACEMENT_3D('',#17480,#13419,#13420);
#11305=AXIS2_PLACEMENT_3D('',#17482,#13421,#13422);
#11306=AXIS2_PLACEMENT_3D('',#17484,#13423,#13424);
#11307=AXIS2_PLACEMENT_3D('',#17489,#13427,#13428);
#11308=AXIS2_PLACEMENT_3D('',#17491,#13429,#13430);
#11309=AXIS2_PLACEMENT_3D('',#17493,#13431,#13432);
#11310=AXIS2_PLACEMENT_3D('',#17495,#13433,#13434);
#11311=AXIS2_PLACEMENT_3D('',#17497,#13435,#13436);
#11312=AXIS2_PLACEMENT_3D('',#17499,#13437,#13438);
#11313=AXIS2_PLACEMENT_3D('',#17501,#13439,#13440);
#11314=AXIS2_PLACEMENT_3D('',#17503,#13441,#13442);
#11315=AXIS2_PLACEMENT_3D('',#17511,#13446,#13447);
#11316=AXIS2_PLACEMENT_3D('',#17513,#13448,#13449);
#11317=AXIS2_PLACEMENT_3D('',#17515,#13450,#13451);
#11318=AXIS2_PLACEMENT_3D('',#17517,#13452,#13453);
#11319=AXIS2_PLACEMENT_3D('',#17519,#13454,#13455);
#11320=AXIS2_PLACEMENT_3D('',#17521,#13456,#13457);
#11321=AXIS2_PLACEMENT_3D('',#17523,#13458,#13459);
#11322=AXIS2_PLACEMENT_3D('',#17525,#13460,#13461);
#11323=AXIS2_PLACEMENT_3D('',#17528,#13463,#13464);
#11324=AXIS2_PLACEMENT_3D('',#17530,#13466,#13467);
#11325=AXIS2_PLACEMENT_3D('',#17532,#13469,#13470);
#11326=AXIS2_PLACEMENT_3D('',#17534,#13472,#13473);
#11327=AXIS2_PLACEMENT_3D('',#17536,#13475,#13476);
#11328=AXIS2_PLACEMENT_3D('',#17538,#13478,#13479);
#11329=AXIS2_PLACEMENT_3D('',#17540,#13481,#13482);
#11330=AXIS2_PLACEMENT_3D('',#17542,#13484,#13485);
#11331=AXIS2_PLACEMENT_3D('',#17544,#13487,#13488);
#11332=AXIS2_PLACEMENT_3D('',#17546,#13490,#13491);
#11333=AXIS2_PLACEMENT_3D('',#17548,#13493,#13494);
#11334=AXIS2_PLACEMENT_3D('',#17550,#13496,#13497);
#11335=AXIS2_PLACEMENT_3D('',#17552,#13499,#13500);
#11336=AXIS2_PLACEMENT_3D('',#17554,#13502,#13503);
#11337=AXIS2_PLACEMENT_3D('',#17556,#13505,#13506);
#11338=AXIS2_PLACEMENT_3D('',#17558,#13508,#13509);
#11339=AXIS2_PLACEMENT_3D('',#17560,#13511,#13512);
#11340=AXIS2_PLACEMENT_3D('',#17562,#13514,#13515);
#11341=AXIS2_PLACEMENT_3D('',#17563,#13516,#13517);
#11342=AXIS2_PLACEMENT_3D('',#17565,#13519,#13520);
#11343=AXIS2_PLACEMENT_3D('',#17567,#13522,#13523);
#11344=AXIS2_PLACEMENT_3D('',#17569,#13525,#13526);
#11345=AXIS2_PLACEMENT_3D('',#17571,#13528,#13529);
#11346=AXIS2_PLACEMENT_3D('',#17573,#13531,#13532);
#11347=AXIS2_PLACEMENT_3D('',#17575,#13534,#13535);
#11348=AXIS2_PLACEMENT_3D('',#17577,#13537,#13538);
#11349=AXIS2_PLACEMENT_3D('',#17579,#13540,#13541);
#11350=AXIS2_PLACEMENT_3D('',#17581,#13543,#13544);
#11351=AXIS2_PLACEMENT_3D('',#17583,#13546,#13547);
#11352=AXIS2_PLACEMENT_3D('',#17585,#13549,#13550);
#11353=AXIS2_PLACEMENT_3D('',#17587,#13552,#13553);
#11354=AXIS2_PLACEMENT_3D('',#17589,#13555,#13556);
#11355=AXIS2_PLACEMENT_3D('',#17591,#13558,#13559);
#11356=AXIS2_PLACEMENT_3D('',#17593,#13561,#13562);
#11357=AXIS2_PLACEMENT_3D('',#17595,#13564,#13565);
#11358=AXIS2_PLACEMENT_3D('',#17597,#13567,#13568);
#11359=AXIS2_PLACEMENT_3D('',#17599,#13570,#13571);
#11360=AXIS2_PLACEMENT_3D('',#17601,#13573,#13574);
#11361=AXIS2_PLACEMENT_3D('',#17602,#13575,#13576);
#11362=AXIS2_PLACEMENT_3D('',#17608,#13580,#13581);
#11363=AXIS2_PLACEMENT_3D('',#17614,#13585,#13586);
#11364=AXIS2_PLACEMENT_3D('',#17618,#13589,#13590);
#11365=AXIS2_PLACEMENT_3D('',#17620,#13592,#13593);
#11366=AXIS2_PLACEMENT_3D('',#17622,#13594,#13595);
#11367=AXIS2_PLACEMENT_3D('',#17624,#13596,#13597);
#11368=AXIS2_PLACEMENT_3D('',#17626,#13598,#13599);
#11369=AXIS2_PLACEMENT_3D('',#17628,#13600,#13601);
#11370=AXIS2_PLACEMENT_3D('',#17630,#13602,#13603);
#11371=AXIS2_PLACEMENT_3D('',#17633,#13605,#13606);
#11372=AXIS2_PLACEMENT_3D('',#17635,#13607,#13608);
#11373=AXIS2_PLACEMENT_3D('',#17637,#13609,#13610);
#11374=AXIS2_PLACEMENT_3D('',#17639,#13611,#13612);
#11375=AXIS2_PLACEMENT_3D('',#17641,#13613,#13614);
#11376=AXIS2_PLACEMENT_3D('',#17643,#13615,#13616);
#11377=AXIS2_PLACEMENT_3D('',#17645,#13617,#13618);
#11378=AXIS2_PLACEMENT_3D('',#17647,#13619,#13620);
#11379=AXIS2_PLACEMENT_3D('',#17649,#13621,#13622);
#11380=AXIS2_PLACEMENT_3D('',#17651,#13623,#13624);
#11381=AXIS2_PLACEMENT_3D('',#17653,#13625,#13626);
#11382=AXIS2_PLACEMENT_3D('',#17655,#13627,#13628);
#11383=AXIS2_PLACEMENT_3D('',#17657,#13630,#13631);
#11384=AXIS2_PLACEMENT_3D('',#17659,#13633,#13634);
#11385=AXIS2_PLACEMENT_3D('',#17661,#13636,#13637);
#11386=AXIS2_PLACEMENT_3D('',#17662,#13638,#13639);
#11387=AXIS2_PLACEMENT_3D('',#17663,#13640,#13641);
#11388=AXIS2_PLACEMENT_3D('',#17665,#13643,#13644);
#11389=AXIS2_PLACEMENT_3D('',#17667,#13646,#13647);
#11390=AXIS2_PLACEMENT_3D('',#17669,#13649,#13650);
#11391=AXIS2_PLACEMENT_3D('',#17671,#13652,#13653);
#11392=AXIS2_PLACEMENT_3D('',#17673,#13655,#13656);
#11393=AXIS2_PLACEMENT_3D('',#17675,#13658,#13659);
#11394=AXIS2_PLACEMENT_3D('',#17677,#13661,#13662);
#11395=AXIS2_PLACEMENT_3D('',#17679,#13664,#13665);
#11396=AXIS2_PLACEMENT_3D('',#17681,#13667,#13668);
#11397=AXIS2_PLACEMENT_3D('',#17683,#13670,#13671);
#11398=AXIS2_PLACEMENT_3D('',#17685,#13673,#13674);
#11399=AXIS2_PLACEMENT_3D('',#17686,#13675,#13676);
#11400=AXIS2_PLACEMENT_3D('',#17688,#13678,#13679);
#11401=AXIS2_PLACEMENT_3D('',#17690,#13681,#13682);
#11402=AXIS2_PLACEMENT_3D('',#17692,#13684,#13685);
#11403=AXIS2_PLACEMENT_3D('',#17694,#13687,#13688);
#11404=AXIS2_PLACEMENT_3D('',#17695,#13689,#13690);
#11405=AXIS2_PLACEMENT_3D('',#17702,#13694,#13695);
#11406=AXIS2_PLACEMENT_3D('',#17704,#13696,#13697);
#11407=AXIS2_PLACEMENT_3D('',#17706,#13698,#13699);
#11408=AXIS2_PLACEMENT_3D('',#17708,#13700,#13701);
#11409=AXIS2_PLACEMENT_3D('',#17710,#13702,#13703);
#11410=AXIS2_PLACEMENT_3D('',#17712,#13704,#13705);
#11411=AXIS2_PLACEMENT_3D('',#17714,#13706,#13707);
#11412=AXIS2_PLACEMENT_3D('',#17716,#13708,#13709);
#11413=AXIS2_PLACEMENT_3D('',#17717,#13710,#13711);
#11414=AXIS2_PLACEMENT_3D('',#17719,#13713,#13714);
#11415=AXIS2_PLACEMENT_3D('',#17721,#13716,#13717);
#11416=AXIS2_PLACEMENT_3D('',#17723,#13719,#13720);
#11417=AXIS2_PLACEMENT_3D('',#17725,#13722,#13723);
#11418=AXIS2_PLACEMENT_3D('',#17727,#13725,#13726);
#11419=AXIS2_PLACEMENT_3D('',#17729,#13728,#13729);
#11420=AXIS2_PLACEMENT_3D('',#17731,#13731,#13732);
#11421=AXIS2_PLACEMENT_3D('',#17733,#13734,#13735);
#11422=AXIS2_PLACEMENT_3D('',#17735,#13737,#13738);
#11423=AXIS2_PLACEMENT_3D('',#17737,#13740,#13741);
#11424=AXIS2_PLACEMENT_3D('',#17738,#13742,#13743);
#11425=AXIS2_PLACEMENT_3D('',#17739,#13744,#13745);
#11426=AXIS2_PLACEMENT_3D('',#17745,#13748,#13749);
#11427=AXIS2_PLACEMENT_3D('',#17747,#13750,#13751);
#11428=AXIS2_PLACEMENT_3D('',#17749,#13752,#13753);
#11429=AXIS2_PLACEMENT_3D('',#17751,#13754,#13755);
#11430=AXIS2_PLACEMENT_3D('',#17753,#13756,#13757);
#11431=AXIS2_PLACEMENT_3D('',#17755,#13758,#13759);
#11432=AXIS2_PLACEMENT_3D('',#17757,#13760,#13761);
#11433=AXIS2_PLACEMENT_3D('',#17759,#13762,#13763);
#11434=AXIS2_PLACEMENT_3D('',#17761,#13764,#13765);
#11435=AXIS2_PLACEMENT_3D('',#17763,#13766,#13767);
#11436=AXIS2_PLACEMENT_3D('',#17765,#13768,#13769);
#11437=AXIS2_PLACEMENT_3D('',#17766,#13770,#13771);
#11438=AXIS2_PLACEMENT_3D('',#17768,#13772,#13773);
#11439=AXIS2_PLACEMENT_3D('',#17775,#13777,#13778);
#11440=AXIS2_PLACEMENT_3D('',#17777,#13780,#13781);
#11441=AXIS2_PLACEMENT_3D('',#17779,#13783,#13784);
#11442=AXIS2_PLACEMENT_3D('',#17781,#13786,#13787);
#11443=AXIS2_PLACEMENT_3D('',#17783,#13789,#13790);
#11444=AXIS2_PLACEMENT_3D('',#17785,#13792,#13793);
#11445=AXIS2_PLACEMENT_3D('',#17787,#13795,#13796);
#11446=AXIS2_PLACEMENT_3D('',#17789,#13798,#13799);
#11447=AXIS2_PLACEMENT_3D('',#17791,#13801,#13802);
#11448=AXIS2_PLACEMENT_3D('',#17793,#13804,#13805);
#11449=AXIS2_PLACEMENT_3D('',#17795,#13807,#13808);
#11450=AXIS2_PLACEMENT_3D('',#17797,#13810,#13811);
#11451=AXIS2_PLACEMENT_3D('',#17799,#13813,#13814);
#11452=AXIS2_PLACEMENT_3D('',#17801,#13816,#13817);
#11453=AXIS2_PLACEMENT_3D('',#17803,#13819,#13820);
#11454=AXIS2_PLACEMENT_3D('',#17805,#13822,#13823);
#11455=AXIS2_PLACEMENT_3D('',#17807,#13825,#13826);
#11456=AXIS2_PLACEMENT_3D('',#17809,#13828,#13829);
#11457=AXIS2_PLACEMENT_3D('',#17810,#13830,#13831);
#11458=AXIS2_PLACEMENT_3D('',#17811,#13832,#13833);
#11459=AXIS2_PLACEMENT_3D('',#17816,#13836,#13837);
#11460=AXIS2_PLACEMENT_3D('',#17818,#13838,#13839);
#11461=AXIS2_PLACEMENT_3D('',#17820,#13840,#13841);
#11462=AXIS2_PLACEMENT_3D('',#17822,#13842,#13843);
#11463=AXIS2_PLACEMENT_3D('',#17824,#13844,#13845);
#11464=AXIS2_PLACEMENT_3D('',#17826,#13846,#13847);
#11465=AXIS2_PLACEMENT_3D('',#17828,#13848,#13849);
#11466=AXIS2_PLACEMENT_3D('',#17830,#13850,#13851);
#11467=AXIS2_PLACEMENT_3D('',#17841,#13857,#13858);
#11468=AXIS2_PLACEMENT_3D('',#17843,#13860,#13861);
#11469=AXIS2_PLACEMENT_3D('',#17845,#13863,#13864);
#11470=AXIS2_PLACEMENT_3D('',#17847,#13866,#13867);
#11471=AXIS2_PLACEMENT_3D('',#17849,#13869,#13870);
#11472=AXIS2_PLACEMENT_3D('',#17851,#13872,#13873);
#11473=AXIS2_PLACEMENT_3D('',#17853,#13875,#13876);
#11474=AXIS2_PLACEMENT_3D('',#17855,#13878,#13879);
#11475=AXIS2_PLACEMENT_3D('',#17857,#13881,#13882);
#11476=AXIS2_PLACEMENT_3D('',#17859,#13884,#13885);
#11477=AXIS2_PLACEMENT_3D('',#17861,#13887,#13888);
#11478=AXIS2_PLACEMENT_3D('',#17863,#13890,#13891);
#11479=AXIS2_PLACEMENT_3D('',#17865,#13893,#13894);
#11480=AXIS2_PLACEMENT_3D('',#17867,#13896,#13897);
#11481=AXIS2_PLACEMENT_3D('',#17869,#13899,#13900);
#11482=AXIS2_PLACEMENT_3D('',#17870,#13901,#13902);
#11483=AXIS2_PLACEMENT_3D('',#17871,#13903,#13904);
#11484=AXIS2_PLACEMENT_3D('',#17873,#13905,#13906);
#11485=AXIS2_PLACEMENT_3D('',#17875,#13907,#13908);
#11486=AXIS2_PLACEMENT_3D('',#17877,#13909,#13910);
#11487=AXIS2_PLACEMENT_3D('',#17879,#13911,#13912);
#11488=AXIS2_PLACEMENT_3D('',#17881,#13913,#13914);
#11489=AXIS2_PLACEMENT_3D('',#17883,#13915,#13916);
#11490=AXIS2_PLACEMENT_3D('',#17885,#13917,#13918);
#11491=AXIS2_PLACEMENT_3D('',#17887,#13919,#13920);
#11492=AXIS2_PLACEMENT_3D('',#17889,#13921,#13922);
#11493=AXIS2_PLACEMENT_3D('',#17891,#13923,#13924);
#11494=AXIS2_PLACEMENT_3D('',#17893,#13925,#13926);
#11495=AXIS2_PLACEMENT_3D('',#17895,#13927,#13928);
#11496=AXIS2_PLACEMENT_3D('',#17897,#13929,#13930);
#11497=AXIS2_PLACEMENT_3D('',#17899,#13931,#13932);
#11498=AXIS2_PLACEMENT_3D('',#17901,#13933,#13934);
#11499=AXIS2_PLACEMENT_3D('',#17903,#13935,#13936);
#11500=AXIS2_PLACEMENT_3D('',#17905,#13937,#13938);
#11501=AXIS2_PLACEMENT_3D('',#17907,#13939,#13940);
#11502=AXIS2_PLACEMENT_3D('',#17908,#13941,#13942);
#11503=AXIS2_PLACEMENT_3D('',#17910,#13943,#13944);
#11504=AXIS2_PLACEMENT_3D('',#17912,#13945,#13946);
#11505=AXIS2_PLACEMENT_3D('',#17914,#13947,#13948);
#11506=AXIS2_PLACEMENT_3D('',#17916,#13949,#13950);
#11507=AXIS2_PLACEMENT_3D('',#17918,#13951,#13952);
#11508=AXIS2_PLACEMENT_3D('',#17920,#13953,#13954);
#11509=AXIS2_PLACEMENT_3D('',#17922,#13955,#13956);
#11510=AXIS2_PLACEMENT_3D('',#17924,#13957,#13958);
#11511=AXIS2_PLACEMENT_3D('',#17926,#13959,#13960);
#11512=AXIS2_PLACEMENT_3D('',#17928,#13961,#13962);
#11513=AXIS2_PLACEMENT_3D('',#17930,#13963,#13964);
#11514=AXIS2_PLACEMENT_3D('',#17932,#13965,#13966);
#11515=AXIS2_PLACEMENT_3D('',#17934,#13967,#13968);
#11516=AXIS2_PLACEMENT_3D('',#17935,#13969,#13970);
#11517=AXIS2_PLACEMENT_3D('',#17937,#13972,#13973);
#11518=AXIS2_PLACEMENT_3D('',#17939,#13975,#13976);
#11519=AXIS2_PLACEMENT_3D('',#17941,#13978,#13979);
#11520=AXIS2_PLACEMENT_3D('',#17943,#13981,#13982);
#11521=AXIS2_PLACEMENT_3D('',#17945,#13984,#13985);
#11522=AXIS2_PLACEMENT_3D('',#17947,#13987,#13988);
#11523=AXIS2_PLACEMENT_3D('',#17949,#13990,#13991);
#11524=AXIS2_PLACEMENT_3D('',#17951,#13993,#13994);
#11525=AXIS2_PLACEMENT_3D('',#17953,#13996,#13997);
#11526=AXIS2_PLACEMENT_3D('',#17955,#13999,#14000);
#11527=AXIS2_PLACEMENT_3D('',#17957,#14002,#14003);
#11528=AXIS2_PLACEMENT_3D('',#17959,#14005,#14006);
#11529=AXIS2_PLACEMENT_3D('',#17961,#14008,#14009);
#11530=AXIS2_PLACEMENT_3D('',#17963,#14011,#14012);
#11531=AXIS2_PLACEMENT_3D('',#17965,#14014,#14015);
#11532=AXIS2_PLACEMENT_3D('',#17967,#14017,#14018);
#11533=AXIS2_PLACEMENT_3D('',#17969,#14020,#14021);
#11534=AXIS2_PLACEMENT_3D('',#17971,#14023,#14024);
#11535=AXIS2_PLACEMENT_3D('',#17973,#14026,#14027);
#11536=AXIS2_PLACEMENT_3D('',#17975,#14029,#14030);
#11537=AXIS2_PLACEMENT_3D('',#17977,#14032,#14033);
#11538=AXIS2_PLACEMENT_3D('',#17979,#14035,#14036);
#11539=AXIS2_PLACEMENT_3D('',#17981,#14038,#14039);
#11540=AXIS2_PLACEMENT_3D('',#17983,#14041,#14042);
#11541=AXIS2_PLACEMENT_3D('',#17985,#14044,#14045);
#11542=AXIS2_PLACEMENT_3D('',#17987,#14047,#14048);
#11543=AXIS2_PLACEMENT_3D('',#17989,#14050,#14051);
#11544=AXIS2_PLACEMENT_3D('',#17991,#14053,#14054);
#11545=AXIS2_PLACEMENT_3D('',#17993,#14056,#14057);
#11546=AXIS2_PLACEMENT_3D('',#17995,#14059,#14060);
#11547=AXIS2_PLACEMENT_3D('',#17997,#14062,#14063);
#11548=AXIS2_PLACEMENT_3D('',#17998,#14064,#14065);
#11549=AXIS2_PLACEMENT_3D('',#17999,#14066,#14067);
#11550=AXIS2_PLACEMENT_3D('',#18005,#14071,#14072);
#11551=AXIS2_PLACEMENT_3D('',#18009,#14075,#14076);
#11552=AXIS2_PLACEMENT_3D('',#18013,#14079,#14080);
#11553=AXIS2_PLACEMENT_3D('',#18015,#14082,#14083);
#11554=AXIS2_PLACEMENT_3D('',#18016,#14084,#14085);
#11555=AXIS2_PLACEMENT_3D('',#18025,#14090,#14091);
#11556=AXIS2_PLACEMENT_3D('',#18031,#14095,#14096);
#11557=AXIS2_PLACEMENT_3D('',#18037,#14100,#14101);
#11558=AXIS2_PLACEMENT_3D('',#18046,#14106,#14107);
#11559=AXIS2_PLACEMENT_3D('',#18052,#14111,#14112);
#11560=AXIS2_PLACEMENT_3D('',#18058,#14116,#14117);
#11561=AXIS2_PLACEMENT_3D('',#18067,#14122,#14123);
#11562=AXIS2_PLACEMENT_3D('',#18073,#14127,#14128);
#11563=AXIS2_PLACEMENT_3D('',#18079,#14132,#14133);
#11564=AXIS2_PLACEMENT_3D('',#18083,#14136,#14137);
#11565=AXIS2_PLACEMENT_3D('',#18087,#14140,#14141);
#11566=AXIS2_PLACEMENT_3D('',#18091,#14144,#14145);
#11567=AXIS2_PLACEMENT_3D('',#18095,#14148,#14149);
#11568=AXIS2_PLACEMENT_3D('',#18099,#14152,#14153);
#11569=AXIS2_PLACEMENT_3D('',#18103,#14156,#14157);
#11570=AXIS2_PLACEMENT_3D('',#18107,#14160,#14161);
#11571=AXIS2_PLACEMENT_3D('',#18139,#14166,#14167);
#11572=AXIS2_PLACEMENT_3D('',#18142,#14169,#14170);
#11573=AXIS2_PLACEMENT_3D('',#18143,#14171,#14172);
#11574=AXIS2_PLACEMENT_3D('',#18147,#14175,#14176);
#11575=AXIS2_PLACEMENT_3D('',#18151,#14179,#14180);
#11576=AXIS2_PLACEMENT_3D('',#18155,#14183,#14184);
#11577=AXIS2_PLACEMENT_3D('',#18159,#14187,#14188);
#11578=AXIS2_PLACEMENT_3D('',#18163,#14191,#14192);
#11579=AXIS2_PLACEMENT_3D('',#18167,#14195,#14196);
#11580=AXIS2_PLACEMENT_3D('',#18171,#14199,#14200);
#11581=AXIS2_PLACEMENT_3D('',#18175,#14203,#14204);
#11582=AXIS2_PLACEMENT_3D('',#18178,#14206,#14207);
#11583=AXIS2_PLACEMENT_3D('',#18179,#14208,#14209);
#11584=AXIS2_PLACEMENT_3D('',#18183,#14212,#14213);
#11585=AXIS2_PLACEMENT_3D('',#18187,#14216,#14217);
#11586=AXIS2_PLACEMENT_3D('',#18191,#14220,#14221);
#11587=AXIS2_PLACEMENT_3D('',#18194,#14223,#14224);
#11588=AXIS2_PLACEMENT_3D('',#18195,#14225,#14226);
#11589=AXIS2_PLACEMENT_3D('',#18199,#14229,#14230);
#11590=AXIS2_PLACEMENT_3D('',#18202,#14232,#14233);
#11591=AXIS2_PLACEMENT_3D('',#18203,#14234,#14235);
#11592=AXIS2_PLACEMENT_3D('',#18207,#14238,#14239);
#11593=AXIS2_PLACEMENT_3D('',#18211,#14242,#14243);
#11594=AXIS2_PLACEMENT_3D('',#18213,#14245,#14246);
#11595=AXIS2_PLACEMENT_3D('',#18216,#14249,#14250);
#11596=AXIS2_PLACEMENT_3D('',#18219,#14253,#14254);
#11597=AXIS2_PLACEMENT_3D('',#18220,#14255,#14256);
#11598=AXIS2_PLACEMENT_3D('',#18221,#14257,#14258);
#11599=AXIS2_PLACEMENT_3D('',#18222,#14259,#14260);
#11600=AXIS2_PLACEMENT_3D('',#18223,#14261,#14262);
#11601=AXIS2_PLACEMENT_3D('',#18224,#14263,#14264);
#11602=AXIS2_PLACEMENT_3D('',#18225,#14265,#14266);
#11603=AXIS2_PLACEMENT_3D('',#18253,#14272,#14273);
#11604=AXIS2_PLACEMENT_3D('',#18259,#14277,#14278);
#11605=AXIS2_PLACEMENT_3D('',#18263,#14281,#14282);
#11606=AXIS2_PLACEMENT_3D('',#18267,#14285,#14286);
#11607=AXIS2_PLACEMENT_3D('',#18271,#14289,#14290);
#11608=AXIS2_PLACEMENT_3D('',#18275,#14293,#14294);
#11609=AXIS2_PLACEMENT_3D('',#18279,#14297,#14298);
#11610=AXIS2_PLACEMENT_3D('',#18282,#14300,#14301);
#11611=AXIS2_PLACEMENT_3D('',#18325,#14305,#14306);
#11612=AXIS2_PLACEMENT_3D('',#18328,#14308,#14309);
#11613=AXIS2_PLACEMENT_3D('',#18385,#14312,#14313);
#11614=AXIS2_PLACEMENT_3D('',#18386,#14314,#14315);
#11615=AXIS2_PLACEMENT_3D('',#18392,#14319,#14320);
#11616=AXIS2_PLACEMENT_3D('',#18396,#14323,#14324);
#11617=AXIS2_PLACEMENT_3D('',#18400,#14327,#14328);
#11618=AXIS2_PLACEMENT_3D('',#18404,#14331,#14332);
#11619=AXIS2_PLACEMENT_3D('',#18408,#14335,#14336);
#11620=AXIS2_PLACEMENT_3D('',#18412,#14339,#14340);
#11621=AXIS2_PLACEMENT_3D('',#18416,#14343,#14344);
#11622=AXIS2_PLACEMENT_3D('',#18418,#14346,#14347);
#11623=AXIS2_PLACEMENT_3D('',#18419,#14348,#14349);
#11624=AXIS2_PLACEMENT_3D('',#18425,#14353,#14354);
#11625=AXIS2_PLACEMENT_3D('',#18429,#14357,#14358);
#11626=AXIS2_PLACEMENT_3D('',#18433,#14361,#14362);
#11627=AXIS2_PLACEMENT_3D('',#18435,#14364,#14365);
#11628=AXIS2_PLACEMENT_3D('',#18436,#14366,#14367);
#11629=AXIS2_PLACEMENT_3D('',#18456,#14372,#14373);
#11630=AXIS2_PLACEMENT_3D('',#18472,#14376,#14377);
#11631=AXIS2_PLACEMENT_3D('',#18473,#14378,#14379);
#11632=AXIS2_PLACEMENT_3D('',#18479,#14383,#14384);
#11633=AXIS2_PLACEMENT_3D('',#18483,#14387,#14388);
#11634=AXIS2_PLACEMENT_3D('',#18501,#14392,#14393);
#11635=AXIS2_PLACEMENT_3D('',#18504,#14395,#14396);
#11636=AXIS2_PLACEMENT_3D('',#18517,#14397,#14398);
#11637=AXIS2_PLACEMENT_3D('',#18518,#14399,#14400);
#11638=AXIS2_PLACEMENT_3D('',#18519,#14401,#14402);
#11639=AXIS2_PLACEMENT_3D('',#18570,#14403,#14404);
#11640=AXIS2_PLACEMENT_3D('',#18621,#14405,#14406);
#11641=AXIS2_PLACEMENT_3D('',#18672,#14407,#14408);
#11642=AXIS2_PLACEMENT_3D('',#18723,#14409,#14410);
#11643=AXIS2_PLACEMENT_3D('',#18774,#14411,#14412);
#11644=AXIS2_PLACEMENT_3D('',#18825,#14413,#14414);
#11645=AXIS2_PLACEMENT_3D('',#18876,#14415,#14416);
#11646=AXIS2_PLACEMENT_3D('',#18927,#14417,#14418);
#11647=AXIS2_PLACEMENT_3D('',#18928,#14419,#14420);
#11648=AXIS2_PLACEMENT_3D('',#18937,#14423,#14424);
#11649=AXIS2_PLACEMENT_3D('',#18939,#14426,#14427);
#11650=AXIS2_PLACEMENT_3D('',#18941,#14429,#14430);
#11651=AXIS2_PLACEMENT_3D('',#18942,#14431,#14432);
#11652=AXIS2_PLACEMENT_3D('',#18944,#14434,#14435);
#11653=AXIS2_PLACEMENT_3D('',#18948,#14438,#14439);
#11654=AXIS2_PLACEMENT_3D('',#18953,#14440,#14441);
#11655=AXIS2_PLACEMENT_3D('',#18954,#14442,#14443);
#11656=AXIS2_PLACEMENT_3D('',#18961,#14445,#14446);
#11657=AXIS2_PLACEMENT_3D('',#18963,#14448,#14449);
#11658=AXIS2_PLACEMENT_3D('',#18964,#14450,#14451);
#11659=AXIS2_PLACEMENT_3D('',#18966,#14453,#14454);
#11660=AXIS2_PLACEMENT_3D('',#18968,#14456,#14457);
#11661=AXIS2_PLACEMENT_3D('',#18969,#14458,#14459);
#11662=AXIS2_PLACEMENT_3D('',#18971,#14461,#14462);
#11663=AXIS2_PLACEMENT_3D('',#18973,#14464,#14465);
#11664=AXIS2_PLACEMENT_3D('',#18974,#14466,#14467);
#11665=AXIS2_PLACEMENT_3D('',#18976,#14469,#14470);
#11666=AXIS2_PLACEMENT_3D('',#18978,#14472,#14473);
#11667=AXIS2_PLACEMENT_3D('',#18979,#14474,#14475);
#11668=AXIS2_PLACEMENT_3D('',#18981,#14477,#14478);
#11669=AXIS2_PLACEMENT_3D('',#18983,#14480,#14481);
#11670=DIRECTION('',(0.,0.,1.));
#11671=DIRECTION('',(1.,0.,0.));
#11672=DIRECTION('',(0.,0.,1.));
#11673=DIRECTION('',(1.,0.,0.));
#11674=DIRECTION('',(0.,0.,1.));
#11675=DIRECTION('',(1.,0.,0.));
#11676=DIRECTION('',(0.,0.,1.));
#11677=DIRECTION('',(1.,0.,0.));
#11678=DIRECTION('',(0.,0.,1.));
#11679=DIRECTION('',(1.,0.,0.));
#11680=DIRECTION('',(0.,0.,1.));
#11681=DIRECTION('',(1.,0.,0.));
#11682=DIRECTION('',(-2.31296463463574E-16,1.,0.));
#11683=DIRECTION('',(1.,2.31296463463574E-16,0.));
#11684=DIRECTION('',(-2.31296463463574E-16,1.,0.));
#11685=DIRECTION('',(1.,2.31296463463574E-16,0.));
#11686=DIRECTION('',(-2.31296463463574E-16,1.,0.));
#11687=DIRECTION('',(1.,2.31296463463574E-16,0.));
#11688=DIRECTION('',(-2.31296463463574E-16,1.,0.));
#11689=DIRECTION('',(1.,2.31296463463574E-16,0.));
#11690=DIRECTION('',(-2.31296463463574E-16,1.,0.));
#11691=DIRECTION('',(1.,2.31296463463574E-16,0.));
#11692=DIRECTION('',(-1.,-1.55930200087803E-16,0.));
#11693=DIRECTION('',(-2.31296463463574E-16,1.,0.));
#11694=DIRECTION('',(-1.,-2.31296463463574E-16,0.));
#11695=DIRECTION('',(-1.38777878078145E-16,1.,0.));
#11696=DIRECTION('',(-1.,0.,0.));
#11697=DIRECTION('',(-1.38777878078145E-16,1.,0.));
#11698=DIRECTION('',(-1.,-1.00563679766771E-16,0.));
#11699=DIRECTION('',(-1.38777878078145E-16,1.,0.));
#11700=DIRECTION('',(-1.,-2.31296463463574E-16,0.));
#11701=DIRECTION('',(-2.31296463463574E-16,1.,0.));
#11702=DIRECTION('',(-1.,-1.55930200087803E-16,0.));
#11703=DIRECTION('',(1.55930200087803E-16,-1.,0.));
#11704=DIRECTION('',(-1.,-1.55930200087803E-16,0.));
#11705=DIRECTION('',(1.55930200087803E-16,-1.,0.));
#11706=DIRECTION('',(-1.,-1.55930200087803E-16,0.));
#11707=DIRECTION('',(1.55930200087803E-16,-1.,0.));
#11708=DIRECTION('',(-1.,-1.55930200087803E-16,0.));
#11709=DIRECTION('',(1.55930200087803E-16,-1.,0.));
#11710=DIRECTION('',(-1.,-1.55930200087803E-16,0.));
#11711=DIRECTION('',(1.55930200087803E-16,-1.,0.));
#11712=DIRECTION('',(-1.,-1.55930200087803E-16,0.));
#11713=DIRECTION('',(1.55930200087803E-16,-1.,0.));
#11714=DIRECTION('',(-1.,-1.55930200087803E-16,0.));
#11715=DIRECTION('',(1.55930200087803E-16,-1.,0.));
#11716=DIRECTION('',(-1.,-1.55930200087803E-16,0.));
#11717=DIRECTION('',(1.55930200087803E-16,-1.,0.));
#11718=DIRECTION('',(-1.,-1.55930200087803E-16,0.));
#11719=DIRECTION('',(1.55930200087803E-16,-1.,0.));
#11720=DIRECTION('',(1.,1.55930200087803E-16,0.));
#11721=DIRECTION('',(-1.55930200087803E-16,1.,0.));
#11722=DIRECTION('',(-1.,-1.55930200087803E-16,0.));
#11723=DIRECTION('',(3.06662726839345E-16,-1.,0.));
#11724=DIRECTION('',(1.,3.06662726839345E-16,0.));
#11725=DIRECTION('',(3.06662726839345E-16,-1.,0.));
#11726=DIRECTION('',(-1.,-1.55930200087803E-16,0.));
#11727=DIRECTION('',(3.06662726839345E-16,-1.,0.));
#11728=DIRECTION('',(1.,3.06662726839345E-16,0.));
#11729=DIRECTION('',(3.06662726839345E-16,-1.,0.));
#11730=DIRECTION('',(-1.,-1.55930200087803E-16,0.));
#11731=DIRECTION('',(3.06662726839345E-16,-1.,0.));
#11732=DIRECTION('',(1.,3.06662726839345E-16,0.));
#11733=DIRECTION('',(3.06662726839345E-16,-1.,0.));
#11734=DIRECTION('',(-1.,-1.55930200087803E-16,0.));
#11735=DIRECTION('',(3.06662726839345E-16,-1.,0.));
#11736=DIRECTION('',(1.,3.06662726839345E-16,0.));
#11737=DIRECTION('',(3.06662726839345E-16,-1.,0.));
#11738=DIRECTION('',(-1.,-1.55930200087803E-16,0.));
#11739=DIRECTION('',(-2.31296463463574E-16,1.,0.));
#11740=DIRECTION('',(1.,2.31296463463574E-16,0.));
#11741=DIRECTION('',(-2.31296463463574E-16,1.,0.));
#11742=DIRECTION('',(1.,2.31296463463574E-16,0.));
#11743=DIRECTION('',(-2.31296463463574E-16,1.,0.));
#11744=DIRECTION('',(1.,2.31296463463574E-16,0.));
#11745=DIRECTION('',(-2.31296463463574E-16,1.,0.));
#11746=DIRECTION('',(1.,2.31296463463574E-16,0.));
#11747=DIRECTION('',(-2.31296463463574E-16,1.,0.));
#11748=DIRECTION('',(1.,2.31296463463574E-16,0.));
#11749=DIRECTION('',(-1.,-2.31296463463574E-16,0.));
#11750=DIRECTION('',(2.31296463463574E-16,-1.,0.));
#11751=DIRECTION('',(2.02347590482355E-16,-0.874840831771827,-0.48441048612182));
#11752=DIRECTION('',(2.02347590482355E-16,-0.874840831771827,-0.48441048612182));
#11753=DIRECTION('',(-2.31296463463574E-16,1.,0.));
#11754=DIRECTION('',(-1.,-2.31296463463574E-16,0.));
#11755=DIRECTION('',(2.31296463463574E-16,-1.,0.));
#11756=DIRECTION('',(2.02347590482355E-16,-0.874840831771827,-0.48441048612182));
#11757=DIRECTION('',(-2.31296463463574E-16,1.,0.));
#11758=DIRECTION('',(2.02347590482355E-16,-0.874840831771827,-0.48441048612182));
#11759=DIRECTION('',(-1.,-2.31296463463574E-16,0.));
#11760=DIRECTION('',(2.31296463463574E-16,-1.,0.));
#11761=DIRECTION('',(0.,0.,1.));
#11762=DIRECTION('',(2.31296463463574E-16,-1.,0.));
#11763=DIRECTION('',(0.,0.,-1.));
#11764=DIRECTION('',(1.,2.31296463463574E-16,0.));
#11765=DIRECTION('',(-2.31296463463574E-16,1.,0.));
#11766=DIRECTION('',(0.,0.,1.));
#11767=DIRECTION('',(2.31296463463574E-16,-1.,0.));
#11768=DIRECTION('',(0.,0.,1.));
#11769=DIRECTION('',(-2.31296463463574E-16,1.,0.));
#11770=DIRECTION('',(0.,0.,-1.));
#11771=DIRECTION('',(2.31296463463574E-16,-1.,-3.39290219140473E-16));
#11772=DIRECTION('',(7.83965022385425E-17,-0.338943799937904,-0.940806622257547));
#11773=DIRECTION('',(2.31296463463574E-16,-1.,0.));
#11774=DIRECTION('',(-8.24925063235426E-17,0.356652691909982,0.934237045590338));
#11775=DIRECTION('',(-2.31296463463574E-16,1.,0.));
#11776=DIRECTION('',(-8.26582351000553E-17,0.357369212923884,-0.933963192879764));
#11777=DIRECTION('',(2.31296463463574E-16,-1.,0.));
#11778=DIRECTION('',(7.93669058588568E-17,-0.343139296945437,0.939284527122528));
#11779=DIRECTION('',(2.31296463463574E-16,-1.,0.));
#11780=DIRECTION('',(0.,0.,-1.));
#11781=DIRECTION('',(-2.31296463463574E-16,1.,1.41210486228913E-16));
#11782=DIRECTION('',(0.,0.,-1.));
#11783=DIRECTION('',(2.31296463463574E-16,-1.,-2.23807142131055E-16));
#11784=DIRECTION('',(0.,0.,1.));
#11785=DIRECTION('',(-2.31296463463574E-16,1.,0.));
#11786=DIRECTION('',(0.,0.,-1.));
#11787=DIRECTION('',(2.31296463463574E-16,-1.,0.));
#11788=DIRECTION('',(0.,0.,-1.));
#11789=DIRECTION('',(-2.31296463463574E-16,1.,0.));
#11790=DIRECTION('',(0.,0.,-1.));
#11791=DIRECTION('',(1.,2.31296463463574E-16,0.));
#11792=DIRECTION('',(-2.31296463463574E-16,1.,0.));
#11793=DIRECTION('',(2.31296463463574E-16,-1.,0.));
#11794=DIRECTION('',(1.,2.31296463463574E-16,0.));
#11795=DIRECTION('',(-2.31296463463574E-16,1.,0.));
#11796=DIRECTION('',(1.,2.31296463463574E-16,0.));
#11797=DIRECTION('',(-2.31296463463574E-16,1.,0.));
#11798=DIRECTION('',(-2.31296463463574E-16,1.,0.));
#11799=DIRECTION('',(2.02347590482355E-16,-0.874840831771827,-0.48441048612182));
#11800=DIRECTION('',(-2.02347590482355E-16,0.874840831771827,-0.484410486121821));
#11801=DIRECTION('',(-2.31296463463574E-16,1.,0.));
#11802=DIRECTION('',(-1.,-2.31296463463574E-16,0.));
#11803=DIRECTION('',(2.31296463463574E-16,-1.,0.));
#11804=DIRECTION('',(-2.02347590482355E-16,0.874840831771827,-0.484410486121821));
#11805=DIRECTION('',(-2.02347590482355E-16,0.874840831771827,-0.484410486121821));
#11806=DIRECTION('',(-2.31296463463574E-16,1.,0.));
#11807=DIRECTION('',(-1.,-2.31296463463574E-16,0.));
#11808=DIRECTION('',(2.31296463463574E-16,-1.,0.));
#11809=DIRECTION('',(2.02347590482355E-16,-0.874840831771827,-0.48441048612182));
#11810=DIRECTION('',(2.02347590482355E-16,-0.874840831771827,-0.48441048612182));
#11811=DIRECTION('',(-2.31296463463574E-16,1.,0.));
#11812=DIRECTION('',(-1.,-2.31296463463574E-16,0.));
#11813=DIRECTION('',(2.31296463463574E-16,-1.,0.));
#11814=DIRECTION('',(2.02347590482355E-16,-0.874840831771827,-0.48441048612182));
#11815=DIRECTION('',(-2.31296463463574E-16,1.,0.));
#11816=DIRECTION('',(2.02347590482355E-16,-0.874840831771827,-0.48441048612182));
#11817=DIRECTION('',(-1.,-2.31296463463574E-16,0.));
#11818=DIRECTION('',(2.31296463463574E-16,-1.,0.));
#11819=DIRECTION('',(-2.02347590482355E-16,0.874840831771827,-0.484410486121821));
#11820=DIRECTION('',(-2.31296463463574E-16,1.,0.));
#11821=DIRECTION('',(1.55930200087803E-16,-1.,0.));
#11822=DIRECTION('',(1.,1.55930200087803E-16,0.));
#11823=DIRECTION('',(-1.,-1.55930200087803E-16,0.));
#11824=DIRECTION('',(1.55930200087803E-16,-1.,0.));
#11825=DIRECTION('',(1.,1.55930200087803E-16,0.));
#11826=DIRECTION('',(-1.,-1.55930200087803E-16,0.));
#11827=DIRECTION('',(1.55930200087803E-16,-1.,0.));
#11828=DIRECTION('',(1.,1.55930200087803E-16,0.));
#11829=DIRECTION('',(-1.,-1.55930200087803E-16,0.));
#11830=DIRECTION('',(1.55930200087803E-16,-1.,0.));
#11831=DIRECTION('',(1.,1.55930200087803E-16,0.));
#11832=DIRECTION('',(-1.,-1.55930200087803E-16,0.));
#11833=DIRECTION('',(1.55930200087803E-16,-1.,0.));
#11834=DIRECTION('',(1.,1.55930200087803E-16,0.));
#11835=DIRECTION('',(-1.,-1.55930200087803E-16,0.));
#11836=DIRECTION('',(1.55930200087803E-16,-1.,0.));
#11837=DIRECTION('',(1.,1.55930200087803E-16,0.));
#11838=DIRECTION('',(0.,0.,1.));
#11839=DIRECTION('',(-1.,-1.55930200087803E-16,0.));
#11840=DIRECTION('',(0.,0.,1.));
#11841=DIRECTION('',(1.55930200087803E-16,-1.,0.));
#11842=DIRECTION('',(1.,1.55930200087803E-16,0.));
#11843=DIRECTION('',(-0.879558419354022,-1.37149720318784E-16,0.475790906747339));
#11844=DIRECTION('',(1.55930200087803E-16,-1.,0.));
#11845=DIRECTION('',(1.,1.55930200087803E-16,0.));
#11846=DIRECTION('',(-1.,-1.55930200087803E-16,0.));
#11847=DIRECTION('',(0.,0.,1.));
#11848=DIRECTION('',(1.,1.55930200087803E-16,0.));
#11849=DIRECTION('',(1.55930200087803E-16,-1.,0.));
#11850=DIRECTION('',(1.,1.55930200087803E-16,0.));
#11851=DIRECTION('',(-1.,-1.55930200087803E-16,0.));
#11852=DIRECTION('',(0.,0.,1.));
#11853=DIRECTION('',(1.,1.55930200087803E-16,0.));
#11854=DIRECTION('',(0.,0.,-1.));
#11855=DIRECTION('',(1.,1.55930200087803E-16,0.));
#11856=DIRECTION('',(0.,0.,1.));
#11857=DIRECTION('',(1.,1.55930200087803E-16,0.));
#11858=DIRECTION('',(0.,0.,-1.));
#11859=DIRECTION('',(1.55930200087803E-16,-1.,0.));
#11860=DIRECTION('',(1.,1.55930200087803E-16,0.));
#11861=DIRECTION('',(1.,1.55930200087803E-16,0.));
#11862=DIRECTION('',(0.,0.,-1.));
#11863=DIRECTION('',(-1.,-1.55930200087803E-16,0.));
#11864=DIRECTION('',(0.,0.,-1.));
#11865=DIRECTION('',(1.,1.55930200087803E-16,0.));
#11866=DIRECTION('',(0.,0.,-1.));
#11867=DIRECTION('',(-1.,-1.55930200087803E-16,0.));
#11868=DIRECTION('',(0.,0.,-1.));
#11869=DIRECTION('',(-1.,-1.55930200087803E-16,0.));
#11870=DIRECTION('',(0.,0.,1.));
#11871=DIRECTION('',(1.55930200087803E-16,-1.,0.));
#11872=DIRECTION('',(1.,1.55930200087803E-16,0.));
#11873=DIRECTION('',(0.,0.,-1.));
#11874=DIRECTION('',(-1.,-1.55930200087803E-16,0.));
#11875=DIRECTION('',(-0.558501117002108,-8.70871909234002E-17,-0.829503768711992));
#11876=DIRECTION('',(0.520607424264655,8.11784198327834E-17,0.853796175794037));
#11877=DIRECTION('',(0.00602677974240822,9.39756971118831E-19,0.999981838798054));
#11878=DIRECTION('',(1.,1.55930200087803E-16,0.));
#11879=DIRECTION('',(-0.00556319624647548,-8.67470303840635E-19,-0.999984525304028));
#11880=DIRECTION('',(-1.,-1.55930200087803E-16,0.));
#11881=DIRECTION('',(0.,0.,1.));
#11882=DIRECTION('',(1.,1.55930200087803E-16,0.));
#11883=DIRECTION('',(0.,0.,-1.));
#11884=DIRECTION('',(-1.,-1.55930200087803E-16,0.));
#11885=DIRECTION('',(0.,0.,1.));
#11886=DIRECTION('',(1.,1.55930200087803E-16,0.));
#11887=DIRECTION('',(0.,0.,-1.));
#11888=DIRECTION('',(1.,1.55930200087803E-16,0.));
#11889=DIRECTION('',(-0.920790649233711,-1.4357907017399E-16,0.39005715002261));
#11890=DIRECTION('',(1.55930200087803E-16,-1.,0.));
#11891=DIRECTION('',(1.,1.55930200087803E-16,0.));
#11892=DIRECTION('',(1.55930200087803E-16,-1.,0.));
#11893=DIRECTION('',(1.,1.55930200087803E-16,0.));
#11894=DIRECTION('',(-0.948683298050513,-1.47928376484973E-16,-0.316227766016841));
#11895=DIRECTION('',(1.,1.55930200087803E-16,0.));
#11896=DIRECTION('',(0.,0.,-1.));
#11897=DIRECTION('',(-0.999997096833662,-1.55929747396495E-16,0.00240963155863468));
#11898=DIRECTION('',(-0.974785564394409,-1.51998508098722E-16,-0.223143683415582));
#11899=DIRECTION('',(0.00502700531279056,7.8386194426588E-19,0.999987364528965));
#11900=DIRECTION('',(1.,1.55930200087803E-16,0.));
#11901=DIRECTION('',(-0.00501536901946375,-7.8204749471915E-19,-0.999987422957708));
#11902=DIRECTION('',(-0.999904888719587,-1.55915369366817E-16,0.0137917915685481));
#11903=DIRECTION('',(1.55930200087803E-16,-1.,0.));
#11904=DIRECTION('',(1.,1.55930200087803E-16,0.));
#11905=DIRECTION('',(-1.,-1.55930200087803E-16,0.));
#11906=DIRECTION('',(1.55930200087803E-16,-1.,0.));
#11907=DIRECTION('',(1.,1.55930200087803E-16,0.));
#11908=DIRECTION('',(-1.,-1.55930200087803E-16,0.));
#11909=DIRECTION('',(1.55930200087803E-16,-1.,0.));
#11910=DIRECTION('',(1.,1.55930200087803E-16,0.));
#11911=DIRECTION('',(-1.,-1.55930200087803E-16,0.));
#11912=DIRECTION('',(1.55930200087803E-16,-1.,0.));
#11913=DIRECTION('',(1.,1.55930200087803E-16,0.));
#11914=DIRECTION('',(0.,0.,1.));
#11915=DIRECTION('',(-1.,-1.55930200087803E-16,0.));
#11916=DIRECTION('',(-1.,-1.55930200087803E-16,0.));
#11917=DIRECTION('',(0.,0.,-1.));
#11918=DIRECTION('',(0.999455255053975,1.55845257899372E-16,0.0330029263095427));
#11919=DIRECTION('',(0.0153015184390113,2.38596883184224E-18,0.999882924913442));
#11920=DIRECTION('',(-1.,-1.55930200087803E-16,0.));
#11921=DIRECTION('',(0.621419042076645,9.68979955693821E-17,-0.783478381414921));
#11922=DIRECTION('',(-1.55930200087803E-16,1.,0.));
#11923=DIRECTION('',(-1.,-1.55930200087803E-16,0.));
#11924=DIRECTION('',(-1.55930200087803E-16,1.,0.));
#11925=DIRECTION('',(-1.,-1.55930200087803E-16,0.));
#11926=DIRECTION('',(-1.55930200087803E-16,1.,0.));
#11927=DIRECTION('',(-1.,-1.55930200087803E-16,0.));
#11928=DIRECTION('',(-1.55930200087803E-16,1.,0.));
#11929=DIRECTION('',(-1.,-1.55930200087803E-16,0.));
#11930=DIRECTION('',(1.55930200087803E-16,-1.,0.));
#11931=DIRECTION('',(-1.,-1.55930200087803E-16,0.));
#11932=DIRECTION('',(1.55930200087803E-16,-1.,0.));
#11933=DIRECTION('',(-1.,-1.55930200087803E-16,0.));
#11934=DIRECTION('',(1.55930200087803E-16,-1.,0.));
#11935=DIRECTION('',(-1.,-1.55930200087803E-16,0.));
#11936=DIRECTION('',(1.55930200087803E-16,-1.,0.));
#11937=DIRECTION('',(-1.,-1.55930200087803E-16,0.));
#11938=DIRECTION('',(0.623806703847947,9.72703041471231E-17,-0.781578656460347));
#11939=DIRECTION('',(1.,1.55930200087803E-16,0.));
#11940=DIRECTION('',(-1.55930200087803E-16,1.,0.));
#11941=DIRECTION('',(-1.,-1.55930200087803E-16,0.));
#11942=DIRECTION('',(-1.55930200087803E-16,1.,0.));
#11943=DIRECTION('',(-1.,-1.55930200087803E-16,0.));
#11944=DIRECTION('',(-1.55930200087803E-16,1.,0.));
#11945=DIRECTION('',(-1.,-1.55930200087803E-16,0.));
#11946=DIRECTION('',(-1.55930200087803E-16,1.,0.));
#11947=DIRECTION('',(-1.,-1.55930200087803E-16,0.));
#11948=DIRECTION('',(-1.55930200087803E-16,1.,0.));
#11949=DIRECTION('',(-1.,-1.55930200087803E-16,0.));
#11950=DIRECTION('',(-1.55930200087803E-16,1.,0.));
#11951=DIRECTION('',(-1.,-1.55930200087803E-16,0.));
#11952=DIRECTION('',(-1.55930200087803E-16,1.,0.));
#11953=DIRECTION('',(-1.,-1.55930200087803E-16,0.));
#11954=DIRECTION('',(-1.55930200087803E-16,1.,0.));
#11955=DIRECTION('',(-1.,-1.55930200087803E-16,0.));
#11956=DIRECTION('',(1.55930200087803E-16,-1.,0.));
#11957=DIRECTION('',(-1.,-1.55930200087803E-16,0.));
#11958=DIRECTION('',(1.55930200087803E-16,-1.,0.));
#11959=DIRECTION('',(-1.,-1.55930200087803E-16,0.));
#11960=DIRECTION('',(1.55930200087803E-16,-1.,0.));
#11961=DIRECTION('',(-1.,-1.55930200087803E-16,0.));
#11962=DIRECTION('',(1.55930200087803E-16,-1.,0.));
#11963=DIRECTION('',(-1.,-1.55930200087803E-16,0.));
#11964=DIRECTION('',(-1.55930200087803E-16,1.,0.));
#11965=DIRECTION('',(-1.,-1.55930200087803E-16,0.));
#11966=DIRECTION('',(-1.,-1.55930200087803E-16,0.));
#11967=DIRECTION('',(1.55930200087803E-16,-1.,0.));
#11968=DIRECTION('',(-1.,-1.55930200087803E-16,0.));
#11969=DIRECTION('',(0.624662343756629,-5.92486560087996E-15,-0.780894971358169));
#11970=DIRECTION('',(-1.55930200087803E-16,1.,0.));
#11971=DIRECTION('',(-1.,-1.55930200087803E-16,0.));
#11972=DIRECTION('',(7.40586593733195E-10,1.,5.92769443448394E-10));
#11973=DIRECTION('',(0.780686932341493,-9.48601135186236E-10,0.624922326110396));
#11974=DIRECTION('',(-1.55930200087803E-16,1.,0.));
#11975=DIRECTION('',(-1.,-1.55930200087803E-16,0.));
#11976=DIRECTION('',(1.55930200087803E-16,-1.,0.));
#11977=DIRECTION('',(-1.,-1.55930200087803E-16,0.));
#11978=DIRECTION('',(1.55930200087803E-16,-1.,0.));
#11979=DIRECTION('',(-1.,-1.55930200087803E-16,0.));
#11980=DIRECTION('',(1.55930200087803E-16,-1.,0.));
#11981=DIRECTION('',(-1.,-1.55930200087803E-16,0.));
#11982=DIRECTION('',(1.55930200087803E-16,-1.,0.));
#11983=DIRECTION('',(-1.,-1.55930200087803E-16,0.));
#11984=DIRECTION('',(-1.55930200087803E-16,1.,0.));
#11985=DIRECTION('',(-1.,-1.55930200087803E-16,0.));
#11986=DIRECTION('',(-1.55930200087803E-16,1.,0.));
#11987=DIRECTION('',(-1.,-1.55930200087803E-16,0.));
#11988=DIRECTION('',(-1.55930200087803E-16,1.,0.));
#11989=DIRECTION('',(-1.,-1.55930200087803E-16,0.));
#11990=DIRECTION('',(-1.55930200087803E-16,1.,0.));
#11991=DIRECTION('',(-1.,-1.55930200087803E-16,0.));
#11992=DIRECTION('',(-1.55930200087803E-16,1.,0.));
#11993=DIRECTION('',(-1.,-1.55930200087803E-16,0.));
#11994=DIRECTION('',(-1.55930200087803E-16,1.,0.));
#11995=DIRECTION('',(-1.,-1.55930200087803E-16,0.));
#11996=DIRECTION('',(-1.55930200087803E-16,1.,0.));
#11997=DIRECTION('',(-1.,-1.55930200087803E-16,0.));
#11998=DIRECTION('',(-1.55930200087803E-16,1.,0.));
#11999=DIRECTION('',(-1.,-1.55930200087803E-16,0.));
#12000=DIRECTION('',(0.999961870381537,1.55924254528766E-16,-0.00873257024353746));
#12001=DIRECTION('',(0.,0.,1.));
#12002=DIRECTION('',(-1.,-1.55930200087803E-16,0.));
#12003=DIRECTION('',(0.,0.,-1.));
#12004=DIRECTION('',(0.999380876233405,1.55833659994998E-16,0.0351832946006026));
#12005=DIRECTION('',(0.00675452978246739,1.05323518047916E-18,0.999977187903513));
#12006=DIRECTION('',(-1.,-1.55930200087803E-16,0.));
#12007=DIRECTION('',(-1.55930200087803E-16,1.,0.));
#12008=DIRECTION('',(-1.,-1.55930200087803E-16,0.));
#12009=DIRECTION('',(-1.55930200087803E-16,1.,0.));
#12010=DIRECTION('',(-1.,-1.55930200087803E-16,0.));
#12011=DIRECTION('',(-1.55930200087803E-16,1.,0.));
#12012=DIRECTION('',(-1.,-1.55930200087803E-16,0.));
#12013=DIRECTION('',(-1.55930200087803E-16,1.,0.));
#12014=DIRECTION('',(-1.,-1.55930200087803E-16,0.));
#12015=DIRECTION('',(-1.55930200087803E-16,1.,0.));
#12016=DIRECTION('',(-1.,-1.55930200087803E-16,0.));
#12017=DIRECTION('',(-1.55930200087803E-16,1.,0.));
#12018=DIRECTION('',(-1.,-1.55930200087803E-16,0.));
#12019=DIRECTION('',(-1.55930200087803E-16,1.,0.));
#12020=DIRECTION('',(-1.,-1.55930200087803E-16,0.));
#12021=DIRECTION('',(-1.55930200087803E-16,1.,0.));
#12022=DIRECTION('',(-1.,-1.55930200087803E-16,0.));
#12023=DIRECTION('',(-1.55930200087803E-16,1.,0.));
#12024=DIRECTION('',(-1.,-1.55930200087803E-16,0.));
#12025=DIRECTION('',(-1.55930200087803E-16,1.,0.));
#12026=DIRECTION('',(-1.,-1.55930200087803E-16,0.));
#12027=DIRECTION('',(-1.55930200087803E-16,1.,0.));
#12028=DIRECTION('',(-1.,-1.55930200087803E-16,0.));
#12029=DIRECTION('',(-1.55930200087803E-16,1.,0.));
#12030=DIRECTION('',(-1.,-1.55930200087803E-16,0.));
#12031=DIRECTION('',(-1.55930200087803E-16,1.,0.));
#12032=DIRECTION('',(-1.,-1.55930200087803E-16,0.));
#12033=DIRECTION('',(-1.55930200087803E-16,1.,0.));
#12034=DIRECTION('',(-1.,-1.55930200087803E-16,0.));
#12035=DIRECTION('',(-1.,-1.55930200087803E-16,0.));
#12036=DIRECTION('',(0.,0.,-1.));
#12037=DIRECTION('',(-1.55930200087803E-16,1.,0.));
#12038=DIRECTION('',(-1.,-1.55930200087803E-16,0.));
#12039=DIRECTION('',(-1.55930200087803E-16,1.,0.));
#12040=DIRECTION('',(-1.,-1.55930200087803E-16,0.));
#12041=DIRECTION('',(-1.55930200087803E-16,1.,0.));
#12042=DIRECTION('',(-1.,-1.55930200087803E-16,0.));
#12043=DIRECTION('',(-1.55930200087803E-16,1.,0.));
#12044=DIRECTION('',(-1.,-1.55930200087803E-16,0.));
#12045=DIRECTION('',(-1.55930200087803E-16,1.,0.));
#12046=DIRECTION('',(-1.,-1.55930200087803E-16,0.));
#12047=DIRECTION('',(-1.55930200087803E-16,1.,0.));
#12048=DIRECTION('',(-1.,-1.55930200087803E-16,0.));
#12049=DIRECTION('',(-1.55930200087803E-16,1.,0.));
#12050=DIRECTION('',(-1.,-1.55930200087803E-16,0.));
#12051=DIRECTION('',(-1.55930200087803E-16,1.,0.));
#12052=DIRECTION('',(-1.,-1.55930200087803E-16,0.));
#12053=DIRECTION('',(1.,1.55930200087803E-16,0.));
#12054=DIRECTION('',(0.,0.,1.));
#12055=DIRECTION('',(-0.624091249546294,-9.73146734148006E-17,0.781351465244512));
#12056=DIRECTION('',(1.55930200087803E-16,-1.,0.));
#12057=DIRECTION('',(-1.,-1.55930200087803E-16,0.));
#12058=DIRECTION('',(1.55930200087803E-16,-1.,0.));
#12059=DIRECTION('',(-1.,-1.55930200087803E-16,0.));
#12060=DIRECTION('',(1.55930200087803E-16,-1.,0.));
#12061=DIRECTION('',(-1.,-1.55930200087803E-16,0.));
#12062=DIRECTION('',(1.55930200087803E-16,-1.,0.));
#12063=DIRECTION('',(-1.,-1.55930200087803E-16,0.));
#12064=DIRECTION('',(-1.55930200087803E-16,1.,0.));
#12065=DIRECTION('',(-1.,-1.55930200087803E-16,0.));
#12066=DIRECTION('',(-1.55930200087803E-16,1.,0.));
#12067=DIRECTION('',(-1.,-1.55930200087803E-16,0.));
#12068=DIRECTION('',(-1.55930200087803E-16,1.,0.));
#12069=DIRECTION('',(-1.,-1.55930200087803E-16,0.));
#12070=DIRECTION('',(-1.55930200087803E-16,1.,0.));
#12071=DIRECTION('',(-1.,-1.55930200087803E-16,0.));
#12072=DIRECTION('',(-0.628728383436533,-9.80377426301394E-17,0.777624986649274));
#12073=DIRECTION('',(0.584062528765531,9.10729869741974E-17,0.811708668483966));
#12074=DIRECTION('',(-1.,-1.55930200087803E-16,0.));
#12075=DIRECTION('',(0.,0.,-1.));
#12076=DIRECTION('',(1.,1.55930200087803E-16,0.));
#12077=DIRECTION('',(0.623491113466035,9.72210940757258E-17,0.781830436494311));
#12078=DIRECTION('',(1.55930200087803E-16,-1.,0.));
#12079=DIRECTION('',(-1.,-1.55930200087803E-16,0.));
#12080=DIRECTION('',(1.55930200087803E-16,-1.,0.));
#12081=DIRECTION('',(-1.,-1.55930200087803E-16,0.));
#12082=DIRECTION('',(-1.,-1.55930200087803E-16,0.));
#12083=DIRECTION('',(-0.626656763536514,-9.77147145246236E-17,-0.779295387330082));
#12084=DIRECTION('',(0.,0.,-1.));
#12085=DIRECTION('',(1.,1.55930200087803E-16,0.));
#12086=DIRECTION('',(-1.55930200087803E-16,1.,0.));
#12087=DIRECTION('',(-1.,-1.55930200087803E-16,0.));
#12088=DIRECTION('',(-1.55930200087803E-16,1.,0.));
#12089=DIRECTION('',(-1.,-1.55930200087803E-16,0.));
#12090=DIRECTION('',(-1.55930200087803E-16,1.,0.));
#12091=DIRECTION('',(-1.,-1.55930200087803E-16,0.));
#12092=DIRECTION('',(-1.55930200087803E-16,1.,0.));
#12093=DIRECTION('',(-1.,-1.55930200087803E-16,0.));
#12094=DIRECTION('',(1.55930200087803E-16,-1.,0.));
#12095=DIRECTION('',(-1.,-1.55930200087803E-16,0.));
#12096=DIRECTION('',(1.55930200087803E-16,-1.,0.));
#12097=DIRECTION('',(-1.,-1.55930200087803E-16,0.));
#12098=DIRECTION('',(1.55930200087803E-16,-1.,0.));
#12099=DIRECTION('',(-1.,-1.55930200087803E-16,0.));
#12100=DIRECTION('',(1.55930200087803E-16,-1.,0.));
#12101=DIRECTION('',(-1.,-1.55930200087803E-16,0.));
#12102=DIRECTION('',(-1.55930200087803E-16,1.,0.));
#12103=DIRECTION('',(-1.,-1.55930200087803E-16,0.));
#12104=DIRECTION('',(-1.55930200087803E-16,1.,0.));
#12105=DIRECTION('',(-1.,-1.55930200087803E-16,0.));
#12106=DIRECTION('',(-1.55930200087803E-16,1.,0.));
#12107=DIRECTION('',(-1.,-1.55930200087803E-16,0.));
#12108=DIRECTION('',(-1.55930200087803E-16,1.,0.));
#12109=DIRECTION('',(-1.,-1.55930200087803E-16,0.));
#12110=DIRECTION('',(0.621355467964075,9.68880824452886E-17,0.783528801277366));
#12111=DIRECTION('',(-1.,-1.55930200087803E-16,0.));
#12112=DIRECTION('',(1.55930200087803E-16,-1.,0.));
#12113=DIRECTION('',(-1.,-1.55930200087803E-16,0.));
#12114=DIRECTION('',(1.55930200087803E-16,-1.,0.));
#12115=DIRECTION('',(-1.,-1.55930200087803E-16,0.));
#12116=DIRECTION('',(1.55930200087803E-16,-1.,0.));
#12117=DIRECTION('',(-1.,-1.55930200087803E-16,0.));
#12118=DIRECTION('',(1.55930200087803E-16,-1.,0.));
#12119=DIRECTION('',(-1.,-1.55930200087803E-16,0.));
#12120=DIRECTION('',(-1.55930200087803E-16,1.,0.));
#12121=DIRECTION('',(-1.,-1.55930200087803E-16,0.));
#12122=DIRECTION('',(-1.55930200087803E-16,1.,0.));
#12123=DIRECTION('',(-1.,-1.55930200087803E-16,0.));
#12124=DIRECTION('',(-1.55930200087803E-16,1.,0.));
#12125=DIRECTION('',(-1.,-1.55930200087803E-16,0.));
#12126=DIRECTION('',(-1.55930200087803E-16,1.,0.));
#12127=DIRECTION('',(-1.,-1.55930200087803E-16,0.));
#12128=DIRECTION('',(0.0999234660709895,1.55810860579162E-17,-0.994995126082716));
#12129=DIRECTION('',(0.999372182622069,1.55832304398443E-16,0.0354293748350533));
#12130=DIRECTION('',(0.,0.,1.));
#12131=DIRECTION('',(-1.,-1.55930200087803E-16,0.));
#12132=DIRECTION('',(-0.00675452978246908,-1.05323518047943E-18,-0.999977187903513));
#12133=DIRECTION('',(-1.,-1.55930200087803E-16,0.));
#12134=DIRECTION('',(0.,0.,-1.));
#12135=DIRECTION('',(1.,1.55930200087803E-16,0.));
#12136=DIRECTION('',(0.632749494223579,9.86647552397387E-17,0.774356557123271));
#12137=DIRECTION('',(-1.55930200087803E-16,1.,0.));
#12138=DIRECTION('',(-1.,-1.55930200087803E-16,0.));
#12139=DIRECTION('',(-1.55930200087803E-16,1.,0.));
#12140=DIRECTION('',(-1.,-1.55930200087803E-16,0.));
#12141=DIRECTION('',(-1.55930200087803E-16,1.,0.));
#12142=DIRECTION('',(-1.,-1.55930200087803E-16,0.));
#12143=DIRECTION('',(-1.55930200087803E-16,1.,0.));
#12144=DIRECTION('',(-1.,-1.55930200087803E-16,0.));
#12145=DIRECTION('',(-1.55930200087803E-16,1.,0.));
#12146=DIRECTION('',(-1.,-1.55930200087803E-16,0.));
#12147=DIRECTION('',(-1.55930200087803E-16,1.,0.));
#12148=DIRECTION('',(-1.,-1.55930200087803E-16,0.));
#12149=DIRECTION('',(-1.55930200087803E-16,1.,0.));
#12150=DIRECTION('',(-1.,-1.55930200087803E-16,0.));
#12151=DIRECTION('',(-1.55930200087803E-16,1.,0.));
#12152=DIRECTION('',(-1.,-1.55930200087803E-16,0.));
#12153=DIRECTION('',(-1.,-1.55930200087803E-16,0.));
#12154=DIRECTION('',(1.55930200087803E-16,-1.,0.));
#12155=DIRECTION('',(1.,1.55930200087803E-16,0.));
#12156=DIRECTION('',(1.55930200087803E-16,-1.,0.));
#12157=DIRECTION('',(-1.,-1.55930200087803E-16,0.));
#12158=DIRECTION('',(-1.,-1.55930200087803E-16,0.));
#12159=DIRECTION('',(-1.55930200087803E-16,1.,0.));
#12160=DIRECTION('',(-1.,-1.55930200087803E-16,0.));
#12161=DIRECTION('',(-1.55930200087803E-16,1.,0.));
#12162=DIRECTION('',(-1.,-1.55930200087803E-16,0.));
#12163=DIRECTION('',(-1.55930200087803E-16,1.,0.));
#12164=DIRECTION('',(-1.,-1.55930200087803E-16,0.));
#12165=DIRECTION('',(1.55930200087803E-16,-1.,0.));
#12166=DIRECTION('',(-1.,-1.55930200087803E-16,0.));
#12167=DIRECTION('',(1.55930200087803E-16,-1.,0.));
#12168=DIRECTION('',(-1.,-1.55930200087803E-16,0.));
#12169=DIRECTION('',(1.55930200087803E-16,-1.,0.));
#12170=DIRECTION('',(-1.,-1.55930200087803E-16,0.));
#12171=DIRECTION('',(1.55930200087803E-16,-1.,0.));
#12172=DIRECTION('',(-1.,-1.55930200087803E-16,0.));
#12173=DIRECTION('',(1.55930200087803E-16,-1.,0.));
#12174=DIRECTION('',(-1.,-1.55930200087803E-16,0.));
#12175=DIRECTION('',(1.55930200087803E-16,-1.,0.));
#12176=DIRECTION('',(-1.,-1.55930200087803E-16,0.));
#12177=DIRECTION('',(1.55930200087803E-16,-1.,0.));
#12178=DIRECTION('',(-1.,-1.55930200087803E-16,0.));
#12179=DIRECTION('',(1.55930200087803E-16,-1.,0.));
#12180=DIRECTION('',(-1.,-1.55930200087803E-16,0.));
#12181=DIRECTION('',(-0.655225649498992,-1.02169466629038E-16,-0.755433218913905));
#12182=DIRECTION('',(-0.00148710423799926,-2.31884461382645E-19,0.999998894259881));
#12183=DIRECTION('',(1.55930200087803E-16,-1.,0.));
#12184=DIRECTION('',(1.,1.55930200087803E-16,0.));
#12185=DIRECTION('',(-0.0252518582830143,-3.93752731465926E-18,0.999681120984714));
#12186=DIRECTION('',(-1.,-1.55930200087803E-16,0.));
#12187=DIRECTION('',(-1.55930200087803E-16,1.,0.));
#12188=DIRECTION('',(-1.,-1.55930200087803E-16,0.));
#12189=DIRECTION('',(-1.55930200087803E-16,1.,0.));
#12190=DIRECTION('',(-1.,-1.55930200087803E-16,0.));
#12191=DIRECTION('',(1.55930200087803E-16,-1.,0.));
#12192=DIRECTION('',(-1.,-1.55930200087803E-16,0.));
#12193=DIRECTION('',(1.55930200087803E-16,-1.,0.));
#12194=DIRECTION('',(-1.,-1.55930200087803E-16,0.));
#12195=DIRECTION('',(1.55930200087803E-16,-1.,0.));
#12196=DIRECTION('',(-1.,-1.55930200087803E-16,0.));
#12197=DIRECTION('',(1.55930200087803E-16,-1.,0.));
#12198=DIRECTION('',(-1.,-1.55930200087803E-16,0.));
#12199=DIRECTION('',(-0.673740798319955,-1.05056537489347E-16,-0.738967750770756));
#12200=DIRECTION('',(1.55930200087803E-16,-1.,0.));
#12201=DIRECTION('',(1.,1.55930200087803E-16,0.));
#12202=DIRECTION('',(1.55930200087803E-16,-1.,0.));
#12203=DIRECTION('',(-1.,-1.55930200087803E-16,0.));
#12204=DIRECTION('',(-1.,-1.55930200087803E-16,0.));
#12205=DIRECTION('',(-1.55930200087803E-16,1.,0.));
#12206=DIRECTION('',(-1.,-1.55930200087803E-16,0.));
#12207=DIRECTION('',(-1.55930200087803E-16,1.,0.));
#12208=DIRECTION('',(-1.,-1.55930200087803E-16,0.));
#12209=DIRECTION('',(-1.55930200087803E-16,1.,0.));
#12210=DIRECTION('',(-1.,-1.55930200087803E-16,0.));
#12211=DIRECTION('',(-1.55930200087803E-16,1.,0.));
#12212=DIRECTION('',(-1.,-1.55930200087803E-16,0.));
#12213=DIRECTION('',(-1.55930200087803E-16,1.,0.));
#12214=DIRECTION('',(-1.,-1.55930200087803E-16,0.));
#12215=DIRECTION('',(-1.55930200087803E-16,1.,0.));
#12216=DIRECTION('',(-1.,-1.55930200087803E-16,0.));
#12217=DIRECTION('',(0.627266806818188,9.78098386955972E-17,-0.778804438266831));
#12218=DIRECTION('',(-0.999906026065999,-1.55915546713471E-16,-0.0137090859251282));
#12219=DIRECTION('',(1.55930200087803E-16,-1.,0.));
#12220=DIRECTION('',(-1.,-1.55930200087803E-16,0.));
#12221=DIRECTION('',(1.55930200087803E-16,-1.,0.));
#12222=DIRECTION('',(-1.,-1.55930200087803E-16,0.));
#12223=DIRECTION('',(1.55930200087803E-16,-1.,0.));
#12224=DIRECTION('',(-1.,-1.55930200087803E-16,0.));
#12225=DIRECTION('',(1.55930200087803E-16,-1.,0.));
#12226=DIRECTION('',(-1.,-1.55930200087803E-16,0.));
#12227=DIRECTION('',(1.55930200087803E-16,-1.,0.));
#12228=DIRECTION('',(-1.,-1.55930200087803E-16,0.));
#12229=DIRECTION('',(1.55930200087803E-16,-1.,0.));
#12230=DIRECTION('',(-1.,-1.55930200087803E-16,0.));
#12231=DIRECTION('',(1.55930200087803E-16,-1.,0.));
#12232=DIRECTION('',(-1.,-1.55930200087803E-16,0.));
#12233=DIRECTION('',(1.55930200087803E-16,-1.,0.));
#12234=DIRECTION('',(1.,1.55930200087803E-16,0.));
#12235=DIRECTION('',(1.55930200087803E-16,-1.,0.));
#12236=DIRECTION('',(-1.,-1.55930200087803E-16,0.));
#12237=DIRECTION('',(1.55930200087803E-16,-1.,0.));
#12238=DIRECTION('',(-1.,-1.55930200087803E-16,0.));
#12239=DIRECTION('',(1.55930200087803E-16,-1.,0.));
#12240=DIRECTION('',(-1.,-1.55930200087803E-16,0.));
#12241=DIRECTION('',(1.55930200087803E-16,-1.,0.));
#12242=DIRECTION('',(-1.,-1.55930200087803E-16,0.));
#12243=DIRECTION('',(1.55930200087803E-16,-1.,0.));
#12244=DIRECTION('',(-1.,-1.55930200087803E-16,0.));
#12245=DIRECTION('',(1.55930200087803E-16,-1.,0.));
#12246=DIRECTION('',(-1.,-1.55930200087803E-16,0.));
#12247=DIRECTION('',(1.55930200087803E-16,-1.,0.));
#12248=DIRECTION('',(-1.,-1.55930200087803E-16,0.));
#12249=DIRECTION('',(1.55930200087803E-16,-1.,0.));
#12250=DIRECTION('',(-1.,-1.55930200087803E-16,0.));
#12251=DIRECTION('',(1.55930200087803E-16,-1.,0.));
#12252=DIRECTION('',(-1.,-1.55930200087803E-16,0.));
#12253=DIRECTION('',(1.55930200087803E-16,-1.,0.));
#12254=DIRECTION('',(-1.,-1.55930200087803E-16,0.));
#12255=DIRECTION('',(1.55930200087803E-16,-1.,0.));
#12256=DIRECTION('',(-1.,-1.55930200087803E-16,0.));
#12257=DIRECTION('',(1.55930200087803E-16,-1.,0.));
#12258=DIRECTION('',(-1.,-1.55930200087803E-16,0.));
#12259=DIRECTION('',(1.55930200087803E-16,-1.,0.));
#12260=DIRECTION('',(-1.,-1.55930200087803E-16,0.));
#12261=DIRECTION('',(1.55930200087803E-16,-1.,0.));
#12262=DIRECTION('',(-1.,-1.55930200087803E-16,0.));
#12263=DIRECTION('',(1.55930200087803E-16,-1.,0.));
#12264=DIRECTION('',(-1.,-1.55930200087803E-16,0.));
#12265=DIRECTION('',(1.55930200087803E-16,-1.,0.));
#12266=DIRECTION('',(-1.,-1.55930200087803E-16,0.));
#12267=DIRECTION('',(1.55930200087803E-16,-1.,0.));
#12268=DIRECTION('',(-1.,-1.55930200087803E-16,0.));
#12269=DIRECTION('',(1.55930200087803E-16,-1.,0.));
#12270=DIRECTION('',(-1.,-1.55930200087803E-16,0.));
#12271=DIRECTION('',(1.55930200087803E-16,-1.,0.));
#12272=DIRECTION('',(-1.,-1.55930200087803E-16,0.));
#12273=DIRECTION('',(-1.,-1.55930200087803E-16,0.));
#12274=DIRECTION('',(1.55930200087803E-16,-1.,0.));
#12275=DIRECTION('',(1.,1.55930200087803E-16,0.));
#12276=DIRECTION('',(1.55930200087803E-16,-1.,0.));
#12277=DIRECTION('',(-1.,-1.55930200087803E-16,0.));
#12278=DIRECTION('',(-1.,-1.55930200087803E-16,0.));
#12279=DIRECTION('',(1.55930200087803E-16,-1.,0.));
#12280=DIRECTION('',(-1.,-1.55930200087803E-16,0.));
#12281=DIRECTION('',(1.55930200087803E-16,-1.,0.));
#12282=DIRECTION('',(-1.,-1.55930200087803E-16,0.));
#12283=DIRECTION('',(1.55930200087803E-16,-1.,0.));
#12284=DIRECTION('',(-1.,-1.55930200087803E-16,0.));
#12285=DIRECTION('',(1.55930200087803E-16,-1.,0.));
#12286=DIRECTION('',(-1.,-1.55930200087803E-16,0.));
#12287=DIRECTION('',(-0.0269589003800698,-4.20370673041142E-18,-0.999636542794579));
#12288=DIRECTION('',(-0.623637485769788,-9.72439179383374E-17,0.781713685656544));
#12289=DIRECTION('',(1.55930200087803E-16,-1.,0.));
#12290=DIRECTION('',(-1.,-1.55930200087803E-16,0.));
#12291=DIRECTION('',(1.55930200087803E-16,-1.,0.));
#12292=DIRECTION('',(-1.,-1.55930200087803E-16,0.));
#12293=DIRECTION('',(1.55930200087803E-16,-1.,0.));
#12294=DIRECTION('',(-1.,-1.55930200087803E-16,0.));
#12295=DIRECTION('',(1.55930200087803E-16,-1.,0.));
#12296=DIRECTION('',(-1.,-1.55930200087803E-16,0.));
#12297=DIRECTION('',(1.55930200087803E-16,-1.,0.));
#12298=DIRECTION('',(-1.,-1.55930200087803E-16,0.));
#12299=DIRECTION('',(1.55930200087803E-16,-1.,0.));
#12300=DIRECTION('',(-1.,-1.55930200087803E-16,0.));
#12301=DIRECTION('',(-1.,-2.31296463463574E-16,0.));
#12302=DIRECTION('',(2.31296463463574E-16,-1.,0.));
#12303=DIRECTION('',(-1.,-2.31296463463574E-16,0.));
#12304=DIRECTION('',(2.31296463463574E-16,-1.,0.));
#12305=DIRECTION('',(1.37492384629663E-16,-0.594442226097053,0.804138321330839));
#12306=DIRECTION('',(1.39048448705051E-16,-0.601169800103531,-0.799121312094403));
#12307=DIRECTION('',(-1.,-2.31296463463574E-16,0.));
#12308=DIRECTION('',(2.31296463463574E-16,-1.,0.));
#12309=DIRECTION('',(0.,0.,-1.));
#12310=DIRECTION('',(2.31296463463574E-16,-1.,0.));
#12311=DIRECTION('',(0.,0.,-1.));
#12312=DIRECTION('',(2.31296463463574E-16,-1.,0.));
#12313=DIRECTION('',(0.,0.,-1.));
#12314=DIRECTION('',(2.31296463463574E-16,-1.,0.));
#12315=DIRECTION('',(0.,0.,-1.));
#12316=DIRECTION('',(2.31296463463574E-16,-1.,0.));
#12317=DIRECTION('',(-1.,-2.31296463463574E-16,0.));
#12318=DIRECTION('',(2.31296463463574E-16,-1.,0.));
#12319=DIRECTION('',(-1.,-2.31296463463574E-16,0.));
#12320=DIRECTION('',(2.31296463463574E-16,-1.,0.));
#12321=DIRECTION('',(4.01642093812556E-17,-0.173648177666931,-0.984807753012208));
#12322=DIRECTION('',(-2.07728094877369E-16,0.898103203856737,0.439784760106878));
#12323=DIRECTION('',(7.01903017823193E-17,-0.303464656273801,-0.952842695513076));
#12324=DIRECTION('',(-1.,-2.31296463463574E-16,0.));
#12325=DIRECTION('',(2.31296463463574E-16,-1.,0.));
#12326=DIRECTION('',(2.07728094877369E-16,-0.898103203856737,-0.439784760106878));
#12327=DIRECTION('',(-1.,-2.31296463463574E-16,0.));
#12328=DIRECTION('',(2.31296463463574E-16,-1.,0.));
#12329=DIRECTION('',(4.01642093812534E-17,-0.173648177666922,-0.98480775301221));
#12330=DIRECTION('',(-2.07728094877369E-16,0.898103203856738,0.439784760106878));
#12331=DIRECTION('',(-1.,-2.31296463463574E-16,0.));
#12332=DIRECTION('',(2.31296463463574E-16,-1.,0.));
#12333=DIRECTION('',(2.06074946999816E-16,-0.890955892338015,0.454089856645324));
#12334=DIRECTION('',(-3.65166643348134E-17,0.157878178455436,-0.987458596989055));
#12335=DIRECTION('',(1.,2.31296463463574E-16,0.));
#12336=DIRECTION('',(2.31296463463574E-16,-1.,0.));
#12337=DIRECTION('',(-2.06074946999816E-16,0.890955892338015,-0.454089856645325));
#12338=DIRECTION('',(1.,2.31296463463574E-16,0.));
#12339=DIRECTION('',(2.31296463463574E-16,-1.,0.));
#12340=DIRECTION('',(-6.66571435538481E-17,0.288189203395864,-0.957573487021261));
#12341=DIRECTION('',(2.06074946999816E-16,-0.890955892338015,0.454089856645324));
#12342=DIRECTION('',(-3.65166643348153E-17,0.157878178455445,-0.987458596989054));
#12343=DIRECTION('',(1.,2.31296463463574E-16,0.));
#12344=DIRECTION('',(2.31296463463574E-16,-1.,0.));
#12345=DIRECTION('',(-2.06074946999815E-16,0.890955892338014,-0.454089856645327));
#12346=DIRECTION('',(1.,2.31296463463574E-16,0.));
#12347=DIRECTION('',(2.31296463463574E-16,-1.,0.));
#12348=DIRECTION('',(-3.65166643348136E-17,0.157878178455437,-0.987458596989055));
#12349=DIRECTION('',(2.06074946999816E-16,-0.890955892338016,0.454089856645324));
#12350=DIRECTION('',(-3.65166643348119E-17,0.15787817845543,-0.987458596989056));
#12351=DIRECTION('',(1.,2.31296463463574E-16,0.));
#12352=DIRECTION('',(2.31296463463574E-16,-1.,0.));
#12353=DIRECTION('',(-1.92541233141687E-16,0.832443480797145,-0.554109963164653));
#12354=DIRECTION('',(1.9456604577421E-16,-0.841197668397777,-0.54072773433785));
#12355=DIRECTION('',(-1.,-2.31296463463574E-16,0.));
#12356=DIRECTION('',(2.31296463463574E-16,-1.,0.));
#12357=DIRECTION('',(4.01642093812556E-17,-0.173648177666931,-0.984807753012208));
#12358=DIRECTION('',(-2.07728094877369E-16,0.898103203856738,0.439784760106878));
#12359=DIRECTION('',(4.01642093812548E-17,-0.173648177666928,-0.984807753012209));
#12360=DIRECTION('',(-1.,-2.31296463463574E-16,0.));
#12361=DIRECTION('',(2.31296463463574E-16,-1.,0.));
#12362=DIRECTION('',(2.07728094877369E-16,-0.898103203856738,-0.439784760106876));
#12363=DIRECTION('',(-1.,-2.31296463463574E-16,0.));
#12364=DIRECTION('',(2.31296463463574E-16,-1.,0.));
#12365=DIRECTION('',(-1.,-2.31296463463574E-16,0.));
#12366=DIRECTION('',(2.31296463463574E-16,-1.,0.));
#12367=DIRECTION('',(0.,0.,-1.));
#12368=DIRECTION('',(2.31296463463574E-16,-1.,0.));
#12369=DIRECTION('',(0.,0.,-1.));
#12370=DIRECTION('',(2.31296463463574E-16,-1.,0.));
#12371=DIRECTION('',(-1.,-2.31296463463574E-16,0.));
#12372=DIRECTION('',(2.31296463463574E-16,-1.,0.));
#12373=DIRECTION('',(-1.,-2.31296463463574E-16,0.));
#12374=DIRECTION('',(2.31296463463574E-16,-1.,0.));
#12375=DIRECTION('',(-1.,-2.31296463463574E-16,0.));
#12376=DIRECTION('',(2.31296463463574E-16,-1.,0.));
#12377=DIRECTION('',(0.,0.,-1.));
#12378=DIRECTION('',(-1.,-2.31296463463574E-16,0.));
#12379=DIRECTION('',(2.31296463463574E-16,-1.,0.));
#12380=DIRECTION('',(-2.31296463463574E-16,1.,0.));
#12381=DIRECTION('',(-1.,-2.31296463463574E-16,0.));
#12382=DIRECTION('',(2.31296463463574E-16,-1.,0.));
#12383=DIRECTION('',(0.,0.,1.));
#12384=DIRECTION('',(-1.,-2.31296463463574E-16,0.));
#12385=DIRECTION('',(2.31296463463574E-16,-1.,0.));
#12386=DIRECTION('',(-2.31296463463574E-16,1.,0.));
#12387=DIRECTION('',(0.,0.,-1.));
#12388=DIRECTION('',(2.31296463463574E-16,-1.,0.));
#12389=DIRECTION('',(0.,0.,-1.));
#12390=DIRECTION('',(2.31296463463574E-16,-1.,0.));
#12391=DIRECTION('',(0.,0.,1.));
#12392=DIRECTION('',(1.,0.,0.));
#12393=DIRECTION('',(-2.31296463463574E-16,1.,0.));
#12394=DIRECTION('',(1.,2.31296463463574E-16,0.));
#12395=DIRECTION('',(1.,2.31296463463574E-16,0.));
#12396=DIRECTION('',(-2.31296463463574E-16,1.,0.));
#12397=DIRECTION('',(1.,2.31296463463574E-16,0.));
#12398=DIRECTION('',(1.,2.31296463463574E-16,0.));
#12399=DIRECTION('',(-2.31296463463574E-16,1.,0.));
#12400=DIRECTION('',(1.,2.31296463463574E-16,0.));
#12401=DIRECTION('',(1.,2.31296463463574E-16,0.));
#12402=DIRECTION('',(-2.31296463463574E-16,1.,0.));
#12403=DIRECTION('',(1.,2.31296463463574E-16,0.));
#12404=DIRECTION('',(3.06662726839345E-16,-1.,0.));
#12405=DIRECTION('',(1.,3.06662726839345E-16,0.));
#12406=DIRECTION('',(3.06662726839345E-16,-1.,0.));
#12407=DIRECTION('',(3.06662726839345E-16,-1.,0.));
#12408=DIRECTION('',(1.,3.06662726839345E-16,0.));
#12409=DIRECTION('',(3.06662726839345E-16,-1.,0.));
#12410=DIRECTION('',(3.06662726839345E-16,-1.,0.));
#12411=DIRECTION('',(1.,3.06662726839345E-16,0.));
#12412=DIRECTION('',(3.06662726839345E-16,-1.,0.));
#12413=DIRECTION('',(3.06662726839345E-16,-1.,0.));
#12414=DIRECTION('',(1.,3.06662726839345E-16,0.));
#12415=DIRECTION('',(3.06662726839345E-16,-1.,0.));
#12416=DIRECTION('',(1.55930200087803E-16,-1.,0.));
#12417=DIRECTION('',(-1.,-1.55930200087803E-16,0.));
#12418=DIRECTION('',(1.55930200087803E-16,-1.,0.));
#12419=DIRECTION('',(1.55930200087803E-16,-1.,0.));
#12420=DIRECTION('',(-1.,-1.55930200087803E-16,0.));
#12421=DIRECTION('',(1.55930200087803E-16,-1.,0.));
#12422=DIRECTION('',(1.55930200087803E-16,-1.,0.));
#12423=DIRECTION('',(-1.,-1.55930200087803E-16,0.));
#12424=DIRECTION('',(1.55930200087803E-16,-1.,0.));
#12425=DIRECTION('',(1.55930200087803E-16,-1.,0.));
#12426=DIRECTION('',(-1.,-1.55930200087803E-16,0.));
#12427=DIRECTION('',(1.55930200087803E-16,-1.,0.));
#12428=DIRECTION('',(1.55930200087803E-16,-1.,0.));
#12429=DIRECTION('',(-1.,-1.55930200087803E-16,0.));
#12430=DIRECTION('',(-1.55930200087803E-16,1.,0.));
#12431=DIRECTION('',(1.55930200087803E-16,-1.,0.));
#12432=DIRECTION('',(-1.,-1.55930200087803E-16,0.));
#12433=DIRECTION('',(-1.55930200087803E-16,1.,0.));
#12434=DIRECTION('',(1.55930200087803E-16,-1.,0.));
#12435=DIRECTION('',(-1.,-1.55930200087803E-16,0.));
#12436=DIRECTION('',(-1.55930200087803E-16,1.,0.));
#12437=DIRECTION('',(1.55930200087803E-16,-1.,0.));
#12438=DIRECTION('',(-1.,-1.55930200087803E-16,0.));
#12439=DIRECTION('',(-1.55930200087803E-16,1.,0.));
#12440=DIRECTION('',(-1.55930200087803E-16,1.,0.));
#12441=DIRECTION('',(-1.,-1.55930200087803E-16,0.));
#12442=DIRECTION('',(-1.55930200087803E-16,1.,0.));
#12443=DIRECTION('',(-1.55930200087803E-16,1.,0.));
#12444=DIRECTION('',(-1.,-1.55930200087803E-16,0.));
#12445=DIRECTION('',(-1.55930200087803E-16,1.,0.));
#12446=DIRECTION('',(1.55930200087803E-16,-1.,0.));
#12447=DIRECTION('',(-1.,-1.55930200087803E-16,0.));
#12448=DIRECTION('',(-1.55930200087803E-16,1.,0.));
#12449=DIRECTION('',(-1.55930200087803E-16,1.,0.));
#12450=DIRECTION('',(-1.,-1.55930200087803E-16,0.));
#12451=DIRECTION('',(-1.55930200087803E-16,1.,0.));
#12452=DIRECTION('',(-1.55930200087803E-16,1.,0.));
#12453=DIRECTION('',(-1.,-1.55930200087803E-16,0.));
#12454=DIRECTION('',(-1.55930200087803E-16,1.,0.));
#12455=DIRECTION('',(-1.55930200087803E-16,1.,0.));
#12456=DIRECTION('',(-1.,-1.55930200087803E-16,0.));
#12457=DIRECTION('',(-1.55930200087803E-16,1.,0.));
#12458=DIRECTION('',(1.55930200087803E-16,-1.,0.));
#12459=DIRECTION('',(-1.,-1.55930200087803E-16,0.));
#12460=DIRECTION('',(-1.55930200087803E-16,1.,0.));
#12461=DIRECTION('',(1.55930200087803E-16,-1.,0.));
#12462=DIRECTION('',(-1.,-1.55930200087803E-16,0.));
#12463=DIRECTION('',(-1.55930200087803E-16,1.,0.));
#12464=DIRECTION('',(-1.55930200087803E-16,1.,0.));
#12465=DIRECTION('',(-1.,-1.55930200087803E-16,0.));
#12466=DIRECTION('',(-1.55930200087803E-16,1.,0.));
#12467=DIRECTION('',(-1.55930200087803E-16,1.,0.));
#12468=DIRECTION('',(-1.,-1.55930200087803E-16,0.));
#12469=DIRECTION('',(-1.55930200087803E-16,1.,0.));
#12470=DIRECTION('',(1.55930200087803E-16,-1.,0.));
#12471=DIRECTION('',(-1.,-1.55930200087803E-16,0.));
#12472=DIRECTION('',(-1.55930200087803E-16,1.,0.));
#12473=DIRECTION('',(1.,2.31296463463574E-16,0.));
#12474=DIRECTION('',(-2.31296463463574E-16,1.,0.));
#12475=DIRECTION('',(1.,2.31296463463574E-16,0.));
#12476=DIRECTION('',(1.,2.31296463463574E-16,0.));
#12477=DIRECTION('',(-2.31296463463574E-16,1.,0.));
#12478=DIRECTION('',(1.,2.31296463463574E-16,0.));
#12479=DIRECTION('',(1.,2.31296463463574E-16,0.));
#12480=DIRECTION('',(-2.31296463463574E-16,1.,0.));
#12481=DIRECTION('',(1.,2.31296463463574E-16,0.));
#12482=DIRECTION('',(1.,2.31296463463574E-16,0.));
#12483=DIRECTION('',(0.,0.,1.));
#12484=DIRECTION('',(1.,0.,0.));
#12485=DIRECTION('',(0.,0.,1.));
#12486=DIRECTION('',(1.,0.,0.));
#12487=DIRECTION('',(-1.38777878078145E-16,1.,0.));
#12488=DIRECTION('',(-1.,0.,0.));
#12489=DIRECTION('',(-1.38777878078145E-16,1.,0.));
#12490=DIRECTION('',(-1.,-1.00563679766771E-16,0.));
#12491=DIRECTION('',(0.,0.,1.));
#12492=DIRECTION('',(1.,0.,0.));
#12493=DIRECTION('',(0.,0.,1.));
#12494=DIRECTION('',(1.,0.,0.));
#12495=DIRECTION('',(-1.,-1.38777878078145E-16,0.));
#12496=DIRECTION('',(1.38777878078145E-16,-1.,0.));
#12497=DIRECTION('',(0.,0.,-1.));
#12498=DIRECTION('',(0.,0.,-1.));
#12499=DIRECTION('',(1.00563679766771E-16,-1.,0.));
#12500=DIRECTION('',(1.,1.00563679766771E-16,0.));
#12501=DIRECTION('',(0.,0.,-1.));
#12502=DIRECTION('',(-1.,-1.38777878078145E-16,0.));
#12503=DIRECTION('',(1.38777878078145E-16,-1.,0.));
#12504=DIRECTION('',(0.,0.,1.));
#12505=DIRECTION('',(-1.,-1.38777878078145E-16,0.));
#12506=DIRECTION('',(1.38777878078145E-16,-1.,0.));
#12507=DIRECTION('',(0.,0.,-1.));
#12508=DIRECTION('',(-1.,-1.38777878078145E-16,0.));
#12509=DIRECTION('',(1.38777878078145E-16,-1.,0.));
#12510=DIRECTION('',(0.,0.,-1.));
#12511=DIRECTION('',(-1.,-1.38777878078145E-16,0.));
#12512=DIRECTION('',(1.38777878078145E-16,-1.,0.));
#12513=DIRECTION('',(1.38777878078145E-16,-1.,0.));
#12514=DIRECTION('',(-1.,-1.38777878078145E-16,0.));
#12515=DIRECTION('',(1.38777878078145E-16,-1.,0.));
#12516=DIRECTION('',(0.,-1.,0.));
#12517=DIRECTION('',(0.,0.,-1.));
#12518=DIRECTION('',(0.,0.,1.));
#12519=DIRECTION('',(1.,0.,0.));
#12520=DIRECTION('',(0.,0.,1.));
#12521=DIRECTION('',(1.,0.,0.));
#12522=DIRECTION('',(0.,0.,1.));
#12523=DIRECTION('',(1.,0.,0.));
#12524=DIRECTION('',(0.,0.,1.));
#12525=DIRECTION('',(1.,0.,0.));
#12526=DIRECTION('',(2.31296463463574E-16,-1.,0.));
#12527=DIRECTION('',(1.,2.31296463463574E-16,0.));
#12528=DIRECTION('',(-1.,-2.31296463463574E-16,0.));
#12529=DIRECTION('',(0.,0.,1.));
#12530=DIRECTION('',(-1.,-2.31296463463574E-16,0.));
#12531=DIRECTION('',(-1.,-2.31296463463574E-16,0.));
#12532=DIRECTION('',(2.31296463463574E-16,-1.,0.));
#12533=DIRECTION('',(-1.,0.,0.));
#12534=DIRECTION('',(0.,0.,1.));
#12535=DIRECTION('',(-1.,-2.31296463463574E-16,0.));
#12536=DIRECTION('',(2.31296463463574E-16,-1.,0.));
#12537=DIRECTION('',(-1.,0.,0.));
#12538=DIRECTION('',(0.,0.,1.));
#12539=DIRECTION('',(-1.,-2.31296463463574E-16,0.));
#12540=DIRECTION('',(-2.31296463463574E-16,1.,0.));
#12541=DIRECTION('',(-1.,-2.31296463463574E-16,0.));
#12542=DIRECTION('',(0.,0.,-1.));
#12543=DIRECTION('',(-1.,-2.31296463463574E-16,0.));
#12544=DIRECTION('',(-1.,-2.31296463463574E-16,0.));
#12545=DIRECTION('',(2.31296463463574E-16,-1.,0.));
#12546=DIRECTION('',(-1.,0.,0.));
#12547=DIRECTION('',(0.,0.,1.));
#12548=DIRECTION('',(-1.,-2.31296463463574E-16,0.));
#12549=DIRECTION('',(0.,0.,-1.));
#12550=DIRECTION('',(-1.,0.,0.));
#12551=DIRECTION('',(2.31296463463574E-16,-1.,0.));
#12552=DIRECTION('',(-1.,-2.31296463463574E-16,0.));
#12553=DIRECTION('',(-1.,-2.31296463463574E-16,0.));
#12554=DIRECTION('',(2.31296463463574E-16,-1.,0.));
#12555=DIRECTION('',(-1.,0.,0.));
#12556=DIRECTION('',(0.,0.,1.));
#12557=DIRECTION('',(-1.,0.,0.));
#12558=DIRECTION('',(0.,0.,1.));
#12559=DIRECTION('',(-0.707106781186548,0.707106781186548,0.));
#12560=DIRECTION('',(-0.707106781186548,-0.707106781186548,0.));
#12561=DIRECTION('',(0.,0.,1.));
#12562=DIRECTION('',(-0.707106781186548,0.707106781186548,-2.4532694666934E-15));
#12563=DIRECTION('',(-1.,0.,0.));
#12564=DIRECTION('',(0.,0.,1.));
#12565=DIRECTION('',(-0.707106781186547,0.,-0.707106781186548));
#12566=DIRECTION('',(-0.707106781186548,-1.6355129777956E-16,0.707106781186547));
#12567=DIRECTION('',(-2.31296463463574E-16,1.,0.));
#12568=DIRECTION('',(-0.707106781186547,-2.4532694666934E-15,-0.707106781186548));
#12569=DIRECTION('',(-1.,0.,0.));
#12570=DIRECTION('',(0.,0.,1.));
#12571=DIRECTION('',(-0.707106781186549,-0.707106781186547,0.));
#12572=DIRECTION('',(-0.707106781186545,0.70710678118655,0.));
#12573=DIRECTION('',(0.,0.,-1.));
#12574=DIRECTION('',(-0.707106781186551,-0.707106781186544,0.));
#12575=DIRECTION('',(-1.,0.,0.));
#12576=DIRECTION('',(0.,0.,1.));
#12577=DIRECTION('',(0.,0.,-1.));
#12578=DIRECTION('',(-1.,0.,0.));
#12579=DIRECTION('',(-2.31296463463574E-16,1.,0.));
#12580=DIRECTION('',(1.,2.31296463463574E-16,0.));
#12581=DIRECTION('',(-2.31296463463574E-16,1.,0.));
#12582=DIRECTION('',(1.,2.31296463463574E-16,0.));
#12583=DIRECTION('',(2.17430498122871E-16,-0.940051113912135,0.341033580798951));
#12584=DIRECTION('',(0.,-0.341033580798951,-0.940051113912135));
#12585=DIRECTION('',(7.88798611611164E-17,-0.341033580798951,-0.940051113912135));
#12586=DIRECTION('',(1.,2.31296463463574E-16,0.));
#12587=DIRECTION('',(7.88798611611164E-17,-0.341033580798951,-0.940051113912135));
#12588=DIRECTION('',(7.84766277749724E-32,-3.39290219140473E-16,1.));
#12589=DIRECTION('',(0.,-1.,-3.39290219140473E-16));
#12590=DIRECTION('',(1.,2.31296463463574E-16,0.));
#12591=DIRECTION('',(2.31296463463574E-16,-1.,-3.39290219140473E-16));
#12592=DIRECTION('',(1.,2.31296463463574E-16,0.));
#12593=DIRECTION('',(-2.17253189309497E-16,0.939284527122528,0.343139296945437));
#12594=DIRECTION('',(0.,-0.343139296945437,0.939284527122528));
#12595=DIRECTION('',(1.,2.31296463463574E-16,0.));
#12596=DIRECTION('',(7.93669058588568E-17,-0.343139296945437,0.939284527122528));
#12597=DIRECTION('',(0.,0.,1.));
#12598=DIRECTION('',(1.,0.,0.));
#12599=DIRECTION('',(1.,2.31296463463574E-16,0.));
#12600=DIRECTION('',(2.31296463463574E-16,-1.,0.));
#12601=DIRECTION('',(2.16022383518237E-16,-0.933963192879764,-0.357369212923884));
#12602=DIRECTION('',(0.,0.357369212923884,-0.933963192879764));
#12603=DIRECTION('',(1.,2.31296463463574E-16,0.));
#12604=DIRECTION('',(-8.26582351000553E-17,0.357369212923884,-0.933963192879764));
#12605=DIRECTION('',(0.,0.,-1.));
#12606=DIRECTION('',(-1.,0.,0.));
#12607=DIRECTION('',(1.,2.31296463463574E-16,0.));
#12608=DIRECTION('',(-2.31296463463574E-16,1.,0.));
#12609=DIRECTION('',(-2.16085724681704E-16,0.934237045590338,-0.356652691909982));
#12610=DIRECTION('',(0.,0.356652691909982,0.934237045590338));
#12611=DIRECTION('',(1.,2.31296463463574E-16,0.));
#12612=DIRECTION('',(-8.24925063235426E-17,0.356652691909982,0.934237045590338));
#12613=DIRECTION('',(0.,0.,1.));
#12614=DIRECTION('',(1.,0.,0.));
#12615=DIRECTION('',(1.,2.31296463463574E-16,0.));
#12616=DIRECTION('',(2.31296463463574E-16,-1.,0.));
#12617=DIRECTION('',(2.17605244531281E-16,-0.940806622257547,0.338943799937904));
#12618=DIRECTION('',(0.,-0.338943799937904,-0.940806622257547));
#12619=DIRECTION('',(7.83965022385425E-17,-0.338943799937904,-0.940806622257547));
#12620=DIRECTION('',(-2.17332104523268E-16,0.939625713548769,0.342203913533974));
#12621=DIRECTION('',(0.,-0.342203913533974,0.939625713548769));
#12622=DIRECTION('',(7.9150554983803E-17,-0.342203913533974,0.939625713548769));
#12623=DIRECTION('',(7.9150554983803E-17,-0.342203913533974,0.939625713548769));
#12624=DIRECTION('',(1.,2.31296463463574E-16,0.));
#12625=DIRECTION('',(-2.31296463463574E-16,1.,0.));
#12626=DIRECTION('',(0.,0.,1.));
#12627=DIRECTION('',(1.,0.,0.));
#12628=DIRECTION('',(1.,2.31296463463574E-16,0.));
#12629=DIRECTION('',(2.31296463463574E-16,-1.,0.));
#12630=DIRECTION('',(1.,2.31296463463574E-16,0.));
#12631=DIRECTION('',(2.31296463463574E-16,-1.,0.));
#12632=DIRECTION('',(1.,2.31296463463574E-16,0.));
#12633=DIRECTION('',(1.,2.31296463463574E-16,0.));
#12634=DIRECTION('',(0.,0.,-1.));
#12635=DIRECTION('',(0.,0.,-1.));
#12636=DIRECTION('',(-1.,0.,0.));
#12637=DIRECTION('',(1.,2.31296463463574E-16,0.));
#12638=DIRECTION('',(-2.31296463463574E-16,1.,0.));
#12639=DIRECTION('',(2.31296463463574E-16,-1.,0.));
#12640=DIRECTION('',(1.,2.31296463463574E-16,0.));
#12641=DIRECTION('',(1.,2.31296463463574E-16,0.));
#12642=DIRECTION('',(0.,0.,-1.));
#12643=DIRECTION('',(0.,0.,1.));
#12644=DIRECTION('',(1.,0.,0.));
#12645=DIRECTION('',(1.,2.31296463463574E-16,0.));
#12646=DIRECTION('',(2.31296463463574E-16,-1.,0.));
#12647=DIRECTION('',(2.31296463463574E-16,-1.,0.));
#12648=DIRECTION('',(1.,2.31296463463574E-16,0.));
#12649=DIRECTION('',(1.,2.31296463463574E-16,0.));
#12650=DIRECTION('',(0.,0.,-1.));
#12651=DIRECTION('',(0.,0.,-1.));
#12652=DIRECTION('',(-1.,0.,0.));
#12653=DIRECTION('',(1.,2.31296463463574E-16,0.));
#12654=DIRECTION('',(-2.31296463463574E-16,1.,0.));
#12655=DIRECTION('',(-2.31296463463574E-16,1.,0.));
#12656=DIRECTION('',(-1.,-2.31296463463574E-16,0.));
#12657=DIRECTION('',(1.,2.31296463463574E-16,0.));
#12658=DIRECTION('',(0.,0.,1.));
#12659=DIRECTION('',(5.17658004728026E-32,-2.23807142131055E-16,1.));
#12660=DIRECTION('',(0.,-1.,-2.23807142131055E-16));
#12661=DIRECTION('',(1.,2.31296463463574E-16,0.));
#12662=DIRECTION('',(2.31296463463574E-16,-1.,-2.23807142131055E-16));
#12663=DIRECTION('',(2.31296463463574E-16,-1.,0.));
#12664=DIRECTION('',(1.,2.31296463463574E-16,0.));
#12665=DIRECTION('',(1.,2.31296463463574E-16,0.));
#12666=DIRECTION('',(0.,0.,-1.));
#12667=DIRECTION('',(-3.26614860687194E-32,1.41210486228913E-16,-1.));
#12668=DIRECTION('',(0.,1.,1.41210486228913E-16));
#12669=DIRECTION('',(1.,2.31296463463574E-16,0.));
#12670=DIRECTION('',(-2.31296463463574E-16,1.,1.41210486228913E-16));
#12671=DIRECTION('',(2.31296463463574E-16,-1.,0.));
#12672=DIRECTION('',(1.,2.31296463463574E-16,0.));
#12673=DIRECTION('',(0.,0.,-1.));
#12674=DIRECTION('',(1.,2.31296463463574E-16,0.));
#12675=DIRECTION('',(-2.31296463463574E-16,1.,0.));
#12676=DIRECTION('',(1.,2.31296463463574E-16,0.));
#12677=DIRECTION('',(1.,2.31296463463574E-16,0.));
#12678=DIRECTION('',(2.31296463463574E-16,-1.,0.));
#12679=DIRECTION('',(1.,2.31296463463574E-16,0.));
#12680=DIRECTION('',(1.,2.31296463463574E-16,0.));
#12681=DIRECTION('',(0.,0.,-1.));
#12682=DIRECTION('',(0.,0.,-1.));
#12683=DIRECTION('',(-1.,0.,0.));
#12684=DIRECTION('',(1.,2.31296463463574E-16,0.));
#12685=DIRECTION('',(-2.31296463463574E-16,1.,0.));
#12686=DIRECTION('',(-2.31296463463574E-16,1.,0.));
#12687=DIRECTION('',(-1.,-2.31296463463574E-16,0.));
#12688=DIRECTION('',(1.,2.31296463463574E-16,0.));
#12689=DIRECTION('',(0.,0.,1.));
#12690=DIRECTION('',(0.,0.,1.));
#12691=DIRECTION('',(1.,0.,0.));
#12692=DIRECTION('',(1.,2.31296463463574E-16,0.));
#12693=DIRECTION('',(2.31296463463574E-16,-1.,0.));
#12694=DIRECTION('',(-2.31296463463574E-16,1.,0.));
#12695=DIRECTION('',(-1.,-2.31296463463574E-16,0.));
#12696=DIRECTION('',(1.,2.31296463463574E-16,0.));
#12697=DIRECTION('',(0.,0.,1.));
#12698=DIRECTION('',(1.,2.31296463463574E-16,0.));
#12699=DIRECTION('',(0.,0.520173533295299,-0.854060592264439));
#12700=DIRECTION('',(1.,2.31296463463574E-16,0.));
#12701=DIRECTION('',(1.,2.31296463463574E-16,0.));
#12702=DIRECTION('',(-2.31296463463574E-16,1.,0.));
#12703=DIRECTION('',(1.,2.31296463463574E-16,0.));
#12704=DIRECTION('',(1.,2.31296463463574E-16,0.));
#12705=DIRECTION('',(1.,2.31296463463574E-16,0.));
#12706=DIRECTION('',(2.31296463463574E-16,-1.,0.));
#12707=DIRECTION('',(1.,2.31296463463574E-16,0.));
#12708=DIRECTION('',(1.,2.31296463463574E-16,0.));
#12709=DIRECTION('',(0.,0.,-1.));
#12710=DIRECTION('',(1.,2.31296463463574E-16,0.));
#12711=DIRECTION('',(1.,2.31296463463574E-16,0.));
#12712=DIRECTION('',(1.,2.31296463463574E-16,0.));
#12713=DIRECTION('',(0.,0.,1.));
#12714=DIRECTION('',(1.,0.,0.));
#12715=DIRECTION('',(1.,2.31296463463574E-16,0.));
#12716=DIRECTION('',(2.31296463463574E-16,-1.,0.));
#12717=DIRECTION('',(1.,2.31296463463574E-16,0.));
#12718=DIRECTION('',(1.,2.31296463463574E-16,0.));
#12719=DIRECTION('',(1.,2.31296463463574E-16,0.));
#12720=DIRECTION('',(1.,2.31296463463574E-16,0.));
#12721=DIRECTION('',(-2.31296463463574E-16,1.,0.));
#12722=DIRECTION('',(-1.,-2.31296463463574E-16,0.));
#12723=DIRECTION('',(1.,2.31296463463574E-16,0.));
#12724=DIRECTION('',(0.,0.,1.));
#12725=DIRECTION('',(1.,2.31296463463574E-16,0.));
#12726=DIRECTION('',(1.,2.31296463463574E-16,0.));
#12727=DIRECTION('',(1.,2.31296463463574E-16,0.));
#12728=DIRECTION('',(1.,2.31296463463574E-16,0.));
#12729=DIRECTION('',(-2.31296463463574E-16,1.,0.));
#12730=DIRECTION('',(1.,2.31296463463574E-16,0.));
#12731=DIRECTION('',(1.,2.31296463463574E-16,0.));
#12732=DIRECTION('',(1.,2.31296463463574E-16,0.));
#12733=DIRECTION('',(1.,2.31296463463574E-16,0.));
#12734=DIRECTION('',(1.,2.31296463463574E-16,0.));
#12735=DIRECTION('',(1.,2.31296463463574E-16,0.));
#12736=DIRECTION('',(1.,2.31296463463574E-16,0.));
#12737=DIRECTION('',(1.,2.31296463463574E-16,0.));
#12738=DIRECTION('',(0.,0.,-1.));
#12739=DIRECTION('',(-1.,0.,0.));
#12740=DIRECTION('',(1.,2.31296463463574E-16,0.));
#12741=DIRECTION('',(-2.31296463463574E-16,1.,0.));
#12742=DIRECTION('',(1.,2.31296463463574E-16,0.));
#12743=DIRECTION('',(0.,-0.954320015159268,-0.29878639304094));
#12744=DIRECTION('',(1.,2.31296463463574E-16,0.));
#12745=DIRECTION('',(1.,2.31296463463574E-16,0.));
#12746=DIRECTION('',(-2.31296463463574E-16,1.,0.));
#12747=DIRECTION('',(1.,2.31296463463574E-16,0.));
#12748=DIRECTION('',(1.,2.31296463463574E-16,0.));
#12749=DIRECTION('',(0.,-0.203424074898096,-0.979090723963747));
#12750=DIRECTION('',(1.,2.31296463463574E-16,0.));
#12751=DIRECTION('',(1.,2.31296463463574E-16,0.));
#12752=DIRECTION('',(-2.31296463463574E-16,1.,0.));
#12753=DIRECTION('',(1.,2.31296463463574E-16,0.));
#12754=DIRECTION('',(1.,2.31296463463574E-16,0.));
#12755=DIRECTION('',(1.,2.31296463463574E-16,0.));
#12756=DIRECTION('',(1.,2.31296463463574E-16,0.));
#12757=DIRECTION('',(1.,2.31296463463574E-16,0.));
#12758=DIRECTION('',(1.,2.31296463463574E-16,0.));
#12759=DIRECTION('',(1.,2.31296463463574E-16,0.));
#12760=DIRECTION('',(1.,2.31296463463574E-16,0.));
#12761=DIRECTION('',(1.,2.31296463463574E-16,0.));
#12762=DIRECTION('',(1.,2.31296463463574E-16,0.));
#12763=DIRECTION('',(1.,2.31296463463574E-16,0.));
#12764=DIRECTION('',(0.,0.,1.));
#12765=DIRECTION('',(1.,0.,0.));
#12766=DIRECTION('',(1.,2.31296463463574E-16,0.));
#12767=DIRECTION('',(2.31296463463574E-16,-1.,0.));
#12768=DIRECTION('',(1.,2.31296463463574E-16,0.));
#12769=DIRECTION('',(0.,0.960635215004231,0.27781285732265));
#12770=DIRECTION('',(1.,2.31296463463574E-16,0.));
#12771=DIRECTION('',(1.,2.31296463463574E-16,0.));
#12772=DIRECTION('',(-2.31296463463574E-16,1.,0.));
#12773=DIRECTION('',(1.,2.31296463463574E-16,0.));
#12774=DIRECTION('',(1.,2.31296463463574E-16,0.));
#12775=DIRECTION('',(1.,2.31296463463574E-16,0.));
#12776=DIRECTION('',(1.,2.31296463463574E-16,0.));
#12777=DIRECTION('',(1.,2.31296463463574E-16,0.));
#12778=DIRECTION('',(-2.31296463463574E-16,1.,0.));
#12779=DIRECTION('',(-1.,-2.31296463463574E-16,0.));
#12780=DIRECTION('',(2.31296463463574E-16,-1.,0.));
#12781=DIRECTION('',(-1.,-2.31296463463574E-16,0.));
#12782=DIRECTION('',(2.31296463463574E-16,-1.,0.));
#12783=DIRECTION('',(-1.,-2.31296463463574E-16,0.));
#12784=DIRECTION('',(2.31296463463574E-16,-1.,0.));
#12785=DIRECTION('',(-1.,-2.31296463463574E-16,0.));
#12786=DIRECTION('',(2.31296463463574E-16,-1.,0.));
#12787=DIRECTION('',(-1.,-2.31296463463574E-16,0.));
#12788=DIRECTION('',(2.31296463463574E-16,-1.,0.));
#12789=DIRECTION('',(-1.,-2.31296463463574E-16,0.));
#12790=DIRECTION('',(2.31296463463574E-16,-1.,0.));
#12791=DIRECTION('',(-1.,-2.31296463463574E-16,0.));
#12792=DIRECTION('',(2.31296463463574E-16,-1.,0.));
#12793=DIRECTION('',(-1.,-2.31296463463574E-16,0.));
#12794=DIRECTION('',(2.31296463463574E-16,-1.,0.));
#12795=DIRECTION('',(-1.,-2.31296463463574E-16,0.));
#12796=DIRECTION('',(2.31296463463574E-16,-1.,0.));
#12797=DIRECTION('',(-1.,-2.31296463463574E-16,0.));
#12798=DIRECTION('',(2.31296463463574E-16,-1.,0.));
#12799=DIRECTION('',(-2.31296463463574E-16,1.,0.));
#12800=DIRECTION('',(-1.,-2.31296463463574E-16,0.));
#12801=DIRECTION('',(-1.,-2.31296463463574E-16,0.));
#12802=DIRECTION('',(0.,0.,-1.));
#12803=DIRECTION('',(-1.,-2.31296463463574E-16,0.));
#12804=DIRECTION('',(0.,0.,-1.));
#12805=DIRECTION('',(-1.,0.,0.));
#12806=DIRECTION('',(-1.,-2.31296463463574E-16,0.));
#12807=DIRECTION('',(2.31296463463574E-16,-1.,0.));
#12808=DIRECTION('',(-2.31296463463574E-16,1.,0.));
#12809=DIRECTION('',(-1.,-2.31296463463574E-16,0.));
#12810=DIRECTION('',(-1.,-2.31296463463574E-16,0.));
#12811=DIRECTION('',(0.,0.,-1.));
#12812=DIRECTION('',(0.,0.,-1.));
#12813=DIRECTION('',(-1.,0.,0.));
#12814=DIRECTION('',(2.31296463463574E-16,-1.,0.));
#12815=DIRECTION('',(-1.,-2.31296463463574E-16,0.));
#12816=DIRECTION('',(2.31296463463574E-16,-1.,0.));
#12817=DIRECTION('',(-1.,-2.31296463463574E-16,0.));
#12818=DIRECTION('',(2.31296463463574E-16,-1.,0.));
#12819=DIRECTION('',(-1.,-2.31296463463574E-16,0.));
#12820=DIRECTION('',(2.31296463463574E-16,-1.,0.));
#12821=DIRECTION('',(-1.,-2.31296463463574E-16,0.));
#12822=DIRECTION('',(2.31296463463574E-16,-1.,0.));
#12823=DIRECTION('',(-2.27782550463233E-16,0.984807753012208,-0.173648177666931));
#12824=DIRECTION('',(0.,0.173648177666931,0.984807753012208));
#12825=DIRECTION('',(-1.,-2.31296463463574E-16,0.));
#12826=DIRECTION('',(4.01642093812556E-17,-0.173648177666931,-0.984807753012208));
#12827=DIRECTION('',(-1.,-2.31296463463574E-16,0.));
#12828=DIRECTION('',(-1.,-2.31296463463574E-16,0.));
#12829=DIRECTION('',(2.31296463463574E-16,-1.,0.));
#12830=DIRECTION('',(-1.,-2.31296463463574E-16,0.));
#12831=DIRECTION('',(-1.,-2.31296463463574E-16,0.));
#12832=DIRECTION('',(2.31296463463574E-16,-1.,0.));
#12833=DIRECTION('',(-1.01720659697897E-16,0.439784760106876,-0.898103203856738));
#12834=DIRECTION('',(0.,0.898103203856738,0.439784760106876));
#12835=DIRECTION('',(-1.,-2.31296463463574E-16,0.));
#12836=DIRECTION('',(2.07728094877369E-16,-0.898103203856738,-0.439784760106876));
#12837=DIRECTION('',(-1.,-2.31296463463574E-16,0.));
#12838=DIRECTION('',(2.31296463463574E-16,-1.,0.));
#12839=DIRECTION('',(-1.,-2.31296463463574E-16,0.));
#12840=DIRECTION('',(-1.,-2.31296463463574E-16,0.));
#12841=DIRECTION('',(2.31296463463574E-16,-1.,0.));
#12842=DIRECTION('',(-2.27782550463233E-16,0.984807753012208,-0.173648177666928));
#12843=DIRECTION('',(0.,0.173648177666928,0.984807753012208));
#12844=DIRECTION('',(-1.,-2.31296463463574E-16,0.));
#12845=DIRECTION('',(4.01642093812548E-17,-0.173648177666928,-0.984807753012209));
#12846=DIRECTION('',(1.01720659697897E-16,-0.439784760106878,0.898103203856738));
#12847=DIRECTION('',(0.,-0.898103203856738,-0.439784760106878));
#12848=DIRECTION('',(-1.,-2.31296463463574E-16,0.));
#12849=DIRECTION('',(-2.07728094877369E-16,0.898103203856738,0.439784760106878));
#12850=DIRECTION('',(-2.27782550463233E-16,0.984807753012208,-0.173648177666931));
#12851=DIRECTION('',(0.,0.173648177666931,0.984807753012208));
#12852=DIRECTION('',(-1.,-2.31296463463574E-16,0.));
#12853=DIRECTION('',(4.01642093812556E-17,-0.173648177666931,-0.984807753012208));
#12854=DIRECTION('',(-1.,-2.31296463463574E-16,0.));
#12855=DIRECTION('',(2.31296463463574E-16,-1.,0.));
#12856=DIRECTION('',(-1.,-2.31296463463574E-16,0.));
#12857=DIRECTION('',(-1.,-2.31296463463574E-16,0.));
#12858=DIRECTION('',(2.31296463463574E-16,-1.,0.));
#12859=DIRECTION('',(-1.25068412649016E-16,0.54072773433785,-0.841197668397777));
#12860=DIRECTION('',(0.,0.841197668397777,0.54072773433785));
#12861=DIRECTION('',(-1.,-2.31296463463574E-16,0.));
#12862=DIRECTION('',(1.9456604577421E-16,-0.841197668397777,-0.54072773433785));
#12863=DIRECTION('',(-1.28163674849916E-16,0.554109963164653,0.832443480797145));
#12864=DIRECTION('',(0.,-0.832443480797145,0.554109963164653));
#12865=DIRECTION('',(-1.,-2.31296463463574E-16,0.));
#12866=DIRECTION('',(-1.92541233141687E-16,0.832443480797145,-0.554109963164653));
#12867=DIRECTION('',(-1.,-2.31296463463574E-16,0.));
#12868=DIRECTION('',(2.31296463463574E-16,-1.,0.));
#12869=DIRECTION('',(-1.,-2.31296463463574E-16,0.));
#12870=DIRECTION('',(1.,2.31296463463574E-16,0.));
#12871=DIRECTION('',(2.31296463463574E-16,-1.,0.));
#12872=DIRECTION('',(-2.28395681300272E-16,0.987458596989056,0.15787817845543));
#12873=DIRECTION('',(0.,-0.15787817845543,0.987458596989056));
#12874=DIRECTION('',(-1.,-2.31296463463574E-16,0.));
#12875=DIRECTION('',(-3.65166643348119E-17,0.15787817845543,-0.987458596989056));
#12876=DIRECTION('',(1.05029377936745E-16,-0.454089856645324,-0.890955892338016));
#12877=DIRECTION('',(0.,0.890955892338016,-0.454089856645324));
#12878=DIRECTION('',(-1.,-2.31296463463574E-16,0.));
#12879=DIRECTION('',(2.06074946999816E-16,-0.890955892338016,0.454089856645324));
#12880=DIRECTION('',(-2.28395681300272E-16,0.987458596989055,0.157878178455437));
#12881=DIRECTION('',(0.,-0.157878178455437,0.987458596989055));
#12882=DIRECTION('',(-1.,-2.31296463463574E-16,0.));
#12883=DIRECTION('',(-3.65166643348136E-17,0.157878178455437,-0.987458596989055));
#12884=DIRECTION('',(-1.,-2.31296463463574E-16,0.));
#12885=DIRECTION('',(2.31296463463574E-16,-1.,0.));
#12886=DIRECTION('',(-1.,-2.31296463463574E-16,0.));
#12887=DIRECTION('',(1.,2.31296463463574E-16,0.));
#12888=DIRECTION('',(2.31296463463574E-16,-1.,0.));
#12889=DIRECTION('',(-1.05029377936746E-16,0.454089856645327,0.890955892338014));
#12890=DIRECTION('',(0.,-0.890955892338014,0.454089856645327));
#12891=DIRECTION('',(-1.,-2.31296463463574E-16,0.));
#12892=DIRECTION('',(-2.06074946999815E-16,0.890955892338014,-0.454089856645327));
#12893=DIRECTION('',(-1.,-2.31296463463574E-16,0.));
#12894=DIRECTION('',(2.31296463463574E-16,-1.,0.));
#12895=DIRECTION('',(-1.,-2.31296463463574E-16,0.));
#12896=DIRECTION('',(1.,2.31296463463574E-16,0.));
#12897=DIRECTION('',(2.31296463463574E-16,-1.,0.));
#12898=DIRECTION('',(-2.28395681300271E-16,0.987458596989054,0.157878178455445));
#12899=DIRECTION('',(0.,-0.157878178455445,0.987458596989054));
#12900=DIRECTION('',(-1.,-2.31296463463574E-16,0.));
#12901=DIRECTION('',(-3.65166643348153E-17,0.157878178455445,-0.987458596989054));
#12902=DIRECTION('',(1.05029377936745E-16,-0.454089856645324,-0.890955892338015));
#12903=DIRECTION('',(0.,0.890955892338015,-0.454089856645324));
#12904=DIRECTION('',(-1.,-2.31296463463574E-16,0.));
#12905=DIRECTION('',(2.06074946999816E-16,-0.890955892338015,0.454089856645324));
#12906=DIRECTION('',(-2.21483361054501E-16,0.957573487021261,0.288189203395864));
#12907=DIRECTION('',(0.,-0.288189203395864,0.957573487021261));
#12908=DIRECTION('',(-1.,-2.31296463463574E-16,0.));
#12909=DIRECTION('',(-6.66571435538481E-17,0.288189203395864,-0.957573487021261));
#12910=DIRECTION('',(-1.,-2.31296463463574E-16,0.));
#12911=DIRECTION('',(2.31296463463574E-16,-1.,0.));
#12912=DIRECTION('',(-1.,-2.31296463463574E-16,0.));
#12913=DIRECTION('',(1.,2.31296463463574E-16,0.));
#12914=DIRECTION('',(2.31296463463574E-16,-1.,0.));
#12915=DIRECTION('',(-1.05029377936745E-16,0.454089856645325,0.890955892338015));
#12916=DIRECTION('',(0.,-0.890955892338015,0.454089856645325));
#12917=DIRECTION('',(-1.,-2.31296463463574E-16,0.));
#12918=DIRECTION('',(-2.06074946999816E-16,0.890955892338015,-0.454089856645325));
#12919=DIRECTION('',(-1.,-2.31296463463574E-16,0.));
#12920=DIRECTION('',(2.31296463463574E-16,-1.,0.));
#12921=DIRECTION('',(-1.,-2.31296463463574E-16,0.));
#12922=DIRECTION('',(1.,2.31296463463574E-16,0.));
#12923=DIRECTION('',(2.31296463463574E-16,-1.,0.));
#12924=DIRECTION('',(-2.28395681300272E-16,0.987458596989055,0.157878178455436));
#12925=DIRECTION('',(0.,-0.157878178455436,0.987458596989055));
#12926=DIRECTION('',(-1.,-2.31296463463574E-16,0.));
#12927=DIRECTION('',(-3.65166643348134E-17,0.157878178455436,-0.987458596989055));
#12928=DIRECTION('',(1.05029377936745E-16,-0.454089856645324,-0.890955892338015));
#12929=DIRECTION('',(0.,0.890955892338015,-0.454089856645324));
#12930=DIRECTION('',(-1.,-2.31296463463574E-16,0.));
#12931=DIRECTION('',(2.06074946999816E-16,-0.890955892338015,0.454089856645324));
#12932=DIRECTION('',(-1.,-2.31296463463574E-16,0.));
#12933=DIRECTION('',(2.31296463463574E-16,-1.,0.));
#12934=DIRECTION('',(-1.,-2.31296463463574E-16,0.));
#12935=DIRECTION('',(-1.,-2.31296463463574E-16,0.));
#12936=DIRECTION('',(2.31296463463574E-16,-1.,0.));
#12937=DIRECTION('',(1.01720659697897E-16,-0.439784760106878,0.898103203856737));
#12938=DIRECTION('',(0.,-0.898103203856738,-0.439784760106878));
#12939=DIRECTION('',(-1.,-2.31296463463574E-16,0.));
#12940=DIRECTION('',(-2.07728094877369E-16,0.898103203856738,0.439784760106878));
#12941=DIRECTION('',(-2.27782550463234E-16,0.98480775301221,-0.173648177666922));
#12942=DIRECTION('',(0.,0.173648177666922,0.98480775301221));
#12943=DIRECTION('',(-1.,-2.31296463463574E-16,0.));
#12944=DIRECTION('',(4.01642093812534E-17,-0.173648177666922,-0.98480775301221));
#12945=DIRECTION('',(-1.,-2.31296463463574E-16,0.));
#12946=DIRECTION('',(2.31296463463574E-16,-1.,0.));
#12947=DIRECTION('',(-1.,-2.31296463463574E-16,0.));
#12948=DIRECTION('',(-1.,-2.31296463463574E-16,0.));
#12949=DIRECTION('',(2.31296463463574E-16,-1.,0.));
#12950=DIRECTION('',(-1.01720659697897E-16,0.439784760106878,-0.898103203856737));
#12951=DIRECTION('',(0.,0.898103203856737,0.439784760106878));
#12952=DIRECTION('',(-1.,-2.31296463463574E-16,0.));
#12953=DIRECTION('',(2.07728094877369E-16,-0.898103203856737,-0.439784760106878));
#12954=DIRECTION('',(-1.,-2.31296463463574E-16,0.));
#12955=DIRECTION('',(2.31296463463574E-16,-1.,0.));
#12956=DIRECTION('',(-1.,-2.31296463463574E-16,0.));
#12957=DIRECTION('',(-1.,-2.31296463463574E-16,0.));
#12958=DIRECTION('',(2.31296463463574E-16,-1.,0.));
#12959=DIRECTION('',(-2.20389145709274E-16,0.952842695513076,-0.303464656273801));
#12960=DIRECTION('',(0.,0.303464656273801,0.952842695513076));
#12961=DIRECTION('',(-1.,-2.31296463463574E-16,0.));
#12962=DIRECTION('',(7.01903017823193E-17,-0.303464656273801,-0.952842695513076));
#12963=DIRECTION('',(1.01720659697897E-16,-0.439784760106878,0.898103203856737));
#12964=DIRECTION('',(0.,-0.898103203856737,-0.439784760106878));
#12965=DIRECTION('',(-2.07728094877369E-16,0.898103203856737,0.439784760106878));
#12966=DIRECTION('',(-1.,-2.31296463463574E-16,0.));
#12967=DIRECTION('',(2.31296463463574E-16,-1.,0.));
#12968=DIRECTION('',(-1.,-2.31296463463574E-16,0.));
#12969=DIRECTION('',(2.31296463463574E-16,-1.,0.));
#12970=DIRECTION('',(-1.,-2.31296463463574E-16,0.));
#12971=DIRECTION('',(2.31296463463574E-16,-1.,0.));
#12972=DIRECTION('',(-1.,-2.31296463463574E-16,0.));
#12973=DIRECTION('',(2.31296463463574E-16,-1.,0.));
#12974=DIRECTION('',(-1.,-2.31296463463574E-16,0.));
#12975=DIRECTION('',(2.31296463463574E-16,-1.,0.));
#12976=DIRECTION('',(-1.,-2.31296463463574E-16,0.));
#12977=DIRECTION('',(2.31296463463574E-16,-1.,0.));
#12978=DIRECTION('',(-1.,-2.31296463463574E-16,0.));
#12979=DIRECTION('',(2.31296463463574E-16,-1.,0.));
#12980=DIRECTION('',(-2.31296463463574E-16,1.,0.));
#12981=DIRECTION('',(-1.,-2.31296463463574E-16,0.));
#12982=DIRECTION('',(-1.,-2.31296463463574E-16,0.));
#12983=DIRECTION('',(0.,0.,-1.));
#12984=DIRECTION('',(-1.,-2.31296463463574E-16,0.));
#12985=DIRECTION('',(0.,0.,-1.));
#12986=DIRECTION('',(-1.,0.,0.));
#12987=DIRECTION('',(-1.,-2.31296463463574E-16,0.));
#12988=DIRECTION('',(2.31296463463574E-16,-1.,0.));
#12989=DIRECTION('',(-2.31296463463574E-16,1.,0.));
#12990=DIRECTION('',(-1.,-2.31296463463574E-16,0.));
#12991=DIRECTION('',(-1.,-2.31296463463574E-16,0.));
#12992=DIRECTION('',(0.,0.,-1.));
#12993=DIRECTION('',(0.,0.,-1.));
#12994=DIRECTION('',(-1.,0.,0.));
#12995=DIRECTION('',(2.31296463463574E-16,-1.,0.));
#12996=DIRECTION('',(-1.,-2.31296463463574E-16,0.));
#12997=DIRECTION('',(2.31296463463574E-16,-1.,0.));
#12998=DIRECTION('',(-2.31296463463574E-16,1.,0.));
#12999=DIRECTION('',(-1.,-2.31296463463574E-16,0.));
#13000=DIRECTION('',(-1.,-2.31296463463574E-16,0.));
#13001=DIRECTION('',(0.,0.,-1.));
#13002=DIRECTION('',(-1.,-2.31296463463574E-16,0.));
#13003=DIRECTION('',(0.,0.,-1.));
#13004=DIRECTION('',(-1.,0.,0.));
#13005=DIRECTION('',(-1.,-2.31296463463574E-16,0.));
#13006=DIRECTION('',(2.31296463463574E-16,-1.,0.));
#13007=DIRECTION('',(-2.31296463463574E-16,1.,0.));
#13008=DIRECTION('',(-1.,-2.31296463463574E-16,0.));
#13009=DIRECTION('',(-1.,-2.31296463463574E-16,0.));
#13010=DIRECTION('',(0.,0.,-1.));
#13011=DIRECTION('',(0.,0.,-1.));
#13012=DIRECTION('',(-1.,0.,0.));
#13013=DIRECTION('',(2.31296463463574E-16,-1.,0.));
#13014=DIRECTION('',(-1.,-2.31296463463574E-16,0.));
#13015=DIRECTION('',(2.31296463463574E-16,-1.,0.));
#13016=DIRECTION('',(0.,0.,-1.));
#13017=DIRECTION('',(-1.,0.,0.));
#13018=DIRECTION('',(-1.,-2.31296463463574E-16,0.));
#13019=DIRECTION('',(2.31296463463574E-16,-1.,0.));
#13020=DIRECTION('',(-1.,-2.31296463463574E-16,0.));
#13021=DIRECTION('',(-2.31296463463574E-16,1.,0.));
#13022=DIRECTION('',(-1.,-2.31296463463574E-16,0.));
#13023=DIRECTION('',(-1.,-2.31296463463574E-16,0.));
#13024=DIRECTION('',(0.,0.,-1.));
#13025=DIRECTION('',(0.,0.,-1.));
#13026=DIRECTION('',(-1.,0.,0.));
#13027=DIRECTION('',(-1.,-2.31296463463574E-16,0.));
#13028=DIRECTION('',(2.31296463463574E-16,-1.,0.));
#13029=DIRECTION('',(-2.31296463463574E-16,1.,0.));
#13030=DIRECTION('',(-1.,-2.31296463463574E-16,0.));
#13031=DIRECTION('',(0.,0.,-1.));
#13032=DIRECTION('',(-1.,-2.31296463463574E-16,0.));
#13033=DIRECTION('',(2.31296463463574E-16,-1.,0.));
#13034=DIRECTION('',(-1.,-2.31296463463574E-16,0.));
#13035=DIRECTION('',(2.31296463463574E-16,-1.,0.));
#13036=DIRECTION('',(-1.,-2.31296463463574E-16,0.));
#13037=DIRECTION('',(-1.,-2.31296463463574E-16,0.));
#13038=DIRECTION('',(2.31296463463574E-16,-1.,0.));
#13039=DIRECTION('',(-1.,-2.31296463463574E-16,0.));
#13040=DIRECTION('',(-1.,-2.31296463463574E-16,0.));
#13041=DIRECTION('',(2.31296463463574E-16,-1.,0.));
#13042=DIRECTION('',(-1.,-2.31296463463574E-16,0.));
#13043=DIRECTION('',(-1.,-2.31296463463574E-16,0.));
#13044=DIRECTION('',(2.31296463463574E-16,-1.,0.));
#13045=DIRECTION('',(-1.84833933365806E-16,0.799121312094403,-0.601169800103531));
#13046=DIRECTION('',(0.,0.601169800103531,0.799121312094403));
#13047=DIRECTION('',(-1.,-2.31296463463574E-16,0.));
#13048=DIRECTION('',(1.39048448705051E-16,-0.601169800103531,-0.799121312094403));
#13049=DIRECTION('',(-1.,-2.31296463463574E-16,0.));
#13050=DIRECTION('',(2.31296463463574E-16,-1.,0.));
#13051=DIRECTION('',(-1.,-2.31296463463574E-16,0.));
#13052=DIRECTION('',(2.31296463463574E-16,-1.,0.));
#13053=DIRECTION('',(-1.,-2.31296463463574E-16,0.));
#13054=DIRECTION('',(-1.,-2.31296463463574E-16,0.));
#13055=DIRECTION('',(2.31296463463574E-16,-1.,0.));
#13056=DIRECTION('',(-1.,-2.31296463463574E-16,0.));
#13057=DIRECTION('',(-1.,-2.31296463463574E-16,0.));
#13058=DIRECTION('',(2.31296463463574E-16,-1.,0.));
#13059=DIRECTION('',(-1.,-2.31296463463574E-16,0.));
#13060=DIRECTION('',(2.31296463463574E-16,-1.,0.));
#13061=DIRECTION('',(-1.,-2.31296463463574E-16,0.));
#13062=DIRECTION('',(-1.,-2.31296463463574E-16,0.));
#13063=DIRECTION('',(2.31296463463574E-16,-1.,0.));
#13064=DIRECTION('',(-1.,-2.31296463463574E-16,0.));
#13065=DIRECTION('',(2.31296463463574E-16,-1.,0.));
#13066=DIRECTION('',(-1.,-2.31296463463574E-16,0.));
#13067=DIRECTION('',(2.31296463463574E-16,-1.,0.));
#13068=DIRECTION('',(-1.,-2.31296463463574E-16,0.));
#13069=DIRECTION('',(-1.,-2.31296463463574E-16,0.));
#13070=DIRECTION('',(2.31296463463574E-16,-1.,0.));
#13071=DIRECTION('',(-1.,-2.31296463463574E-16,0.));
#13072=DIRECTION('',(2.31296463463574E-16,-1.,0.));
#13073=DIRECTION('',(-1.,-2.31296463463574E-16,0.));
#13074=DIRECTION('',(2.31296463463574E-16,-1.,0.));
#13075=DIRECTION('',(-1.,-2.31296463463574E-16,0.));
#13076=DIRECTION('',(2.31296463463574E-16,-1.,0.));
#13077=DIRECTION('',(1.85994349859358E-16,-0.804138321330839,-0.594442226097053));
#13078=DIRECTION('',(0.,0.594442226097053,-0.804138321330839));
#13079=DIRECTION('',(1.37492384629663E-16,-0.594442226097053,0.804138321330839));
#13080=DIRECTION('',(-1.,-2.31296463463574E-16,0.));
#13081=DIRECTION('',(2.31296463463574E-16,-1.,0.));
#13082=DIRECTION('',(-1.,-2.31296463463574E-16,0.));
#13083=DIRECTION('',(2.31296463463574E-16,-1.,0.));
#13084=DIRECTION('',(-1.,-2.31296463463574E-16,0.));
#13085=DIRECTION('',(2.31296463463574E-16,-1.,0.));
#13086=DIRECTION('',(-1.,-2.31296463463574E-16,0.));
#13087=DIRECTION('',(2.31296463463574E-16,-1.,0.));
#13088=DIRECTION('',(-1.,-2.31296463463574E-16,0.));
#13089=DIRECTION('',(2.31296463463574E-16,-1.,0.));
#13090=DIRECTION('',(-1.,-2.31296463463574E-16,0.));
#13091=DIRECTION('',(2.31296463463574E-16,-1.,0.));
#13092=DIRECTION('',(-1.,-2.31296463463574E-16,0.));
#13093=DIRECTION('',(2.31296463463574E-16,-1.,0.));
#13094=DIRECTION('',(0.781578656460346,1.21871716286218E-16,0.623806703847947));
#13095=DIRECTION('',(0.623806703847947,0.,-0.781578656460347));
#13096=DIRECTION('',(-1.55930200087803E-16,1.,0.));
#13097=DIRECTION('',(0.623806703847947,9.72703041471231E-17,-0.781578656460347));
#13098=DIRECTION('',(-1.55930200087803E-16,1.,0.));
#13099=DIRECTION('',(0.,0.,1.));
#13100=DIRECTION('',(1.,0.,0.));
#13101=DIRECTION('',(1.,1.55930200087803E-16,0.));
#13102=DIRECTION('',(-1.55930200087803E-16,1.,0.));
#13103=DIRECTION('',(-1.55930200087803E-16,1.,0.));
#13104=DIRECTION('',(-1.,-1.55930200087803E-16,0.));
#13105=DIRECTION('',(-1.55930200087803E-16,1.,0.));
#13106=DIRECTION('',(-1.,-1.55930200087803E-16,0.));
#13107=DIRECTION('',(1.55930200087803E-16,-1.,0.));
#13108=DIRECTION('',(-1.,-1.55930200087803E-16,0.));
#13109=DIRECTION('',(1.55930200087803E-16,-1.,0.));
#13110=DIRECTION('',(-1.,-1.55930200087803E-16,0.));
#13111=DIRECTION('',(1.55930200087803E-16,-1.,0.));
#13112=DIRECTION('',(-1.,-1.55930200087803E-16,0.));
#13113=DIRECTION('',(1.55930200087803E-16,-1.,0.));
#13114=DIRECTION('',(-1.,-1.55930200087803E-16,0.));
#13115=DIRECTION('',(-1.55930200087803E-16,1.,0.));
#13116=DIRECTION('',(-1.,-1.55930200087803E-16,0.));
#13117=DIRECTION('',(-1.55930200087803E-16,1.,0.));
#13118=DIRECTION('',(-1.,-1.55930200087803E-16,0.));
#13119=DIRECTION('',(-1.55930200087803E-16,1.,0.));
#13120=DIRECTION('',(-1.,-1.55930200087803E-16,0.));
#13121=DIRECTION('',(-1.55930200087803E-16,1.,0.));
#13122=DIRECTION('',(-1.,-1.55930200087803E-16,0.));
#13123=DIRECTION('',(-1.55930200087803E-16,1.,0.));
#13124=DIRECTION('',(-1.,-1.55930200087803E-16,0.));
#13125=DIRECTION('',(-1.55930200087803E-16,1.,0.));
#13126=DIRECTION('',(-1.,-1.55930200087803E-16,0.));
#13127=DIRECTION('',(-1.55930200087803E-16,1.,0.));
#13128=DIRECTION('',(-1.,-1.55930200087803E-16,0.));
#13129=DIRECTION('',(-1.55930200087803E-16,1.,0.));
#13130=DIRECTION('',(-1.,-1.55930200087803E-16,0.));
#13131=DIRECTION('',(1.55930200087803E-16,-1.,0.));
#13132=DIRECTION('',(-1.,-1.55930200087803E-16,0.));
#13133=DIRECTION('',(1.55930200087803E-16,-1.,0.));
#13134=DIRECTION('',(-1.,-1.55930200087803E-16,0.));
#13135=DIRECTION('',(1.55930200087803E-16,-1.,0.));
#13136=DIRECTION('',(-1.,-1.55930200087803E-16,0.));
#13137=DIRECTION('',(1.55930200087803E-16,-1.,0.));
#13138=DIRECTION('',(-1.,-1.55930200087803E-16,0.));
#13139=DIRECTION('',(-1.55930200087803E-16,1.,0.));
#13140=DIRECTION('',(-1.,-1.55930200087803E-16,0.));
#13141=DIRECTION('',(-1.55930200087803E-16,1.,0.));
#13142=DIRECTION('',(-1.,-1.55930200087803E-16,0.));
#13143=DIRECTION('',(-1.55930200087803E-16,1.,0.));
#13144=DIRECTION('',(-1.,-1.55930200087803E-16,0.));
#13145=DIRECTION('',(-1.55930200087803E-16,1.,0.));
#13146=DIRECTION('',(-1.,-1.55930200087803E-16,0.));
#13147=DIRECTION('',(0.621419042076645,9.68979955693821E-17,-0.783478381414921));
#13148=DIRECTION('',(0.783478381414921,1.22167940778497E-16,0.621419042076645));
#13149=DIRECTION('',(0.621419042076645,0.,-0.783478381414921));
#13150=DIRECTION('',(-1.55930200087803E-16,1.,0.));
#13151=DIRECTION('',(-1.55930200087803E-16,1.,0.));
#13152=DIRECTION('',(-1.,-1.55930200087803E-16,0.));
#13153=DIRECTION('',(-1.55930200087803E-16,1.,0.));
#13154=DIRECTION('',(-1.55930200087803E-16,1.,0.));
#13155=DIRECTION('',(-1.,-1.55930200087803E-16,0.));
#13156=DIRECTION('',(-1.55930200087803E-16,1.,0.));
#13157=DIRECTION('',(-1.55930200087803E-16,1.,0.));
#13158=DIRECTION('',(-1.,-1.55930200087803E-16,0.));
#13159=DIRECTION('',(-1.55930200087803E-16,1.,0.));
#13160=DIRECTION('',(-1.55930200087803E-16,1.,0.));
#13161=DIRECTION('',(-1.,-1.55930200087803E-16,0.));
#13162=DIRECTION('',(-1.55930200087803E-16,1.,0.));
#13163=DIRECTION('',(-1.55930200087803E-16,1.,0.));
#13164=DIRECTION('',(-1.,-1.55930200087803E-16,0.));
#13165=DIRECTION('',(-1.55930200087803E-16,1.,0.));
#13166=DIRECTION('',(-1.55930200087803E-16,1.,0.));
#13167=DIRECTION('',(-1.,-1.55930200087803E-16,0.));
#13168=DIRECTION('',(-1.55930200087803E-16,1.,0.));
#13169=DIRECTION('',(-1.55930200087803E-16,1.,0.));
#13170=DIRECTION('',(-1.,-1.55930200087803E-16,0.));
#13171=DIRECTION('',(-1.55930200087803E-16,1.,0.));
#13172=DIRECTION('',(-1.55930200087803E-16,1.,0.));
#13173=DIRECTION('',(-1.,-1.55930200087803E-16,0.));
#13174=DIRECTION('',(-1.55930200087803E-16,1.,0.));
#13175=DIRECTION('',(-1.55930200087803E-16,1.,0.));
#13176=DIRECTION('',(-1.,-1.55930200087803E-16,0.));
#13177=DIRECTION('',(-1.55930200087803E-16,1.,0.));
#13178=DIRECTION('',(-1.,-1.55930200087803E-16,0.));
#13179=DIRECTION('',(-1.55930200087803E-16,1.,0.));
#13180=DIRECTION('',(-1.55930200087803E-16,1.,0.));
#13181=DIRECTION('',(-1.,-1.55930200087803E-16,0.));
#13182=DIRECTION('',(-1.55930200087803E-16,1.,0.));
#13183=DIRECTION('',(-1.55930200087803E-16,1.,0.));
#13184=DIRECTION('',(-1.,-1.55930200087803E-16,0.));
#13185=DIRECTION('',(-1.55930200087803E-16,1.,0.));
#13186=DIRECTION('',(-1.55930200087803E-16,1.,0.));
#13187=DIRECTION('',(-1.,-1.55930200087803E-16,0.));
#13188=DIRECTION('',(-1.55930200087803E-16,1.,0.));
#13189=DIRECTION('',(-1.55930200087803E-16,1.,0.));
#13190=DIRECTION('',(-1.,-1.55930200087803E-16,0.));
#13191=DIRECTION('',(-1.55930200087803E-16,1.,0.));
#13192=DIRECTION('',(-1.55930200087803E-16,1.,0.));
#13193=DIRECTION('',(-1.,-1.55930200087803E-16,0.));
#13194=DIRECTION('',(-1.55930200087803E-16,1.,0.));
#13195=DIRECTION('',(-1.55930200087803E-16,1.,0.));
#13196=DIRECTION('',(-1.,-1.55930200087803E-16,0.));
#13197=DIRECTION('',(-1.55930200087803E-16,1.,0.));
#13198=DIRECTION('',(-1.55930200087803E-16,1.,0.));
#13199=DIRECTION('',(-1.,-1.55930200087803E-16,0.));
#13200=DIRECTION('',(-1.55930200087803E-16,1.,0.));
#13201=DIRECTION('',(-1.55930200087803E-16,1.,0.));
#13202=DIRECTION('',(-1.,-1.55930200087803E-16,0.));
#13203=DIRECTION('',(-1.55930200087803E-16,1.,0.));
#13204=DIRECTION('',(-1.55930200087803E-16,1.,0.));
#13205=DIRECTION('',(-1.,-1.55930200087803E-16,0.));
#13206=DIRECTION('',(-1.55930200087803E-16,1.,0.));
#13207=DIRECTION('',(-1.55930200087803E-16,1.,0.));
#13208=DIRECTION('',(-1.,-1.55930200087803E-16,0.));
#13209=DIRECTION('',(-1.55930200087803E-16,1.,0.));
#13210=DIRECTION('',(-1.55930200087803E-16,1.,0.));
#13211=DIRECTION('',(-1.,-1.55930200087803E-16,0.));
#13212=DIRECTION('',(-1.55930200087803E-16,1.,0.));
#13213=DIRECTION('',(-1.,-1.55930200087803E-16,0.));
#13214=DIRECTION('',(0.0153015184390113,2.38596883184224E-18,0.999882924913442));
#13215=DIRECTION('',(0.999455255053975,1.55845257899372E-16,0.0330029263095427));
#13216=DIRECTION('',(0.,0.,-1.));
#13217=DIRECTION('',(1.,1.55930200087803E-16,0.));
#13218=DIRECTION('',(-1.55930200087803E-16,1.,0.));
#13219=DIRECTION('',(-1.55930200087803E-16,1.,0.));
#13220=DIRECTION('',(-0.999882924913442,-1.5591194454613E-16,0.0153015184390113));
#13221=DIRECTION('',(0.0153015184390113,0.,0.999882924913442));
#13222=DIRECTION('',(-1.55930200087803E-16,1.,0.));
#13223=DIRECTION('',(-0.0330029263095427,-5.14615290293E-18,0.999455255053975));
#13224=DIRECTION('',(0.999455255053975,0.,0.0330029263095427));
#13225=DIRECTION('',(-1.55930200087803E-16,1.,0.));
#13226=DIRECTION('',(-1.,-1.55930200087803E-16,0.));
#13227=DIRECTION('',(1.55930200087803E-16,-1.,0.));
#13228=DIRECTION('',(-1.,-1.55930200087803E-16,0.));
#13229=DIRECTION('',(1.55930200087803E-16,-1.,0.));
#13230=DIRECTION('',(-1.,-1.55930200087803E-16,0.));
#13231=DIRECTION('',(1.55930200087803E-16,-1.,0.));
#13232=DIRECTION('',(-1.,-1.55930200087803E-16,0.));
#13233=DIRECTION('',(1.55930200087803E-16,-1.,0.));
#13234=DIRECTION('',(-1.,-1.55930200087803E-16,0.));
#13235=DIRECTION('',(1.55930200087803E-16,-1.,0.));
#13236=DIRECTION('',(-1.,-1.55930200087803E-16,0.));
#13237=DIRECTION('',(1.55930200087803E-16,-1.,0.));
#13238=DIRECTION('',(-1.,-1.55930200087803E-16,0.));
#13239=DIRECTION('',(1.55930200087803E-16,-1.,0.));
#13240=DIRECTION('',(-1.,-1.55930200087803E-16,0.));
#13241=DIRECTION('',(-0.623637485769788,-9.72439179383374E-17,0.781713685656544));
#13242=DIRECTION('',(-0.0269589003800698,-4.20370673041142E-18,-0.999636542794579));
#13243=DIRECTION('',(1.55930200087803E-16,-1.,0.));
#13244=DIRECTION('',(-1.,-1.55930200087803E-16,0.));
#13245=DIRECTION('',(1.55930200087803E-16,-1.,0.));
#13246=DIRECTION('',(-1.,-1.55930200087803E-16,0.));
#13247=DIRECTION('',(1.55930200087803E-16,-1.,0.));
#13248=DIRECTION('',(-1.,-1.55930200087803E-16,0.));
#13249=DIRECTION('',(1.55930200087803E-16,-1.,0.));
#13250=DIRECTION('',(-1.,-1.55930200087803E-16,0.));
#13251=DIRECTION('',(0.,0.,1.));
#13252=DIRECTION('',(0.999961870381537,1.55924254528766E-16,-0.00873257024353746));
#13253=DIRECTION('',(-1.55930200087803E-16,1.,0.));
#13254=DIRECTION('',(-1.,-1.55930200087803E-16,0.));
#13255=DIRECTION('',(-1.55930200087803E-16,1.,0.));
#13256=DIRECTION('',(-1.,-1.55930200087803E-16,0.));
#13257=DIRECTION('',(-1.55930200087803E-16,1.,0.));
#13258=DIRECTION('',(-1.,-1.55930200087803E-16,0.));
#13259=DIRECTION('',(-1.55930200087803E-16,1.,0.));
#13260=DIRECTION('',(-1.,-1.55930200087803E-16,0.));
#13261=DIRECTION('',(-1.55930200087803E-16,1.,0.));
#13262=DIRECTION('',(-1.,-1.55930200087803E-16,0.));
#13263=DIRECTION('',(-1.55930200087803E-16,1.,0.));
#13264=DIRECTION('',(-1.,-1.55930200087803E-16,0.));
#13265=DIRECTION('',(-1.55930200087803E-16,1.,0.));
#13266=DIRECTION('',(-1.,-1.55930200087803E-16,0.));
#13267=DIRECTION('',(-1.55930200087803E-16,1.,0.));
#13268=DIRECTION('',(-1.,-1.55930200087803E-16,0.));
#13269=DIRECTION('',(1.55930200087803E-16,-1.,0.));
#13270=DIRECTION('',(-1.,-1.55930200087803E-16,0.));
#13271=DIRECTION('',(1.55930200087803E-16,-1.,0.));
#13272=DIRECTION('',(-1.,-1.55930200087803E-16,0.));
#13273=DIRECTION('',(1.55930200087803E-16,-1.,0.));
#13274=DIRECTION('',(-1.,-1.55930200087803E-16,0.));
#13275=DIRECTION('',(1.55930200087803E-16,-1.,0.));
#13276=DIRECTION('',(-1.,-1.55930200087803E-16,0.));
#13277=DIRECTION('',(-1.55930200087803E-16,1.,0.));
#13278=DIRECTION('',(-1.,-1.55930200087803E-16,0.));
#13279=DIRECTION('',(2.31521228222891E-9,1.,1.85310820856708E-9));
#13280=DIRECTION('',(0.780686932341493,-2.96550466671019E-9,0.624922326110396));
#13281=DIRECTION('',(-1.55930200087803E-16,1.,0.));
#13282=DIRECTION('',(-1.,-1.55930200087803E-16,0.));
#13283=DIRECTION('',(0.624662343756629,9.74037242492871E-17,-0.780894971358169));
#13284=DIRECTION('',(1.55930200087803E-16,-1.,0.));
#13285=DIRECTION('',(-1.,-1.55930200087803E-16,0.));
#13286=DIRECTION('',(-1.55930200087803E-16,1.,0.));
#13287=DIRECTION('',(-1.,-1.55930200087803E-16,0.));
#13288=DIRECTION('',(-1.55930200087803E-16,1.,0.));
#13289=DIRECTION('',(-1.,-1.55930200087803E-16,0.));
#13290=DIRECTION('',(1.55930200087803E-16,-1.,0.));
#13291=DIRECTION('',(-1.55930200087803E-16,1.,0.));
#13292=DIRECTION('',(-1.55930200087803E-16,1.,0.));
#13293=DIRECTION('',(-1.,-1.55930200087803E-16,0.));
#13294=DIRECTION('',(-1.55930200087803E-16,1.,0.));
#13295=DIRECTION('',(-1.55930200087803E-16,1.,0.));
#13296=DIRECTION('',(-1.,-1.55930200087803E-16,0.));
#13297=DIRECTION('',(-1.55930200087803E-16,1.,0.));
#13298=DIRECTION('',(0.780894971358169,1.21765092979171E-16,0.624662343756629));
#13299=DIRECTION('',(0.624662343756629,-5.92486560087996E-15,-0.780894971358169));
#13300=DIRECTION('',(-1.55930200087803E-16,1.,0.));
#13301=DIRECTION('',(0.00873257024353746,1.36167142535559E-18,0.999961870381537));
#13302=DIRECTION('',(0.999961870381537,0.,-0.00873257024353746));
#13303=DIRECTION('',(-1.55930200087803E-16,1.,0.));
#13304=DIRECTION('',(-1.55930200087803E-16,1.,0.));
#13305=DIRECTION('',(-1.,-1.55930200087803E-16,0.));
#13306=DIRECTION('',(-1.55930200087803E-16,1.,0.));
#13307=DIRECTION('',(-1.55930200087803E-16,1.,0.));
#13308=DIRECTION('',(-1.,-1.55930200087803E-16,0.));
#13309=DIRECTION('',(-1.55930200087803E-16,1.,0.));
#13310=DIRECTION('',(-1.55930200087803E-16,1.,0.));
#13311=DIRECTION('',(-1.,-1.55930200087803E-16,0.));
#13312=DIRECTION('',(-1.55930200087803E-16,1.,0.));
#13313=DIRECTION('',(-1.55930200087803E-16,1.,0.));
#13314=DIRECTION('',(-1.,-1.55930200087803E-16,0.));
#13315=DIRECTION('',(-1.55930200087803E-16,1.,0.));
#13316=DIRECTION('',(-1.55930200087803E-16,1.,0.));
#13317=DIRECTION('',(-1.,-1.55930200087803E-16,0.));
#13318=DIRECTION('',(-1.55930200087803E-16,1.,0.));
#13319=DIRECTION('',(-1.55930200087803E-16,1.,0.));
#13320=DIRECTION('',(-1.,-1.55930200087803E-16,0.));
#13321=DIRECTION('',(-1.55930200087803E-16,1.,0.));
#13322=DIRECTION('',(-1.55930200087803E-16,1.,0.));
#13323=DIRECTION('',(-1.,-1.55930200087803E-16,0.));
#13324=DIRECTION('',(-1.55930200087803E-16,1.,0.));
#13325=DIRECTION('',(-1.55930200087803E-16,1.,0.));
#13326=DIRECTION('',(-1.,-1.55930200087803E-16,0.));
#13327=DIRECTION('',(-1.55930200087803E-16,1.,0.));
#13328=DIRECTION('',(-1.55930200087803E-16,1.,0.));
#13329=DIRECTION('',(-1.,-1.55930200087803E-16,0.));
#13330=DIRECTION('',(-1.55930200087803E-16,1.,0.));
#13331=DIRECTION('',(-1.55930200087803E-16,1.,0.));
#13332=DIRECTION('',(-1.,-1.55930200087803E-16,0.));
#13333=DIRECTION('',(-1.55930200087803E-16,1.,0.));
#13334=DIRECTION('',(-1.55930200087803E-16,1.,0.));
#13335=DIRECTION('',(-1.,-1.55930200087803E-16,0.));
#13336=DIRECTION('',(-1.55930200087803E-16,1.,0.));
#13337=DIRECTION('',(-1.55930200087803E-16,1.,0.));
#13338=DIRECTION('',(-1.,-1.55930200087803E-16,0.));
#13339=DIRECTION('',(-1.55930200087803E-16,1.,0.));
#13340=DIRECTION('',(-1.55930200087803E-16,1.,0.));
#13341=DIRECTION('',(-1.,-1.55930200087803E-16,0.));
#13342=DIRECTION('',(-1.55930200087803E-16,1.,0.));
#13343=DIRECTION('',(0.780714428168321,1.21736940635306E-16,0.624887975280219));
#13344=DIRECTION('',(0.624887975280219,-6.22179973731008E-15,-0.780714428168321));
#13345=DIRECTION('',(-1.55930200087803E-16,1.,0.));
#13346=DIRECTION('',(-1.55930200087803E-16,1.,0.));
#13347=DIRECTION('',(-1.,-1.55930200087803E-16,0.));
#13348=DIRECTION('',(-1.55930200087803E-16,1.,0.));
#13349=DIRECTION('',(-1.55930200087803E-16,1.,0.));
#13350=DIRECTION('',(-1.,-1.55930200087803E-16,0.));
#13351=DIRECTION('',(-1.55930200087803E-16,1.,0.));
#13352=DIRECTION('',(-1.55930200087803E-16,1.,0.));
#13353=DIRECTION('',(-1.,-1.55930200087803E-16,0.));
#13354=DIRECTION('',(-1.55930200087803E-16,1.,0.));
#13355=DIRECTION('',(-1.55930200087803E-16,1.,0.));
#13356=DIRECTION('',(-1.,-1.55930200087803E-16,0.));
#13357=DIRECTION('',(-1.55930200087803E-16,1.,0.));
#13358=DIRECTION('',(-1.55930200087803E-16,1.,0.));
#13359=DIRECTION('',(-1.,-1.55930200087803E-16,0.));
#13360=DIRECTION('',(-1.55930200087803E-16,1.,0.));
#13361=DIRECTION('',(-1.55930200087803E-16,1.,0.));
#13362=DIRECTION('',(-1.,-1.55930200087803E-16,0.));
#13363=DIRECTION('',(-1.55930200087803E-16,1.,0.));
#13364=DIRECTION('',(-0.781713685656544,-1.21892771415799E-16,-0.623637485769788));
#13365=DIRECTION('',(-0.623637485769788,0.,0.781713685656544));
#13366=DIRECTION('',(-1.55930200087803E-16,1.,0.));
#13367=DIRECTION('',(0.999636542794579,1.55873526133038E-16,-0.0269589003800698));
#13368=DIRECTION('',(-0.0269589003800698,0.,-0.999636542794579));
#13369=DIRECTION('',(-1.55930200087803E-16,1.,0.));
#13370=DIRECTION('',(-1.55930200087803E-16,1.,0.));
#13371=DIRECTION('',(-1.,-1.55930200087803E-16,0.));
#13372=DIRECTION('',(-1.55930200087803E-16,1.,0.));
#13373=DIRECTION('',(-1.55930200087803E-16,1.,0.));
#13374=DIRECTION('',(-1.,-1.55930200087803E-16,0.));
#13375=DIRECTION('',(-1.55930200087803E-16,1.,0.));
#13376=DIRECTION('',(-1.55930200087803E-16,1.,0.));
#13377=DIRECTION('',(-1.,-1.55930200087803E-16,0.));
#13378=DIRECTION('',(-1.55930200087803E-16,1.,0.));
#13379=DIRECTION('',(-1.,-1.55930200087803E-16,0.));
#13380=DIRECTION('',(-1.55930200087803E-16,1.,0.));
#13381=DIRECTION('',(-1.,-1.55930200087803E-16,0.));
#13382=DIRECTION('',(0.00675452978246739,1.05323518047916E-18,0.999977187903513));
#13383=DIRECTION('',(0.999380876233405,1.55833659994998E-16,0.0351832946006026));
#13384=DIRECTION('',(0.,0.,-1.));
#13385=DIRECTION('',(1.,1.55930200087803E-16,0.));
#13386=DIRECTION('',(-1.55930200087803E-16,1.,0.));
#13387=DIRECTION('',(-1.55930200087803E-16,1.,0.));
#13388=DIRECTION('',(-0.999977187903513,-1.55926642993033E-16,0.00675452978246739));
#13389=DIRECTION('',(0.00675452978246739,0.,0.999977187903513));
#13390=DIRECTION('',(-1.55930200087803E-16,1.,0.));
#13391=DIRECTION('',(-0.0351832946006026,-5.48613816682009E-18,0.999380876233404));
#13392=DIRECTION('',(0.999380876233404,0.,0.0351832946006026));
#13393=DIRECTION('',(-1.55930200087803E-16,1.,0.));
#13394=DIRECTION('',(-1.,-1.55930200087803E-16,0.));
#13395=DIRECTION('',(1.55930200087803E-16,-1.,0.));
#13396=DIRECTION('',(-1.,-1.55930200087803E-16,0.));
#13397=DIRECTION('',(1.55930200087803E-16,-1.,0.));
#13398=DIRECTION('',(-1.,-1.55930200087803E-16,0.));
#13399=DIRECTION('',(1.55930200087803E-16,-1.,0.));
#13400=DIRECTION('',(-1.,-1.55930200087803E-16,0.));
#13401=DIRECTION('',(1.55930200087803E-16,-1.,0.));
#13402=DIRECTION('',(-1.,-1.55930200087803E-16,0.));
#13403=DIRECTION('',(1.55930200087803E-16,-1.,0.));
#13404=DIRECTION('',(-1.,-1.55930200087803E-16,0.));
#13405=DIRECTION('',(1.55930200087803E-16,-1.,0.));
#13406=DIRECTION('',(-1.,-1.55930200087803E-16,0.));
#13407=DIRECTION('',(1.55930200087803E-16,-1.,0.));
#13408=DIRECTION('',(-1.,-1.55930200087803E-16,0.));
#13409=DIRECTION('',(1.55930200087803E-16,-1.,0.));
#13410=DIRECTION('',(-1.,-1.55930200087803E-16,0.));
#13411=DIRECTION('',(-0.999906026065999,-1.55915546713471E-16,-0.0137090859251282));
#13412=DIRECTION('',(0.627266806818188,9.78098386955972E-17,-0.778804438266831));
#13413=DIRECTION('',(-1.55930200087803E-16,1.,0.));
#13414=DIRECTION('',(-1.,-1.55930200087803E-16,0.));
#13415=DIRECTION('',(-1.55930200087803E-16,1.,0.));
#13416=DIRECTION('',(-1.,-1.55930200087803E-16,0.));
#13417=DIRECTION('',(-1.55930200087803E-16,1.,0.));
#13418=DIRECTION('',(-1.,-1.55930200087803E-16,0.));
#13419=DIRECTION('',(-1.55930200087803E-16,1.,0.));
#13420=DIRECTION('',(-1.,-1.55930200087803E-16,0.));
#13421=DIRECTION('',(-1.55930200087803E-16,1.,0.));
#13422=DIRECTION('',(-1.,-1.55930200087803E-16,0.));
#13423=DIRECTION('',(-1.55930200087803E-16,1.,0.));
#13424=DIRECTION('',(-1.,-1.55930200087803E-16,0.));
#13425=DIRECTION('',(0.584062528765531,9.10729869741974E-17,0.811708668483966));
#13426=DIRECTION('',(-0.628728383436533,-9.80377426301394E-17,0.777624986649274));
#13427=DIRECTION('',(-1.55930200087803E-16,1.,0.));
#13428=DIRECTION('',(-1.,-1.55930200087803E-16,0.));
#13429=DIRECTION('',(-1.55930200087803E-16,1.,0.));
#13430=DIRECTION('',(-1.,-1.55930200087803E-16,0.));
#13431=DIRECTION('',(-1.55930200087803E-16,1.,0.));
#13432=DIRECTION('',(-1.,-1.55930200087803E-16,0.));
#13433=DIRECTION('',(-1.55930200087803E-16,1.,0.));
#13434=DIRECTION('',(-1.,-1.55930200087803E-16,0.));
#13435=DIRECTION('',(1.55930200087803E-16,-1.,0.));
#13436=DIRECTION('',(-1.,-1.55930200087803E-16,0.));
#13437=DIRECTION('',(1.55930200087803E-16,-1.,0.));
#13438=DIRECTION('',(-1.,-1.55930200087803E-16,0.));
#13439=DIRECTION('',(1.55930200087803E-16,-1.,0.));
#13440=DIRECTION('',(-1.,-1.55930200087803E-16,0.));
#13441=DIRECTION('',(1.55930200087803E-16,-1.,0.));
#13442=DIRECTION('',(-1.,-1.55930200087803E-16,0.));
#13443=DIRECTION('',(-0.624091249546294,-9.73146734148006E-17,0.781351465244512));
#13444=DIRECTION('',(0.,0.,1.));
#13445=DIRECTION('',(1.,1.55930200087803E-16,0.));
#13446=DIRECTION('',(-1.55930200087803E-16,1.,0.));
#13447=DIRECTION('',(-1.,-1.55930200087803E-16,0.));
#13448=DIRECTION('',(-1.55930200087803E-16,1.,0.));
#13449=DIRECTION('',(-1.,-1.55930200087803E-16,0.));
#13450=DIRECTION('',(-1.55930200087803E-16,1.,0.));
#13451=DIRECTION('',(-1.,-1.55930200087803E-16,0.));
#13452=DIRECTION('',(-1.55930200087803E-16,1.,0.));
#13453=DIRECTION('',(-1.,-1.55930200087803E-16,0.));
#13454=DIRECTION('',(-1.55930200087803E-16,1.,0.));
#13455=DIRECTION('',(-1.,-1.55930200087803E-16,0.));
#13456=DIRECTION('',(-1.55930200087803E-16,1.,0.));
#13457=DIRECTION('',(-1.,-1.55930200087803E-16,0.));
#13458=DIRECTION('',(-1.55930200087803E-16,1.,0.));
#13459=DIRECTION('',(-1.,-1.55930200087803E-16,0.));
#13460=DIRECTION('',(-1.55930200087803E-16,1.,0.));
#13461=DIRECTION('',(-1.,-1.55930200087803E-16,0.));
#13462=DIRECTION('',(0.,0.,-1.));
#13463=DIRECTION('',(1.,1.55930200087803E-16,0.));
#13464=DIRECTION('',(-1.55930200087803E-16,1.,0.));
#13465=DIRECTION('',(-1.55930200087803E-16,1.,0.));
#13466=DIRECTION('',(-1.55930200087803E-16,1.,0.));
#13467=DIRECTION('',(-1.,-1.55930200087803E-16,0.));
#13468=DIRECTION('',(-1.55930200087803E-16,1.,0.));
#13469=DIRECTION('',(-1.55930200087803E-16,1.,0.));
#13470=DIRECTION('',(-1.,-1.55930200087803E-16,0.));
#13471=DIRECTION('',(-1.55930200087803E-16,1.,0.));
#13472=DIRECTION('',(-0.811708668483966,-1.26569895089709E-16,0.584062528765531));
#13473=DIRECTION('',(0.584062528765531,0.,0.811708668483966));
#13474=DIRECTION('',(-1.55930200087803E-16,1.,0.));
#13475=DIRECTION('',(-1.55930200087803E-16,1.,0.));
#13476=DIRECTION('',(-1.,-1.55930200087803E-16,0.));
#13477=DIRECTION('',(-1.55930200087803E-16,1.,0.));
#13478=DIRECTION('',(-1.55930200087803E-16,1.,0.));
#13479=DIRECTION('',(-1.,-1.55930200087803E-16,0.));
#13480=DIRECTION('',(-1.55930200087803E-16,1.,0.));
#13481=DIRECTION('',(-1.55930200087803E-16,1.,0.));
#13482=DIRECTION('',(-1.,-1.55930200087803E-16,0.));
#13483=DIRECTION('',(-1.55930200087803E-16,1.,0.));
#13484=DIRECTION('',(-1.55930200087803E-16,1.,0.));
#13485=DIRECTION('',(-1.,-1.55930200087803E-16,0.));
#13486=DIRECTION('',(-1.55930200087803E-16,1.,0.));
#13487=DIRECTION('',(-1.55930200087803E-16,1.,0.));
#13488=DIRECTION('',(-1.,-1.55930200087803E-16,0.));
#13489=DIRECTION('',(-1.55930200087803E-16,1.,0.));
#13490=DIRECTION('',(-1.55930200087803E-16,1.,0.));
#13491=DIRECTION('',(-1.,-1.55930200087803E-16,0.));
#13492=DIRECTION('',(-1.55930200087803E-16,1.,0.));
#13493=DIRECTION('',(-1.55930200087803E-16,1.,0.));
#13494=DIRECTION('',(-1.,-1.55930200087803E-16,0.));
#13495=DIRECTION('',(-1.55930200087803E-16,1.,0.));
#13496=DIRECTION('',(0.0137090859251282,2.13766051132613E-18,-0.999906026065999));
#13497=DIRECTION('',(-0.999906026065999,0.,-0.0137090859251282));
#13498=DIRECTION('',(-1.55930200087803E-16,1.,0.));
#13499=DIRECTION('',(0.778804438266831,1.21439131888216E-16,0.627266806818188));
#13500=DIRECTION('',(0.627266806818188,0.,-0.778804438266831));
#13501=DIRECTION('',(-1.55930200087803E-16,1.,0.));
#13502=DIRECTION('',(-1.55930200087803E-16,1.,0.));
#13503=DIRECTION('',(-1.,-1.55930200087803E-16,0.));
#13504=DIRECTION('',(-1.55930200087803E-16,1.,0.));
#13505=DIRECTION('',(-1.55930200087803E-16,1.,0.));
#13506=DIRECTION('',(-1.,-1.55930200087803E-16,0.));
#13507=DIRECTION('',(-1.55930200087803E-16,1.,0.));
#13508=DIRECTION('',(-1.55930200087803E-16,1.,0.));
#13509=DIRECTION('',(-1.,-1.55930200087803E-16,0.));
#13510=DIRECTION('',(-1.55930200087803E-16,1.,0.));
#13511=DIRECTION('',(-1.55930200087803E-16,1.,0.));
#13512=DIRECTION('',(-1.,-1.55930200087803E-16,0.));
#13513=DIRECTION('',(-1.55930200087803E-16,1.,0.));
#13514=DIRECTION('',(-1.55930200087803E-16,1.,0.));
#13515=DIRECTION('',(-1.,-1.55930200087803E-16,0.));
#13516=DIRECTION('',(-0.777624986649274,-1.21255219761496E-16,-0.628728383436533));
#13517=DIRECTION('',(-0.628728383436533,0.,0.777624986649274));
#13518=DIRECTION('',(-1.55930200087803E-16,1.,0.));
#13519=DIRECTION('',(-1.55930200087803E-16,1.,0.));
#13520=DIRECTION('',(-1.,-1.55930200087803E-16,0.));
#13521=DIRECTION('',(-1.55930200087803E-16,1.,0.));
#13522=DIRECTION('',(-1.55930200087803E-16,1.,0.));
#13523=DIRECTION('',(-1.,-1.55930200087803E-16,0.));
#13524=DIRECTION('',(-1.55930200087803E-16,1.,0.));
#13525=DIRECTION('',(-1.55930200087803E-16,1.,0.));
#13526=DIRECTION('',(-1.,-1.55930200087803E-16,0.));
#13527=DIRECTION('',(-1.55930200087803E-16,1.,0.));
#13528=DIRECTION('',(-1.55930200087803E-16,1.,0.));
#13529=DIRECTION('',(-1.,-1.55930200087803E-16,0.));
#13530=DIRECTION('',(-1.55930200087803E-16,1.,0.));
#13531=DIRECTION('',(-1.55930200087803E-16,1.,0.));
#13532=DIRECTION('',(-1.,-1.55930200087803E-16,0.));
#13533=DIRECTION('',(-1.55930200087803E-16,1.,0.));
#13534=DIRECTION('',(-1.55930200087803E-16,1.,0.));
#13535=DIRECTION('',(-1.,-1.55930200087803E-16,0.));
#13536=DIRECTION('',(-1.55930200087803E-16,1.,0.));
#13537=DIRECTION('',(-1.55930200087803E-16,1.,0.));
#13538=DIRECTION('',(-1.,-1.55930200087803E-16,0.));
#13539=DIRECTION('',(-1.55930200087803E-16,1.,0.));
#13540=DIRECTION('',(-1.55930200087803E-16,1.,0.));
#13541=DIRECTION('',(-1.,-1.55930200087803E-16,0.));
#13542=DIRECTION('',(-1.55930200087803E-16,1.,0.));
#13543=DIRECTION('',(-0.781351465244512,-1.21836290314475E-16,-0.624091249546294));
#13544=DIRECTION('',(-0.624091249546294,0.,0.781351465244512));
#13545=DIRECTION('',(-1.55930200087803E-16,1.,0.));
#13546=DIRECTION('',(-1.,-1.55930200087803E-16,0.));
#13547=DIRECTION('',(1.55930200087803E-16,-1.,0.));
#13548=DIRECTION('',(-1.55930200087803E-16,1.,0.));
#13549=DIRECTION('',(0.,0.,1.));
#13550=DIRECTION('',(1.,0.,0.));
#13551=DIRECTION('',(-1.55930200087803E-16,1.,0.));
#13552=DIRECTION('',(-1.55930200087803E-16,1.,0.));
#13553=DIRECTION('',(-1.,-1.55930200087803E-16,0.));
#13554=DIRECTION('',(-1.55930200087803E-16,1.,0.));
#13555=DIRECTION('',(-1.55930200087803E-16,1.,0.));
#13556=DIRECTION('',(-1.,-1.55930200087803E-16,0.));
#13557=DIRECTION('',(-1.55930200087803E-16,1.,0.));
#13558=DIRECTION('',(-1.55930200087803E-16,1.,0.));
#13559=DIRECTION('',(-1.,-1.55930200087803E-16,0.));
#13560=DIRECTION('',(-1.55930200087803E-16,1.,0.));
#13561=DIRECTION('',(-1.55930200087803E-16,1.,0.));
#13562=DIRECTION('',(-1.,-1.55930200087803E-16,0.));
#13563=DIRECTION('',(-1.55930200087803E-16,1.,0.));
#13564=DIRECTION('',(-1.55930200087803E-16,1.,0.));
#13565=DIRECTION('',(-1.,-1.55930200087803E-16,0.));
#13566=DIRECTION('',(-1.55930200087803E-16,1.,0.));
#13567=DIRECTION('',(-1.55930200087803E-16,1.,0.));
#13568=DIRECTION('',(-1.,-1.55930200087803E-16,0.));
#13569=DIRECTION('',(-1.55930200087803E-16,1.,0.));
#13570=DIRECTION('',(-1.55930200087803E-16,1.,0.));
#13571=DIRECTION('',(-1.,-1.55930200087803E-16,0.));
#13572=DIRECTION('',(-1.55930200087803E-16,1.,0.));
#13573=DIRECTION('',(-1.55930200087803E-16,1.,0.));
#13574=DIRECTION('',(-1.,-1.55930200087803E-16,0.));
#13575=DIRECTION('',(0.738967750770756,1.15227389236118E-16,-0.673740798319955));
#13576=DIRECTION('',(-0.673740798319955,0.,-0.738967750770756));
#13577=DIRECTION('',(-1.55930200087803E-16,1.,0.));
#13578=DIRECTION('',(-0.673740798319955,-1.05056537489347E-16,-0.738967750770756));
#13579=DIRECTION('',(-1.55930200087803E-16,1.,0.));
#13580=DIRECTION('',(1.,1.55930200087803E-16,0.));
#13581=DIRECTION('',(-1.55930200087803E-16,1.,0.));
#13582=DIRECTION('',(-1.55930200087803E-16,1.,0.));
#13583=DIRECTION('',(0.,0.,-1.));
#13584=DIRECTION('',(-1.55930200087803E-16,1.,0.));
#13585=DIRECTION('',(0.,0.,1.));
#13586=DIRECTION('',(1.,0.,0.));
#13587=DIRECTION('',(1.,1.55930200087803E-16,0.));
#13588=DIRECTION('',(-1.55930200087803E-16,1.,0.));
#13589=DIRECTION('',(-1.55930200087803E-16,1.,0.));
#13590=DIRECTION('',(-1.,-1.55930200087803E-16,0.));
#13591=DIRECTION('',(-0.0252518582830143,-3.93752731465926E-18,0.999681120984714));
#13592=DIRECTION('',(1.55930200087803E-16,-1.,0.));
#13593=DIRECTION('',(-1.,-1.55930200087803E-16,0.));
#13594=DIRECTION('',(1.55930200087803E-16,-1.,0.));
#13595=DIRECTION('',(-1.,-1.55930200087803E-16,0.));
#13596=DIRECTION('',(1.55930200087803E-16,-1.,0.));
#13597=DIRECTION('',(-1.,-1.55930200087803E-16,0.));
#13598=DIRECTION('',(1.55930200087803E-16,-1.,0.));
#13599=DIRECTION('',(-1.,-1.55930200087803E-16,0.));
#13600=DIRECTION('',(-1.55930200087803E-16,1.,0.));
#13601=DIRECTION('',(-1.,-1.55930200087803E-16,0.));
#13602=DIRECTION('',(-1.55930200087803E-16,1.,0.));
#13603=DIRECTION('',(-1.,-1.55930200087803E-16,0.));
#13604=DIRECTION('',(0.621355467964075,9.68880824452886E-17,0.783528801277366));
#13605=DIRECTION('',(-1.55930200087803E-16,1.,0.));
#13606=DIRECTION('',(-1.,-1.55930200087803E-16,0.));
#13607=DIRECTION('',(-1.55930200087803E-16,1.,0.));
#13608=DIRECTION('',(-1.,-1.55930200087803E-16,0.));
#13609=DIRECTION('',(-1.55930200087803E-16,1.,0.));
#13610=DIRECTION('',(-1.,-1.55930200087803E-16,0.));
#13611=DIRECTION('',(-1.55930200087803E-16,1.,0.));
#13612=DIRECTION('',(-1.,-1.55930200087803E-16,0.));
#13613=DIRECTION('',(1.55930200087803E-16,-1.,0.));
#13614=DIRECTION('',(-1.,-1.55930200087803E-16,0.));
#13615=DIRECTION('',(1.55930200087803E-16,-1.,0.));
#13616=DIRECTION('',(-1.,-1.55930200087803E-16,0.));
#13617=DIRECTION('',(1.55930200087803E-16,-1.,0.));
#13618=DIRECTION('',(-1.,-1.55930200087803E-16,0.));
#13619=DIRECTION('',(1.55930200087803E-16,-1.,0.));
#13620=DIRECTION('',(-1.,-1.55930200087803E-16,0.));
#13621=DIRECTION('',(-1.55930200087803E-16,1.,0.));
#13622=DIRECTION('',(-1.,-1.55930200087803E-16,0.));
#13623=DIRECTION('',(-1.55930200087803E-16,1.,0.));
#13624=DIRECTION('',(-1.,-1.55930200087803E-16,0.));
#13625=DIRECTION('',(-1.55930200087803E-16,1.,0.));
#13626=DIRECTION('',(-1.,-1.55930200087803E-16,0.));
#13627=DIRECTION('',(-1.55930200087803E-16,1.,0.));
#13628=DIRECTION('',(-1.,-1.55930200087803E-16,0.));
#13629=DIRECTION('',(-0.626656763536514,-9.77147145246236E-17,-0.779295387330082));
#13630=DIRECTION('',(-0.783528801277366,-1.22175802757736E-16,0.621355467964075));
#13631=DIRECTION('',(0.621355467964075,0.,0.783528801277366));
#13632=DIRECTION('',(-1.55930200087803E-16,1.,0.));
#13633=DIRECTION('',(-1.55930200087803E-16,1.,0.));
#13634=DIRECTION('',(-1.,-1.55930200087803E-16,0.));
#13635=DIRECTION('',(-1.55930200087803E-16,1.,0.));
#13636=DIRECTION('',(-0.999681120984714,-1.55880477219145E-16,-0.0252518582830144));
#13637=DIRECTION('',(-0.0252518582830144,0.,0.999681120984714));
#13638=DIRECTION('',(0.779295387330081,1.21515685673881E-16,-0.626656763536514));
#13639=DIRECTION('',(-0.626656763536514,0.,-0.779295387330082));
#13640=DIRECTION('',(-1.55930200087803E-16,1.,0.));
#13641=DIRECTION('',(-1.,-1.55930200087803E-16,0.));
#13642=DIRECTION('',(-1.55930200087803E-16,1.,0.));
#13643=DIRECTION('',(-1.55930200087803E-16,1.,0.));
#13644=DIRECTION('',(-1.,-1.55930200087803E-16,0.));
#13645=DIRECTION('',(-1.55930200087803E-16,1.,0.));
#13646=DIRECTION('',(-1.55930200087803E-16,1.,0.));
#13647=DIRECTION('',(-1.,-1.55930200087803E-16,0.));
#13648=DIRECTION('',(-1.55930200087803E-16,1.,0.));
#13649=DIRECTION('',(-1.55930200087803E-16,1.,0.));
#13650=DIRECTION('',(-1.,-1.55930200087803E-16,0.));
#13651=DIRECTION('',(-1.55930200087803E-16,1.,0.));
#13652=DIRECTION('',(-1.55930200087803E-16,1.,0.));
#13653=DIRECTION('',(-1.,-1.55930200087803E-16,0.));
#13654=DIRECTION('',(-1.55930200087803E-16,1.,0.));
#13655=DIRECTION('',(-1.55930200087803E-16,1.,0.));
#13656=DIRECTION('',(-1.,-1.55930200087803E-16,0.));
#13657=DIRECTION('',(-1.55930200087803E-16,1.,0.));
#13658=DIRECTION('',(-1.55930200087803E-16,1.,0.));
#13659=DIRECTION('',(-1.,-1.55930200087803E-16,0.));
#13660=DIRECTION('',(-1.55930200087803E-16,1.,0.));
#13661=DIRECTION('',(-1.55930200087803E-16,1.,0.));
#13662=DIRECTION('',(-1.,-1.55930200087803E-16,0.));
#13663=DIRECTION('',(-1.55930200087803E-16,1.,0.));
#13664=DIRECTION('',(-1.55930200087803E-16,1.,0.));
#13665=DIRECTION('',(-1.,-1.55930200087803E-16,0.));
#13666=DIRECTION('',(-1.55930200087803E-16,1.,0.));
#13667=DIRECTION('',(-1.55930200087803E-16,1.,0.));
#13668=DIRECTION('',(-1.,-1.55930200087803E-16,0.));
#13669=DIRECTION('',(-1.55930200087803E-16,1.,0.));
#13670=DIRECTION('',(-1.55930200087803E-16,1.,0.));
#13671=DIRECTION('',(-1.,-1.55930200087803E-16,0.));
#13672=DIRECTION('',(-1.55930200087803E-16,1.,0.));
#13673=DIRECTION('',(-1.55930200087803E-16,1.,0.));
#13674=DIRECTION('',(-1.,-1.55930200087803E-16,0.));
#13675=DIRECTION('',(-1.55930200087803E-16,1.,0.));
#13676=DIRECTION('',(-1.,-1.55930200087803E-16,0.));
#13677=DIRECTION('',(-1.55930200087803E-16,1.,0.));
#13678=DIRECTION('',(-1.55930200087803E-16,1.,0.));
#13679=DIRECTION('',(-1.,-1.55930200087803E-16,0.));
#13680=DIRECTION('',(-1.55930200087803E-16,1.,0.));
#13681=DIRECTION('',(-1.55930200087803E-16,1.,0.));
#13682=DIRECTION('',(-1.,-1.55930200087803E-16,0.));
#13683=DIRECTION('',(-1.55930200087803E-16,1.,0.));
#13684=DIRECTION('',(-1.55930200087803E-16,1.,0.));
#13685=DIRECTION('',(-1.,-1.55930200087803E-16,0.));
#13686=DIRECTION('',(-1.55930200087803E-16,1.,0.));
#13687=DIRECTION('',(-1.55930200087803E-16,1.,0.));
#13688=DIRECTION('',(-1.,-1.55930200087803E-16,0.));
#13689=DIRECTION('',(-1.55930200087803E-16,1.,0.));
#13690=DIRECTION('',(-1.,-1.55930200087803E-16,0.));
#13691=DIRECTION('',(0.,0.,1.));
#13692=DIRECTION('',(0.999372182622069,1.55832304398443E-16,0.0354293748350533));
#13693=DIRECTION('',(0.0999234660709895,1.55810860579162E-17,-0.994995126082716));
#13694=DIRECTION('',(-1.55930200087803E-16,1.,0.));
#13695=DIRECTION('',(-1.,-1.55930200087803E-16,0.));
#13696=DIRECTION('',(-1.55930200087803E-16,1.,0.));
#13697=DIRECTION('',(-1.,-1.55930200087803E-16,0.));
#13698=DIRECTION('',(-1.55930200087803E-16,1.,0.));
#13699=DIRECTION('',(-1.,-1.55930200087803E-16,0.));
#13700=DIRECTION('',(-1.55930200087803E-16,1.,0.));
#13701=DIRECTION('',(-1.,-1.55930200087803E-16,0.));
#13702=DIRECTION('',(1.55930200087803E-16,-1.,0.));
#13703=DIRECTION('',(-1.,-1.55930200087803E-16,0.));
#13704=DIRECTION('',(1.55930200087803E-16,-1.,0.));
#13705=DIRECTION('',(-1.,-1.55930200087803E-16,0.));
#13706=DIRECTION('',(1.55930200087803E-16,-1.,0.));
#13707=DIRECTION('',(-1.,-1.55930200087803E-16,0.));
#13708=DIRECTION('',(1.55930200087803E-16,-1.,0.));
#13709=DIRECTION('',(-1.,-1.55930200087803E-16,0.));
#13710=DIRECTION('',(-1.,-1.55930200087803E-16,0.));
#13711=DIRECTION('',(1.55930200087803E-16,-1.,0.));
#13712=DIRECTION('',(-1.55930200087803E-16,1.,0.));
#13713=DIRECTION('',(-1.55930200087803E-16,1.,0.));
#13714=DIRECTION('',(-1.,-1.55930200087803E-16,0.));
#13715=DIRECTION('',(-1.55930200087803E-16,1.,0.));
#13716=DIRECTION('',(-0.0354293748350533,-5.52450950701562E-18,0.999372182622069));
#13717=DIRECTION('',(0.999372182622069,0.,0.0354293748350533));
#13718=DIRECTION('',(-1.55930200087803E-16,1.,0.));
#13719=DIRECTION('',(0.994995126082716,1.55149789096466E-16,0.0999234660709895));
#13720=DIRECTION('',(0.0999234660709895,0.,-0.994995126082716));
#13721=DIRECTION('',(-1.55930200087803E-16,1.,0.));
#13722=DIRECTION('',(-1.55930200087803E-16,1.,0.));
#13723=DIRECTION('',(-1.,-1.55930200087803E-16,0.));
#13724=DIRECTION('',(-1.55930200087803E-16,1.,0.));
#13725=DIRECTION('',(-1.55930200087803E-16,1.,0.));
#13726=DIRECTION('',(-1.,-1.55930200087803E-16,0.));
#13727=DIRECTION('',(-1.55930200087803E-16,1.,0.));
#13728=DIRECTION('',(-1.55930200087803E-16,1.,0.));
#13729=DIRECTION('',(-1.,-1.55930200087803E-16,0.));
#13730=DIRECTION('',(-1.55930200087803E-16,1.,0.));
#13731=DIRECTION('',(-1.55930200087803E-16,1.,0.));
#13732=DIRECTION('',(-1.,-1.55930200087803E-16,0.));
#13733=DIRECTION('',(-1.55930200087803E-16,1.,0.));
#13734=DIRECTION('',(-1.55930200087803E-16,1.,0.));
#13735=DIRECTION('',(-1.,-1.55930200087803E-16,0.));
#13736=DIRECTION('',(-1.55930200087803E-16,1.,0.));
#13737=DIRECTION('',(-1.55930200087803E-16,1.,0.));
#13738=DIRECTION('',(-1.,-1.55930200087803E-16,0.));
#13739=DIRECTION('',(-1.55930200087803E-16,1.,0.));
#13740=DIRECTION('',(-1.55930200087803E-16,1.,0.));
#13741=DIRECTION('',(-1.,-1.55930200087803E-16,0.));
#13742=DIRECTION('',(-1.55930200087803E-16,1.,0.));
#13743=DIRECTION('',(-1.,-1.55930200087803E-16,0.));
#13744=DIRECTION('',(1.55930200087803E-16,-1.,0.));
#13745=DIRECTION('',(-1.,-1.55930200087803E-16,0.));
#13746=DIRECTION('',(-0.00148710423799926,-2.31884461382645E-19,0.999998894259881));
#13747=DIRECTION('',(-0.655225649498992,-1.02169466629038E-16,-0.755433218913905));
#13748=DIRECTION('',(1.55930200087803E-16,-1.,0.));
#13749=DIRECTION('',(-1.,-1.55930200087803E-16,0.));
#13750=DIRECTION('',(1.55930200087803E-16,-1.,0.));
#13751=DIRECTION('',(-1.,-1.55930200087803E-16,0.));
#13752=DIRECTION('',(1.55930200087803E-16,-1.,0.));
#13753=DIRECTION('',(-1.,-1.55930200087803E-16,0.));
#13754=DIRECTION('',(1.55930200087803E-16,-1.,0.));
#13755=DIRECTION('',(-1.,-1.55930200087803E-16,0.));
#13756=DIRECTION('',(1.55930200087803E-16,-1.,0.));
#13757=DIRECTION('',(-1.,-1.55930200087803E-16,0.));
#13758=DIRECTION('',(1.55930200087803E-16,-1.,0.));
#13759=DIRECTION('',(-1.,-1.55930200087803E-16,0.));
#13760=DIRECTION('',(1.55930200087803E-16,-1.,0.));
#13761=DIRECTION('',(-1.,-1.55930200087803E-16,0.));
#13762=DIRECTION('',(1.55930200087803E-16,-1.,0.));
#13763=DIRECTION('',(-1.,-1.55930200087803E-16,0.));
#13764=DIRECTION('',(-1.55930200087803E-16,1.,0.));
#13765=DIRECTION('',(-1.,-1.55930200087803E-16,0.));
#13766=DIRECTION('',(-1.55930200087803E-16,1.,0.));
#13767=DIRECTION('',(-1.,-1.55930200087803E-16,0.));
#13768=DIRECTION('',(-1.55930200087803E-16,1.,0.));
#13769=DIRECTION('',(-1.,-1.55930200087803E-16,0.));
#13770=DIRECTION('',(1.55930200087803E-16,-1.,0.));
#13771=DIRECTION('',(-1.,-1.55930200087803E-16,0.));
#13772=DIRECTION('',(1.55930200087803E-16,-1.,0.));
#13773=DIRECTION('',(-1.,-1.55930200087803E-16,0.));
#13774=DIRECTION('',(0.623491113466035,9.72210940757258E-17,0.781830436494311));
#13775=DIRECTION('',(1.,1.55930200087803E-16,0.));
#13776=DIRECTION('',(0.,0.,-1.));
#13777=DIRECTION('',(-1.55930200087803E-16,1.,0.));
#13778=DIRECTION('',(-1.,-1.55930200087803E-16,0.));
#13779=DIRECTION('',(-1.55930200087803E-16,1.,0.));
#13780=DIRECTION('',(-1.55930200087803E-16,1.,0.));
#13781=DIRECTION('',(-1.,-1.55930200087803E-16,0.));
#13782=DIRECTION('',(-1.55930200087803E-16,1.,0.));
#13783=DIRECTION('',(-1.55930200087803E-16,1.,0.));
#13784=DIRECTION('',(-1.,-1.55930200087803E-16,0.));
#13785=DIRECTION('',(-1.55930200087803E-16,1.,0.));
#13786=DIRECTION('',(1.,1.55930200087803E-16,0.));
#13787=DIRECTION('',(-1.55930200087803E-16,1.,0.));
#13788=DIRECTION('',(-1.55930200087803E-16,1.,0.));
#13789=DIRECTION('',(-0.999998894259881,-1.55930027669525E-16,-0.00148710423799926));
#13790=DIRECTION('',(-0.00148710423799926,0.,0.999998894259881));
#13791=DIRECTION('',(-1.55930200087803E-16,1.,0.));
#13792=DIRECTION('',(0.755433218913905,1.17794852978218E-16,-0.655225649498992));
#13793=DIRECTION('',(-0.655225649498992,0.,-0.755433218913905));
#13794=DIRECTION('',(-1.55930200087803E-16,1.,0.));
#13795=DIRECTION('',(-1.55930200087803E-16,1.,0.));
#13796=DIRECTION('',(-1.,-1.55930200087803E-16,0.));
#13797=DIRECTION('',(-1.55930200087803E-16,1.,0.));
#13798=DIRECTION('',(-1.55930200087803E-16,1.,0.));
#13799=DIRECTION('',(-1.,-1.55930200087803E-16,0.));
#13800=DIRECTION('',(-1.55930200087803E-16,1.,0.));
#13801=DIRECTION('',(-1.55930200087803E-16,1.,0.));
#13802=DIRECTION('',(-1.,-1.55930200087803E-16,0.));
#13803=DIRECTION('',(-1.55930200087803E-16,1.,0.));
#13804=DIRECTION('',(-1.55930200087803E-16,1.,0.));
#13805=DIRECTION('',(-1.,-1.55930200087803E-16,0.));
#13806=DIRECTION('',(-1.55930200087803E-16,1.,0.));
#13807=DIRECTION('',(-1.55930200087803E-16,1.,0.));
#13808=DIRECTION('',(-1.,-1.55930200087803E-16,0.));
#13809=DIRECTION('',(-1.55930200087803E-16,1.,0.));
#13810=DIRECTION('',(-1.55930200087803E-16,1.,0.));
#13811=DIRECTION('',(-1.,-1.55930200087803E-16,0.));
#13812=DIRECTION('',(-1.55930200087803E-16,1.,0.));
#13813=DIRECTION('',(-1.55930200087803E-16,1.,0.));
#13814=DIRECTION('',(-1.,-1.55930200087803E-16,0.));
#13815=DIRECTION('',(-1.55930200087803E-16,1.,0.));
#13816=DIRECTION('',(-1.55930200087803E-16,1.,0.));
#13817=DIRECTION('',(-1.,-1.55930200087803E-16,0.));
#13818=DIRECTION('',(-1.55930200087803E-16,1.,0.));
#13819=DIRECTION('',(-1.55930200087803E-16,1.,0.));
#13820=DIRECTION('',(-1.,-1.55930200087803E-16,0.));
#13821=DIRECTION('',(-1.55930200087803E-16,1.,0.));
#13822=DIRECTION('',(-1.55930200087803E-16,1.,0.));
#13823=DIRECTION('',(-1.,-1.55930200087803E-16,0.));
#13824=DIRECTION('',(-1.55930200087803E-16,1.,0.));
#13825=DIRECTION('',(-0.781830436494311,-1.21910976397292E-16,0.623491113466035));
#13826=DIRECTION('',(0.623491113466035,0.,0.781830436494311));
#13827=DIRECTION('',(-1.55930200087803E-16,1.,0.));
#13828=DIRECTION('',(0.,0.,1.));
#13829=DIRECTION('',(1.,0.,0.));
#13830=DIRECTION('',(-1.55930200087803E-16,1.,0.));
#13831=DIRECTION('',(-1.,-1.55930200087803E-16,0.));
#13832=DIRECTION('',(-1.55930200087803E-16,1.,0.));
#13833=DIRECTION('',(-1.,-1.55930200087803E-16,0.));
#13834=DIRECTION('',(0.,0.,1.));
#13835=DIRECTION('',(-1.,-1.55930200087803E-16,0.));
#13836=DIRECTION('',(-1.55930200087803E-16,1.,0.));
#13837=DIRECTION('',(-1.,-1.55930200087803E-16,0.));
#13838=DIRECTION('',(-1.55930200087803E-16,1.,0.));
#13839=DIRECTION('',(-1.,-1.55930200087803E-16,0.));
#13840=DIRECTION('',(-1.55930200087803E-16,1.,0.));
#13841=DIRECTION('',(-1.,-1.55930200087803E-16,0.));
#13842=DIRECTION('',(-1.55930200087803E-16,1.,0.));
#13843=DIRECTION('',(-1.,-1.55930200087803E-16,0.));
#13844=DIRECTION('',(-1.55930200087803E-16,1.,0.));
#13845=DIRECTION('',(-1.,-1.55930200087803E-16,0.));
#13846=DIRECTION('',(-1.55930200087803E-16,1.,0.));
#13847=DIRECTION('',(-1.,-1.55930200087803E-16,0.));
#13848=DIRECTION('',(-1.55930200087803E-16,1.,0.));
#13849=DIRECTION('',(-1.,-1.55930200087803E-16,0.));
#13850=DIRECTION('',(-1.55930200087803E-16,1.,0.));
#13851=DIRECTION('',(-1.,-1.55930200087803E-16,0.));
#13852=DIRECTION('',(0.632749494223579,9.86647552397387E-17,0.774356557123271));
#13853=DIRECTION('',(1.,1.55930200087803E-16,0.));
#13854=DIRECTION('',(0.,0.,-1.));
#13855=DIRECTION('',(-1.,-1.55930200087803E-16,0.));
#13856=DIRECTION('',(-0.00675452978246908,-1.05323518047943E-18,-0.999977187903513));
#13857=DIRECTION('',(0.999977187903513,1.55926642993033E-16,-0.00675452978246908));
#13858=DIRECTION('',(-0.00675452978246908,0.,-0.999977187903513));
#13859=DIRECTION('',(-1.55930200087803E-16,1.,0.));
#13860=DIRECTION('',(-1.,-1.55930200087803E-16,0.));
#13861=DIRECTION('',(1.55930200087803E-16,-1.,0.));
#13862=DIRECTION('',(-1.55930200087803E-16,1.,0.));
#13863=DIRECTION('',(0.,0.,-1.));
#13864=DIRECTION('',(-1.,0.,0.));
#13865=DIRECTION('',(-1.55930200087803E-16,1.,0.));
#13866=DIRECTION('',(0.,0.,-1.));
#13867=DIRECTION('',(-1.,0.,0.));
#13868=DIRECTION('',(-1.55930200087803E-16,1.,0.));
#13869=DIRECTION('',(-1.55930200087803E-16,1.,0.));
#13870=DIRECTION('',(-1.,-1.55930200087803E-16,0.));
#13871=DIRECTION('',(-1.55930200087803E-16,1.,0.));
#13872=DIRECTION('',(-1.55930200087803E-16,1.,0.));
#13873=DIRECTION('',(-1.,-1.55930200087803E-16,0.));
#13874=DIRECTION('',(-1.55930200087803E-16,1.,0.));
#13875=DIRECTION('',(-1.55930200087803E-16,1.,0.));
#13876=DIRECTION('',(-1.,-1.55930200087803E-16,0.));
#13877=DIRECTION('',(-1.55930200087803E-16,1.,0.));
#13878=DIRECTION('',(-1.55930200087803E-16,1.,0.));
#13879=DIRECTION('',(-1.,-1.55930200087803E-16,0.));
#13880=DIRECTION('',(-1.55930200087803E-16,1.,0.));
#13881=DIRECTION('',(-1.55930200087803E-16,1.,0.));
#13882=DIRECTION('',(-1.,-1.55930200087803E-16,0.));
#13883=DIRECTION('',(-1.55930200087803E-16,1.,0.));
#13884=DIRECTION('',(-1.55930200087803E-16,1.,0.));
#13885=DIRECTION('',(-1.,-1.55930200087803E-16,0.));
#13886=DIRECTION('',(-1.55930200087803E-16,1.,0.));
#13887=DIRECTION('',(-1.55930200087803E-16,1.,0.));
#13888=DIRECTION('',(-1.,-1.55930200087803E-16,0.));
#13889=DIRECTION('',(-1.55930200087803E-16,1.,0.));
#13890=DIRECTION('',(-1.55930200087803E-16,1.,0.));
#13891=DIRECTION('',(-1.,-1.55930200087803E-16,0.));
#13892=DIRECTION('',(-1.55930200087803E-16,1.,0.));
#13893=DIRECTION('',(-0.774356557123271,-1.20745572891534E-16,0.632749494223579));
#13894=DIRECTION('',(0.632749494223579,0.,0.774356557123271));
#13895=DIRECTION('',(-1.55930200087803E-16,1.,0.));
#13896=DIRECTION('',(0.,0.,1.));
#13897=DIRECTION('',(1.,0.,0.));
#13898=DIRECTION('',(-1.55930200087803E-16,1.,0.));
#13899=DIRECTION('',(1.,1.55930200087803E-16,0.));
#13900=DIRECTION('',(-1.55930200087803E-16,1.,0.));
#13901=DIRECTION('',(-1.55930200087803E-16,1.,0.));
#13902=DIRECTION('',(-1.,-1.55930200087803E-16,0.));
#13903=DIRECTION('',(1.55930200087803E-16,-1.,0.));
#13904=DIRECTION('',(-1.,-1.55930200087803E-16,0.));
#13905=DIRECTION('',(1.55930200087803E-16,-1.,0.));
#13906=DIRECTION('',(-1.,-1.55930200087803E-16,0.));
#13907=DIRECTION('',(1.55930200087803E-16,-1.,0.));
#13908=DIRECTION('',(-1.,-1.55930200087803E-16,0.));
#13909=DIRECTION('',(1.55930200087803E-16,-1.,0.));
#13910=DIRECTION('',(-1.,-1.55930200087803E-16,0.));
#13911=DIRECTION('',(1.55930200087803E-16,-1.,0.));
#13912=DIRECTION('',(-1.,-1.55930200087803E-16,0.));
#13913=DIRECTION('',(1.55930200087803E-16,-1.,0.));
#13914=DIRECTION('',(-1.,-1.55930200087803E-16,0.));
#13915=DIRECTION('',(1.55930200087803E-16,-1.,0.));
#13916=DIRECTION('',(-1.,-1.55930200087803E-16,0.));
#13917=DIRECTION('',(1.55930200087803E-16,-1.,0.));
#13918=DIRECTION('',(-1.,-1.55930200087803E-16,0.));
#13919=DIRECTION('',(1.55930200087803E-16,-1.,0.));
#13920=DIRECTION('',(-1.,-1.55930200087803E-16,0.));
#13921=DIRECTION('',(1.55930200087803E-16,-1.,0.));
#13922=DIRECTION('',(-1.,-1.55930200087803E-16,0.));
#13923=DIRECTION('',(1.55930200087803E-16,-1.,0.));
#13924=DIRECTION('',(-1.,-1.55930200087803E-16,0.));
#13925=DIRECTION('',(1.55930200087803E-16,-1.,0.));
#13926=DIRECTION('',(-1.,-1.55930200087803E-16,0.));
#13927=DIRECTION('',(1.55930200087803E-16,-1.,0.));
#13928=DIRECTION('',(-1.,-1.55930200087803E-16,0.));
#13929=DIRECTION('',(1.55930200087803E-16,-1.,0.));
#13930=DIRECTION('',(-1.,-1.55930200087803E-16,0.));
#13931=DIRECTION('',(1.55930200087803E-16,-1.,0.));
#13932=DIRECTION('',(-1.,-1.55930200087803E-16,0.));
#13933=DIRECTION('',(1.55930200087803E-16,-1.,0.));
#13934=DIRECTION('',(-1.,-1.55930200087803E-16,0.));
#13935=DIRECTION('',(1.55930200087803E-16,-1.,0.));
#13936=DIRECTION('',(-1.,-1.55930200087803E-16,0.));
#13937=DIRECTION('',(1.55930200087803E-16,-1.,0.));
#13938=DIRECTION('',(-1.,-1.55930200087803E-16,0.));
#13939=DIRECTION('',(1.55930200087803E-16,-1.,0.));
#13940=DIRECTION('',(-1.,-1.55930200087803E-16,0.));
#13941=DIRECTION('',(-1.55930200087803E-16,1.,0.));
#13942=DIRECTION('',(-1.,-1.55930200087803E-16,0.));
#13943=DIRECTION('',(-1.55930200087803E-16,1.,0.));
#13944=DIRECTION('',(-1.,-1.55930200087803E-16,0.));
#13945=DIRECTION('',(-1.55930200087803E-16,1.,0.));
#13946=DIRECTION('',(-1.,-1.55930200087803E-16,0.));
#13947=DIRECTION('',(-1.55930200087803E-16,1.,0.));
#13948=DIRECTION('',(-1.,-1.55930200087803E-16,0.));
#13949=DIRECTION('',(-1.55930200087803E-16,1.,0.));
#13950=DIRECTION('',(-1.,-1.55930200087803E-16,0.));
#13951=DIRECTION('',(-1.55930200087803E-16,1.,0.));
#13952=DIRECTION('',(-1.,-1.55930200087803E-16,0.));
#13953=DIRECTION('',(-1.55930200087803E-16,1.,0.));
#13954=DIRECTION('',(-1.,-1.55930200087803E-16,0.));
#13955=DIRECTION('',(-1.55930200087803E-16,1.,0.));
#13956=DIRECTION('',(-1.,-1.55930200087803E-16,0.));
#13957=DIRECTION('',(-1.55930200087803E-16,1.,0.));
#13958=DIRECTION('',(-1.,-1.55930200087803E-16,0.));
#13959=DIRECTION('',(-1.55930200087803E-16,1.,0.));
#13960=DIRECTION('',(-1.,-1.55930200087803E-16,0.));
#13961=DIRECTION('',(-1.55930200087803E-16,1.,0.));
#13962=DIRECTION('',(-1.,-1.55930200087803E-16,0.));
#13963=DIRECTION('',(-1.55930200087803E-16,1.,0.));
#13964=DIRECTION('',(-1.,-1.55930200087803E-16,0.));
#13965=DIRECTION('',(-1.55930200087803E-16,1.,0.));
#13966=DIRECTION('',(-1.,-1.55930200087803E-16,0.));
#13967=DIRECTION('',(-1.55930200087803E-16,1.,0.));
#13968=DIRECTION('',(-1.,-1.55930200087803E-16,0.));
#13969=DIRECTION('',(-1.55930200087803E-16,1.,0.));
#13970=DIRECTION('',(-1.,-1.55930200087803E-16,0.));
#13971=DIRECTION('',(-1.55930200087803E-16,1.,0.));
#13972=DIRECTION('',(-1.55930200087803E-16,1.,0.));
#13973=DIRECTION('',(-1.,-1.55930200087803E-16,0.));
#13974=DIRECTION('',(-1.55930200087803E-16,1.,0.));
#13975=DIRECTION('',(-1.55930200087803E-16,1.,0.));
#13976=DIRECTION('',(-1.,-1.55930200087803E-16,0.));
#13977=DIRECTION('',(-1.55930200087803E-16,1.,0.));
#13978=DIRECTION('',(-1.55930200087803E-16,1.,0.));
#13979=DIRECTION('',(-1.,-1.55930200087803E-16,0.));
#13980=DIRECTION('',(-1.55930200087803E-16,1.,0.));
#13981=DIRECTION('',(-1.55930200087803E-16,1.,0.));
#13982=DIRECTION('',(-1.,-1.55930200087803E-16,0.));
#13983=DIRECTION('',(-1.55930200087803E-16,1.,0.));
#13984=DIRECTION('',(-1.55930200087803E-16,1.,0.));
#13985=DIRECTION('',(-1.,-1.55930200087803E-16,0.));
#13986=DIRECTION('',(-1.55930200087803E-16,1.,0.));
#13987=DIRECTION('',(-1.55930200087803E-16,1.,0.));
#13988=DIRECTION('',(-1.,-1.55930200087803E-16,0.));
#13989=DIRECTION('',(-1.55930200087803E-16,1.,0.));
#13990=DIRECTION('',(-1.55930200087803E-16,1.,0.));
#13991=DIRECTION('',(-1.,-1.55930200087803E-16,0.));
#13992=DIRECTION('',(-1.55930200087803E-16,1.,0.));
#13993=DIRECTION('',(-1.55930200087803E-16,1.,0.));
#13994=DIRECTION('',(-1.,-1.55930200087803E-16,0.));
#13995=DIRECTION('',(-1.55930200087803E-16,1.,0.));
#13996=DIRECTION('',(-1.55930200087803E-16,1.,0.));
#13997=DIRECTION('',(-1.,-1.55930200087803E-16,0.));
#13998=DIRECTION('',(-1.55930200087803E-16,1.,0.));
#13999=DIRECTION('',(-1.55930200087803E-16,1.,0.));
#14000=DIRECTION('',(-1.,-1.55930200087803E-16,0.));
#14001=DIRECTION('',(-1.55930200087803E-16,1.,0.));
#14002=DIRECTION('',(-1.55930200087803E-16,1.,0.));
#14003=DIRECTION('',(-1.,-1.55930200087803E-16,0.));
#14004=DIRECTION('',(-1.55930200087803E-16,1.,0.));
#14005=DIRECTION('',(-1.55930200087803E-16,1.,0.));
#14006=DIRECTION('',(-1.,-1.55930200087803E-16,0.));
#14007=DIRECTION('',(-1.55930200087803E-16,1.,0.));
#14008=DIRECTION('',(-1.55930200087803E-16,1.,0.));
#14009=DIRECTION('',(-1.,-1.55930200087803E-16,0.));
#14010=DIRECTION('',(-1.55930200087803E-16,1.,0.));
#14011=DIRECTION('',(-1.55930200087803E-16,1.,0.));
#14012=DIRECTION('',(-1.,-1.55930200087803E-16,0.));
#14013=DIRECTION('',(-1.55930200087803E-16,1.,0.));
#14014=DIRECTION('',(-1.55930200087803E-16,1.,0.));
#14015=DIRECTION('',(-1.,-1.55930200087803E-16,0.));
#14016=DIRECTION('',(-1.55930200087803E-16,1.,0.));
#14017=DIRECTION('',(-1.55930200087803E-16,1.,0.));
#14018=DIRECTION('',(-1.,-1.55930200087803E-16,0.));
#14019=DIRECTION('',(-1.55930200087803E-16,1.,0.));
#14020=DIRECTION('',(-1.55930200087803E-16,1.,0.));
#14021=DIRECTION('',(-1.,-1.55930200087803E-16,0.));
#14022=DIRECTION('',(-1.55930200087803E-16,1.,0.));
#14023=DIRECTION('',(-1.55930200087803E-16,1.,0.));
#14024=DIRECTION('',(-1.,-1.55930200087803E-16,0.));
#14025=DIRECTION('',(-1.55930200087803E-16,1.,0.));
#14026=DIRECTION('',(-1.55930200087803E-16,1.,0.));
#14027=DIRECTION('',(-1.,-1.55930200087803E-16,0.));
#14028=DIRECTION('',(-1.55930200087803E-16,1.,0.));
#14029=DIRECTION('',(-1.55930200087803E-16,1.,0.));
#14030=DIRECTION('',(-1.,-1.55930200087803E-16,0.));
#14031=DIRECTION('',(-1.55930200087803E-16,1.,0.));
#14032=DIRECTION('',(-1.55930200087803E-16,1.,0.));
#14033=DIRECTION('',(-1.,-1.55930200087803E-16,0.));
#14034=DIRECTION('',(-1.55930200087803E-16,1.,0.));
#14035=DIRECTION('',(-1.55930200087803E-16,1.,0.));
#14036=DIRECTION('',(-1.,-1.55930200087803E-16,0.));
#14037=DIRECTION('',(-1.55930200087803E-16,1.,0.));
#14038=DIRECTION('',(-1.55930200087803E-16,1.,0.));
#14039=DIRECTION('',(-1.,-1.55930200087803E-16,0.));
#14040=DIRECTION('',(-1.55930200087803E-16,1.,0.));
#14041=DIRECTION('',(-1.55930200087803E-16,1.,0.));
#14042=DIRECTION('',(-1.,-1.55930200087803E-16,0.));
#14043=DIRECTION('',(-1.55930200087803E-16,1.,0.));
#14044=DIRECTION('',(-1.55930200087803E-16,1.,0.));
#14045=DIRECTION('',(-1.,-1.55930200087803E-16,0.));
#14046=DIRECTION('',(-1.55930200087803E-16,1.,0.));
#14047=DIRECTION('',(-1.55930200087803E-16,1.,0.));
#14048=DIRECTION('',(-1.,-1.55930200087803E-16,0.));
#14049=DIRECTION('',(-1.55930200087803E-16,1.,0.));
#14050=DIRECTION('',(-1.55930200087803E-16,1.,0.));
#14051=DIRECTION('',(-1.,-1.55930200087803E-16,0.));
#14052=DIRECTION('',(-1.55930200087803E-16,1.,0.));
#14053=DIRECTION('',(-1.55930200087803E-16,1.,0.));
#14054=DIRECTION('',(-1.,-1.55930200087803E-16,0.));
#14055=DIRECTION('',(-1.55930200087803E-16,1.,0.));
#14056=DIRECTION('',(-1.55930200087803E-16,1.,0.));
#14057=DIRECTION('',(-1.,-1.55930200087803E-16,0.));
#14058=DIRECTION('',(-1.55930200087803E-16,1.,0.));
#14059=DIRECTION('',(-1.55930200087803E-16,1.,0.));
#14060=DIRECTION('',(-1.,-1.55930200087803E-16,0.));
#14061=DIRECTION('',(-1.55930200087803E-16,1.,0.));
#14062=DIRECTION('',(-1.55930200087803E-16,1.,0.));
#14063=DIRECTION('',(-1.,-1.55930200087803E-16,0.));
#14064=DIRECTION('',(-1.55930200087803E-16,1.,0.));
#14065=DIRECTION('',(-1.,-1.55930200087803E-16,0.));
#14066=DIRECTION('',(0.999987364528965,1.55928229836276E-16,-0.00502700531279056));
#14067=DIRECTION('',(-0.00502700531279056,0.,-0.999987364528965));
#14068=DIRECTION('',(1.55930200087803E-16,-1.,0.));
#14069=DIRECTION('',(0.00502700531279056,7.8386194426588E-19,0.999987364528965));
#14070=DIRECTION('',(1.55930200087803E-16,-1.,0.));
#14071=DIRECTION('',(0.0137917915685481,2.15055681885297E-18,0.999904888719587));
#14072=DIRECTION('',(0.999904888719587,0.,-0.0137917915685481));
#14073=DIRECTION('',(1.55930200087803E-16,-1.,0.));
#14074=DIRECTION('',(-0.999904888719587,-1.55915369366817E-16,0.0137917915685481));
#14075=DIRECTION('',(-0.999987422957708,-1.55928238947082E-16,0.00501536901946375));
#14076=DIRECTION('',(0.00501536901946375,0.,0.999987422957708));
#14077=DIRECTION('',(1.55930200087803E-16,-1.,0.));
#14078=DIRECTION('',(-0.00501536901946375,-7.8204749471915E-19,-0.999987422957708));
#14079=DIRECTION('',(0.,0.,-1.));
#14080=DIRECTION('',(-1.,0.,0.));
#14081=DIRECTION('',(1.,1.55930200087803E-16,0.));
#14082=DIRECTION('',(1.55930200087803E-16,-1.,0.));
#14083=DIRECTION('',(1.,1.55930200087803E-16,0.));
#14084=DIRECTION('',(0.,0.,1.));
#14085=DIRECTION('',(1.,0.,0.));
#14086=DIRECTION('',(-1.,-1.55930200087803E-16,0.));
#14087=DIRECTION('',(1.55930200087803E-16,-1.,0.));
#14088=DIRECTION('',(-1.,-1.55930200087803E-16,0.));
#14089=DIRECTION('',(1.55930200087803E-16,-1.,0.));
#14090=DIRECTION('',(1.,1.55930200087803E-16,0.));
#14091=DIRECTION('',(-1.55930200087803E-16,1.,0.));
#14092=DIRECTION('',(0.,0.,1.));
#14093=DIRECTION('',(1.55930200087803E-16,-1.,0.));
#14094=DIRECTION('',(0.,0.,1.));
#14095=DIRECTION('',(0.,0.,-1.));
#14096=DIRECTION('',(-1.,0.,0.));
#14097=DIRECTION('',(1.,1.55930200087803E-16,0.));
#14098=DIRECTION('',(1.55930200087803E-16,-1.,0.));
#14099=DIRECTION('',(1.,1.55930200087803E-16,0.));
#14100=DIRECTION('',(-1.,-1.55930200087803E-16,0.));
#14101=DIRECTION('',(1.55930200087803E-16,-1.,0.));
#14102=DIRECTION('',(0.,0.,-1.));
#14103=DIRECTION('',(1.55930200087803E-16,-1.,0.));
#14104=DIRECTION('',(0.,0.,-1.));
#14105=DIRECTION('',(1.55930200087803E-16,-1.,0.));
#14106=DIRECTION('',(0.,0.,1.));
#14107=DIRECTION('',(1.,0.,0.));
#14108=DIRECTION('',(-1.,-1.55930200087803E-16,0.));
#14109=DIRECTION('',(1.55930200087803E-16,-1.,0.));
#14110=DIRECTION('',(-1.,-1.55930200087803E-16,0.));
#14111=DIRECTION('',(1.,1.55930200087803E-16,0.));
#14112=DIRECTION('',(-1.55930200087803E-16,1.,0.));
#14113=DIRECTION('',(0.,0.,1.));
#14114=DIRECTION('',(1.55930200087803E-16,-1.,0.));
#14115=DIRECTION('',(0.,0.,1.));
#14116=DIRECTION('',(0.,0.,1.));
#14117=DIRECTION('',(1.,0.,0.));
#14118=DIRECTION('',(-1.,-1.55930200087803E-16,0.));
#14119=DIRECTION('',(1.55930200087803E-16,-1.,0.));
#14120=DIRECTION('',(-1.,-1.55930200087803E-16,0.));
#14121=DIRECTION('',(1.55930200087803E-16,-1.,0.));
#14122=DIRECTION('',(1.,1.55930200087803E-16,0.));
#14123=DIRECTION('',(-1.55930200087803E-16,1.,0.));
#14124=DIRECTION('',(0.,0.,1.));
#14125=DIRECTION('',(1.55930200087803E-16,-1.,0.));
#14126=DIRECTION('',(0.,0.,1.));
#14127=DIRECTION('',(0.,0.,-1.));
#14128=DIRECTION('',(-1.,0.,0.));
#14129=DIRECTION('',(1.,1.55930200087803E-16,0.));
#14130=DIRECTION('',(1.55930200087803E-16,-1.,0.));
#14131=DIRECTION('',(1.,1.55930200087803E-16,0.));
#14132=DIRECTION('',(-1.,-1.55930200087803E-16,0.));
#14133=DIRECTION('',(1.55930200087803E-16,-1.,0.));
#14134=DIRECTION('',(1.55930200087803E-16,-1.,0.));
#14135=DIRECTION('',(0.,0.,-1.));
#14136=DIRECTION('',(0.,0.,1.));
#14137=DIRECTION('',(1.,0.,0.));
#14138=DIRECTION('',(1.55930200087803E-16,-1.,0.));
#14139=DIRECTION('',(-1.,-1.55930200087803E-16,0.));
#14140=DIRECTION('',(-1.,-1.55930200087803E-16,0.));
#14141=DIRECTION('',(1.55930200087803E-16,-1.,0.));
#14142=DIRECTION('',(1.55930200087803E-16,-1.,0.));
#14143=DIRECTION('',(0.,0.,-1.));
#14144=DIRECTION('',(0.,0.,-1.));
#14145=DIRECTION('',(-1.,0.,0.));
#14146=DIRECTION('',(1.55930200087803E-16,-1.,0.));
#14147=DIRECTION('',(1.,1.55930200087803E-16,0.));
#14148=DIRECTION('',(-1.,-1.55930200087803E-16,0.));
#14149=DIRECTION('',(1.55930200087803E-16,-1.,0.));
#14150=DIRECTION('',(1.55930200087803E-16,-1.,0.));
#14151=DIRECTION('',(0.,0.,-1.));
#14152=DIRECTION('',(0.,0.,1.));
#14153=DIRECTION('',(1.,0.,0.));
#14154=DIRECTION('',(1.55930200087803E-16,-1.,0.));
#14155=DIRECTION('',(-1.,-1.55930200087803E-16,0.));
#14156=DIRECTION('',(-1.,-1.55930200087803E-16,0.));
#14157=DIRECTION('',(1.55930200087803E-16,-1.,0.));
#14158=DIRECTION('',(1.55930200087803E-16,-1.,0.));
#14159=DIRECTION('',(0.,0.,-1.));
#14160=DIRECTION('',(0.,0.,-1.));
#14161=DIRECTION('',(-1.,0.,0.));
#14162=DIRECTION('',(1.55930200087803E-16,-1.,0.));
#14163=DIRECTION('',(1.,1.55930200087803E-16,0.));
#14164=DIRECTION('',(1.55930200087803E-16,-1.,0.));
#14165=DIRECTION('',(1.55930200087803E-16,-1.,0.));
#14166=DIRECTION('',(1.55930200087803E-16,-1.,0.));
#14167=DIRECTION('',(0.39667342253683,0.,-0.917959800782647));
#14168=DIRECTION('',(1.55930200087803E-16,-1.,0.));
#14169=DIRECTION('',(1.55930200087803E-16,-1.,0.));
#14170=DIRECTION('',(1.,1.55930200087803E-16,0.));
#14171=DIRECTION('',(-1.,-1.55930200087803E-16,0.));
#14172=DIRECTION('',(1.55930200087803E-16,-1.,0.));
#14173=DIRECTION('',(1.55930200087803E-16,-1.,0.));
#14174=DIRECTION('',(0.,0.,-1.));
#14175=DIRECTION('',(0.,0.,-1.));
#14176=DIRECTION('',(-1.,0.,0.));
#14177=DIRECTION('',(1.55930200087803E-16,-1.,0.));
#14178=DIRECTION('',(1.,1.55930200087803E-16,0.));
#14179=DIRECTION('',(1.,1.55930200087803E-16,0.));
#14180=DIRECTION('',(-1.55930200087803E-16,1.,0.));
#14181=DIRECTION('',(1.55930200087803E-16,-1.,0.));
#14182=DIRECTION('',(0.,0.,1.));
#14183=DIRECTION('',(0.,0.,-1.));
#14184=DIRECTION('',(-1.,0.,0.));
#14185=DIRECTION('',(1.55930200087803E-16,-1.,0.));
#14186=DIRECTION('',(1.,1.55930200087803E-16,0.));
#14187=DIRECTION('',(-1.,-1.55930200087803E-16,0.));
#14188=DIRECTION('',(1.55930200087803E-16,-1.,0.));
#14189=DIRECTION('',(1.55930200087803E-16,-1.,0.));
#14190=DIRECTION('',(0.,0.,-1.));
#14191=DIRECTION('',(0.,0.,-1.));
#14192=DIRECTION('',(-1.,0.,0.));
#14193=DIRECTION('',(1.55930200087803E-16,-1.,0.));
#14194=DIRECTION('',(1.,1.55930200087803E-16,0.));
#14195=DIRECTION('',(1.,1.55930200087803E-16,0.));
#14196=DIRECTION('',(-1.55930200087803E-16,1.,0.));
#14197=DIRECTION('',(1.55930200087803E-16,-1.,0.));
#14198=DIRECTION('',(0.,0.,1.));
#14199=DIRECTION('',(0.,0.,1.));
#14200=DIRECTION('',(1.,0.,0.));
#14201=DIRECTION('',(1.55930200087803E-16,-1.,0.));
#14202=DIRECTION('',(-1.,-1.55930200087803E-16,0.));
#14203=DIRECTION('',(1.55930200087803E-16,-1.,0.));
#14204=DIRECTION('',(0.543093674998916,0.,-0.839672114682971));
#14205=DIRECTION('',(1.55930200087803E-16,-1.,0.));
#14206=DIRECTION('',(1.55930200087803E-16,-1.,0.));
#14207=DIRECTION('',(1.,1.55930200087803E-16,0.));
#14208=DIRECTION('',(0.,0.,-1.));
#14209=DIRECTION('',(-1.,0.,0.));
#14210=DIRECTION('',(1.55930200087803E-16,-1.,0.));
#14211=DIRECTION('',(1.,1.55930200087803E-16,0.));
#14212=DIRECTION('',(1.,1.55930200087803E-16,0.));
#14213=DIRECTION('',(-1.55930200087803E-16,1.,0.));
#14214=DIRECTION('',(1.55930200087803E-16,-1.,0.));
#14215=DIRECTION('',(0.,0.,1.));
#14216=DIRECTION('',(0.,0.,1.));
#14217=DIRECTION('',(1.,0.,0.));
#14218=DIRECTION('',(1.55930200087803E-16,-1.,0.));
#14219=DIRECTION('',(-1.,-1.55930200087803E-16,0.));
#14220=DIRECTION('',(1.55930200087803E-16,-1.,0.));
#14221=DIRECTION('',(0.718399848989925,0.,-0.695630402563929));
#14222=DIRECTION('',(1.55930200087803E-16,-1.,0.));
#14223=DIRECTION('',(1.55930200087803E-16,-1.,0.));
#14224=DIRECTION('',(1.,1.55930200087803E-16,0.));
#14225=DIRECTION('',(0.475790906747339,7.41901712890697E-17,0.879558419354022));
#14226=DIRECTION('',(0.879558419354022,0.,-0.475790906747339));
#14227=DIRECTION('',(1.55930200087803E-16,-1.,0.));
#14228=DIRECTION('',(-0.879558419354022,-1.37149720318784E-16,0.475790906747339));
#14229=DIRECTION('',(1.55930200087803E-16,-1.,0.));
#14230=DIRECTION('',(0.756990733958572,0.,-0.653425610686375));
#14231=DIRECTION('',(1.55930200087803E-16,-1.,0.));
#14232=DIRECTION('',(1.55930200087803E-16,-1.,0.));
#14233=DIRECTION('',(1.,1.55930200087803E-16,0.));
#14234=DIRECTION('',(1.,1.55930200087803E-16,0.));
#14235=DIRECTION('',(-1.55930200087803E-16,1.,0.));
#14236=DIRECTION('',(1.55930200087803E-16,-1.,0.));
#14237=DIRECTION('',(0.,0.,1.));
#14238=DIRECTION('',(0.,0.,1.));
#14239=DIRECTION('',(1.,0.,0.));
#14240=DIRECTION('',(1.55930200087803E-16,-1.,0.));
#14241=DIRECTION('',(-1.,-1.55930200087803E-16,0.));
#14242=DIRECTION('',(1.,1.55930200087803E-16,0.));
#14243=DIRECTION('',(-1.55930200087803E-16,1.,0.));
#14244=DIRECTION('',(0.,0.,1.));
#14245=DIRECTION('',(0.,0.,-1.));
#14246=DIRECTION('',(-1.,0.,0.));
#14247=DIRECTION('',(1.,1.55930200087803E-16,0.));
#14248=DIRECTION('',(1.,1.55930200087803E-16,0.));
#14249=DIRECTION('',(-1.,-1.55930200087803E-16,0.));
#14250=DIRECTION('',(1.55930200087803E-16,-1.,0.));
#14251=DIRECTION('',(0.,0.,-1.));
#14252=DIRECTION('',(0.,0.,-1.));
#14253=DIRECTION('',(1.55930200087803E-16,-1.,0.));
#14254=DIRECTION('',(0.644295456159202,0.,-0.764776676666205));
#14255=DIRECTION('',(1.55930200087803E-16,-1.,0.));
#14256=DIRECTION('',(1.,1.55930200087803E-16,0.));
#14257=DIRECTION('',(1.55930200087803E-16,-1.,0.));
#14258=DIRECTION('',(1.,1.55930200087803E-16,0.));
#14259=DIRECTION('',(1.55930200087803E-16,-1.,0.));
#14260=DIRECTION('',(1.,1.55930200087803E-16,0.));
#14261=DIRECTION('',(1.55930200087803E-16,-1.,0.));
#14262=DIRECTION('',(1.,1.55930200087803E-16,0.));
#14263=DIRECTION('',(1.55930200087803E-16,-1.,0.));
#14264=DIRECTION('',(1.,1.55930200087803E-16,0.));
#14265=DIRECTION('',(-0.00809437990013473,-1.2621582774147E-18,-0.999967239970406));
#14266=DIRECTION('',(-0.999967239970406,0.,0.00809437990013473));
#14267=DIRECTION('',(0.999967239970406,1.55925091809833E-16,-0.00809437990013473));
#14268=DIRECTION('',(1.55930200087803E-16,-1.,0.));
#14269=DIRECTION('',(0.999967239970406,1.55925091809833E-16,-0.00809437990013473));
#14270=DIRECTION('',(1.55930200087803E-16,-1.,0.));
#14271=DIRECTION('',(1.55930200087803E-16,-1.,0.));
#14272=DIRECTION('',(0.39005715002261,6.08216894487037E-17,0.920790649233711));
#14273=DIRECTION('',(0.920790649233711,0.,-0.39005715002261));
#14274=DIRECTION('',(1.55930200087803E-16,-1.,0.));
#14275=DIRECTION('',(-0.920790649233711,-1.4357907017399E-16,0.39005715002261));
#14276=DIRECTION('',(1.55930200087803E-16,-1.,0.));
#14277=DIRECTION('',(-0.223143683415582,-3.47948392033209E-17,0.974785564394409));
#14278=DIRECTION('',(0.974785564394409,0.,0.223143683415582));
#14279=DIRECTION('',(1.55930200087803E-16,-1.,0.));
#14280=DIRECTION('',(-0.974785564394409,-1.51998508098722E-16,-0.223143683415582));
#14281=DIRECTION('',(0.00240963155863468,3.7573433107579E-19,0.999997096833662));
#14282=DIRECTION('',(0.999997096833662,0.,-0.00240963155863468));
#14283=DIRECTION('',(1.55930200087803E-16,-1.,0.));
#14284=DIRECTION('',(-0.999997096833662,-1.55929747396495E-16,0.00240963155863468));
#14285=DIRECTION('',(-1.,-1.55930200087803E-16,0.));
#14286=DIRECTION('',(1.55930200087803E-16,-1.,0.));
#14287=DIRECTION('',(1.55930200087803E-16,-1.,0.));
#14288=DIRECTION('',(0.,0.,-1.));
#14289=DIRECTION('',(0.,0.,-1.));
#14290=DIRECTION('',(-1.,0.,0.));
#14291=DIRECTION('',(1.55930200087803E-16,-1.,0.));
#14292=DIRECTION('',(1.,1.55930200087803E-16,0.));
#14293=DIRECTION('',(-0.316227766016841,-4.9309458828325E-17,0.948683298050513));
#14294=DIRECTION('',(0.948683298050513,0.,0.316227766016841));
#14295=DIRECTION('',(1.55930200087803E-16,-1.,0.));
#14296=DIRECTION('',(-0.948683298050513,-1.47928376484973E-16,-0.316227766016841));
#14297=DIRECTION('',(1.55930200087803E-16,-1.,0.));
#14298=DIRECTION('',(-0.804577270775126,0.,-0.593847973265927));
#14299=DIRECTION('',(1.55930200087803E-16,-1.,0.));
#14300=DIRECTION('',(1.55930200087803E-16,-1.,0.));
#14301=DIRECTION('',(1.,1.55930200087803E-16,0.));
#14302=DIRECTION('',(1.55930200087803E-16,-1.,0.));
#14303=DIRECTION('',(1.55930200087803E-16,-1.,0.));
#14304=DIRECTION('',(1.55930200087803E-16,-1.,0.));
#14305=DIRECTION('',(1.55930200087803E-16,-1.,0.));
#14306=DIRECTION('',(-0.391066247823101,0.,-0.920362531730601));
#14307=DIRECTION('',(1.55930200087803E-16,-1.,0.));
#14308=DIRECTION('',(1.55930200087803E-16,-1.,0.));
#14309=DIRECTION('',(1.,1.55930200087803E-16,0.));
#14310=DIRECTION('',(1.55930200087803E-16,-1.,0.));
#14311=DIRECTION('',(1.55930200087803E-16,-1.,0.));
#14312=DIRECTION('',(1.55930200087803E-16,-1.,0.));
#14313=DIRECTION('',(1.,1.55930200087803E-16,0.));
#14314=DIRECTION('',(1.,1.55930200087803E-16,0.));
#14315=DIRECTION('',(-1.55930200087803E-16,1.,0.));
#14316=DIRECTION('',(1.55930200087803E-16,-1.,0.));
#14317=DIRECTION('',(0.,0.,1.));
#14318=DIRECTION('',(1.55930200087803E-16,-1.,0.));
#14319=DIRECTION('',(0.,0.,-1.));
#14320=DIRECTION('',(-1.,0.,0.));
#14321=DIRECTION('',(1.55930200087803E-16,-1.,0.));
#14322=DIRECTION('',(1.,1.55930200087803E-16,0.));
#14323=DIRECTION('',(-1.,-1.55930200087803E-16,0.));
#14324=DIRECTION('',(1.55930200087803E-16,-1.,0.));
#14325=DIRECTION('',(1.55930200087803E-16,-1.,0.));
#14326=DIRECTION('',(0.,0.,-1.));
#14327=DIRECTION('',(0.,0.,-1.));
#14328=DIRECTION('',(-1.,0.,0.));
#14329=DIRECTION('',(1.55930200087803E-16,-1.,0.));
#14330=DIRECTION('',(1.,1.55930200087803E-16,0.));
#14331=DIRECTION('',(1.,1.55930200087803E-16,0.));
#14332=DIRECTION('',(-1.55930200087803E-16,1.,0.));
#14333=DIRECTION('',(1.55930200087803E-16,-1.,0.));
#14334=DIRECTION('',(0.,0.,1.));
#14335=DIRECTION('',(0.,0.,1.));
#14336=DIRECTION('',(1.,0.,0.));
#14337=DIRECTION('',(1.55930200087803E-16,-1.,0.));
#14338=DIRECTION('',(-1.,-1.55930200087803E-16,0.));
#14339=DIRECTION('',(-1.,-1.55930200087803E-16,0.));
#14340=DIRECTION('',(1.55930200087803E-16,-1.,0.));
#14341=DIRECTION('',(1.55930200087803E-16,-1.,0.));
#14342=DIRECTION('',(0.,0.,-1.));
#14343=DIRECTION('',(0.,0.,-1.));
#14344=DIRECTION('',(-1.,0.,0.));
#14345=DIRECTION('',(1.,1.55930200087803E-16,0.));
#14346=DIRECTION('',(1.55930200087803E-16,-1.,0.));
#14347=DIRECTION('',(1.,1.55930200087803E-16,0.));
#14348=DIRECTION('',(0.999981838798054,1.55927368207949E-16,-0.00602677974240822));
#14349=DIRECTION('',(-0.00602677974240822,0.,-0.999981838798054));
#14350=DIRECTION('',(1.55930200087803E-16,-1.,0.));
#14351=DIRECTION('',(0.00602677974240822,9.39756971118831E-19,0.999981838798054));
#14352=DIRECTION('',(1.55930200087803E-16,-1.,0.));
#14353=DIRECTION('',(0.,0.,1.));
#14354=DIRECTION('',(1.,0.,0.));
#14355=DIRECTION('',(1.55930200087803E-16,-1.,0.));
#14356=DIRECTION('',(-1.,-1.55930200087803E-16,0.));
#14357=DIRECTION('',(-0.999984525304029,-1.55927787115364E-16,0.00556319624647548));
#14358=DIRECTION('',(0.00556319624647548,0.,0.999984525304029));
#14359=DIRECTION('',(1.55930200087803E-16,-1.,0.));
#14360=DIRECTION('',(-0.00556319624647548,-8.67470303840635E-19,-0.999984525304028));
#14361=DIRECTION('',(0.,0.,-1.));
#14362=DIRECTION('',(-1.,0.,0.));
#14363=DIRECTION('',(1.,1.55930200087803E-16,0.));
#14364=DIRECTION('',(1.55930200087803E-16,-1.,0.));
#14365=DIRECTION('',(1.,1.55930200087803E-16,0.));
#14366=DIRECTION('',(-0.829503768711992,-1.29344688628847E-16,0.558501117002108));
#14367=DIRECTION('',(0.558501117002108,0.,0.829503768711992));
#14368=DIRECTION('',(1.55930200087803E-16,-1.,0.));
#14369=DIRECTION('',(-0.558501117002108,-8.70871909234002E-17,-0.829503768711992));
#14370=DIRECTION('',(1.55930200087803E-16,-1.,0.));
#14371=DIRECTION('',(1.55930200087803E-16,-1.,0.));
#14372=DIRECTION('',(0.853796175794037,1.33132608525765E-16,-0.520607424264655));
#14373=DIRECTION('',(-0.520607424264655,0.,-0.853796175794037));
#14374=DIRECTION('',(1.55930200087803E-16,-1.,0.));
#14375=DIRECTION('',(0.520607424264655,8.11784198327834E-17,0.853796175794037));
#14376=DIRECTION('',(1.55930200087803E-16,-1.,0.));
#14377=DIRECTION('',(1.,1.55930200087803E-16,0.));
#14378=DIRECTION('',(1.,1.55930200087803E-16,0.));
#14379=DIRECTION('',(-1.55930200087803E-16,1.,0.));
#14380=DIRECTION('',(1.55930200087803E-16,-1.,0.));
#14381=DIRECTION('',(0.,0.,1.));
#14382=DIRECTION('',(1.55930200087803E-16,-1.,0.));
#14383=DIRECTION('',(0.,0.,1.));
#14384=DIRECTION('',(1.,0.,0.));
#14385=DIRECTION('',(1.55930200087803E-16,-1.,0.));
#14386=DIRECTION('',(-1.,-1.55930200087803E-16,0.));
#14387=DIRECTION('',(-1.,-1.55930200087803E-16,0.));
#14388=DIRECTION('',(1.55930200087803E-16,-1.,0.));
#14389=DIRECTION('',(1.55930200087803E-16,-1.,0.));
#14390=DIRECTION('',(0.,0.,-1.));
#14391=DIRECTION('',(1.55930200087803E-16,-1.,0.));
#14392=DIRECTION('',(1.55930200087803E-16,-1.,0.));
#14393=DIRECTION('',(0.779649175067691,0.,0.626216547063609));
#14394=DIRECTION('',(1.55930200087803E-16,-1.,0.));
#14395=DIRECTION('',(1.55930200087803E-16,-1.,0.));
#14396=DIRECTION('',(1.,1.55930200087803E-16,0.));
#14397=DIRECTION('',(1.55930200087803E-16,-1.,0.));
#14398=DIRECTION('',(1.,1.55930200087803E-16,0.));
#14399=DIRECTION('',(1.55930200087803E-16,-1.,0.));
#14400=DIRECTION('',(1.,1.55930200087803E-16,0.));
#14401=DIRECTION('',(1.55930200087803E-16,-1.,0.));
#14402=DIRECTION('',(1.,1.55930200087803E-16,0.));
#14403=DIRECTION('',(1.55930200087803E-16,-1.,0.));
#14404=DIRECTION('',(1.,1.55930200087803E-16,0.));
#14405=DIRECTION('',(1.55930200087803E-16,-1.,0.));
#14406=DIRECTION('',(1.,1.55930200087803E-16,0.));
#14407=DIRECTION('',(1.55930200087803E-16,-1.,0.));
#14408=DIRECTION('',(1.,1.55930200087803E-16,0.));
#14409=DIRECTION('',(1.55930200087803E-16,-1.,0.));
#14410=DIRECTION('',(1.,1.55930200087803E-16,0.));
#14411=DIRECTION('',(3.06662726839345E-16,-1.,0.));
#14412=DIRECTION('',(-1.,-3.06662726839345E-16,0.));
#14413=DIRECTION('',(3.06662726839345E-16,-1.,0.));
#14414=DIRECTION('',(-1.,-3.06662726839345E-16,0.));
#14415=DIRECTION('',(3.06662726839345E-16,-1.,0.));
#14416=DIRECTION('',(-1.,-3.06662726839345E-16,0.));
#14417=DIRECTION('',(3.06662726839345E-16,-1.,0.));
#14418=DIRECTION('',(-1.,-3.06662726839345E-16,0.));
#14419=DIRECTION('',(2.31296463463574E-16,-1.,0.));
#14420=DIRECTION('',(1.,2.31296463463574E-16,0.));
#14421=DIRECTION('',(1.,2.31296463463574E-16,0.));
#14422=DIRECTION('',(1.,2.31296463463574E-16,0.));
#14423=DIRECTION('',(1.12042432304648E-16,-0.484410486121821,-0.874840831771827));
#14424=DIRECTION('',(0.,0.874840831771827,-0.484410486121821));
#14425=DIRECTION('',(-2.02347590482355E-16,0.874840831771827,-0.484410486121821));
#14426=DIRECTION('',(1.12042432304648E-16,-0.484410486121821,-0.874840831771827));
#14427=DIRECTION('',(0.,0.874840831771827,-0.484410486121821));
#14428=DIRECTION('',(-2.02347590482355E-16,0.874840831771827,-0.484410486121821));
#14429=DIRECTION('',(1.,2.31296463463574E-16,0.));
#14430=DIRECTION('',(-2.31296463463574E-16,1.,0.));
#14431=DIRECTION('',(1.12042432304648E-16,-0.48441048612182,0.874840831771827));
#14432=DIRECTION('',(0.,-0.874840831771827,-0.48441048612182));
#14433=DIRECTION('',(2.02347590482355E-16,-0.874840831771827,-0.48441048612182));
#14434=DIRECTION('',(1.12042432304648E-16,-0.48441048612182,0.874840831771827));
#14435=DIRECTION('',(0.,-0.874840831771827,-0.48441048612182));
#14436=DIRECTION('',(1.,2.31296463463574E-16,0.));
#14437=DIRECTION('',(2.02347590482355E-16,-0.874840831771827,-0.48441048612182));
#14438=DIRECTION('',(-2.31296463463574E-16,1.,0.));
#14439=DIRECTION('',(-1.,-2.31296463463574E-16,0.));
#14440=DIRECTION('',(1.,2.31296463463574E-16,0.));
#14441=DIRECTION('',(-2.31296463463574E-16,1.,0.));
#14442=DIRECTION('',(-2.31296463463574E-16,1.,0.));
#14443=DIRECTION('',(-1.,-2.31296463463574E-16,0.));
#14444=DIRECTION('',(1.,2.31296463463574E-16,0.));
#14445=DIRECTION('',(1.12042432304648E-16,-0.48441048612182,0.874840831771827));
#14446=DIRECTION('',(0.,-0.874840831771827,-0.48441048612182));
#14447=DIRECTION('',(2.02347590482355E-16,-0.874840831771827,-0.48441048612182));
#14448=DIRECTION('',(1.,2.31296463463574E-16,0.));
#14449=DIRECTION('',(-2.31296463463574E-16,1.,0.));
#14450=DIRECTION('',(1.12042432304648E-16,-0.484410486121821,-0.874840831771827));
#14451=DIRECTION('',(0.,0.874840831771827,-0.484410486121821));
#14452=DIRECTION('',(-2.02347590482355E-16,0.874840831771827,-0.484410486121821));
#14453=DIRECTION('',(1.12042432304648E-16,-0.484410486121821,-0.874840831771827));
#14454=DIRECTION('',(0.,0.874840831771827,-0.484410486121821));
#14455=DIRECTION('',(-2.02347590482355E-16,0.874840831771827,-0.484410486121821));
#14456=DIRECTION('',(1.,2.31296463463574E-16,0.));
#14457=DIRECTION('',(-2.31296463463574E-16,1.,0.));
#14458=DIRECTION('',(1.12042432304648E-16,-0.48441048612182,0.874840831771827));
#14459=DIRECTION('',(0.,-0.874840831771827,-0.48441048612182));
#14460=DIRECTION('',(2.02347590482355E-16,-0.874840831771827,-0.48441048612182));
#14461=DIRECTION('',(1.12042432304648E-16,-0.48441048612182,0.874840831771827));
#14462=DIRECTION('',(0.,-0.874840831771827,-0.48441048612182));
#14463=DIRECTION('',(2.02347590482355E-16,-0.874840831771827,-0.48441048612182));
#14464=DIRECTION('',(1.,2.31296463463574E-16,0.));
#14465=DIRECTION('',(-2.31296463463574E-16,1.,0.));
#14466=DIRECTION('',(1.12042432304648E-16,-0.48441048612182,0.874840831771827));
#14467=DIRECTION('',(0.,-0.874840831771827,-0.48441048612182));
#14468=DIRECTION('',(2.02347590482355E-16,-0.874840831771827,-0.48441048612182));
#14469=DIRECTION('',(1.12042432304648E-16,-0.48441048612182,0.874840831771827));
#14470=DIRECTION('',(0.,-0.874840831771827,-0.48441048612182));
#14471=DIRECTION('',(2.02347590482355E-16,-0.874840831771827,-0.48441048612182));
#14472=DIRECTION('',(1.,2.31296463463574E-16,0.));
#14473=DIRECTION('',(-2.31296463463574E-16,1.,0.));
#14474=DIRECTION('',(1.12042432304648E-16,-0.48441048612182,0.874840831771827));
#14475=DIRECTION('',(0.,-0.874840831771827,-0.48441048612182));
#14476=DIRECTION('',(2.02347590482355E-16,-0.874840831771827,-0.48441048612182));
#14477=DIRECTION('',(1.12042432304648E-16,-0.48441048612182,0.874840831771827));
#14478=DIRECTION('',(0.,-0.874840831771827,-0.48441048612182));
#14479=DIRECTION('',(2.02347590482355E-16,-0.874840831771827,-0.48441048612182));
#14480=DIRECTION('',(1.,2.31296463463574E-16,0.));
#14481=DIRECTION('',(-2.31296463463574E-16,1.,0.));
#14482=CARTESIAN_POINT('',(0.,0.,0.));
#14483=CARTESIAN_POINT('',(0.,0.,0.00834));
#14484=CARTESIAN_POINT('',(-0.0395,-0.055,0.00834));
#14485=CARTESIAN_POINT('',(-0.038,-0.055,0.00834));
#14486=CARTESIAN_POINT('',(0.0395,0.055,0.00834));
#14487=CARTESIAN_POINT('',(0.041,0.055,0.00834));
#14488=CARTESIAN_POINT('',(0.0395,-0.055,0.00834));
#14489=CARTESIAN_POINT('',(0.041,-0.055,0.00834));
#14490=CARTESIAN_POINT('',(-0.0395,0.055,0.00834));
#14491=CARTESIAN_POINT('',(-0.038,0.055,0.00834));
#14492=CARTESIAN_POINT('',(0.0435,6.70759744044365E-18,0.00834));
#14493=CARTESIAN_POINT('',(0.0435,0.0231017995253206,0.00834));
#14494=CARTESIAN_POINT('',(0.0435,0.030506722251598,0.00834));
#14495=CARTESIAN_POINT('',(0.0435,0.030506722251598,0.00834));
#14496=CARTESIAN_POINT('',(0.0445,0.030506722251598,0.00834));
#14497=CARTESIAN_POINT('',(0.0445,6.93889390390723E-18,0.00834));
#14498=CARTESIAN_POINT('',(0.0445,0.0381017995253205,0.00834));
#14499=CARTESIAN_POINT('',(0.0435,0.0381017995253205,0.00834));
#14500=CARTESIAN_POINT('',(0.0435,0.0381017995253205,0.00834));
#14501=CARTESIAN_POINT('',(0.0435,6.70759744044365E-18,0.00834));
#14502=CARTESIAN_POINT('',(0.0435,0.045506722251598,0.00834));
#14503=CARTESIAN_POINT('',(0.0435,0.045506722251598,0.00834));
#14504=CARTESIAN_POINT('',(0.0445,0.045506722251598,0.00834));
#14505=CARTESIAN_POINT('',(0.0445,6.93889390390723E-18,0.00834));
#14506=CARTESIAN_POINT('',(0.0445,0.0531017995253205,0.00834));
#14507=CARTESIAN_POINT('',(0.0435,0.0531017995253205,0.00834));
#14508=CARTESIAN_POINT('',(0.0435,0.0531017995253205,0.00834));
#14509=CARTESIAN_POINT('',(0.0435,6.70759744044365E-18,0.00834));
#14510=CARTESIAN_POINT('',(0.0435,0.056,0.00834000000000031));
#14511=CARTESIAN_POINT('',(0.0435,0.056,0.00834000000000031));
#14512=CARTESIAN_POINT('',(0.0445,0.056,0.00834000000000031));
#14513=CARTESIAN_POINT('',(0.0445,0.056,0.00834));
#14514=CARTESIAN_POINT('',(0.0445,0.0561698710511025,0.00834));
#14515=CARTESIAN_POINT('',(0.0444939511228353,0.0564822705537652,0.00834));
#14516=CARTESIAN_POINT('',(0.0444740801003994,0.0567798929021904,0.00834));
#14517=CARTESIAN_POINT('',(0.0444457352463858,0.0570064015188737,0.00834));
#14518=CARTESIAN_POINT('',(0.0443963791667921,0.0572910917398967,0.00834));
#14519=CARTESIAN_POINT('',(0.0442845753155643,0.0577355692158386,0.00834));
#14520=CARTESIAN_POINT('',(0.0440053794180644,0.0584000249931597,0.00834));
#14521=CARTESIAN_POINT('',(0.0435178397763467,0.0590313557695438,0.00834));
#14522=CARTESIAN_POINT('',(0.0428869107793936,0.059509509974698,0.00834));
#14523=CARTESIAN_POINT('',(0.0422540571925285,0.0597797380165047,0.00834));
#14524=CARTESIAN_POINT('',(0.0417189021336314,0.0599142276253307,0.00834));
#14525=CARTESIAN_POINT('',(0.0413756731017205,0.0599647368841653,0.00834));
#14526=CARTESIAN_POINT('',(0.0411286407781579,0.0599855754198373,0.00834));
#14527=CARTESIAN_POINT('',(0.0409058907030723,0.0599960818760183,0.00834));
#14528=CARTESIAN_POINT('',(0.0406735839516206,0.06,0.00834));
#14529=CARTESIAN_POINT('',(0.0405,0.06,0.00834));
#14530=CARTESIAN_POINT('',(0.0405,0.06,0.00834));
#14531=CARTESIAN_POINT('',(-1.38777878078145E-17,0.06,0.00834));
#14532=CARTESIAN_POINT('',(-0.0405,0.06,0.00834));
#14533=CARTESIAN_POINT('',(-0.0405,0.06,0.00834));
#14534=CARTESIAN_POINT('',(-0.0406698710510824,0.06,0.00834));
#14535=CARTESIAN_POINT('',(-0.0409822705537191,0.0599939511228359,0.00834));
#14536=CARTESIAN_POINT('',(-0.0412798929021725,0.0599740801003978,0.00834));
#14537=CARTESIAN_POINT('',(-0.04150640151887,0.0599457352463886,0.00834));
#14538=CARTESIAN_POINT('',(-0.0417910917398607,0.0598963791668039,0.00834));
#14539=CARTESIAN_POINT('',(-0.0422355692158245,0.0597845753155696,0.00834));
#14540=CARTESIAN_POINT('',(-0.0429000249931652,0.0595053794180636,0.00834));
#14541=CARTESIAN_POINT('',(-0.0435313557695451,0.0590178397763474,0.00834));
#14542=CARTESIAN_POINT('',(-0.0440095099746918,0.058386910779395,0.00834));
#14543=CARTESIAN_POINT('',(-0.04427973801649,0.0577540571925622,0.00834));
#14544=CARTESIAN_POINT('',(-0.0444142276253436,0.0572189021335877,0.00834));
#14545=CARTESIAN_POINT('',(-0.0444647368841761,0.0568756731017034,0.00834));
#14546=CARTESIAN_POINT('',(-0.0444855754198352,0.0566286407781337,0.00834));
#14547=CARTESIAN_POINT('',(-0.0444960818760196,0.0564058907029631,0.00834));
#14548=CARTESIAN_POINT('',(-0.0445,0.0561735839515603,0.00834));
#14549=CARTESIAN_POINT('',(-0.0445,0.056,0.00834));
#14550=CARTESIAN_POINT('',(-0.0445,0.056,0.00834));
#14551=CARTESIAN_POINT('',(-0.0445,-6.93889390390723E-18,0.00834));
#14552=CARTESIAN_POINT('',(-0.0445,0.0308099981469845,0.00834));
#14553=CARTESIAN_POINT('',(-0.0445,0.0308099981469845,0.00834));
#14554=CARTESIAN_POINT('',(-0.0441253759306922,0.030363662208269,0.00834));
#14555=CARTESIAN_POINT('',(-0.0437539898064089,0.0299150554328257,0.00834));
#14556=CARTESIAN_POINT('',(-0.0435,0.0293841162310021,0.00834));
#14557=CARTESIAN_POINT('',(-0.0435,0.0293841162310021,0.00834));
#14558=CARTESIAN_POINT('',(-0.0195,0.0293841162310021,0.00834));
#14559=CARTESIAN_POINT('',(-0.0345,0.0293841162310021,0.00834));
#14560=CARTESIAN_POINT('',(-0.0345,0.,0.00834));
#14561=CARTESIAN_POINT('',(-0.0345,0.05,0.00834));
#14562=CARTESIAN_POINT('',(-6.93889390390723E-18,0.05,0.00834));
#14563=CARTESIAN_POINT('',(0.0345,0.05,0.00834));
#14564=CARTESIAN_POINT('',(0.0345,6.93889390390723E-18,0.00834));
#14565=CARTESIAN_POINT('',(0.0345,-0.05,0.00834));
#14566=CARTESIAN_POINT('',(6.93889390390723E-18,-0.05,0.00834));
#14567=CARTESIAN_POINT('',(-0.0345,-0.05,0.00834));
#14568=CARTESIAN_POINT('',(-0.0345,0.,0.00834));
#14569=CARTESIAN_POINT('',(-0.0345,0.0194573866725259,0.00834));
#14570=CARTESIAN_POINT('',(-0.0195,0.0194573866725259,0.00834));
#14571=CARTESIAN_POINT('',(-0.0435,0.0194573866725259,0.00834));
#14572=CARTESIAN_POINT('',(-0.0435,0.0194573866725259,0.00834));
#14573=CARTESIAN_POINT('',(-0.0437539898064089,0.0189264474707024,0.00834));
#14574=CARTESIAN_POINT('',(-0.0441253759306922,0.018477840695259,0.00834));
#14575=CARTESIAN_POINT('',(-0.0445,0.0180315047565436,0.00834));
#14576=CARTESIAN_POINT('',(-0.0445,0.0180315047565436,0.00834));
#14577=CARTESIAN_POINT('',(-0.0445,-6.93889390390723E-18,0.00834));
#14578=CARTESIAN_POINT('',(-0.0445,-0.056,0.00834));
#14579=CARTESIAN_POINT('',(-0.0445,-0.056,0.00834));
#14580=CARTESIAN_POINT('',(-0.0445,-0.0561698710511025,0.00834));
#14581=CARTESIAN_POINT('',(-0.0444939511228353,-0.0564822705537652,0.00834));
#14582=CARTESIAN_POINT('',(-0.0444740801003994,-0.0567798929021904,0.00834));
#14583=CARTESIAN_POINT('',(-0.0444457352463858,-0.0570064015188737,0.00834));
#14584=CARTESIAN_POINT('',(-0.0443963791667921,-0.0572910917398967,0.00834));
#14585=CARTESIAN_POINT('',(-0.0442845753155643,-0.0577355692158386,0.00834));
#14586=CARTESIAN_POINT('',(-0.0440053794180644,-0.0584000249931597,0.00834));
#14587=CARTESIAN_POINT('',(-0.0435178397763467,-0.0590313557695438,0.00834));
#14588=CARTESIAN_POINT('',(-0.0428869107793936,-0.059509509974698,0.00834));
#14589=CARTESIAN_POINT('',(-0.0422540571925285,-0.0597797380165047,0.00834));
#14590=CARTESIAN_POINT('',(-0.0417189021336314,-0.0599142276253307,0.00834));
#14591=CARTESIAN_POINT('',(-0.0413756731017205,-0.0599647368841653,0.00834));
#14592=CARTESIAN_POINT('',(-0.0411286407781579,-0.0599855754198373,0.00834));
#14593=CARTESIAN_POINT('',(-0.0409058907030723,-0.0599960818760183,0.00834));
#14594=CARTESIAN_POINT('',(-0.0406735839516206,-0.06,0.00834));
#14595=CARTESIAN_POINT('',(-0.0405,-0.06,0.00834));
#14596=CARTESIAN_POINT('',(-0.0405,-0.06,0.00834));
#14597=CARTESIAN_POINT('',(1.38777878078145E-17,-0.06,0.00834));
#14598=CARTESIAN_POINT('',(-0.0374515829086304,-0.06,0.00834));
#14599=CARTESIAN_POINT('',(-0.0374515829086304,-0.059,0.00834));
#14600=CARTESIAN_POINT('',(-0.0374515829086304,-0.059,0.00834));
#14601=CARTESIAN_POINT('',(-0.006,-0.059,0.00834));
#14602=CARTESIAN_POINT('',(-0.0346976634185695,-0.059,0.00834));
#14603=CARTESIAN_POINT('',(-0.0346976634185695,-0.059,0.00834));
#14604=CARTESIAN_POINT('',(-0.0346976634185695,-0.06,0.00834));
#14605=CARTESIAN_POINT('',(1.38777878078145E-17,-0.06,0.00834));
#14606=CARTESIAN_POINT('',(-0.0314515829086304,-0.06,0.00834));
#14607=CARTESIAN_POINT('',(-0.0314515829086304,-0.059,0.00834));
#14608=CARTESIAN_POINT('',(-0.0314515829086304,-0.059,0.00834));
#14609=CARTESIAN_POINT('',(1.37218576077267E-17,-0.059,0.00834));
#14610=CARTESIAN_POINT('',(-0.0286976634185695,-0.059,0.00834));
#14611=CARTESIAN_POINT('',(-0.0286976634185695,-0.059,0.00834));
#14612=CARTESIAN_POINT('',(-0.0286976634185695,-0.06,0.00834));
#14613=CARTESIAN_POINT('',(1.38777878078145E-17,-0.06,0.00834));
#14614=CARTESIAN_POINT('',(-0.0254515829086304,-0.06,0.00834));
#14615=CARTESIAN_POINT('',(-0.0254515829086304,-0.059,0.00834));
#14616=CARTESIAN_POINT('',(-0.0254515829086304,-0.059,0.00834));
#14617=CARTESIAN_POINT('',(0.006,-0.059,0.00834));
#14618=CARTESIAN_POINT('',(-0.0226976634185694,-0.059,0.00834));
#14619=CARTESIAN_POINT('',(-0.0226976634185694,-0.059,0.00834));
#14620=CARTESIAN_POINT('',(-0.0226976634185694,-0.06,0.00834));
#14621=CARTESIAN_POINT('',(1.38777878078145E-17,-0.06,0.00834));
#14622=CARTESIAN_POINT('',(-0.0194515829086304,-0.06,0.00834));
#14623=CARTESIAN_POINT('',(-0.0194515829086304,-0.059,0.00834));
#14624=CARTESIAN_POINT('',(-0.0194515829086304,-0.059,0.00834));
#14625=CARTESIAN_POINT('',(0.012,-0.059,0.00834));
#14626=CARTESIAN_POINT('',(-0.0166976634185695,-0.059,0.00834));
#14627=CARTESIAN_POINT('',(-0.0166976634185695,-0.059,0.00834));
#14628=CARTESIAN_POINT('',(-0.0166976634185695,-0.06,0.00834));
#14629=CARTESIAN_POINT('',(1.38777878078145E-17,-0.06,0.00834));
#14630=CARTESIAN_POINT('',(0.00354893664482963,-0.06,0.00834));
#14631=CARTESIAN_POINT('',(0.00354893664482962,5.53386401127219E-19,0.00834));
#14632=CARTESIAN_POINT('',(0.00354893664482963,-0.059,0.00834));
#14633=CARTESIAN_POINT('',(9.19988180518037E-18,-0.059,0.00834));
#14634=CARTESIAN_POINT('',(0.00419470068657342,-0.059,0.00834));
#14635=CARTESIAN_POINT('',(0.00419470068657341,6.54080517365836E-19,0.00834));
#14636=CARTESIAN_POINT('',(0.00419470068657342,-0.06,0.00834));
#14637=CARTESIAN_POINT('',(1.38777878078145E-17,-0.06,0.00834));
#14638=CARTESIAN_POINT('',(0.0166976634185695,-0.06,0.00834));
#14639=CARTESIAN_POINT('',(0.0166976634185695,-0.059,0.00834));
#14640=CARTESIAN_POINT('',(0.0166976634185695,-0.059,0.00834));
#14641=CARTESIAN_POINT('',(-0.012,-0.059,0.00834));
#14642=CARTESIAN_POINT('',(0.0194515829086304,-0.059,0.00834));
#14643=CARTESIAN_POINT('',(0.0194515829086304,-0.059,0.00834));
#14644=CARTESIAN_POINT('',(0.0194515829086304,-0.06,0.00834));
#14645=CARTESIAN_POINT('',(1.38777878078145E-17,-0.06,0.00834));
#14646=CARTESIAN_POINT('',(0.0226976634185695,-0.06,0.00834));
#14647=CARTESIAN_POINT('',(0.0226976634185695,-0.059,0.00834));
#14648=CARTESIAN_POINT('',(0.0226976634185695,-0.059,0.00834));
#14649=CARTESIAN_POINT('',(-0.006,-0.059,0.00834));
#14650=CARTESIAN_POINT('',(0.0254515829086304,-0.059,0.00834));
#14651=CARTESIAN_POINT('',(0.0254515829086304,-0.059,0.00834));
#14652=CARTESIAN_POINT('',(0.0254515829086304,-0.06,0.00834));
#14653=CARTESIAN_POINT('',(1.38777878078145E-17,-0.06,0.00834));
#14654=CARTESIAN_POINT('',(0.0286976634185695,-0.06,0.00834));
#14655=CARTESIAN_POINT('',(0.0286976634185695,-0.059,0.00834));
#14656=CARTESIAN_POINT('',(0.0286976634185695,-0.059,0.00834));
#14657=CARTESIAN_POINT('',(1.35711250809751E-17,-0.059,0.00834));
#14658=CARTESIAN_POINT('',(0.0314515829086304,-0.059,0.00834));
#14659=CARTESIAN_POINT('',(0.0314515829086304,-0.059,0.00834));
#14660=CARTESIAN_POINT('',(0.0314515829086304,-0.06,0.00834));
#14661=CARTESIAN_POINT('',(1.38777878078145E-17,-0.06,0.00834));
#14662=CARTESIAN_POINT('',(0.0346976634185695,-0.06,0.00834));
#14663=CARTESIAN_POINT('',(0.0346976634185695,-0.059,0.00834));
#14664=CARTESIAN_POINT('',(0.0346976634185695,-0.059,0.00834));
#14665=CARTESIAN_POINT('',(0.006,-0.059,0.00834));
#14666=CARTESIAN_POINT('',(0.0374515829086304,-0.059,0.00834));
#14667=CARTESIAN_POINT('',(0.0374515829086304,-0.059,0.00834));
#14668=CARTESIAN_POINT('',(0.0374515829086304,-0.06,0.00834));
#14669=CARTESIAN_POINT('',(1.38777878078145E-17,-0.06,0.00834));
#14670=CARTESIAN_POINT('',(0.0405,-0.06,0.00834));
#14671=CARTESIAN_POINT('',(0.0405,-0.06,0.00834));
#14672=CARTESIAN_POINT('',(0.0406698710510824,-0.06,0.00834));
#14673=CARTESIAN_POINT('',(0.0409822705537191,-0.0599939511228359,0.00834));
#14674=CARTESIAN_POINT('',(0.0412798929021725,-0.0599740801003978,0.00834));
#14675=CARTESIAN_POINT('',(0.04150640151887,-0.0599457352463886,0.00834));
#14676=CARTESIAN_POINT('',(0.0417910917398607,-0.0598963791668039,0.00834));
#14677=CARTESIAN_POINT('',(0.0422355692158245,-0.0597845753155696,0.00834));
#14678=CARTESIAN_POINT('',(0.0429000249931652,-0.0595053794180636,0.00834));
#14679=CARTESIAN_POINT('',(0.0435313557695451,-0.0590178397763474,0.00834));
#14680=CARTESIAN_POINT('',(0.0440095099746918,-0.058386910779395,0.00834));
#14681=CARTESIAN_POINT('',(0.04427973801649,-0.0577540571925622,0.00834));
#14682=CARTESIAN_POINT('',(0.0444142276253436,-0.0572189021335877,0.00834));
#14683=CARTESIAN_POINT('',(0.0444647368841761,-0.0568756731017034,0.00834));
#14684=CARTESIAN_POINT('',(0.0444855754198352,-0.0566286407781337,0.00834));
#14685=CARTESIAN_POINT('',(0.0444960818760196,-0.0564058907029631,0.00834));
#14686=CARTESIAN_POINT('',(0.0445,-0.0561735839515603,0.00834));
#14687=CARTESIAN_POINT('',(0.0445,-0.056,0.00834));
#14688=CARTESIAN_POINT('',(0.0445,-0.056,0.00834));
#14689=CARTESIAN_POINT('',(0.0445,6.93889390390723E-18,0.00834));
#14690=CARTESIAN_POINT('',(0.0445,-0.0534301875159144,0.00834));
#14691=CARTESIAN_POINT('',(0.0435,-0.0534301875159144,0.00834));
#14692=CARTESIAN_POINT('',(0.0435,-0.0534301875159144,0.00834));
#14693=CARTESIAN_POINT('',(0.0435,6.70759744044365E-18,0.00834));
#14694=CARTESIAN_POINT('',(0.0435,-0.046025264789637,0.00834));
#14695=CARTESIAN_POINT('',(0.0435,-0.046025264789637,0.00834));
#14696=CARTESIAN_POINT('',(0.0445,-0.046025264789637,0.00834));
#14697=CARTESIAN_POINT('',(0.0445,6.93889390390723E-18,0.00834));
#14698=CARTESIAN_POINT('',(0.0445,0.00810179952532053,0.00834));
#14699=CARTESIAN_POINT('',(0.0435,0.00810179952532053,0.00834));
#14700=CARTESIAN_POINT('',(0.0435,0.00810179952532053,0.00834));
#14701=CARTESIAN_POINT('',(0.0435,6.70759744044365E-18,0.00834));
#14702=CARTESIAN_POINT('',(0.0435,0.015506722251598,0.00834));
#14703=CARTESIAN_POINT('',(0.0435,0.015506722251598,0.00834));
#14704=CARTESIAN_POINT('',(0.0445,0.015506722251598,0.00834));
#14705=CARTESIAN_POINT('',(0.0445,6.93889390390723E-18,0.00834));
#14706=CARTESIAN_POINT('',(0.0445,0.0231017995253206,0.00834));
#14707=CARTESIAN_POINT('',(0.0435,0.0231017995253206,0.00834));
#14708=CARTESIAN_POINT('',(0.0445,6.93889390390723E-18,0.00834));
#14709=CARTESIAN_POINT('',(0.0445,0.0155708183161914,0.00417));
#14710=CARTESIAN_POINT('',(0.0445,0.00803983710706234,0.));
#14711=CARTESIAN_POINT('',(0.0445,0.00797574104246891,0.00417));
#14712=CARTESIAN_POINT('',(0.0445,0.00044475983333981,0.));
#14713=CARTESIAN_POINT('',(0.0445,6.93889390390723E-18,0.));
#14714=CARTESIAN_POINT('',(0.0445,6.93889390390723E-18,0.00834));
#14715=CARTESIAN_POINT('',(0.0445,0.0229757410424689,0.00417));
#14716=CARTESIAN_POINT('',(0.0445,0.0154447598333398,0.));
#14717=CARTESIAN_POINT('',(0.0445,6.93889390390723E-18,0.));
#14718=CARTESIAN_POINT('',(0.0445,0.0230398371070623,0.));
#14719=CARTESIAN_POINT('',(0.0445,0.0305708183161915,0.00417));
#14720=CARTESIAN_POINT('',(0.0445,6.93889390390723E-18,0.00834));
#14721=CARTESIAN_POINT('',(0.0445,-0.0162301554420182,0.00202404923690361));
#14722=CARTESIAN_POINT('',(0.0445,-0.0165411596117336,0.00158033208097347));
#14723=CARTESIAN_POINT('',(0.0445,-0.0170961411904498,0.00135981403822269));
#14724=CARTESIAN_POINT('',(0.0445,-0.0162301554420182,0.00202404923690361));
#14725=CARTESIAN_POINT('',(0.0445,-0.0170961411904498,0.00135981403822269));
#14726=CARTESIAN_POINT('',(0.0445,-0.0170961411904498,0.00135981403822269));
#14727=CARTESIAN_POINT('',(0.0445,-0.017651122769166,0.00113929599547191));
#14728=CARTESIAN_POINT('',(0.0445,-0.0183884171370258,0.00113929599547191));
#14729=CARTESIAN_POINT('',(0.0445,-0.0183884171370258,0.00113929599547191));
#14730=CARTESIAN_POINT('',(0.0445,-0.0183884171370258,0.00113929599547191));
#14731=CARTESIAN_POINT('',(0.0445,-0.0191337547161713,0.00113929599547191));
#14732=CARTESIAN_POINT('',(0.0445,-0.0197121956611376,0.00148917568640172));
#14733=CARTESIAN_POINT('',(0.0445,-0.0197121956611376,0.00148917568640172));
#14734=CARTESIAN_POINT('',(0.0445,-0.0197121956611376,0.00148917568640172));
#14735=CARTESIAN_POINT('',(0.0445,-0.020290636606104,0.00183905537733153));
#14736=CARTESIAN_POINT('',(0.0445,-0.0206063326490694,0.00248452308301239));
#14737=CARTESIAN_POINT('',(0.0445,-0.0206063326490694,0.00248452308301239));
#14738=CARTESIAN_POINT('',(0.0445,-0.0206063326490694,0.00248452308301239));
#14739=CARTESIAN_POINT('',(0.0445,-0.0209220286920348,0.00312999078869324));
#14740=CARTESIAN_POINT('',(0.0445,-0.0209314124385349,0.0039798901145534));
#14741=CARTESIAN_POINT('',(0.0445,-0.0209314124385349,0.0039798901145534));
#14742=CARTESIAN_POINT('',(0.0445,-0.0209314124385349,0.00424598635459005));
#14743=CARTESIAN_POINT('',(0.0445,-0.0209314124385349,0.00451208259462671));
#14744=CARTESIAN_POINT('',(0.0445,-0.0209314124385349,0.00451208259462671));
#14745=CARTESIAN_POINT('',(0.0445,-0.0209314124385349,0.00589015279491731));
#14746=CARTESIAN_POINT('',(0.0445,-0.0202879555356754,0.00664889572620571));
#14747=CARTESIAN_POINT('',(0.0445,-0.0202879555356754,0.00664889572620571));
#14748=CARTESIAN_POINT('',(0.0445,-0.0202879555356754,0.00664889572620571));
#14749=CARTESIAN_POINT('',(0.0445,-0.019644498632816,0.00740763865749411));
#14750=CARTESIAN_POINT('',(0.0445,-0.0184809140668118,0.00740763865749411));
#14751=CARTESIAN_POINT('',(0.0445,-0.0184809140668118,0.00740763865749411));
#14752=CARTESIAN_POINT('',(0.0445,-0.0184809140668118,0.00740763865749411));
#14753=CARTESIAN_POINT('',(0.0445,-0.0175251124590228,0.00740763865749411));
#14754=CARTESIAN_POINT('',(0.0445,-0.0169426499084135,0.00691901357188524));
#14755=CARTESIAN_POINT('',(0.0445,-0.0169426499084135,0.00691901357188524));
#14756=CARTESIAN_POINT('',(0.0445,-0.0169426499084135,0.00691901357188524));
#14757=CARTESIAN_POINT('',(0.0445,-0.0163601873578044,0.00643038848627637));
#14758=CARTESIAN_POINT('',(0.0445,-0.0162301554420182,0.00553491096313034));
#14759=CARTESIAN_POINT('',(0.0445,-0.0162301554420182,0.00553491096313034));
#14760=CARTESIAN_POINT('',(0.0445,-0.0166323160063053,0.00553491096313034));
#14761=CARTESIAN_POINT('',(0.0445,-0.0170344765705924,0.00553491096313034));
#14762=CARTESIAN_POINT('',(0.0445,-0.0170344765705924,0.00553491096313034));
#14763=CARTESIAN_POINT('',(0.0445,-0.0172610270218076,0.00674541426163462));
#14764=CARTESIAN_POINT('',(0.0445,-0.0184755519259547,0.00674541426163462));
#14765=CARTESIAN_POINT('',(0.0445,-0.0184755519259547,0.00674541426163462));
#14766=CARTESIAN_POINT('',(0.0445,-0.0184755519259547,0.00674541426163462));
#14767=CARTESIAN_POINT('',(0.0445,-0.0192852351953861,0.00674541426163462));
#14768=CARTESIAN_POINT('',(0.0445,-0.0197014713794234,0.00617769759838261));
#14769=CARTESIAN_POINT('',(0.0445,-0.0197014713794234,0.00617769759838261));
#14770=CARTESIAN_POINT('',(0.0445,-0.0197014713794234,0.00617769759838261));
#14771=CARTESIAN_POINT('',(0.0445,-0.0201177075634605,0.0056099809351306));
#14772=CARTESIAN_POINT('',(0.0445,-0.0201230697043177,0.00453353115805536));
#14773=CARTESIAN_POINT('',(0.0445,-0.0201230697043177,0.00453353115805536));
#14774=CARTESIAN_POINT('',(0.0445,-0.0201230697043177,0.00428419160819734));
#14775=CARTESIAN_POINT('',(0.0445,-0.0201230697043177,0.00403485205833931));
#14776=CARTESIAN_POINT('',(0.0445,-0.0201230697043177,0.00403485205833931));
#14777=CARTESIAN_POINT('',(0.0445,-0.0201230697043177,0.00300800208419282));
#14778=CARTESIAN_POINT('',(0.0445,-0.019653882379316,0.00240275043494067));
#14779=CARTESIAN_POINT('',(0.0445,-0.019653882379316,0.00240275043494067));
#14780=CARTESIAN_POINT('',(0.0445,-0.019653882379316,0.00240275043494067));
#14781=CARTESIAN_POINT('',(0.0445,-0.0191846950543143,0.00179749878568853));
#14782=CARTESIAN_POINT('',(0.0445,-0.0183843955313829,0.00179749878568853));
#14783=CARTESIAN_POINT('',(0.0445,-0.0183843955313829,0.00179749878568853));
#14784=CARTESIAN_POINT('',(0.0445,-0.0183843955313829,0.00179749878568853));
#14785=CARTESIAN_POINT('',(0.0445,-0.0179312946289528,0.00179749878568853));
#14786=CARTESIAN_POINT('',(0.0445,-0.0175921392197373,0.00189803892676032));
#14787=CARTESIAN_POINT('',(0.0445,-0.0175921392197373,0.00189803892676032));
#14788=CARTESIAN_POINT('',(0.0445,-0.0179206183085376,0.00308139950641896));
#14789=CARTESIAN_POINT('',(0.0445,-0.0170304549649496,0.00223643267002116));
#14790=CARTESIAN_POINT('',(0.0445,-0.0170304549649496,0.00292220783047823));
#14791=CARTESIAN_POINT('',(0.0445,-0.0170304549649496,0.00360722132498065));
#14792=CARTESIAN_POINT('',(0.0445,-0.0177362467552735,0.00360722132498065));
#14793=CARTESIAN_POINT('',(0.0445,-0.0184420385455975,0.00360722132498065));
#14794=CARTESIAN_POINT('',(0.0445,-0.0184420385455975,0.00393431191726753));
#14795=CARTESIAN_POINT('',(0.0445,-0.0184420385455975,0.0042614025095544));
#14796=CARTESIAN_POINT('',(0.0445,-0.0173360969938078,0.0042614025095544));
#14797=CARTESIAN_POINT('',(0.0445,-0.0162301554420182,0.0042614025095544));
#14798=CARTESIAN_POINT('',(0.0445,-0.0162301554420182,0.00314272587322901));
#14799=CARTESIAN_POINT('',(0.0445,-0.0242405236150109,0.00281630554854928));
#14800=CARTESIAN_POINT('',(0.0445,-0.0229623232881849,0.00281630554854928));
#14801=CARTESIAN_POINT('',(0.0445,-0.0255187239418368,0.00281630554854928));
#14802=CARTESIAN_POINT('',(0.0445,-0.025805598477695,0.00202002763126074));
#14803=CARTESIAN_POINT('',(0.0445,-0.0260924730135531,0.00122374971397221));
#14804=CARTESIAN_POINT('',(0.0445,-0.0265066983947688,0.00122374971397221));
#14805=CARTESIAN_POINT('',(0.0445,-0.0269209237759846,0.00122374971397221));
#14806=CARTESIAN_POINT('',(0.0445,-0.0257566689423734,0.00427346732648301));
#14807=CARTESIAN_POINT('',(0.0445,-0.0245924141087621,0.00732318493899381));
#14808=CARTESIAN_POINT('',(0.0445,-0.0242405236150109,0.00732318493899381));
#14809=CARTESIAN_POINT('',(0.0445,-0.0238886331212596,0.00732318493899381));
#14810=CARTESIAN_POINT('',(0.0445,-0.0227216972172198,0.00427346732648301));
#14811=CARTESIAN_POINT('',(0.0445,-0.0215547613131799,0.00122374971397221));
#14812=CARTESIAN_POINT('',(0.0445,-0.0219676461591814,0.00122374971397221));
#14813=CARTESIAN_POINT('',(0.0445,-0.0223805310051828,0.00122374971397221));
#14814=CARTESIAN_POINT('',(0.0445,-0.0226714271466839,0.00202002763126074));
#14815=CARTESIAN_POINT('',(0.0445,-0.0127648719130773,0.00404289526962506));
#14816=CARTESIAN_POINT('',(0.0445,-0.0114431041917869,0.00404289526962506));
#14817=CARTESIAN_POINT('',(0.0445,-0.0140866396343677,0.00404289526962506));
#14818=CARTESIAN_POINT('',(0.0445,-0.0140866396343677,0.00296242388690694));
#14819=CARTESIAN_POINT('',(0.0445,-0.0140866396343677,0.00188195250418883));
#14820=CARTESIAN_POINT('',(0.0445,-0.012551056546398,0.00188195250418883));
#14821=CARTESIAN_POINT('',(0.0445,-0.0110154734584283,0.00188195250418883));
#14822=CARTESIAN_POINT('',(0.0445,-0.0110154734584283,0.00155285110908052));
#14823=CARTESIAN_POINT('',(0.0445,-0.0110154734584283,0.00122374971397221));
#14824=CARTESIAN_POINT('',(0.0445,-0.0129532171106851,0.00122374971397221));
#14825=CARTESIAN_POINT('',(0.0445,-0.014890960762942,0.00122374971397221));
#14826=CARTESIAN_POINT('',(0.0445,-0.014890960762942,0.00427346732648301));
#14827=CARTESIAN_POINT('',(0.0445,-0.014890960762942,0.00732318493899381));
#14828=CARTESIAN_POINT('',(0.0445,-0.0129739954065066,0.00732318493899381));
#14829=CARTESIAN_POINT('',(0.0445,-0.0110570300500713,0.00732318493899381));
#14830=CARTESIAN_POINT('',(0.0445,-0.0110570300500713,0.00699207274106407));
#14831=CARTESIAN_POINT('',(0.0445,-0.0110570300500713,0.00666096054313433));
#14832=CARTESIAN_POINT('',(0.0445,-0.0125718348422195,0.00666096054313433));
#14833=CARTESIAN_POINT('',(0.0445,-0.0140866396343677,0.00666096054313432));
#14834=CARTESIAN_POINT('',(0.0445,-0.0140866396343677,0.005681029301488));
#14835=CARTESIAN_POINT('',(0.0445,-0.0140866396343677,0.00470109805984167));
#14836=CARTESIAN_POINT('',(0.0445,-0.0127648719130773,0.00470109805984167));
#14837=CARTESIAN_POINT('',(0.0445,-0.0114431041917869,0.00470109805984167));
#14838=CARTESIAN_POINT('',(0.0445,-0.0114431041917869,0.00437199666473336));
#14839=CARTESIAN_POINT('',(0.0445,-0.0296234427679942,0.00394235512855327));
#14840=CARTESIAN_POINT('',(0.0445,-0.0306583359534264,0.00423995394612575));
#14841=CARTESIAN_POINT('',(0.0445,-0.0311295340812495,0.00467361708794871));
#14842=CARTESIAN_POINT('',(0.0445,-0.0296234427679942,0.00394235512855327));
#14843=CARTESIAN_POINT('',(0.0445,-0.0311295340812495,0.00467361708794871));
#14844=CARTESIAN_POINT('',(0.0445,-0.0311295340812495,0.00467361708794871));
#14845=CARTESIAN_POINT('',(0.0445,-0.0316007322090726,0.00510728022977168));
#14846=CARTESIAN_POINT('',(0.0445,-0.0316007322090726,0.00574403445655965));
#14847=CARTESIAN_POINT('',(0.0445,-0.0316007322090726,0.00574403445655965));
#14848=CARTESIAN_POINT('',(0.0445,-0.0316007322090726,0.00574403445655965));
#14849=CARTESIAN_POINT('',(0.0445,-0.0316007322090726,0.00646390186663362));
#14850=CARTESIAN_POINT('',(0.0445,-0.0310249723345348,0.00693577026206387));
#14851=CARTESIAN_POINT('',(0.0445,-0.0310249723345348,0.00693577026206387));
#14852=CARTESIAN_POINT('',(0.0445,-0.0310249723345348,0.00693577026206387));
#14853=CARTESIAN_POINT('',(0.0445,-0.0304492124599971,0.00740763865749411));
#14854=CARTESIAN_POINT('',(0.0445,-0.0295269242325652,0.00740763865749411));
#14855=CARTESIAN_POINT('',(0.0445,-0.0295269242325652,0.00740763865749411));
#14856=CARTESIAN_POINT('',(0.0445,-0.0295269242325652,0.00740763865749411));
#14857=CARTESIAN_POINT('',(0.0445,-0.0288995537522773,0.00740763865749411));
#14858=CARTESIAN_POINT('',(0.0445,-0.0284069070610256,0.00716433151610039));
#14859=CARTESIAN_POINT('',(0.0445,-0.0284069070610256,0.00716433151610039));
#14860=CARTESIAN_POINT('',(0.0445,-0.0284069070610256,0.00716433151610039));
#14861=CARTESIAN_POINT('',(0.0445,-0.0279142603697739,0.00692102437470667));
#14862=CARTESIAN_POINT('',(0.0445,-0.0276441425240943,0.00649406390895516));
#14863=CARTESIAN_POINT('',(0.0445,-0.0276441425240943,0.00649406390895516));
#14864=CARTESIAN_POINT('',(0.0445,-0.0290867119888347,0.00557105307360616));
#14865=CARTESIAN_POINT('',(0.0445,-0.0273743310205205,0.00555904059698756));
#14866=CARTESIAN_POINT('',(0.0445,-0.0277781960455234,0.00555904059698756));
#14867=CARTESIAN_POINT('',(0.0445,-0.028182367412632,0.00555904059698756));
#14868=CARTESIAN_POINT('',(0.0445,-0.028182367412632,0.00555904059698756));
#14869=CARTESIAN_POINT('',(0.0445,-0.028182367412632,0.00611268164048952));
#14870=CARTESIAN_POINT('',(0.0445,-0.0285342579063832,0.00642904795106207));
#14871=CARTESIAN_POINT('',(0.0445,-0.0285342579063832,0.00642904795106207));
#14872=CARTESIAN_POINT('',(0.0445,-0.0285342579063832,0.00642904795106207));
#14873=CARTESIAN_POINT('',(0.0445,-0.0288861484001345,0.00674541426163462));
#14874=CARTESIAN_POINT('',(0.0445,-0.0295269242325652,0.00674541426163462));
#14875=CARTESIAN_POINT('',(0.0445,-0.0295269242325652,0.00674541426163462));
#14876=CARTESIAN_POINT('',(0.0445,-0.0295269242325652,0.00674541426163462));
#14877=CARTESIAN_POINT('',(0.0445,-0.0301221218677102,0.00674541426163462));
#14878=CARTESIAN_POINT('',(0.0445,-0.0304552448684614,0.00648333962724084));
#14879=CARTESIAN_POINT('',(0.0445,-0.0304552448684614,0.00648333962724084));
#14880=CARTESIAN_POINT('',(0.0445,-0.0304552448684614,0.00648333962724084));
#14881=CARTESIAN_POINT('',(0.0445,-0.0307883678692126,0.00622126499284705));
#14882=CARTESIAN_POINT('',(0.0445,-0.0307883678692126,0.00575609927348826));
#14883=CARTESIAN_POINT('',(0.0445,-0.0307883678692126,0.00575609927348826));
#14884=CARTESIAN_POINT('',(0.0445,-0.0307883678692126,0.00575609927348826));
#14885=CARTESIAN_POINT('',(0.0445,-0.0307883678692126,0.00538343048391551));
#14886=CARTESIAN_POINT('',(0.0445,-0.03047200155864,0.00512604772277174));
#14887=CARTESIAN_POINT('',(0.0445,-0.03047200155864,0.00512604772277174));
#14888=CARTESIAN_POINT('',(0.0445,-0.03047200155864,0.00512604772277174));
#14889=CARTESIAN_POINT('',(0.0445,-0.0301556352480675,0.00486866496162797));
#14890=CARTESIAN_POINT('',(0.0445,-0.0293955517815648,0.00465484959494865));
#14891=CARTESIAN_POINT('',(0.0445,-0.0293955517815648,0.00465484959494865));
#14892=CARTESIAN_POINT('',(0.0445,-0.0293955517815648,0.00465484959494865));
#14893=CARTESIAN_POINT('',(0.0445,-0.0286354683150621,0.00444103422826931));
#14894=CARTESIAN_POINT('',(0.0445,-0.028205826778882,0.00418365146712555));
#14895=CARTESIAN_POINT('',(0.0445,-0.028205826778882,0.00418365146712555));
#14896=CARTESIAN_POINT('',(0.0445,-0.028205826778882,0.00418365146712555));
#14897=CARTESIAN_POINT('',(0.0445,-0.027776185242702,0.00392626870598178));
#14898=CARTESIAN_POINT('',(0.0445,-0.0275690725520941,0.00358242142351628));
#14899=CARTESIAN_POINT('',(0.0445,-0.0275690725520941,0.00358242142351628));
#14900=CARTESIAN_POINT('',(0.0445,-0.0275690725520941,0.00358242142351628));
#14901=CARTESIAN_POINT('',(0.0445,-0.0273619598614861,0.00323857414105077));
#14902=CARTESIAN_POINT('',(0.0445,-0.0273619598614861,0.00277340842169198));
#14903=CARTESIAN_POINT('',(0.0445,-0.0273619598614861,0.00277340842169198));
#14904=CARTESIAN_POINT('',(0.0445,-0.0273619598614861,0.00277340842169198));
#14905=CARTESIAN_POINT('',(0.0445,-0.0273619598614861,0.00203209244818936));
#14906=CARTESIAN_POINT('',(0.0445,-0.0279397305388453,0.00158569422183064));
#14907=CARTESIAN_POINT('',(0.0445,-0.0279397305388453,0.00158569422183064));
#14908=CARTESIAN_POINT('',(0.0445,-0.0279397305388453,0.00158569422183064));
#14909=CARTESIAN_POINT('',(0.0445,-0.0285175012162046,0.00113929599547191));
#14910=CARTESIAN_POINT('',(0.0445,-0.0294853676409223,0.00113929599547191));
#14911=CARTESIAN_POINT('',(0.0445,-0.0294853676409223,0.00113929599547191));
#14912=CARTESIAN_POINT('',(0.0445,-0.0295111189132227,0.00400007685338945));
#14913=CARTESIAN_POINT('',(0.0445,-0.0306583359534264,0.00138059233404419));
#14914=CARTESIAN_POINT('',(0.0445,-0.0306583359534264,0.00138059233404419));
#14915=CARTESIAN_POINT('',(0.0445,-0.0312025932504283,0.00162188867261648));
#14916=CARTESIAN_POINT('',(0.0445,-0.0314981812651794,0.00204080592708224));
#14917=CARTESIAN_POINT('',(0.0445,-0.0314981812651794,0.00204080592708224));
#14918=CARTESIAN_POINT('',(0.0445,-0.0301858716748623,0.00296831956709362));
#14919=CARTESIAN_POINT('',(0.0445,-0.0317929219520466,0.00299191566162132));
#14920=CARTESIAN_POINT('',(0.0445,-0.0313895979128219,0.00299191566162132));
#14921=CARTESIAN_POINT('',(0.0445,-0.0309854265457133,0.00299191566162132));
#14922=CARTESIAN_POINT('',(0.0445,-0.0309854265457133,0.00299191566162132));
#14923=CARTESIAN_POINT('',(0.0445,-0.0309854265457133,0.00243827461811936));
#14924=CARTESIAN_POINT('',(0.0445,-0.0305765633053547,0.00211788670190394));
#14925=CARTESIAN_POINT('',(0.0445,-0.0305765633053547,0.00211788670190394));
#14926=CARTESIAN_POINT('',(0.0445,-0.0305765633053547,0.00211788670190394));
#14927=CARTESIAN_POINT('',(0.0445,-0.0301677000649961,0.00179749878568852));
#14928=CARTESIAN_POINT('',(0.0445,-0.0294853676409223,0.00179749878568852));
#14929=CARTESIAN_POINT('',(0.0445,-0.0294853676409223,0.00179749878568852));
#14930=CARTESIAN_POINT('',(0.0445,-0.0294853676409223,0.00179749878568852));
#14931=CARTESIAN_POINT('',(0.0445,-0.0288486134141343,0.00179749878568852));
#14932=CARTESIAN_POINT('',(0.0445,-0.0285094580049188,0.00205756261726087));
#14933=CARTESIAN_POINT('',(0.0445,-0.0285094580049188,0.00205756261726087));
#14934=CARTESIAN_POINT('',(0.0445,-0.0285094580049188,0.00205756261726087));
#14935=CARTESIAN_POINT('',(0.0445,-0.0281703025957033,0.00231762644883323));
#14936=CARTESIAN_POINT('',(0.0445,-0.0281703025957033,0.00276536521040624));
#14937=CARTESIAN_POINT('',(0.0445,-0.0281703025957033,0.00276536521040624));
#14938=CARTESIAN_POINT('',(0.0445,-0.0281703025957033,0.00276536521040624));
#14939=CARTESIAN_POINT('',(0.0445,-0.0281703025957033,0.00321310397197926));
#14940=CARTESIAN_POINT('',(0.0445,-0.0284846581034544,0.00345842191619441));
#14941=CARTESIAN_POINT('',(0.0445,-0.0284846581034544,0.00345842191619441));
#14942=CARTESIAN_POINT('',(0.0445,-0.0284846581034544,0.00345842191619441));
#14943=CARTESIAN_POINT('',(0.0445,-0.0287990136112055,0.00370373986040957));
#14944=CARTESIAN_POINT('',(0.0445,-0.0296234427679942,0.00394235512855327));
#14945=CARTESIAN_POINT('',(0.0445,0.000570818316191431,0.00417));
#14946=CARTESIAN_POINT('',(0.0445,-0.00696016289293766,0.));
#14947=CARTESIAN_POINT('',(0.0445,-0.0384942835805079,0.00417));
#14948=CARTESIAN_POINT('',(0.0445,-0.0309633023713788,0.));
#14949=CARTESIAN_POINT('',(0.0445,6.93889390390723E-18,0.));
#14950=CARTESIAN_POINT('',(0.0445,6.93889390390723E-18,0.00834));
#14951=CARTESIAN_POINT('',(0.0445,-0.0458992063067854,0.00417));
#14952=CARTESIAN_POINT('',(0.0445,-0.0383682250976562,0.));
#14953=CARTESIAN_POINT('',(0.0445,-0.056,0.00833999999999945));
#14954=CARTESIAN_POINT('',(0.0445,-0.056,0.00741248234146027));
#14955=CARTESIAN_POINT('',(0.0445,-0.056,0.00648496468292108));
#14956=CARTESIAN_POINT('',(0.0445,-0.056,0.00555744702438189));
#14957=CARTESIAN_POINT('',(0.0445,-0.056,0.00555744702438189));
#14958=CARTESIAN_POINT('',(0.0445,-0.0509816511856894,0.00277872351219094));
#14959=CARTESIAN_POINT('',(0.0445,-0.0459633023713788,0.));
#14960=CARTESIAN_POINT('',(0.0445,6.93889390390723E-18,0.));
#14961=CARTESIAN_POINT('',(0.0445,6.93889390390723E-18,0.00834));
#14962=CARTESIAN_POINT('',(0.0445,0.0545199185535312,0.000819539905941256));
#14963=CARTESIAN_POINT('',(0.0445,0.056,0.00164064231188189));
#14964=CARTESIAN_POINT('',(0.0445,0.0530398371070623,0.));
#14965=CARTESIAN_POINT('',(0.0445,0.056,0.0016406423118819));
#14966=CARTESIAN_POINT('',(0.0445,0.056,0.00304195174705042));
#14967=CARTESIAN_POINT('',(0.0445,0.056,0.00444326118221894));
#14968=CARTESIAN_POINT('',(0.0445,0.056,0.00584457061738747));
#14969=CARTESIAN_POINT('',(0.0445,0.056,0.00584457061738747));
#14970=CARTESIAN_POINT('',(0.0445,0.0507223799166699,0.00292228530869373));
#14971=CARTESIAN_POINT('',(0.0445,0.0454447598333398,0.));
#14972=CARTESIAN_POINT('',(0.0445,6.93889390390723E-18,0.));
#14973=CARTESIAN_POINT('',(0.0445,6.93889390390723E-18,0.00834));
#14974=CARTESIAN_POINT('',(0.0445,0.0379757410424689,0.00417));
#14975=CARTESIAN_POINT('',(0.0445,0.0304447598333398,0.));
#14976=CARTESIAN_POINT('',(0.0445,6.93889390390723E-18,0.));
#14977=CARTESIAN_POINT('',(0.0445,0.0380398371070624,0.));
#14978=CARTESIAN_POINT('',(0.0445,0.0455708183161914,0.00417));
#14979=CARTESIAN_POINT('',(0.0445,6.93889390390723E-18,0.00834));
#14980=CARTESIAN_POINT('',(0.0445,-0.0546841125488281,0.000728623604150675));
#14981=CARTESIAN_POINT('',(0.0445,-0.056,0.00145568470830181));
#14982=CARTESIAN_POINT('',(0.0445,-0.0533682250976562,0.));
#14983=CARTESIAN_POINT('',(0.0445,-0.056,0.00145568470830181));
#14984=CARTESIAN_POINT('',(0.0445,-0.056,0.0009704564722013));
#14985=CARTESIAN_POINT('',(0.0445,-0.056,0.00048522823610079));
#14986=CARTESIAN_POINT('',(0.0445,-0.056,2.81025203108243E-16));
#14987=CARTESIAN_POINT('',(0.0445,-0.056,0.));
#14988=CARTESIAN_POINT('',(0.0445,6.93889390390723E-18,0.));
#14989=CARTESIAN_POINT('',(1.38777878078145E-17,-0.06,0.00834));
#14990=CARTESIAN_POINT('',(0.0374515829086304,-0.06,0.00834));
#14991=CARTESIAN_POINT('',(0.0384335622646366,-0.06,0.00639897578730994));
#14992=CARTESIAN_POINT('',(0.0372235793142042,-0.06,0.00481465954942476));
#14993=CARTESIAN_POINT('',(0.0359282854186439,-0.06,0.00300335478434153));
#14994=CARTESIAN_POINT('',(0.036356981673385,-0.06,0.00137357837765779));
#14995=CARTESIAN_POINT('',(0.0375929614007473,-0.06,-3.81244585250737E-20));
#14996=CARTESIAN_POINT('',(0.0375929614007473,-0.06,0.));
#14997=CARTESIAN_POINT('',(1.38777878078145E-17,-0.06,0.));
#14998=CARTESIAN_POINT('',(0.0405,-0.06,0.));
#14999=CARTESIAN_POINT('',(0.0405,-0.06,2.81025203108243E-16));
#15000=CARTESIAN_POINT('',(0.0405,-0.06,0.00278));
#15001=CARTESIAN_POINT('',(0.0405,-0.06,0.00555999999999973));
#15002=CARTESIAN_POINT('',(0.0405,-0.06,0.00833999999999945));
#15003=CARTESIAN_POINT('',(1.38777878078145E-17,-0.06,0.00834));
#15004=CARTESIAN_POINT('',(0.0194515829086304,-0.06,0.00834));
#15005=CARTESIAN_POINT('',(0.0204335622646366,-0.06,0.00639897578730994));
#15006=CARTESIAN_POINT('',(0.0192235793142043,-0.06,0.00481465954942476));
#15007=CARTESIAN_POINT('',(0.0179282854186439,-0.06,0.00300335478434153));
#15008=CARTESIAN_POINT('',(0.018356981673385,-0.06,0.00137357837765779));
#15009=CARTESIAN_POINT('',(0.0195929614007474,-0.06,-3.81244585250737E-20));
#15010=CARTESIAN_POINT('',(0.0195929614007474,-0.06,0.));
#15011=CARTESIAN_POINT('',(1.38777878078145E-17,-0.06,0.));
#15012=CARTESIAN_POINT('',(0.0228390419106864,-0.06,0.));
#15013=CARTESIAN_POINT('',(0.0226976634185695,-0.06,0.00834));
#15014=CARTESIAN_POINT('',(0.0235056031971088,-0.06,0.00674299018207625));
#15015=CARTESIAN_POINT('',(0.0223204009632087,-0.06,0.00610631284178734));
#15016=CARTESIAN_POINT('',(0.0212031237719613,-0.06,0.0042526837489366));
#15017=CARTESIAN_POINT('',(0.0213851565052045,-0.06,0.00161574297082032));
#15018=CARTESIAN_POINT('',(0.0228390419106864,-0.06,-3.37605112845791E-19));
#15019=CARTESIAN_POINT('',(1.38777878078145E-17,-0.06,0.00834));
#15020=CARTESIAN_POINT('',(0.0254515829086304,-0.06,0.00834));
#15021=CARTESIAN_POINT('',(0.0264335622646366,-0.06,0.00639897578730994));
#15022=CARTESIAN_POINT('',(0.0252235793142042,-0.06,0.00481465954942476));
#15023=CARTESIAN_POINT('',(0.0239282854186438,-0.06,0.00300335478434153));
#15024=CARTESIAN_POINT('',(0.024356981673385,-0.06,0.00137357837765779));
#15025=CARTESIAN_POINT('',(0.0255929614007473,-0.06,-3.81244585250737E-20));
#15026=CARTESIAN_POINT('',(0.0255929614007473,-0.06,0.));
#15027=CARTESIAN_POINT('',(1.38777878078145E-17,-0.06,0.));
#15028=CARTESIAN_POINT('',(0.0288390419106864,-0.06,0.));
#15029=CARTESIAN_POINT('',(0.0286976634185695,-0.06,0.00834));
#15030=CARTESIAN_POINT('',(0.0295056031971088,-0.06,0.00674299018207625));
#15031=CARTESIAN_POINT('',(0.0283204009632088,-0.06,0.00610631284178734));
#15032=CARTESIAN_POINT('',(0.0272031237719613,-0.06,0.0042526837489366));
#15033=CARTESIAN_POINT('',(0.0273851565052045,-0.06,0.00161574297082032));
#15034=CARTESIAN_POINT('',(0.0288390419106864,-0.06,-3.37605112845791E-19));
#15035=CARTESIAN_POINT('',(1.38777878078145E-17,-0.06,0.00834));
#15036=CARTESIAN_POINT('',(0.0346976634185695,-0.06,0.00834));
#15037=CARTESIAN_POINT('',(0.0355056031971088,-0.06,0.00674299018207625));
#15038=CARTESIAN_POINT('',(0.0343204009632087,-0.06,0.00610631284178734));
#15039=CARTESIAN_POINT('',(0.0332031237719613,-0.06,0.0042526837489366));
#15040=CARTESIAN_POINT('',(0.0333851565052046,-0.06,0.00161574297082032));
#15041=CARTESIAN_POINT('',(0.0348390419106864,-0.06,-3.37605112845791E-19));
#15042=CARTESIAN_POINT('',(0.0348390419106864,-0.06,0.));
#15043=CARTESIAN_POINT('',(0.0314515829086304,-0.06,0.00834));
#15044=CARTESIAN_POINT('',(0.0324335622646366,-0.06,0.00639897578730994));
#15045=CARTESIAN_POINT('',(0.0312235793142042,-0.06,0.00481465954942476));
#15046=CARTESIAN_POINT('',(0.0299282854186439,-0.06,0.00300335478434153));
#15047=CARTESIAN_POINT('',(0.030356981673385,-0.06,0.00137357837765779));
#15048=CARTESIAN_POINT('',(0.0315929614007473,-0.06,-3.81244585250737E-20));
#15049=CARTESIAN_POINT('',(0.0315929614007473,-0.06,0.));
#15050=CARTESIAN_POINT('',(1.38777878078145E-17,-0.06,0.));
#15051=CARTESIAN_POINT('',(1.38777878078145E-17,-0.06,0.00834));
#15052=CARTESIAN_POINT('',(-0.0346976634185695,-0.06,0.00834));
#15053=CARTESIAN_POINT('',(-0.0355056031971088,-0.06,0.00674299018207625));
#15054=CARTESIAN_POINT('',(-0.0343204009632087,-0.06,0.00610631284178734));
#15055=CARTESIAN_POINT('',(-0.0332031237719613,-0.06,0.0042526837489366));
#15056=CARTESIAN_POINT('',(-0.0333851565052045,-0.06,0.00161574297082032));
#15057=CARTESIAN_POINT('',(-0.0348390419106864,-0.06,-3.37605112845791E-19));
#15058=CARTESIAN_POINT('',(-0.0348390419106864,-0.06,0.));
#15059=CARTESIAN_POINT('',(1.38777878078145E-17,-0.06,0.));
#15060=CARTESIAN_POINT('',(-0.0315929614007473,-0.06,0.));
#15061=CARTESIAN_POINT('',(-0.0314515829086304,-0.06,0.00834));
#15062=CARTESIAN_POINT('',(-0.0324335622646366,-0.06,0.00639897578730994));
#15063=CARTESIAN_POINT('',(-0.0312235793142042,-0.06,0.00481465954942476));
#15064=CARTESIAN_POINT('',(-0.0299282854186439,-0.06,0.00300335478434153));
#15065=CARTESIAN_POINT('',(-0.030356981673385,-0.06,0.00137357837765779));
#15066=CARTESIAN_POINT('',(-0.0315929614007473,-0.06,-3.81244585250737E-20));
#15067=CARTESIAN_POINT('',(1.38777878078145E-17,-0.06,0.00834));
#15068=CARTESIAN_POINT('',(0.0166976634185695,-0.06,0.00834));
#15069=CARTESIAN_POINT('',(0.0175056031971089,-0.06,0.00674299018207625));
#15070=CARTESIAN_POINT('',(0.0163204009632087,-0.06,0.00610631284178734));
#15071=CARTESIAN_POINT('',(0.0152031237719613,-0.06,0.0042526837489366));
#15072=CARTESIAN_POINT('',(0.0153851565052046,-0.06,0.00161574297082032));
#15073=CARTESIAN_POINT('',(0.0168390419106864,-0.06,-3.37605112845791E-19));
#15074=CARTESIAN_POINT('',(0.0168390419106864,-0.06,0.));
#15075=CARTESIAN_POINT('',(0.00419470068657342,-0.06,0.00784824635687723));
#15076=CARTESIAN_POINT('',(0.00419470068657342,-0.06,0.00729512940463415));
#15077=CARTESIAN_POINT('',(0.0052877980634438,-0.06,0.00729512940463415));
#15078=CARTESIAN_POINT('',(0.00638089544031417,-0.06,0.00729512940463415));
#15079=CARTESIAN_POINT('',(0.00638089544031417,-0.06,0.00711398360277455));
#15080=CARTESIAN_POINT('',(0.00638089544031417,-0.06,0.00693314952969729));
#15081=CARTESIAN_POINT('',(-0.000924969857351337,-0.06,0.0142684190045592));
#15082=CARTESIAN_POINT('',(0.00739051327403331,-0.06,0.00810120031959825));
#15083=CARTESIAN_POINT('',(0.00766896654285023,-0.06,0.0079505729930422));
#15084=CARTESIAN_POINT('',(0.00794759920754268,-0.06,0.00779984862355596));
#15085=CARTESIAN_POINT('',(-0.00270715523574798,-0.06,0.0159762377515512));
#15086=CARTESIAN_POINT('',(0.00579706415251467,-0.06,0.00557944214778423));
#15087=CARTESIAN_POINT('',(0.00707160023442771,-0.06,0.00557908406030002));
#15088=CARTESIAN_POINT('',(0.00834584341315769,-0.06,0.00557908406030002));
#15089=CARTESIAN_POINT('',(0.00834584341315769,-0.06,0.00528247509465967));
#15090=CARTESIAN_POINT('',(0.00834584341315769,-0.06,0.00498586612901932));
#15091=CARTESIAN_POINT('',(0.00669064093357029,-0.06,0.00498586612901932));
#15092=CARTESIAN_POINT('',(0.00503519843811713,-0.06,0.00498586612901932));
#15093=CARTESIAN_POINT('',(-0.00580082041982149,-0.06,0.0201768451107096));
#15094=CARTESIAN_POINT('',(0.00361147062355054,-0.06,0.0040649264035346));
#15095=CARTESIAN_POINT('',(0.00543852243293003,-0.06,0.0040649264035346));
#15096=CARTESIAN_POINT('',(0.00726588256390309,-0.06,0.0040649264035346));
#15097=CARTESIAN_POINT('',(0.00726588256390309,-0.06,0.00221544159447182));
#15098=CARTESIAN_POINT('',(0.00726588256390309,-0.06,0.00036595678540904));
#15099=CARTESIAN_POINT('',(0.00692986401541542,-0.06,0.00036595678540904));
#15100=CARTESIAN_POINT('',(0.00659384546692776,-0.06,0.00036595678540904));
#15101=CARTESIAN_POINT('',(0.00659384546692776,-0.06,0.000489716703473428));
#15102=CARTESIAN_POINT('',(0.00659384546692776,-0.06,0.000613476621537816));
#15103=CARTESIAN_POINT('',(0.00480174654166019,-0.06,0.000613476621537816));
#15104=CARTESIAN_POINT('',(0.00300964761639264,-0.06,0.000613476621537816));
#15105=CARTESIAN_POINT('',(0.00300964761639264,-0.06,0.000472431798715832));
#15106=CARTESIAN_POINT('',(0.00300964761639264,-0.06,0.000331386975893847));
#15107=CARTESIAN_POINT('',(0.00268607419933044,-0.06,0.000331386975893847));
#15108=CARTESIAN_POINT('',(0.00236250078226824,-0.06,0.000331386975893847));
#15109=CARTESIAN_POINT('',(0.00236250078226824,-0.06,0.00186213814122656));
#15110=CARTESIAN_POINT('',(0.00236250078226824,-0.06,0.00339288930655927));
#15111=CARTESIAN_POINT('',(-0.0063523185276896,-0.06,0.0213255036924775));
#15112=CARTESIAN_POINT('',(0.000743250904576636,-0.06,0.00269319636197178));
#15113=CARTESIAN_POINT('',(0.000327030398013722,-0.06,0.00323386818278938));
#15114=CARTESIAN_POINT('',(0.000451481712268414,-0.06,0.00310112011425105));
#15115=CARTESIAN_POINT('',(0.000664431738881998,-0.06,0.00283562397717437));
#15116=CARTESIAN_POINT('',(0.000743250904576636,-0.06,0.00269319636197178));
#15117=CARTESIAN_POINT('',(0.000327030398013722,-0.06,0.00323386818278938));
#15118=CARTESIAN_POINT('',(0.00396515715139254,-0.06,0.00498586612901932));
#15119=CARTESIAN_POINT('',(0.00284924370024214,-0.06,0.00426957967586454));
#15120=CARTESIAN_POINT('',(0.00161026172721766,-0.06,0.00368465849886749));
#15121=CARTESIAN_POINT('',(0.000327030398013722,-0.06,0.00323386818278938));
#15122=CARTESIAN_POINT('',(0.00396515715139254,-0.06,0.00498586612901932));
#15123=CARTESIAN_POINT('',(0.00224358063753597,-0.06,0.00498586612901932));
#15124=CARTESIAN_POINT('',(0.000522004123679406,-0.06,0.00498586612901932));
#15125=CARTESIAN_POINT('',(0.000522004123679405,-0.06,0.00528247509465967));
#15126=CARTESIAN_POINT('',(0.000522004123679405,-0.06,0.00557908406030002));
#15127=CARTESIAN_POINT('',(0.00203547038425452,-0.06,0.00557908406030002));
#15128=CARTESIAN_POINT('',(0.00354893664482963,-0.06,0.00557908406030002));
#15129=CARTESIAN_POINT('',(0.00354893664482963,-0.06,0.00614533754015886));
#15130=CARTESIAN_POINT('',(0.00354893664482963,-0.06,0.00671159102001771));
#15131=CARTESIAN_POINT('',(0.00242057806225376,-0.06,0.00671159102001771));
#15132=CARTESIAN_POINT('',(0.00129221947967789,-0.06,0.00671159102001771));
#15133=CARTESIAN_POINT('',(0.00129221947967789,-0.06,0.00700336021232593));
#15134=CARTESIAN_POINT('',(0.00129221947967789,-0.06,0.00729512940463415));
#15135=CARTESIAN_POINT('',(0.00242057806225376,-0.06,0.00729512940463415));
#15136=CARTESIAN_POINT('',(0.00354893664482963,-0.06,0.00729512940463415));
#15137=CARTESIAN_POINT('',(0.00354893664482963,-0.06,0.00784824635687723));
#15138=CARTESIAN_POINT('',(-0.0166976634185695,-0.06,0.00834));
#15139=CARTESIAN_POINT('',(-0.0175056031971088,-0.06,0.00674299018207625));
#15140=CARTESIAN_POINT('',(-0.0163204009632087,-0.06,0.00610631284178734));
#15141=CARTESIAN_POINT('',(-0.0152031237719613,-0.06,0.0042526837489366));
#15142=CARTESIAN_POINT('',(-0.0153851565052045,-0.06,0.00161574297082032));
#15143=CARTESIAN_POINT('',(-0.0168390419106864,-0.06,-3.37605112845791E-19));
#15144=CARTESIAN_POINT('',(-0.0168390419106864,-0.06,0.));
#15145=CARTESIAN_POINT('',(1.38777878078145E-17,-0.06,0.));
#15146=CARTESIAN_POINT('',(-0.00413247502944606,-0.06,0.00326912938849488));
#15147=CARTESIAN_POINT('',(-0.00413247502944606,-0.06,0.00296837204571271));
#15148=CARTESIAN_POINT('',(-0.00413247502944606,-0.06,0.00356988673127705));
#15149=CARTESIAN_POINT('',(-0.00768210307046599,-0.06,0.00034798048446114));
#15150=CARTESIAN_POINT('',(-0.00446019682365008,-0.06,0.00106564972999653));
#15151=CARTESIAN_POINT('',(-0.00413247502944606,-0.06,0.00215390733353478));
#15152=CARTESIAN_POINT('',(-0.00413247502944606,-0.06,0.00296837204571271));
#15153=CARTESIAN_POINT('',(-0.00768210307046599,-0.06,0.00034798048446114));
#15154=CARTESIAN_POINT('',(-0.00980485787589551,-0.06,-0.000943216090027206));
#15155=CARTESIAN_POINT('',(-0.00810662033131256,-0.06,0.000870676004330845));
#15156=CARTESIAN_POINT('',(-0.00480589491880201,-0.06,0.0029863483466606));
#15157=CARTESIAN_POINT('',(-0.00480589491880201,-0.06,0.00236685736014836));
#15158=CARTESIAN_POINT('',(-0.00500916539875134,-0.06,0.00146389393561154));
#15159=CARTESIAN_POINT('',(-0.00810662033131256,-0.06,0.000870676004330845));
#15160=CARTESIAN_POINT('',(-0.00480589491880201,-0.06,0.0029863483466606));
#15161=CARTESIAN_POINT('',(-0.00480589491880201,-0.06,0.00327811753896882));
#15162=CARTESIAN_POINT('',(-0.00480589491880201,-0.06,0.00356988673127705));
#15163=CARTESIAN_POINT('',(-0.00446918497412404,-0.06,0.00356988673127705));
#15164=CARTESIAN_POINT('',(-0.0040667923913672,-0.06,0.00188426281931628));
#15165=CARTESIAN_POINT('',(-0.00390293149426519,-0.06,0.00212763427830323));
#15166=CARTESIAN_POINT('',(-0.00423065328846921,-0.06,0.00164089136032932));
#15167=CARTESIAN_POINT('',(-0.000831749616935519,-0.06,0.000914925360510291));
#15168=CARTESIAN_POINT('',(-0.00153973931580666,-0.06,0.0012951932651774));
#15169=CARTESIAN_POINT('',(-0.00288519630213793,-0.06,0.00182618553933075));
#15170=CARTESIAN_POINT('',(-0.00390293149426519,-0.06,0.00212763427830323));
#15171=CARTESIAN_POINT('',(-0.000831749616935519,-0.06,0.000914925360510291));
#15172=CARTESIAN_POINT('',(-0.00100459866451148,-0.06,0.000631452922485715));
#15173=CARTESIAN_POINT('',(-0.00117744771208744,-0.06,0.000347980484461139));
#15174=CARTESIAN_POINT('',(-0.00423065328846921,-0.06,0.00164089136032932));
#15175=CARTESIAN_POINT('',(-0.00319494179539406,-0.06,0.0013131695661253));
#15176=CARTESIAN_POINT('',(-0.00184948480906278,-0.06,0.000737927935792507));
#15177=CARTESIAN_POINT('',(-0.00117744771208744,-0.06,0.00034798048446114));
#15178=CARTESIAN_POINT('',(-0.00722094181153333,-0.06,0.00637073269819792));
#15179=CARTESIAN_POINT('',(-0.00722992996200728,-0.06,0.00487939111571253));
#15180=CARTESIAN_POINT('',(-0.00721195366105938,-0.06,0.00786207428068331));
#15181=CARTESIAN_POINT('',(-0.00753068730478945,-0.06,0.00487939111571253));
#15182=CARTESIAN_POINT('',(-0.00783144464757163,-0.06,0.00487939111571253));
#15183=CARTESIAN_POINT('',(-0.00782314789328798,-0.06,0.00637073269819792));
#15184=CARTESIAN_POINT('',(-0.00781485113900433,-0.06,0.00786207428068331));
#15185=CARTESIAN_POINT('',(-0.00751340240003186,-0.06,0.00786207428068331));
#15186=CARTESIAN_POINT('',(-0.00644312109744151,-0.06,0.00279137462099492));
#15187=CARTESIAN_POINT('',(-0.00644312109744151,-0.06,0.00174736637363612));
#15188=CARTESIAN_POINT('',(-0.00644312109744151,-0.06,0.00383538286835372));
#15189=CARTESIAN_POINT('',(-0.0067660031183134,-0.06,0.00174736637363612));
#15190=CARTESIAN_POINT('',(-0.0070888851391853,-0.06,0.00174736637363612));
#15191=CARTESIAN_POINT('',(-0.0070888851391853,-0.06,0.00309697173710922));
#15192=CARTESIAN_POINT('',(-0.0070888851391853,-0.06,0.00444657710058232));
#15193=CARTESIAN_POINT('',(-0.00438483463890697,-0.06,0.00444657710058232));
#15194=CARTESIAN_POINT('',(-0.00168078413862864,-0.06,0.00444657710058232));
#15195=CARTESIAN_POINT('',(-0.00168078413862864,-0.06,0.00311425664186682));
#15196=CARTESIAN_POINT('',(-0.00168078413862864,-0.06,0.00178193618315131));
#15197=CARTESIAN_POINT('',(-0.00201265430997448,-0.06,0.00178193618315131));
#15198=CARTESIAN_POINT('',(-0.00234452448132032,-0.06,0.00178193618315131));
#15199=CARTESIAN_POINT('',(-0.00234452448132032,-0.06,0.00280865952575252));
#15200=CARTESIAN_POINT('',(-0.00234452448132032,-0.06,0.00383538286835372));
#15201=CARTESIAN_POINT('',(-0.00439382278938092,-0.06,0.00383538286835372));
#15202=CARTESIAN_POINT('',(-0.00118159608922926,-0.06,0.00795472137018402));
#15203=CARTESIAN_POINT('',(-0.000982473986421755,-0.06,0.00787037103496695));
#15204=CARTESIAN_POINT('',(-0.00138071819203677,-0.06,0.00803907170540109));
#15205=CARTESIAN_POINT('',(-0.00243302319367922,-0.06,0.00580862759548089));
#15206=CARTESIAN_POINT('',(-0.00179693869859968,-0.06,0.00633961986963424));
#15207=CARTESIAN_POINT('',(-0.00129221947967788,-0.06,0.00701303975899019));
#15208=CARTESIAN_POINT('',(-0.000982473986421755,-0.06,0.00787037103496695));
#15209=CARTESIAN_POINT('',(-0.00243302319367922,-0.06,0.00580862759548089));
#15210=CARTESIAN_POINT('',(-0.000415529110372604,-0.06,0.00509234114232611));
#15211=CARTESIAN_POINT('',(-0.00117744771208744,-0.06,0.00523338596514809));
#15212=CARTESIAN_POINT('',(-0.00185778156334642,-0.06,0.00548090580127687));
#15213=CARTESIAN_POINT('',(-0.00243302319367922,-0.06,0.00580862759548089));
#15214=CARTESIAN_POINT('',(-0.000415529110372604,-0.06,0.00509234114232611));
#15215=CARTESIAN_POINT('',(-0.000840046371219165,-0.06,0.00451709951199331));
#15216=CARTESIAN_POINT('',(-0.000743250904576626,-0.06,0.0046940969367111));
#15217=CARTESIAN_POINT('',(-0.000557956725575197,-0.06,0.00495959307378777));
#15218=CARTESIAN_POINT('',(-0.000415529110372604,-0.06,0.00509234114232611));
#15219=CARTESIAN_POINT('',(-0.000840046371219165,-0.06,0.00451709951199331));
#15220=CARTESIAN_POINT('',(0.000439028215861703,-0.06,0.0105780610137569));
#15221=CARTESIAN_POINT('',(-0.00297369501449682,-0.06,0.00541038338986588));
#15222=CARTESIAN_POINT('',(-0.00488471408449665,-0.06,0.00458762192340431));
#15223=CARTESIAN_POINT('',(-0.00421267698752131,-0.06,0.00476461934812209));
#15224=CARTESIAN_POINT('',(-0.00354893664482962,-0.06,0.00503841223948241));
#15225=CARTESIAN_POINT('',(-0.00297369501449682,-0.06,0.00541038338986588));
#15226=CARTESIAN_POINT('',(-0.00488471408449665,-0.06,0.00458762192340431));
#15227=CARTESIAN_POINT('',(-0.00521243587870067,-0.06,0.00515456679945346));
#15228=CARTESIAN_POINT('',(-0.00508798456444598,-0.06,0.00501213918425087));
#15229=CARTESIAN_POINT('',(-0.00494693974162399,-0.06,0.00474664304717419));
#15230=CARTESIAN_POINT('',(-0.00488471408449665,-0.06,0.00458762192340431));
#15231=CARTESIAN_POINT('',(-0.00521243587870067,-0.06,0.00515456679945346));
#15232=CARTESIAN_POINT('',(-0.00348671098770228,-0.06,0.00581830714214515));
#15233=CARTESIAN_POINT('',(-0.00401770326185562,-0.06,0.00550856164888902));
#15234=CARTESIAN_POINT('',(-0.00461092119313632,-0.06,0.00528731486799179));
#15235=CARTESIAN_POINT('',(-0.00521243587870067,-0.06,0.00515456679945346));
#15236=CARTESIAN_POINT('',(-0.00348671098770228,-0.06,0.00581830714214515));
#15237=CARTESIAN_POINT('',(-0.000335450993507901,-0.06,0.0093681948115756));
#15238=CARTESIAN_POINT('',(-0.00466346704934981,-0.06,0.00741958080363872));
#15239=CARTESIAN_POINT('',(-0.0046240577207521,-0.06,0.00743271724650462));
#15240=CARTESIAN_POINT('',(-0.00458464813790478,-0.06,0.00744585377412039));
#15241=CARTESIAN_POINT('',(-0.00476164556262256,-0.06,0.00744585377412039));
#15242=CARTESIAN_POINT('',(-0.00493864298734035,-0.06,0.00744585377412039));
#15243=CARTESIAN_POINT('',(-0.00493864298734035,-0.06,0.00773347458928679));
#15244=CARTESIAN_POINT('',(-0.00493864298734035,-0.06,0.00802109540445319));
#15245=CARTESIAN_POINT('',(-0.00321706647348377,-0.06,0.00801694702731137));
#15246=CARTESIAN_POINT('',(-0.00149548995962721,-0.06,0.00801279865016955));
#15247=CARTESIAN_POINT('',(-0.00143810407583199,-0.06,0.00802593517778532));
#15248=CARTESIAN_POINT('',(-0.00554914582337864,-0.06,0.00644609488294104));
#15249=CARTESIAN_POINT('',(-0.00555813397385259,-0.06,0.0046581443348153));
#15250=CARTESIAN_POINT('',(-0.00554015767290469,-0.06,0.00823404543106677));
#15251=CARTESIAN_POINT('',(-0.00585889131663476,-0.06,0.0046581443348153));
#15252=CARTESIAN_POINT('',(-0.00615964865941693,-0.06,0.0046581443348153));
#15253=CARTESIAN_POINT('',(-0.00615066050894298,-0.06,0.00645024326008286));
#15254=CARTESIAN_POINT('',(-0.00614167235846903,-0.06,0.00824234218535042));
#15255=CARTESIAN_POINT('',(-0.00584091501568686,-0.06,0.0082381938082086));
#15256=CARTESIAN_POINT('',(1.38777878078145E-17,-0.06,0.00834));
#15257=CARTESIAN_POINT('',(-0.0194515829086304,-0.06,0.00834));
#15258=CARTESIAN_POINT('',(-0.0204335622646366,-0.06,0.00639897578730994));
#15259=CARTESIAN_POINT('',(-0.0192235793142042,-0.06,0.00481465954942476));
#15260=CARTESIAN_POINT('',(-0.0179282854186439,-0.06,0.00300335478434153));
#15261=CARTESIAN_POINT('',(-0.0183569816733849,-0.06,0.00137357837765779));
#15262=CARTESIAN_POINT('',(-0.0195929614007473,-0.06,-3.81244585250737E-20));
#15263=CARTESIAN_POINT('',(-0.0195929614007473,-0.06,0.));
#15264=CARTESIAN_POINT('',(-0.0226976634185694,-0.06,0.00834));
#15265=CARTESIAN_POINT('',(-0.0235056031971088,-0.06,0.00674299018207625));
#15266=CARTESIAN_POINT('',(-0.0223204009632087,-0.06,0.00610631284178734));
#15267=CARTESIAN_POINT('',(-0.0212031237719613,-0.06,0.0042526837489366));
#15268=CARTESIAN_POINT('',(-0.0213851565052045,-0.06,0.00161574297082032));
#15269=CARTESIAN_POINT('',(-0.0228390419106864,-0.06,-3.37605112845791E-19));
#15270=CARTESIAN_POINT('',(-0.0228390419106864,-0.06,0.));
#15271=CARTESIAN_POINT('',(1.38777878078145E-17,-0.06,0.));
#15272=CARTESIAN_POINT('',(1.38777878078145E-17,-0.06,0.00834));
#15273=CARTESIAN_POINT('',(-0.0254515829086304,-0.06,0.00834));
#15274=CARTESIAN_POINT('',(-0.0264335622646365,-0.06,0.00639897578730994));
#15275=CARTESIAN_POINT('',(-0.0252235793142042,-0.06,0.00481465954942476));
#15276=CARTESIAN_POINT('',(-0.0239282854186438,-0.06,0.00300335478434153));
#15277=CARTESIAN_POINT('',(-0.024356981673385,-0.06,0.00137357837765779));
#15278=CARTESIAN_POINT('',(-0.0255929614007473,-0.06,-3.81244585250737E-20));
#15279=CARTESIAN_POINT('',(-0.0255929614007473,-0.06,0.));
#15280=CARTESIAN_POINT('',(-0.0286976634185695,-0.06,0.00834));
#15281=CARTESIAN_POINT('',(-0.0295056031971088,-0.06,0.00674299018207625));
#15282=CARTESIAN_POINT('',(-0.0283204009632087,-0.06,0.00610631284178734));
#15283=CARTESIAN_POINT('',(-0.0272031237719613,-0.06,0.0042526837489366));
#15284=CARTESIAN_POINT('',(-0.0273851565052045,-0.06,0.00161574297082032));
#15285=CARTESIAN_POINT('',(-0.0288390419106864,-0.06,-3.37605112845791E-19));
#15286=CARTESIAN_POINT('',(-0.0288390419106864,-0.06,0.));
#15287=CARTESIAN_POINT('',(1.38777878078145E-17,-0.06,0.));
#15288=CARTESIAN_POINT('',(1.38777878078145E-17,-0.06,0.00834));
#15289=CARTESIAN_POINT('',(-0.0374515829086304,-0.06,0.00834));
#15290=CARTESIAN_POINT('',(-0.0384335622646366,-0.06,0.00639897578730994));
#15291=CARTESIAN_POINT('',(-0.0372235793142042,-0.06,0.00481465954942476));
#15292=CARTESIAN_POINT('',(-0.0359282854186439,-0.06,0.00300335478434153));
#15293=CARTESIAN_POINT('',(-0.0363569816733849,-0.06,0.00137357837765779));
#15294=CARTESIAN_POINT('',(-0.0375929614007473,-0.06,-3.81244585250737E-20));
#15295=CARTESIAN_POINT('',(-0.0375929614007473,-0.06,0.));
#15296=CARTESIAN_POINT('',(-0.0405,-0.06,0.00834000000000062));
#15297=CARTESIAN_POINT('',(-0.0405,-0.06,0.00556000000000031));
#15298=CARTESIAN_POINT('',(-0.0405,-0.06,0.00278));
#15299=CARTESIAN_POINT('',(-0.0405,-0.06,-3.10515502199848E-16));
#15300=CARTESIAN_POINT('',(-0.0405,-0.06,0.));
#15301=CARTESIAN_POINT('',(1.38777878078145E-17,-0.06,0.));
#15302=CARTESIAN_POINT('',(-1.38777878078145E-17,0.06,0.00834));
#15303=CARTESIAN_POINT('',(-0.0335622025391348,0.06,0.00193757313958465));
#15304=CARTESIAN_POINT('',(-0.0335622025391348,0.06,0.));
#15305=CARTESIAN_POINT('',(-0.0335622025391348,0.06,0.00400777777308174));
#15306=CARTESIAN_POINT('',(-1.38777878078145E-17,0.06,0.));
#15307=CARTESIAN_POINT('',(-0.0405,0.06,0.));
#15308=CARTESIAN_POINT('',(-0.0405,0.06,2.81025203108243E-16));
#15309=CARTESIAN_POINT('',(-0.0405,0.06,0.00278));
#15310=CARTESIAN_POINT('',(-0.0405,0.06,0.00555999999999973));
#15311=CARTESIAN_POINT('',(-0.0405,0.06,0.00833999999999945));
#15312=CARTESIAN_POINT('',(0.0405,0.06,0.00834000000000062));
#15313=CARTESIAN_POINT('',(0.0405,0.06,0.00556000000000031));
#15314=CARTESIAN_POINT('',(0.0405,0.06,0.00278));
#15315=CARTESIAN_POINT('',(0.0405,0.06,-3.10515502199848E-16));
#15316=CARTESIAN_POINT('',(0.0405,0.06,0.));
#15317=CARTESIAN_POINT('',(-1.38777878078145E-17,0.06,0.));
#15318=CARTESIAN_POINT('',(0.036860617502697,0.06,0.));
#15319=CARTESIAN_POINT('',(0.036860617502697,0.06,-0.00177631384825987));
#15320=CARTESIAN_POINT('',(0.036860617502697,0.06,0.00571297154412795));
#15321=CARTESIAN_POINT('',(0.0354686001637677,0.06,0.00566700585889494));
#15322=CARTESIAN_POINT('',(0.0350045943841246,0.06,0.00565168396381727));
#15323=CARTESIAN_POINT('',(0.0349250505361858,0.06,0.000453864281405497));
#15324=CARTESIAN_POINT('',(0.0349181049103553,0.06,-5.96311194867027E-19));
#15325=CARTESIAN_POINT('',(-1.38777878078145E-17,0.06,0.));
#15326=CARTESIAN_POINT('',(0.0338842962894195,0.06,-1.2603850255144E-18));
#15327=CARTESIAN_POINT('',(0.03397052436092,0.06,-0.000108715416357297));
#15328=CARTESIAN_POINT('',(0.0330425128016338,0.06,0.00106131148203666));
#15329=CARTESIAN_POINT('',(-0.690464454054931,0.06,-0.572791338068268));
#15330=CARTESIAN_POINT('',(0.0323234824456405,0.06,0.00196669218023371));
#15331=CARTESIAN_POINT('',(-0.372660989196939,0.06,-0.320075364595222));
#15332=CARTESIAN_POINT('',(0.0317005418003662,0.06,0.00274852060118086));
#15333=CARTESIAN_POINT('',(-1.12208149714557,0.06,-0.918376580102807));
#15334=CARTESIAN_POINT('',(0.0311587208196878,0.06,0.00342678515933959));
#15335=CARTESIAN_POINT('',(0.0295707120466746,0.06,0.00215746516406673));
#15336=CARTESIAN_POINT('',(0.031080431219143,0.06,0.00351896916106668));
#15337=CARTESIAN_POINT('',(0.0326672476887887,0.06,0.00495000427422591));
#15338=CARTESIAN_POINT('',(0.0310087384550542,0.06,0.00360271249994281));
#15339=CARTESIAN_POINT('',(0.16940166667753,0.06,0.116026406019688));
#15340=CARTESIAN_POINT('',(0.0307630869015111,0.06,0.00390578506037764));
#15341=CARTESIAN_POINT('',(0.126403755609083,0.06,0.0812527760894435));
#15342=CARTESIAN_POINT('',(0.0304729390497232,0.06,0.00426593977091183));
#15343=CARTESIAN_POINT('',(0.181545378618331,0.06,0.125505437953369));
#15344=CARTESIAN_POINT('',(0.0301490435007749,0.06,0.00467064317257185));
#15345=CARTESIAN_POINT('',(0.0297363788205208,0.06,0.00518767818417417));
#15346=CARTESIAN_POINT('',(0.0293237141402667,0.06,0.00570471319577648));
#15347=CARTESIAN_POINT('',(0.0287685953372653,0.06,0.00570471319577648));
#15348=CARTESIAN_POINT('',(0.0282134765342637,0.06,0.00570471319577648));
#15349=CARTESIAN_POINT('',(0.0282134786196464,0.06,-0.0101342939882726));
#15350=CARTESIAN_POINT('',(0.0277879083570555,0.06,0.00569899494763585));
#15351=CARTESIAN_POINT('',(0.0280029746744447,0.06,-0.00230267232041654));
#15352=CARTESIAN_POINT('',(0.0274299439659181,0.06,0.00568134724347369));
#15353=CARTESIAN_POINT('',(0.0285061305870716,0.06,-0.00931303885479586));
#15354=CARTESIAN_POINT('',(0.0271336471625677,0.06,0.00565713420221957));
#15355=CARTESIAN_POINT('',(0.0271365073670831,0.06,0.00562593707952495));
#15356=CARTESIAN_POINT('',(0.0271051888131198,0.06,0.00562516934783766));
#15357=CARTESIAN_POINT('',(0.0272507762353765,0.06,0.00562873836761272));
#15358=CARTESIAN_POINT('',(0.0271351081179081,0.06,0.00554025491140295));
#15359=CARTESIAN_POINT('',(0.133565586591499,0.06,0.0869572169061949));
#15360=CARTESIAN_POINT('',(0.0275677826364327,0.06,0.00497774383346629));
#15361=CARTESIAN_POINT('',(0.0786945716248753,0.06,0.0445196483107351));
#15362=CARTESIAN_POINT('',(0.028146814441294,0.06,0.00424018697287856));
#15363=CARTESIAN_POINT('',(0.257384682864062,0.06,0.186910707339814));
#15364=CARTESIAN_POINT('',(0.0290123042179247,0.06,0.00315931006173431));
#15365=CARTESIAN_POINT('',(-0.0528941967927298,0.06,-0.062743613084656));
#15366=CARTESIAN_POINT('',(0.0292043912624415,0.06,0.00291986250409656));
#15367=CARTESIAN_POINT('',(-2.44899546136471,0.06,-1.97916897149363));
#15368=CARTESIAN_POINT('',(0.0296958730780403,0.06,0.00230520799449208));
#15369=CARTESIAN_POINT('',(-2.17894853233276,0.06,-1.76329278673703));
#15370=CARTESIAN_POINT('',(0.0302819298773751,0.06,0.00157184076140404));
#15371=CARTESIAN_POINT('',(-3.08989178343446,0.06,-2.49101338609661));
#15372=CARTESIAN_POINT('',(0.0309199294457665,0.06,0.000772994623570167));
#15373=CARTESIAN_POINT('',(3.41618017282667,0.06,2.70370583812391));
#15374=CARTESIAN_POINT('',(0.0315372651061434,0.06,0.));
#15375=CARTESIAN_POINT('',(-1.38777878078145E-17,0.06,0.));
#15376=CARTESIAN_POINT('',(0.0284147266314782,0.06,0.));
#15377=CARTESIAN_POINT('',(2.16891872995558,0.06,1.712438006633));
#15378=CARTESIAN_POINT('',(0.0282205888706309,0.0599999999999999,0.000242706675409505));
#15379=CARTESIAN_POINT('',(0.0277740503924489,0.06,0.00080093890068214));
#15380=CARTESIAN_POINT('',(0.0273275009847519,0.06,0.00135916238309281));
#15381=CARTESIAN_POINT('',(-5.31998628309724,0.0599999999999992,-4.27666666651425));
#15382=CARTESIAN_POINT('',(0.026540248253955,0.06,0.00234299132226656));
#15383=CARTESIAN_POINT('',(-9.48257337108281,0.0600000115535694,-7.60811563492927));
#15384=CARTESIAN_POINT('',(0.0258704910694161,0.06,0.00317976386073489));
#15385=CARTESIAN_POINT('',(-0.0336552963303718,0.06,-0.0444692359733177));
#15386=CARTESIAN_POINT('',(0.0257165616329897,0.06,0.00337142698957121));
#15387=CARTESIAN_POINT('',(0.0378435755626203,0.06,0.0131431121153583));
#15388=CARTESIAN_POINT('',(0.0255929813563058,0.06,0.00352681144206421));
#15389=CARTESIAN_POINT('',(0.16880967226747,0.06,0.115947257769818));
#15390=CARTESIAN_POINT('',(0.0253567659303559,0.06,0.00382838794180696));
#15391=CARTESIAN_POINT('',(0.178922163959682,0.06,0.123851084738171));
#15392=CARTESIAN_POINT('',(0.0250796841631473,0.06,0.0041837515672922));
#15393=CARTESIAN_POINT('',(0.206420117909675,0.06,0.145240775824338));
#15394=CARTESIAN_POINT('',(0.0247917426455843,0.06,0.00455470578697331));
#15395=CARTESIAN_POINT('',(0.0134419207072896,0.06,-0.00423666866026587));
#15396=CARTESIAN_POINT('',(0.0245038937170604,0.06,0.00491425893390016));
#15397=CARTESIAN_POINT('',(0.0165778036934952,0.06,-0.00164252790020711));
#15398=CARTESIAN_POINT('',(0.0242271694729338,0.06,0.00523508504484414));
#15399=CARTESIAN_POINT('',(0.0163724925933665,0.06,-0.00182712410462585));
#15400=CARTESIAN_POINT('',(0.0239868433269809,0.06,0.00549355959696741));
#15401=CARTESIAN_POINT('',(0.0236643300108666,0.06,0.00518348483731995));
#15402=CARTESIAN_POINT('',(0.0238684556726904,0.06,0.00558159777333991));
#15403=CARTESIAN_POINT('',(0.0236670916100779,0.06,0.00518887096767496));
#15404=CARTESIAN_POINT('',(0.0237387679133032,0.06,0.00562435269766549));
#15405=CARTESIAN_POINT('',(0.0229055965646874,0.06,0.000562301680152668));
#15406=CARTESIAN_POINT('',(0.0234771993176121,0.06,0.00566051757327703));
#15407=CARTESIAN_POINT('',(0.0228469451097134,0.06,3.91928872376635E-5));
#15408=CARTESIAN_POINT('',(0.023164628903558,0.06,0.00568681084524245));
#15409=CARTESIAN_POINT('',(0.0227735737757594,0.06,-0.00126519663577275));
#15410=CARTESIAN_POINT('',(0.0228343856494857,0.06,0.00569753515893848));
#15411=CARTESIAN_POINT('',(0.0224234091018018,0.06,0.00570112417735748));
#15412=CARTESIAN_POINT('',(0.022012432554118,0.06,0.00570471319577648));
#15413=CARTESIAN_POINT('',(0.022012432554118,0.06,-0.00177240851047224));
#15414=CARTESIAN_POINT('',(0.022012432554118,0.06,0.));
#15415=CARTESIAN_POINT('',(-1.38777878078145E-17,0.06,0.));
#15416=CARTESIAN_POINT('',(0.0195730878839943,0.06,0.));
#15417=CARTESIAN_POINT('',(0.0195730878839943,0.06,0.00321877317131949));
#15418=CARTESIAN_POINT('',(0.0195730878839943,0.06,0.00571329173463052));
#15419=CARTESIAN_POINT('',(0.0182606143930038,0.06,0.00566708588000596));
#15420=CARTESIAN_POINT('',(0.0178231232293403,0.06,0.00565168396381727));
#15421=CARTESIAN_POINT('',(0.017781483085529,0.06,-0.000512964251440976));
#15422=CARTESIAN_POINT('',(0.0177849479968846,0.06,-8.67361737988404E-19));
#15423=CARTESIAN_POINT('',(-1.38777878078145E-17,0.06,0.));
#15424=CARTESIAN_POINT('',(0.0131947114464777,0.06,2.16840434497101E-19));
#15425=CARTESIAN_POINT('',(0.00297240714329196,0.06,0.000858827405656837));
#15426=CARTESIAN_POINT('',(0.0132292103039172,0.06,0.000682535874875366));
#15427=CARTESIAN_POINT('',(0.00297544911123262,0.06,0.000858768456489764));
#15428=CARTESIAN_POINT('',(0.0132105113482607,0.06,0.00150233471072402));
#15429=CARTESIAN_POINT('',(0.0107776818205192,0.06,0.00134935917053411));
#15430=CARTESIAN_POINT('',(0.0131097725647755,0.06,0.00205887575772669));
#15431=CARTESIAN_POINT('',(0.00758399308702783,0.06,0.000377711167451901));
#15432=CARTESIAN_POINT('',(0.0125070751924509,0.06,0.00339827664423833));
#15433=CARTESIAN_POINT('',(0.00782429142578581,0.06,0.000525150853700528));
#15434=CARTESIAN_POINT('',(0.0115921811560991,0.06,0.00452344081239479));
#15435=CARTESIAN_POINT('',(0.00788458097038887,0.06,0.000589134212503298));
#15436=CARTESIAN_POINT('',(0.0104226204907125,0.06,0.00536233261109344));
#15437=CARTESIAN_POINT('',(0.0078858401750148,0.06,0.000591516305725844));
#15438=CARTESIAN_POINT('',(0.00907329995607056,0.06,0.00586274783716587));
#15439=CARTESIAN_POINT('',(0.00802443299463742,0.06,0.00120674536862664));
#15440=CARTESIAN_POINT('',(0.00736988457334733,0.06,0.00593432902775061));
#15441=CARTESIAN_POINT('',(0.00811735462850295,0.06,0.000535627459936895));
#15442=CARTESIAN_POINT('',(0.00568454621944821,0.06,0.00541273042650436));
#15443=CARTESIAN_POINT('',(0.00813510794241576,0.06,0.000500038691661143));
#15444=CARTESIAN_POINT('',(0.00424858938920984,0.06,0.00437750775991389));
#15445=CARTESIAN_POINT('',(0.00772576625024436,0.06,0.000908425257873401));
#15446=CARTESIAN_POINT('',(0.0032656454848879,0.06,0.00296575728924641));
#15447=CARTESIAN_POINT('',(0.00920703548268775,0.06,0.00022515563832421));
#15448=CARTESIAN_POINT('',(0.00285817766936582,0.06,0.00180724823397553));
#15449=CARTESIAN_POINT('',(0.00717803544881254,0.06,0.000730764415572893));
#15450=CARTESIAN_POINT('',(0.00272616860837891,0.06,0.000701263890551008));
#15451=CARTESIAN_POINT('',(0.00718808674386607,0.06,0.000730825228219897));
#15452=CARTESIAN_POINT('',(0.00278632779927684,0.06,0.));
#15453=CARTESIAN_POINT('',(-1.38777878078145E-17,0.06,0.));
#15454=CARTESIAN_POINT('',(0.00101285669827053,0.06,0.));
#15455=CARTESIAN_POINT('',(0.00101285669827053,0.06,-0.00180776134945479));
#15456=CARTESIAN_POINT('',(0.00101285669827056,0.06,0.000649259713645568));
#15457=CARTESIAN_POINT('',(-0.349605854103556,0.06,0.000649119332137365));
#15458=CARTESIAN_POINT('',(0.00100776663441179,0.06,0.0025383830424561));
#15459=CARTESIAN_POINT('',(-0.181148888891475,0.06,0.00155689356438348));
#15460=CARTESIAN_POINT('',(0.000992086951105753,0.06,0.0041405717727601));
#15461=CARTESIAN_POINT('',(-1.28983291858071,0.06,-0.0141679638563171));
#15462=CARTESIAN_POINT('',(0.000971087693425537,0.06,0.00556563109583085));
#15463=CARTESIAN_POINT('',(0.000872264021818283,0.06,0.00556412041112731));
#15464=CARTESIAN_POINT('',(0.000942151020305424,0.06,0.00563400751781137));
#15465=CARTESIAN_POINT('',(0.000872373456258974,0.06,0.00556422999325415));
#15466=CARTESIAN_POINT('',(0.000874269997409866,0.06,0.0056628921162257));
#15467=CARTESIAN_POINT('',(-0.0122587699775312,0.06,-0.677597738020635));
#15468=CARTESIAN_POINT('',(-0.000270892660761512,0.06,0.00568394344861223));
#15469=CARTESIAN_POINT('',(-0.00236204298166248,0.06,-0.113510126618347));
#15470=CARTESIAN_POINT('',(-0.00156495811446199,0.06,0.00569962090468991));
#15471=CARTESIAN_POINT('',(-0.00308791939302524,0.06,-0.22203530844959));
#15472=CARTESIAN_POINT('',(-0.00308807060859459,0.06,0.00570471319577653));
#15473=CARTESIAN_POINT('',(-0.00506782858406205,0.06,0.00570471319577648));
#15474=CARTESIAN_POINT('',(-0.0070475865595295,0.06,0.00570471319577648));
#15475=CARTESIAN_POINT('',(-0.0070475865595295,0.06,0.00386430198915136));
#15476=CARTESIAN_POINT('',(-0.0070475865595295,0.06,0.00325083162229581));
#15477=CARTESIAN_POINT('',(-0.00670105065725936,0.06,0.00281697465795695));
#15478=CARTESIAN_POINT('',(-0.00635451475498923,0.06,0.00238311769361809));
#15479=CARTESIAN_POINT('',(-2.05475841701961,0.06,-1.63374328799075));
#15480=CARTESIAN_POINT('',(-0.00607967442735724,0.06,0.00203896275083393));
#15481=CARTESIAN_POINT('',(-1.47033602000191,0.06,-1.16710294163546));
#15482=CARTESIAN_POINT('',(-0.0058271739363891,0.06,0.00172265610921274));
#15483=CARTESIAN_POINT('',(-1.62289499218352,0.06,-1.28885626206401));
#15484=CARTESIAN_POINT('',(-0.00561554074120618,0.06,0.00145743963265543));
#15485=CARTESIAN_POINT('',(-0.0601915351400655,0.06,-0.0420847402518404));
#15486=CARTESIAN_POINT('',(-0.00553256165962145,0.06,0.00135322944958734));
#15487=CARTESIAN_POINT('',(0.0117283424692036,0.06,0.0150706264183461));
#15488=CARTESIAN_POINT('',(-0.0054587336204786,0.06,0.0012608398004987));
#15489=CARTESIAN_POINT('',(0.163856568664103,0.06,0.137305427860813));
#15490=CARTESIAN_POINT('',(-0.00532260440028542,0.06,0.00109159255224536));
#15491=CARTESIAN_POINT('',(0.179173927095957,0.06,0.149637629019849));
#15492=CARTESIAN_POINT('',(-0.00516325707328816,0.06,0.000893897666449067));
#15493=CARTESIAN_POINT('',(0.203538676430016,0.06,0.169297681755015));
#15494=CARTESIAN_POINT('',(-0.00499879560716063,0.06,0.000690284824424597));
#15495=CARTESIAN_POINT('',(-0.00479635322634396,0.06,0.000439899669519823));
#15496=CARTESIAN_POINT('',(-0.00459391084552729,0.06,0.000189514514615009));
#15497=CARTESIAN_POINT('',(-0.00469881412065672,0.06,4.37237925926837E-5));
#15498=CARTESIAN_POINT('',(-0.00473027544398667,0.06,-6.09863722023096E-20));
#15499=CARTESIAN_POINT('',(-1.38777878078145E-17,0.06,0.));
#15500=CARTESIAN_POINT('',(-0.00969904815749003,0.06,0.));
#15501=CARTESIAN_POINT('',(-0.00969904815749003,0.06,0.00321233929369357));
#15502=CARTESIAN_POINT('',(-0.00969904815749003,0.06,0.00570471319577648));
#15503=CARTESIAN_POINT('',(-0.0111046916227174,0.06,0.00570471319577648));
#15504=CARTESIAN_POINT('',(-0.011573239409107,0.06,0.00570471319577648));
#15505=CARTESIAN_POINT('',(-0.0129739720492796,0.06,0.00394825606619529));
#15506=CARTESIAN_POINT('',(-0.0143747046894521,0.06,0.00219179893661411));
#15507=CARTESIAN_POINT('',(-1.7887674072584,0.06,1.41723026630123));
#15508=CARTESIAN_POINT('',(-0.0154563118131203,0.06,0.000836576036338244));
#15509=CARTESIAN_POINT('',(-0.973760137953607,0.06,0.766261647852366));
#15510=CARTESIAN_POINT('',(-0.0161251078974563,0.06,0.));
#15511=CARTESIAN_POINT('',(-1.38777878078145E-17,0.06,0.));
#15512=CARTESIAN_POINT('',(-0.01866232175311,0.06,1.3010426069826E-18));
#15513=CARTESIAN_POINT('',(-0.0185151579707088,0.06,0.000183009365701336));
#15514=CARTESIAN_POINT('',(-0.0180776668070453,0.06,0.000727062930074554));
#15515=CARTESIAN_POINT('',(-0.0180776668070453,0.06,0.00446030060283638));
#15516=CARTESIAN_POINT('',(-0.0180776668070453,0.06,0.00570471319577648));
#15517=CARTESIAN_POINT('',(-0.0185502159141325,0.06,0.00570471319577648));
#15518=CARTESIAN_POINT('',(-0.0190227650212195,0.06,0.00570471319577648));
#15519=CARTESIAN_POINT('',(-0.0190227604193534,0.06,-0.0100617049337905));
#15520=CARTESIAN_POINT('',(-0.0196945009385149,0.06,0.00569039668190752));
#15521=CARTESIAN_POINT('',(-0.0196673647958265,0.06,0.00505407452235567));
#15522=CARTESIAN_POINT('',(-0.0199610433579884,0.06,0.00561922508911043));
#15523=CARTESIAN_POINT('',(-0.0196265424557452,0.06,0.00497551748896072));
#15524=CARTESIAN_POINT('',(-0.0201830038900369,0.06,0.00544092161468159));
#15525=CARTESIAN_POINT('',(-0.00208372084779266,0.06,-0.00969665418920564));
#15526=CARTESIAN_POINT('',(-0.0206569418327091,0.06,0.00485551781730816));
#15527=CARTESIAN_POINT('',(-0.226611392793104,0.06,0.166221443024361));
#15528=CARTESIAN_POINT('',(-0.021233356644973,0.06,0.00412252274337044));
#15529=CARTESIAN_POINT('',(-0.238922149942423,0.06,0.175937934760542));
#15530=CARTESIAN_POINT('',(-0.0218208566878859,0.06,0.00338077031600859));
#15531=CARTESIAN_POINT('',(-0.555448184681239,0.06,0.427519614759984));
#15532=CARTESIAN_POINT('',(-0.0223675899784376,0.06,0.00269381034256832));
#15533=CARTESIAN_POINT('',(-0.0243588527589673,0.06,0.00428069673719298));
#15534=CARTESIAN_POINT('',(-0.0224778975686546,0.06,0.0025644964392667));
#15535=CARTESIAN_POINT('',(-0.0210997998814173,0.06,0.00130710891531617));
#15536=CARTESIAN_POINT('',(-0.022555357049602,0.06,0.0024739550710288));
#15537=CARTESIAN_POINT('',(0.542313839208769,0.06,-0.450353586913407));
#15538=CARTESIAN_POINT('',(-0.0229898111230928,0.06,0.00193147207341854));
#15539=CARTESIAN_POINT('',(0.219756566993951,0.06,-0.192283324364446));
#15540=CARTESIAN_POINT('',(-0.0234931741381113,0.06,0.0013006488449305));
#15541=CARTESIAN_POINT('',(0.399329073789087,0.06,-0.335190453683582));
#15542=CARTESIAN_POINT('',(-0.0240699700184361,0.06,0.000574590843000822));
#15543=CARTESIAN_POINT('',(-0.0248123792658651,0.06,-0.000361586687714823));
#15544=CARTESIAN_POINT('',(-0.02452563311794,0.06,1.57209315010398E-18));
#15545=CARTESIAN_POINT('',(-1.38777878078145E-17,0.06,0.));
#15546=CARTESIAN_POINT('',(-0.0256380765402555,0.06,-2.16840434497101E-19));
#15547=CARTESIAN_POINT('',(-0.0105836988121123,0.06,0.000916658447323751));
#15548=CARTESIAN_POINT('',(-0.025661137895579,0.06,0.000535368301874453));
#15549=CARTESIAN_POINT('',(0.0119672755038898,0.06,0.00148688580101954));
#15550=CARTESIAN_POINT('',(-0.0256725658011247,0.06,0.00127421928783894));
#15551=CARTESIAN_POINT('',(0.0135078120844446,0.06,0.00149559370260065));
#15552=CARTESIAN_POINT('',(-0.0256694378188483,0.06,0.00203791086298855));
#15553=CARTESIAN_POINT('',(-0.00251869501975962,0.06,0.00171745696293681));
#15554=CARTESIAN_POINT('',(-0.025650507337565,0.06,0.00270682127674664));
#15555=CARTESIAN_POINT('',(-0.0511369129901746,0.06,0.00379690176830657));
#15556=CARTESIAN_POINT('',(-0.0256313042860295,0.06,0.00333965654035366));
#15557=CARTESIAN_POINT('',(-0.0545117964535749,0.06,0.00385742482729191));
#15558=CARTESIAN_POINT('',(-0.0256269804945725,0.06,0.00399277198525578));
#15559=CARTESIAN_POINT('',(-0.0514071553477559,0.06,0.00387200259598989));
#15560=CARTESIAN_POINT('',(-0.0256363295481669,0.06,0.00457665734360128));
#15561=CARTESIAN_POINT('',(-0.0309794544349448,0.06,0.00443056355272316));
#15562=CARTESIAN_POINT('',(-0.0256610848663471,0.06,0.00496467223384683));
#15563=CARTESIAN_POINT('',(-0.025698657190804,0.06,0.00533880136667462));
#15564=CARTESIAN_POINT('',(-0.025736229515261,0.06,0.00571293049950241));
#15565=CARTESIAN_POINT('',(-0.0270319380266844,0.06,0.00566699562425317));
#15566=CARTESIAN_POINT('',(-0.0274638408638256,0.06,0.00565168396381727));
#15567=CARTESIAN_POINT('',(-0.0274638408638256,0.06,-0.00174589389449263));
#15568=CARTESIAN_POINT('',(-0.0274638408638256,0.06,0.));
#15569=CARTESIAN_POINT('',(-1.38777878078145E-17,0.06,0.));
#15570=CARTESIAN_POINT('',(-0.0316777304653435,0.06,-1.3010426069826E-18));
#15571=CARTESIAN_POINT('',(-0.0316645392767511,0.06,0.00195289503466232));
#15572=CARTESIAN_POINT('',(-0.0316506591934612,0.06,0.00400777777308174));
#15573=CARTESIAN_POINT('',(-0.0309619019532916,0.06,0.00400777777308174));
#15574=CARTESIAN_POINT('',(-0.0288956301267243,0.06,0.00400777777308174));
#15575=CARTESIAN_POINT('',(-0.0288956301267243,0.06,0.00528047934010279));
#15576=CARTESIAN_POINT('',(-0.0288956301267243,0.06,0.00570471319577648));
#15577=CARTESIAN_POINT('',(-0.0339762172906054,0.06,0.00570471319577648));
#15578=CARTESIAN_POINT('',(-0.0356697463805852,0.06,0.00570471319577648));
#15579=CARTESIAN_POINT('',(-0.0359913281050554,0.06,0.00531116263703595));
#15580=CARTESIAN_POINT('',(-0.0363129098295255,0.06,0.00491761207829541));
#15581=CARTESIAN_POINT('',(-0.0149994705919759,0.06,-0.0124982556121169));
#15582=CARTESIAN_POINT('',(-0.0365594258656082,0.06,0.00461149214001683));
#15583=CARTESIAN_POINT('',(-0.0246007484183093,0.06,-0.00487879626934472));
#15584=CARTESIAN_POINT('',(-0.0367671441247125,0.06,0.00434369557920746));
#15585=CARTESIAN_POINT('',(-0.00660244578719827,0.06,-0.0185220201699342));
#15586=CARTESIAN_POINT('',(-0.0369422234218382,0.06,0.0041108734938106));
#15587=CARTESIAN_POINT('',(-0.0368862846191577,0.06,0.00406914434181734));
#15588=CARTESIAN_POINT('',(-0.0369560733845244,0.06,0.00406914436694804));
#15589=CARTESIAN_POINT('',(-0.0369310886045464,0.06,0.0040691443657527));
#15590=CARTESIAN_POINT('',(-0.0369321193380392,0.06,0.00404418085600324));
#15591=CARTESIAN_POINT('',(-0.0331056765733419,0.06,0.0967146715333283));
#15592=CARTESIAN_POINT('',(-0.0364575986041078,0.06,0.00402580421201855));
#15593=CARTESIAN_POINT('',(-0.035581038100912,0.06,0.0282647358542456));
#15594=CARTESIAN_POINT('',(-0.0359098213800956,0.06,0.00401218821430378));
#15595=CARTESIAN_POINT('',(-0.035259133656894,0.06,0.0520090937164878));
#15596=CARTESIAN_POINT('',(-0.0352591379618296,0.06,0.00400777777308174));
#15597=CARTESIAN_POINT('',(-0.0344106702504823,0.06,0.00400777777308174));
#15598=CARTESIAN_POINT('',(-1.38777878078145E-17,0.06,0.00834));
#15599=CARTESIAN_POINT('',(-0.0767878985060101,0.06,0.000649352299393228));
#15600=CARTESIAN_POINT('',(-0.0115085509104898,0.06,-1.0842021724855E-19));
#15601=CARTESIAN_POINT('',(-0.0115053935976215,0.06,0.000746480007590277));
#15602=CARTESIAN_POINT('',(-1.38777878078145E-17,0.06,0.));
#15603=CARTESIAN_POINT('',(-0.0128107063164111,0.06,0.));
#15604=CARTESIAN_POINT('',(-0.0486468242470373,0.06,-0.0282029584461075));
#15605=CARTESIAN_POINT('',(-0.0128887003549091,0.06,9.88222251829436E-5));
#15606=CARTESIAN_POINT('',(-0.0489915637963665,0.06,-0.0284758528421199));
#15607=CARTESIAN_POINT('',(-0.0131108318532015,0.06,0.000377255813572546));
#15608=CARTESIAN_POINT('',(-0.0149728058378048,0.06,-0.00112003265758507));
#15609=CARTESIAN_POINT('',(-0.0132145825910035,0.06,0.000497827317693569));
#15610=CARTESIAN_POINT('',(-0.0129954503010861,0.06,0.000699465554324216));
#15611=CARTESIAN_POINT('',(-0.0132900638694819,0.06,0.000656109075303886));
#15612=CARTESIAN_POINT('',(-0.0130391653651322,0.06,0.000693032305176429));
#15613=CARTESIAN_POINT('',(-0.0132582372092785,0.06,0.000820785627996163));
#15614=CARTESIAN_POINT('',(-0.0112670725662153,0.06,-0.000340373014816375));
#15615=CARTESIAN_POINT('',(-0.0130715751612498,0.06,0.00109378053835607));
#15616=CARTESIAN_POINT('',(0.153937390130956,0.06,-0.13163878268721));
#15617=CARTESIAN_POINT('',(-0.0123154994322772,0.06,0.00203957958685985));
#15618=CARTESIAN_POINT('',(0.00909745164018119,0.06,-0.0151779025216454));
#15619=CARTESIAN_POINT('',(-0.0121695623495747,0.06,0.00221951911915308));
#15620=CARTESIAN_POINT('',(0.0178798243268497,0.06,-0.0223623158606434));
#15621=CARTESIAN_POINT('',(-0.0120089486845182,0.06,0.00241455840707132));
#15622=CARTESIAN_POINT('',(0.0156261711665343,0.06,-0.0204941123933055));
#15623=CARTESIAN_POINT('',(-0.0118577049665735,0.06,0.00259579015568894));
#15624=CARTESIAN_POINT('',(-0.00334471935178116,0.06,-0.00455619656511591));
#15625=CARTESIAN_POINT('',(-0.0117440251414379,0.06,0.00272895960232958));
#15626=CARTESIAN_POINT('',(-0.0116263851462889,0.06,0.00286459098409316));
#15627=CARTESIAN_POINT('',(-0.0115087451511398,0.06,0.00300022236585673));
#15628=CARTESIAN_POINT('',(-0.0115070693743806,0.06,0.00187335118672351));
#15629=CARTESIAN_POINT('',(-1.38777878078145E-17,0.06,0.00834));
#15630=CARTESIAN_POINT('',(-0.0198541460776789,0.06,-0.00039947962690822));
#15631=CARTESIAN_POINT('',(-0.0198642368983555,0.06,-1.78893358460108E-18));
#15632=CARTESIAN_POINT('',(-0.0199336899256177,0.06,0.00274953558068053));
#15633=CARTESIAN_POINT('',(-1.38777878078145E-17,0.06,0.));
#15634=CARTESIAN_POINT('',(-0.0221730342402104,0.06,0.));
#15635=CARTESIAN_POINT('',(-0.239806042382952,0.06,0.17232724496871));
#15636=CARTESIAN_POINT('',(-0.021874845855002,0.06,0.000377254646929448));
#15637=CARTESIAN_POINT('',(-0.335052870235491,0.06,0.247477832042512));
#15638=CARTESIAN_POINT('',(-0.0214788995946492,0.06,0.000879909827759817));
#15639=CARTESIAN_POINT('',(0.055312971767446,0.06,-0.0595101941827843));
#15640=CARTESIAN_POINT('',(-0.0210759761721892,0.06,0.0013887779134066));
#15641=CARTESIAN_POINT('',(0.0393644512801955,0.06,-0.0467957281748679));
#15642=CARTESIAN_POINT('',(-0.0206924637819123,0.06,0.00186594926046818));
#15643=CARTESIAN_POINT('',(0.0379484722580389,0.06,-0.0456483946918826));
#15644=CARTESIAN_POINT('',(-0.0203660967525794,0.06,0.00226593825734859));
#15645=CARTESIAN_POINT('',(-0.016697133582305,0.06,-0.00074867862718699));
#15646=CARTESIAN_POINT('',(-0.0202061980276282,0.06,0.00245064511759495));
#15647=CARTESIAN_POINT('',(-0.0200699439766229,0.06,0.00260009034913774));
#15648=CARTESIAN_POINT('',(-1.38777878078145E-17,0.06,0.00834));
#15649=CARTESIAN_POINT('',(-0.394643724291524,0.06,-0.000178577275999162));
#15650=CARTESIAN_POINT('',(-0.000790177672555514,0.06,0.));
#15651=CARTESIAN_POINT('',(-0.000795729439028128,0.06,0.00192023783062795));
#15652=CARTESIAN_POINT('',(-1.38777878078145E-17,0.06,0.));
#15653=CARTESIAN_POINT('',(-0.00238887349373773,0.06,5.55111512312578E-17));
#15654=CARTESIAN_POINT('',(-0.429434565155881,0.06,0.330414150981996));
#15655=CARTESIAN_POINT('',(-0.00229263318979117,0.06,0.000124423783846528));
#15656=CARTESIAN_POINT('',(-0.00235419212370161,0.06,0.000172024639887025));
#15657=CARTESIAN_POINT('',(-0.0022763928814451,0.06,0.000173643820015788));
#15658=CARTESIAN_POINT('',(-0.00235909464890034,0.06,0.000171922776412693));
#15659=CARTESIAN_POINT('',(-0.00229368857756552,0.06,0.000222564559199732));
#15660=CARTESIAN_POINT('',(-0.293048023632224,0.06,-0.224899953555422));
#15661=CARTESIAN_POINT('',(-0.00271652977954945,0.06,0.000767623186606309));
#15662=CARTESIAN_POINT('',(-0.060503139595887,0.06,-0.0441485372040133));
#15663=CARTESIAN_POINT('',(-0.00319951970605859,0.06,0.00138220939456071));
#15664=CARTESIAN_POINT('',(-0.111590229466674,0.06,-0.0847399234799909));
#15665=CARTESIAN_POINT('',(-0.00377271331065647,0.06,0.00209872542255015));
#15666=CARTESIAN_POINT('',(-0.0045201549261399,0.06,0.00302673698183633));
#15667=CARTESIAN_POINT('',(-0.00526759654162332,0.06,0.00395474854112252));
#15668=CARTESIAN_POINT('',(-0.00421601419788573,0.06,0.0039691661287076));
#15669=CARTESIAN_POINT('',(-0.00316443185414814,0.06,0.00398358371629267));
#15670=CARTESIAN_POINT('',(-0.00199447841171408,0.06,-0.0813495666871432));
#15671=CARTESIAN_POINT('',(-0.00234860745317636,0.06,0.00399086887217924));
#15672=CARTESIAN_POINT('',(-0.00214570919413274,0.06,-0.0449173262802652));
#15673=CARTESIAN_POINT('',(-0.00163924962909217,0.06,0.00398866741664367));
#15674=CARTESIAN_POINT('',(-0.00277256108228973,0.06,-0.105433945159765));
#15675=CARTESIAN_POINT('',(-0.00103044328924589,0.06,0.00398066795700263));
#15676=CARTESIAN_POINT('',(-0.00103531368822182,0.06,0.00367475492304168));
#15677=CARTESIAN_POINT('',(-0.000925702177507801,0.06,0.00396039774520314));
#15678=CARTESIAN_POINT('',(-0.000967884248005518,0.06,0.00385047339124922));
#15679=CARTESIAN_POINT('',(-0.000850297791415723,0.06,0.0038564830410159));
#15680=CARTESIAN_POINT('',(-0.0430510777080721,0.06,0.0016996701036454));
#15681=CARTESIAN_POINT('',(-0.000817868931254163,0.06,0.00308305148077389));
#15682=CARTESIAN_POINT('',(-0.0432184939721872,0.06,0.00169414348222112));
#15683=CARTESIAN_POINT('',(-1.38777878078145E-17,0.06,0.00834));
#15684=CARTESIAN_POINT('',(0.00715911949765647,0.06,0.000229833340412401));
#15685=CARTESIAN_POINT('',(0.00468275858966647,0.06,0.000137696682430676));
#15686=CARTESIAN_POINT('',(0.00469172630928946,0.06,0.));
#15687=CARTESIAN_POINT('',(0.0202998245913833,0.06,0.000718744915895281));
#15688=CARTESIAN_POINT('',(0.00467195314124554,0.06,0.000719965391610676));
#15689=CARTESIAN_POINT('',(0.0184666910138864,0.06,0.000718877320239923));
#15690=CARTESIAN_POINT('',(0.00468237911248258,0.06,0.00125510447694539));
#15691=CARTESIAN_POINT('',(0.00800377639588914,0.06,0.00112589576160842));
#15692=CARTESIAN_POINT('',(0.00471748202469491,0.06,0.00162453803037088));
#15693=CARTESIAN_POINT('',(0.00675623126872065,0.06,0.00131518792424548));
#15694=CARTESIAN_POINT('',(0.00478582588672701,0.06,0.00192321637652864));
#15695=CARTESIAN_POINT('',(0.00705927853056009,0.06,0.00122167234612902));
#15696=CARTESIAN_POINT('',(0.00489952713567232,0.06,0.0022197829926113));
#15697=CARTESIAN_POINT('',(0.00739820075775651,0.06,0.00106504465188023));
#15698=CARTESIAN_POINT('',(0.00516098850625646,0.06,0.00266868795604476));
#15699=CARTESIAN_POINT('',(0.00847936521113476,0.06,0.00029006085726737));
#15700=CARTESIAN_POINT('',(0.005527242957226,0.06,0.00311042697330512));
#15701=CARTESIAN_POINT('',(0.00868950335710357,0.06,8.93052919487282E-5));
#15702=CARTESIAN_POINT('',(0.00596689591055954,0.06,0.00351194692411217));
#15703=CARTESIAN_POINT('',(0.0084707352340962,0.06,0.000364323793671294));
#15704=CARTESIAN_POINT('',(0.00644825847599828,0.06,0.00384086381103464));
#15705=CARTESIAN_POINT('',(0.00748479791570403,0.06,0.0020591031943983));
#15706=CARTESIAN_POINT('',(0.00698896488827946,0.06,0.00405991165948855));
#15707=CARTESIAN_POINT('',(0.00813331214880485,0.06,-0.000557776132072718));
#15708=CARTESIAN_POINT('',(0.0077013043339598,0.06,0.00417993855339734));
#15709=CARTESIAN_POINT('',(0.00814011561467667,0.06,-0.000632340803478761));
#15710=CARTESIAN_POINT('',(0.00843200557543987,0.06,0.00419107999503198));
#15711=CARTESIAN_POINT('',(0.0082883704432575,0.06,0.00181748931847572));
#15712=CARTESIAN_POINT('',(0.00903126888076122,0.06,0.00407639738712003));
#15713=CARTESIAN_POINT('',(0.0079626022936818,0.06,0.000826917572070796));
#15714=CARTESIAN_POINT('',(0.00999535887801086,0.06,0.00357811149682769));
#15715=CARTESIAN_POINT('',(0.00797415091553859,0.06,0.000842542262262785));
#15716=CARTESIAN_POINT('',(0.0107532085408509,0.06,0.00280352655079056));
#15717=CARTESIAN_POINT('',(0.0078997008208956,0.06,0.000790011657715695));
#15718=CARTESIAN_POINT('',(0.011236989239267,0.06,0.00181921258323171));
#15719=CARTESIAN_POINT('',(0.00762067774383915,0.06,0.000703963972618972));
#15720=CARTESIAN_POINT('',(0.0114050426934504,0.06,0.000712343924335028));
#15721=CARTESIAN_POINT('',(0.00756238923257088,0.06,0.000703833005806295));
#15722=CARTESIAN_POINT('',(0.0113400442136513,0.06,1.0842021724855E-19));
#15723=CARTESIAN_POINT('',(-1.38777878078145E-17,0.06,0.));
#15724=CARTESIAN_POINT('',(-1.38777878078145E-17,0.06,0.00834));
#15725=CARTESIAN_POINT('',(0.0138614091091635,0.06,0.00853335706812658));
#15726=CARTESIAN_POINT('',(0.0250908435946825,0.06,1.7347234759768E-18));
#15727=CARTESIAN_POINT('',(0.0252997749905354,0.06,0.000282165173583325));
#15728=CARTESIAN_POINT('',(-1.38777878078145E-17,0.06,0.));
#15729=CARTESIAN_POINT('',(0.0238302267650627,0.06,0.));
#15730=CARTESIAN_POINT('',(0.0541608327704992,0.06,0.000408884573195022));
#15731=CARTESIAN_POINT('',(0.0238289690459889,0.06,0.000107404476083221));
#15732=CARTESIAN_POINT('',(0.0852368869485049,0.06,0.000717788861907371));
#15733=CARTESIAN_POINT('',(0.0238259355618039,0.06,0.000717818025891717));
#15734=CARTESIAN_POINT('',(0.0851669984347092,0.06,0.000717766593399075));
#15735=CARTESIAN_POINT('',(0.0238289663945273,0.06,0.00132753689276155));
#15736=CARTESIAN_POINT('',(0.0537179759226917,0.06,0.00103036923270342));
#15737=CARTESIAN_POINT('',(0.0238383528867595,0.06,0.00183617716482778));
#15738=CARTESIAN_POINT('',(0.0238534042797249,0.06,0.00239428310446557));
#15739=CARTESIAN_POINT('',(0.0238684556726904,0.06,0.00295238904410335));
#15740=CARTESIAN_POINT('',(0.024292689528364,0.06,0.00242062272397971));
#15741=CARTESIAN_POINT('',(0.0247169233840377,0.06,0.00188885640385606));
#15742=CARTESIAN_POINT('',(0.00906560117738042,0.06,-0.0105974840515709));
#15743=CARTESIAN_POINT('',(0.0250412108190102,0.06,0.00147117293103091));
#15744=CARTESIAN_POINT('',(0.0156602016236029,0.06,-0.00561563053554539));
#15745=CARTESIAN_POINT('',(0.0253127475315496,0.06,0.0010966324504508));
#15746=CARTESIAN_POINT('',(0.010476698782539,0.06,-0.00922018864948008));
#15747=CARTESIAN_POINT('',(0.0255303914841166,0.06,0.000776384570252107));
#15748=CARTESIAN_POINT('',(0.0254111697159502,0.06,0.000697214015841857));
#15749=CARTESIAN_POINT('',(0.025553795511408,0.06,0.000685394998945677));
#15750=CARTESIAN_POINT('',(0.0253694370808816,0.06,0.000700672405694337));
#15751=CARTESIAN_POINT('',(0.02552135190912,0.06,0.000595110504307379));
#15752=CARTESIAN_POINT('',(0.00767024346503414,0.06,0.0129994433567626));
#15753=CARTESIAN_POINT('',(-0.0445,-6.93889390390723E-18,0.00834));
#15754=CARTESIAN_POINT('',(-0.0445,0.00858621382742129,0.00605615860198302));
#15755=CARTESIAN_POINT('',(-0.0445,0.00716159317256645,0.005003037949787));
#15756=CARTESIAN_POINT('',(-0.0445,0.0103578096771564,0.00604872465807264));
#15757=CARTESIAN_POINT('',(-0.0445,0.00874849950545635,0.00285633278885345));
#15758=CARTESIAN_POINT('',(-0.0445,0.0103354058383463,0.00070962762791991));
#15759=CARTESIAN_POINT('',(-0.0445,0.0119402719145504,0.00284293952138364));
#15760=CARTESIAN_POINT('',(-0.0445,0.0135451379907546,0.00497625141484737));
#15761=CARTESIAN_POINT('',(-0.0445,0.0121294055268916,0.00604129071416226));
#15762=CARTESIAN_POINT('',(-0.0445,-0.000765730077596595,0.00416999999999986));
#15763=CARTESIAN_POINT('',(-0.0445,-0.000765730077596595,0.00701999999999986));
#15764=CARTESIAN_POINT('',(-0.0445,-0.000765730077596595,0.00131999999999986));
#15765=CARTESIAN_POINT('',(-0.0445,-0.00166573007759659,0.00701999999999986));
#15766=CARTESIAN_POINT('',(-0.0445,-0.00256573007759659,0.00701999999999986));
#15767=CARTESIAN_POINT('',(-0.0445,-0.00256573007759659,0.00416999999999986));
#15768=CARTESIAN_POINT('',(-0.0445,-0.00256573007759659,0.00131999999999986));
#15769=CARTESIAN_POINT('',(-0.0445,-0.00166573007759659,0.00131999999999986));
#15770=CARTESIAN_POINT('',(-0.0445,-0.0053657300775966,0.00416999999999986));
#15771=CARTESIAN_POINT('',(-0.0445,-0.0053657300775966,0.00701999999999986));
#15772=CARTESIAN_POINT('',(-0.0445,-0.0053657300775966,0.00131999999999986));
#15773=CARTESIAN_POINT('',(-0.0445,-0.0062657300775966,0.00701999999999986));
#15774=CARTESIAN_POINT('',(-0.0445,-0.00716573007759659,0.00701999999999986));
#15775=CARTESIAN_POINT('',(-0.0445,-0.00716573007759659,0.00416999999999986));
#15776=CARTESIAN_POINT('',(-0.0445,-0.00716573007759659,0.00131999999999986));
#15777=CARTESIAN_POINT('',(-0.0445,-0.0062657300775966,0.00131999999999986));
#15778=CARTESIAN_POINT('',(-0.0445,-0.028738182866769,0.00709229393396527));
#15779=CARTESIAN_POINT('',(-0.0445,-0.0288772639688071,0.00709229393396527));
#15780=CARTESIAN_POINT('',(-0.0445,-0.0298860480896471,0.00716508191544563));
#15781=CARTESIAN_POINT('',(-0.0445,-0.0301581723875809,0.00716508191544563));
#15782=CARTESIAN_POINT('',(-0.0445,-0.0254967922274261,0.0055166890324364));
#15783=CARTESIAN_POINT('',(-0.0445,-0.0254492528501954,0.00578629823824076));
#15784=CARTESIAN_POINT('',(-0.0445,-0.0255443316046568,0.00524707982663204));
#15785=CARTESIAN_POINT('',(-0.0445,-0.0260559897164021,0.00548919025999636));
#15786=CARTESIAN_POINT('',(-0.0445,-0.0266627265826088,0.00519208228175195));
#15787=CARTESIAN_POINT('',(-0.0445,-0.0265688414298825,0.00548687042311497));
#15788=CARTESIAN_POINT('',(-0.0445,-0.0264749562771563,0.00578165856447799));
#15789=CARTESIAN_POINT('',(-0.0445,-0.0260386018545736,0.0056426868900493));
#15790=CARTESIAN_POINT('',(-0.0445,-0.0262400013363146,0.00605397335609872));
#15791=CARTESIAN_POINT('',(-0.0445,-0.0258860100336653,0.00622731644122197));
#15792=CARTESIAN_POINT('',(-0.0445,-0.0255320187310158,0.00640065952634522));
#15793=CARTESIAN_POINT('',(-0.0445,-0.0257334182127569,0.00681194599239465));
#15794=CARTESIAN_POINT('',(-0.0445,-0.0252824253883965,0.006732423789354));
#15795=CARTESIAN_POINT('',(-0.0445,-0.0252359676449016,0.00699589874541704));
#15796=CARTESIAN_POINT('',(-0.0445,-0.0251895099014067,0.00725937370148008));
#15797=CARTESIAN_POINT('',(-0.0445,-0.0262166788741825,0.00675638778812227));
#15798=CARTESIAN_POINT('',(-0.0445,-0.0272438478469584,0.00625340187476445));
#15799=CARTESIAN_POINT('',(-0.0445,-0.0293282802498933,0.00529882599626215));
#15800=CARTESIAN_POINT('',(-0.0445,-0.0313971817706844,0.00628661142209673));
#15801=CARTESIAN_POINT('',(-0.0445,-0.0324161762969164,0.00680595820718259));
#15802=CARTESIAN_POINT('',(-0.0445,-0.0334351708231484,0.00732530499226847));
#15803=CARTESIAN_POINT('',(-0.0445,-0.033392932177073,0.00706112083078112));
#15804=CARTESIAN_POINT('',(-0.0445,-0.0333506935309974,0.00679693666929378));
#15805=CARTESIAN_POINT('',(-0.0445,-0.0328984867523313,0.00686923699937213));
#15806=CARTESIAN_POINT('',(-0.0445,-0.0331064372546863,0.0064612236454591));
#15807=CARTESIAN_POINT('',(-0.0445,-0.0327552630961068,0.00628224214401975));
#15808=CARTESIAN_POINT('',(-0.0445,-0.0324040889375274,0.0061032606425804));
#15809=CARTESIAN_POINT('',(-0.0445,-0.0326120394398823,0.00569524728866736));
#15810=CARTESIAN_POINT('',(-0.0445,-0.0321735185507813,0.0058272235676844));
#15811=CARTESIAN_POINT('',(-0.0445,-0.0320843592802848,0.00553097182562166));
#15812=CARTESIAN_POINT('',(-0.0445,-0.0319952000097882,0.00523472008355893));
#15813=CARTESIAN_POINT('',(-0.0445,-0.0325971083246946,0.00554149224004838));
#15814=CARTESIAN_POINT('',(-0.0445,-0.0331990166396011,0.00584826439653783));
#15815=CARTESIAN_POINT('',(-0.0445,-0.0331557945892294,0.005577929473519));
#15816=CARTESIAN_POINT('',(-0.0445,-0.0331125725388576,0.00530759455050016));
#15817=CARTESIAN_POINT('',(-0.0445,-0.0323833836492721,0.00542417970555247));
#15818=CARTESIAN_POINT('',(-0.0445,-0.032718706344673,0.00476625324687906));
#15819=CARTESIAN_POINT('',(-0.0445,-0.0326278626343931,0.00471995330348914));
#15820=CARTESIAN_POINT('',(-0.0445,-0.0325370189241131,0.00467365336009922));
#15821=CARTESIAN_POINT('',(-0.0445,-0.0328723416195141,0.00401572690142581));
#15822=CARTESIAN_POINT('',(-0.0445,-0.0321431527299285,0.00413231205647812));
#15823=CARTESIAN_POINT('',(-0.0445,-0.0321160316627663,0.00396268170483033));
#15824=CARTESIAN_POINT('',(-0.0445,-0.0320889105956041,0.00379305135318254));
#15825=CARTESIAN_POINT('',(-0.0445,-0.0325143328786758,0.00400987459347431));
#15826=CARTESIAN_POINT('',(-0.0445,-0.0329397551617475,0.00422669783376608));
#15827=CARTESIAN_POINT('',(-0.0445,-0.032917596808282,0.00408810707449442));
#15828=CARTESIAN_POINT('',(-0.0445,-0.0328954384548166,0.00394951631522274));
#15829=CARTESIAN_POINT('',(-0.0445,-0.0318168279191779,0.00412196817006378));
#15830=CARTESIAN_POINT('',(-0.0445,-0.0324220875685386,0.00321268213878165));
#15831=CARTESIAN_POINT('',(-0.0445,-0.0308916696765077,0.00219397057296134));
#15832=CARTESIAN_POINT('',(-0.0445,-0.0293612517844768,0.00117525900714103));
#15833=CARTESIAN_POINT('',(-0.0445,-0.0278147396282186,0.0021693678186552));
#15834=CARTESIAN_POINT('',(-0.0445,-0.0262682274719605,0.00316347663016938));
#15835=CARTESIAN_POINT('',(-0.0445,-0.0268588695838903,0.00408232494487867));
#15836=CARTESIAN_POINT('',(-0.0445,-0.0257831545906575,0.00389264736801913));
#15837=CARTESIAN_POINT('',(-0.0445,-0.0257587829027079,0.00403086607880129));
#15838=CARTESIAN_POINT('',(-0.0445,-0.0257344112147583,0.00416908478958346));
#15839=CARTESIAN_POINT('',(-0.0445,-0.026163246265634,0.0039590920858887));
#15840=CARTESIAN_POINT('',(-0.0445,-0.0265920813165097,0.00374909938219395));
#15841=CARTESIAN_POINT('',(-0.0445,-0.0265622512036012,0.003918274359209));
#15842=CARTESIAN_POINT('',(-0.0445,-0.0265324210906927,0.00408744933622405));
#15843=CARTESIAN_POINT('',(-0.0445,-0.0258051897170799,0.00395921882383841));
#15844=CARTESIAN_POINT('',(-0.0445,-0.026129948812658,0.00462242321534442));
#15845=CARTESIAN_POINT('',(-0.0445,-0.0260383763476747,0.00466726458142804));
#15846=CARTESIAN_POINT('',(-0.0445,-0.0259468038826916,0.00471210594751168));
#15847=CARTESIAN_POINT('',(-0.0445,-0.0262715629782697,0.00537531033901767));
#15848=CARTESIAN_POINT('',(-0.0445,-0.0293282802498933,0.00529882599626215));
#15849=CARTESIAN_POINT('',(-0.0445,-0.0308074907171554,0.00529882599626215));
#15850=CARTESIAN_POINT('',(-0.0445,-0.00306573007759659,0.00416999999999986));
#15851=CARTESIAN_POINT('',(-0.0445,-0.00306573007759659,0.00701999999999986));
#15852=CARTESIAN_POINT('',(-0.0445,-0.00306573007759659,0.00131999999999986));
#15853=CARTESIAN_POINT('',(-0.0445,-0.0039657300775966,0.00701999999999986));
#15854=CARTESIAN_POINT('',(-0.0445,-0.00486573007759659,0.00701999999999986));
#15855=CARTESIAN_POINT('',(-0.0445,-0.00486573007759659,0.00416999999999986));
#15856=CARTESIAN_POINT('',(-0.0445,-0.00486573007759659,0.00131999999999986));
#15857=CARTESIAN_POINT('',(-0.0445,-0.0039657300775966,0.00131999999999986));
#15858=CARTESIAN_POINT('',(-0.0445,-0.0162186250090599,0.00416999999999986));
#15859=CARTESIAN_POINT('',(-0.0445,-0.0197186250090599,0.00416999999999986));
#15860=CARTESIAN_POINT('',(-0.0445,-0.0293282802498933,0.00780724307392573));
#15861=CARTESIAN_POINT('',(-0.0445,-0.0294996760279411,0.00780724307392573));
#15862=CARTESIAN_POINT('',(-0.0445,0.0202347514517641,0.006913));
#15863=CARTESIAN_POINT('',(-0.0445,0.017609751451764,0.006913));
#15864=CARTESIAN_POINT('',(-0.0445,0.017609751451764,0.00599));
#15865=CARTESIAN_POINT('',(-0.0445,0.017609751451764,0.00599));
#15866=CARTESIAN_POINT('',(-0.0445,0.0202347514517641,0.00599));
#15867=CARTESIAN_POINT('',(-0.0445,0.020234751451764,0.003365));
#15868=CARTESIAN_POINT('',(-0.0445,0.0286067514517641,0.003365));
#15869=CARTESIAN_POINT('',(-0.0445,0.028606751451764,0.003365));
#15870=CARTESIAN_POINT('',(-0.0445,0.028606751451764,0.00599));
#15871=CARTESIAN_POINT('',(-0.0445,0.0312317514517641,0.00599));
#15872=CARTESIAN_POINT('',(-0.0445,0.0312317514517641,0.006913));
#15873=CARTESIAN_POINT('',(-0.0445,0.0312317514517641,0.006913));
#15874=CARTESIAN_POINT('',(-0.0445,0.028606751451764,0.006913));
#15875=CARTESIAN_POINT('',(-0.0445,0.056,0.00833999999999945));
#15876=CARTESIAN_POINT('',(-0.0445,0.056,0.00555999999999973));
#15877=CARTESIAN_POINT('',(-0.0445,0.056,0.00278));
#15878=CARTESIAN_POINT('',(-0.0445,0.056,2.81025203108243E-16));
#15879=CARTESIAN_POINT('',(-0.0445,0.056,0.));
#15880=CARTESIAN_POINT('',(-0.0445,-6.93889390390723E-18,0.));
#15881=CARTESIAN_POINT('',(-0.0445,-0.056,0.));
#15882=CARTESIAN_POINT('',(-0.0445,-0.056,-3.10515502199848E-16));
#15883=CARTESIAN_POINT('',(-0.0445,-0.056,0.00278));
#15884=CARTESIAN_POINT('',(-0.0445,-0.056,0.00556000000000031));
#15885=CARTESIAN_POINT('',(-0.0445,-0.056,0.00834000000000062));
#15886=CARTESIAN_POINT('',(-0.0445,0.0015342699224034,0.00416999999999986));
#15887=CARTESIAN_POINT('',(-0.0445,0.0015342699224034,0.00701999999999986));
#15888=CARTESIAN_POINT('',(-0.0445,0.0015342699224034,0.00131999999999986));
#15889=CARTESIAN_POINT('',(-0.0445,0.000634269922403405,0.00701999999999986));
#15890=CARTESIAN_POINT('',(-0.0445,-0.000265730077596595,0.00701999999999986));
#15891=CARTESIAN_POINT('',(-0.0445,-0.000265730077596595,0.00416999999999986));
#15892=CARTESIAN_POINT('',(-0.0445,-0.000265730077596595,0.00131999999999986));
#15893=CARTESIAN_POINT('',(-0.0445,0.000634269922403405,0.00131999999999986));
#15894=CARTESIAN_POINT('',(0.,0.,0.));
#15895=CARTESIAN_POINT('',(0.0435,6.70759744044365E-18,0.));
#15896=CARTESIAN_POINT('',(0.0435,0.00803983710706234,0.));
#15897=CARTESIAN_POINT('',(0.0435,0.0154447598333398,0.));
#15898=CARTESIAN_POINT('',(0.0435,0.00803983710706234,0.));
#15899=CARTESIAN_POINT('',(0.0435,0.00044475983333981,0.));
#15900=CARTESIAN_POINT('',(0.0435,0.00044475983333981,0.));
#15901=CARTESIAN_POINT('',(0.0435,6.70759744044365E-18,0.));
#15902=CARTESIAN_POINT('',(0.0435,-0.00696016289293766,0.));
#15903=CARTESIAN_POINT('',(0.0435,-0.00696016289293766,0.));
#15904=CARTESIAN_POINT('',(0.0435,-0.0309633023713788,0.));
#15905=CARTESIAN_POINT('',(0.0435,-0.0309633023713788,0.));
#15906=CARTESIAN_POINT('',(0.0435,6.70759744044365E-18,0.));
#15907=CARTESIAN_POINT('',(0.0435,-0.0383682250976562,0.));
#15908=CARTESIAN_POINT('',(0.0435,-0.0383682250976562,0.));
#15909=CARTESIAN_POINT('',(0.0435,-0.0459633023713788,0.));
#15910=CARTESIAN_POINT('',(0.0435,-0.0459633023713788,0.));
#15911=CARTESIAN_POINT('',(0.0435,6.70759744044365E-18,0.));
#15912=CARTESIAN_POINT('',(0.0435,-0.0533682250976562,0.));
#15913=CARTESIAN_POINT('',(0.0435,-0.0533682250976562,0.));
#15914=CARTESIAN_POINT('',(0.0445,-0.056,0.));
#15915=CARTESIAN_POINT('',(0.0445,-0.0561698710510911,0.));
#15916=CARTESIAN_POINT('',(0.0444939511228357,-0.0564822705537386,0.));
#15917=CARTESIAN_POINT('',(0.0444740801003984,-0.056779892902181,0.));
#15918=CARTESIAN_POINT('',(0.0444457352463876,-0.0570064015188701,0.));
#15919=CARTESIAN_POINT('',(0.0443963791667997,-0.0572910917398701,0.));
#15920=CARTESIAN_POINT('',(0.044284575315567,-0.0577355692158284,0.));
#15921=CARTESIAN_POINT('',(0.0440053794180695,-0.0584000249931585,0.));
#15922=CARTESIAN_POINT('',(0.0435178397763483,-0.0590313557695427,0.));
#15923=CARTESIAN_POINT('',(0.042886910779403,-0.0595095099746879,0.));
#15924=CARTESIAN_POINT('',(0.0422540571925705,-0.0597797380164843,0.));
#15925=CARTESIAN_POINT('',(0.0417189021335865,-0.0599142276253457,0.));
#15926=CARTESIAN_POINT('',(0.0413756731017073,-0.059964736884177,0.));
#15927=CARTESIAN_POINT('',(0.0411286407781292,-0.059985575419835,0.));
#15928=CARTESIAN_POINT('',(0.0409058907029487,-0.0599960818760196,0.));
#15929=CARTESIAN_POINT('',(0.0406735839515519,-0.06,0.));
#15930=CARTESIAN_POINT('',(0.0405,-0.06,0.));
#15931=CARTESIAN_POINT('',(0.0375929614007473,-0.059,0.));
#15932=CARTESIAN_POINT('',(0.0375929614007473,-0.059,0.));
#15933=CARTESIAN_POINT('',(0.006,-0.059,0.));
#15934=CARTESIAN_POINT('',(0.0348390419106864,-0.059,0.));
#15935=CARTESIAN_POINT('',(0.0348390419106864,-0.059,0.));
#15936=CARTESIAN_POINT('',(0.0315929614007473,-0.059,0.));
#15937=CARTESIAN_POINT('',(0.0315929614007473,-0.059,0.));
#15938=CARTESIAN_POINT('',(1.35711250809751E-17,-0.059,0.));
#15939=CARTESIAN_POINT('',(0.0288390419106864,-0.059,0.));
#15940=CARTESIAN_POINT('',(0.0288390419106864,-0.059,0.));
#15941=CARTESIAN_POINT('',(0.0255929614007473,-0.059,0.));
#15942=CARTESIAN_POINT('',(0.0255929614007473,-0.059,0.));
#15943=CARTESIAN_POINT('',(-0.006,-0.059,0.));
#15944=CARTESIAN_POINT('',(0.0228390419106864,-0.059,0.));
#15945=CARTESIAN_POINT('',(0.0228390419106864,-0.059,0.));
#15946=CARTESIAN_POINT('',(0.0195929614007474,-0.059,0.));
#15947=CARTESIAN_POINT('',(0.0195929614007474,-0.059,0.));
#15948=CARTESIAN_POINT('',(-0.012,-0.059,0.));
#15949=CARTESIAN_POINT('',(0.0168390419106864,-0.059,0.));
#15950=CARTESIAN_POINT('',(0.0168390419106864,-0.059,0.));
#15951=CARTESIAN_POINT('',(-0.0168390419106864,-0.059,0.));
#15952=CARTESIAN_POINT('',(-0.0168390419106864,-0.059,0.));
#15953=CARTESIAN_POINT('',(0.012,-0.059,0.));
#15954=CARTESIAN_POINT('',(-0.0195929614007473,-0.059,0.));
#15955=CARTESIAN_POINT('',(-0.0195929614007473,-0.059,0.));
#15956=CARTESIAN_POINT('',(-0.0228390419106864,-0.059,0.));
#15957=CARTESIAN_POINT('',(-0.0228390419106864,-0.059,0.));
#15958=CARTESIAN_POINT('',(0.006,-0.059,0.));
#15959=CARTESIAN_POINT('',(-0.0255929614007473,-0.059,0.));
#15960=CARTESIAN_POINT('',(-0.0255929614007473,-0.059,0.));
#15961=CARTESIAN_POINT('',(-0.0288390419106864,-0.059,0.));
#15962=CARTESIAN_POINT('',(-0.0288390419106864,-0.059,0.));
#15963=CARTESIAN_POINT('',(1.37218576077267E-17,-0.059,0.));
#15964=CARTESIAN_POINT('',(-0.0315929614007473,-0.059,0.));
#15965=CARTESIAN_POINT('',(-0.0315929614007473,-0.059,0.));
#15966=CARTESIAN_POINT('',(-0.0348390419106864,-0.059,0.));
#15967=CARTESIAN_POINT('',(-0.0348390419106864,-0.059,0.));
#15968=CARTESIAN_POINT('',(-0.006,-0.059,0.));
#15969=CARTESIAN_POINT('',(-0.0375929614007473,-0.059,0.));
#15970=CARTESIAN_POINT('',(-0.0375929614007473,-0.059,0.));
#15971=CARTESIAN_POINT('',(-0.0405,-0.06,0.));
#15972=CARTESIAN_POINT('',(-0.0406698710511018,-0.06,0.));
#15973=CARTESIAN_POINT('',(-0.0409822705537639,-0.0599939511228353,0.));
#15974=CARTESIAN_POINT('',(-0.0412798929021887,-0.0599740801003995,0.));
#15975=CARTESIAN_POINT('',(-0.0415064015188755,-0.0599457352463857,0.));
#15976=CARTESIAN_POINT('',(-0.0417910917399034,-0.0598963791667914,0.));
#15977=CARTESIAN_POINT('',(-0.0422355692158401,-0.0597845753155653,0.));
#15978=CARTESIAN_POINT('',(-0.0429000249931712,-0.0595053794180552,0.));
#15979=CARTESIAN_POINT('',(-0.0435313557695541,-0.0590178397763423,0.));
#15980=CARTESIAN_POINT('',(-0.0440095099746938,-0.0583869107793868,0.));
#15981=CARTESIAN_POINT('',(-0.0442797380164957,-0.0577540571925516,0.));
#15982=CARTESIAN_POINT('',(-0.0444142276253416,-0.0572189021335903,0.));
#15983=CARTESIAN_POINT('',(-0.0444647368841752,-0.0568756731017008,0.));
#15984=CARTESIAN_POINT('',(-0.0444855754198354,-0.0566286407781377,0.));
#15985=CARTESIAN_POINT('',(-0.0444960818760195,-0.0564058907029765,0.));
#15986=CARTESIAN_POINT('',(-0.0445,-0.056173583951568,0.));
#15987=CARTESIAN_POINT('',(-0.0445,-0.056,0.));
#15988=CARTESIAN_POINT('',(-0.0445,0.056,0.));
#15989=CARTESIAN_POINT('',(-0.0445,0.0561698710510911,0.));
#15990=CARTESIAN_POINT('',(-0.0444939511228357,0.0564822705537386,0.));
#15991=CARTESIAN_POINT('',(-0.0444740801003984,0.056779892902181,0.));
#15992=CARTESIAN_POINT('',(-0.0444457352463876,0.0570064015188701,0.));
#15993=CARTESIAN_POINT('',(-0.0443963791667997,0.0572910917398701,0.));
#15994=CARTESIAN_POINT('',(-0.044284575315567,0.0577355692158284,0.));
#15995=CARTESIAN_POINT('',(-0.0440053794180695,0.0584000249931585,0.));
#15996=CARTESIAN_POINT('',(-0.0435178397763483,0.0590313557695427,0.));
#15997=CARTESIAN_POINT('',(-0.042886910779403,0.0595095099746879,0.));
#15998=CARTESIAN_POINT('',(-0.0422540571925705,0.0597797380164843,0.));
#15999=CARTESIAN_POINT('',(-0.0417189021335865,0.0599142276253457,0.));
#16000=CARTESIAN_POINT('',(-0.0413756731017073,0.059964736884177,0.));
#16001=CARTESIAN_POINT('',(-0.0411286407781292,0.059985575419835,0.));
#16002=CARTESIAN_POINT('',(-0.0409058907029487,0.0599960818760196,0.));
#16003=CARTESIAN_POINT('',(-0.0406735839515519,0.06,0.));
#16004=CARTESIAN_POINT('',(-0.0405,0.06,0.));
#16005=CARTESIAN_POINT('',(-0.0335622025391348,-5.23336095731466E-18,0.));
#16006=CARTESIAN_POINT('',(-0.0335622025391348,0.059,0.));
#16007=CARTESIAN_POINT('',(-9.19988180518037E-18,0.059,0.));
#16008=CARTESIAN_POINT('',(-0.0316777304653435,0.059,0.));
#16009=CARTESIAN_POINT('',(-0.0316777304653435,-4.9395148497885E-18,0.));
#16010=CARTESIAN_POINT('',(-0.0274638408638256,-4.28244220107591E-18,0.));
#16011=CARTESIAN_POINT('',(-0.0274638408638256,0.059,0.));
#16012=CARTESIAN_POINT('',(-9.19988180518037E-18,0.059,0.));
#16013=CARTESIAN_POINT('',(-0.0256380765402555,0.059,0.));
#16014=CARTESIAN_POINT('',(-0.0256380765402555,0.059,0.));
#16015=CARTESIAN_POINT('',(-0.02452563311794,-3.82428687936043E-18,0.));
#16016=CARTESIAN_POINT('',(-0.02452563311794,0.059,-3.79470760369927E-19));
#16017=CARTESIAN_POINT('',(-9.19988180518037E-18,0.059,0.));
#16018=CARTESIAN_POINT('',(-0.0221730342402104,0.059,0.));
#16019=CARTESIAN_POINT('',(-0.0221730342402104,0.059,0.));
#16020=CARTESIAN_POINT('',(-0.0198642368983555,-3.09743443415209E-18,0.));
#16021=CARTESIAN_POINT('',(-0.0198642368983555,0.059,0.));
#16022=CARTESIAN_POINT('',(-9.19988180518037E-18,0.059,0.));
#16023=CARTESIAN_POINT('',(-0.01866232175311,0.059,-3.11708124589582E-19));
#16024=CARTESIAN_POINT('',(-0.0186623217531099,-2.91001956506539E-18,0.));
#16025=CARTESIAN_POINT('',(-0.0161251078974563,0.059,0.));
#16026=CARTESIAN_POINT('',(-0.0161251078974563,0.059,0.));
#16027=CARTESIAN_POINT('',(-9.19988180518037E-18,0.059,0.));
#16028=CARTESIAN_POINT('',(-0.0128107063164111,0.059,0.));
#16029=CARTESIAN_POINT('',(-0.0128107063164111,0.059,0.));
#16030=CARTESIAN_POINT('',(-0.0115085509104899,0.059,0.));
#16031=CARTESIAN_POINT('',(-0.0115085509104899,0.059,0.));
#16032=CARTESIAN_POINT('',(-9.19988180518037E-18,0.059,0.));
#16033=CARTESIAN_POINT('',(-0.00969904815749003,0.059,0.));
#16034=CARTESIAN_POINT('',(-0.00969904815749003,-1.51237451985866E-18,0.));
#16035=CARTESIAN_POINT('',(-0.00473027544398667,-7.37592796451261E-19,0.));
#16036=CARTESIAN_POINT('',(-0.00473027544398667,0.059,9.82558218814988E-20));
#16037=CARTESIAN_POINT('',(-9.19988180518037E-18,0.059,0.));
#16038=CARTESIAN_POINT('',(-0.00238887349373762,0.059,0.));
#16039=CARTESIAN_POINT('',(-0.00238887349373762,0.059,0.));
#16040=CARTESIAN_POINT('',(-0.000790177672555514,0.059,0.));
#16041=CARTESIAN_POINT('',(-0.000790177672555514,0.059,0.));
#16042=CARTESIAN_POINT('',(-9.19988180518037E-18,0.059,0.));
#16043=CARTESIAN_POINT('',(0.00101285669827053,0.059,0.));
#16044=CARTESIAN_POINT('',(0.00101285669827054,1.57934947621597E-19,0.));
#16045=CARTESIAN_POINT('',(0.00278632779927684,0.059,0.));
#16046=CARTESIAN_POINT('',(0.00278632779927684,0.059,0.));
#16047=CARTESIAN_POINT('',(-9.19988180518037E-18,0.059,0.));
#16048=CARTESIAN_POINT('',(0.00469172630928946,0.059,0.));
#16049=CARTESIAN_POINT('',(0.00469172630928946,0.059,0.));
#16050=CARTESIAN_POINT('',(0.0113400442136513,0.059,0.));
#16051=CARTESIAN_POINT('',(0.0113400442136513,0.059,0.));
#16052=CARTESIAN_POINT('',(-9.19988180518037E-18,0.059,0.));
#16053=CARTESIAN_POINT('',(0.0131947114464777,0.059,0.));
#16054=CARTESIAN_POINT('',(0.0131947114464777,0.059,0.));
#16055=CARTESIAN_POINT('',(0.0177849479968846,2.77321049970538E-18,0.));
#16056=CARTESIAN_POINT('',(0.0177849479968846,0.059,-5.42101086242752E-20));
#16057=CARTESIAN_POINT('',(-9.19988180518037E-18,0.059,0.));
#16058=CARTESIAN_POINT('',(0.0195730878839943,0.059,0.));
#16059=CARTESIAN_POINT('',(0.0195730878839943,3.05203551008738E-18,0.));
#16060=CARTESIAN_POINT('',(0.022012432554118,3.43240301258288E-18,0.));
#16061=CARTESIAN_POINT('',(0.022012432554118,0.059,0.));
#16062=CARTESIAN_POINT('',(-9.19988180518037E-18,0.059,0.));
#16063=CARTESIAN_POINT('',(0.0238302267650627,0.059,0.));
#16064=CARTESIAN_POINT('',(0.0238302267650627,0.059,0.));
#16065=CARTESIAN_POINT('',(0.0250908435946825,0.059,0.));
#16066=CARTESIAN_POINT('',(0.0250908435946825,0.059,0.));
#16067=CARTESIAN_POINT('',(-9.19988180518037E-18,0.059,0.));
#16068=CARTESIAN_POINT('',(0.0284147266314782,0.059,0.));
#16069=CARTESIAN_POINT('',(0.0284147266314782,0.059,0.));
#16070=CARTESIAN_POINT('',(0.0315372651061434,0.059,0.));
#16071=CARTESIAN_POINT('',(0.0315372651061434,0.059,0.));
#16072=CARTESIAN_POINT('',(-9.19988180518037E-18,0.059,0.));
#16073=CARTESIAN_POINT('',(0.0338842962894195,0.059,1.82959116606929E-19));
#16074=CARTESIAN_POINT('',(0.0338842962894195,5.28358510024359E-18,0.));
#16075=CARTESIAN_POINT('',(0.0349181049103553,5.4447870853586E-18,0.));
#16076=CARTESIAN_POINT('',(0.0349181049103553,0.059,0.));
#16077=CARTESIAN_POINT('',(-9.19988180518037E-18,0.059,0.));
#16078=CARTESIAN_POINT('',(0.036860617502697,0.059,0.));
#16079=CARTESIAN_POINT('',(0.036860617502697,5.74768346255551E-18,0.));
#16080=CARTESIAN_POINT('',(0.0405,0.06,0.));
#16081=CARTESIAN_POINT('',(0.0406698710511018,0.06,0.));
#16082=CARTESIAN_POINT('',(0.0409822705537639,0.0599939511228353,0.));
#16083=CARTESIAN_POINT('',(0.0412798929021887,0.0599740801003995,0.));
#16084=CARTESIAN_POINT('',(0.0415064015188755,0.0599457352463857,0.));
#16085=CARTESIAN_POINT('',(0.0417910917399034,0.0598963791667914,0.));
#16086=CARTESIAN_POINT('',(0.0422355692158401,0.0597845753155653,0.));
#16087=CARTESIAN_POINT('',(0.0429000249931712,0.0595053794180552,0.));
#16088=CARTESIAN_POINT('',(0.0435313557695541,0.0590178397763423,0.));
#16089=CARTESIAN_POINT('',(0.0440095099746938,0.0583869107793868,0.));
#16090=CARTESIAN_POINT('',(0.0442797380164957,0.0577540571925516,0.));
#16091=CARTESIAN_POINT('',(0.0444142276253416,0.0572189021335903,0.));
#16092=CARTESIAN_POINT('',(0.0444647368841752,0.0568756731017008,0.));
#16093=CARTESIAN_POINT('',(0.0444855754198354,0.0566286407781377,0.));
#16094=CARTESIAN_POINT('',(0.0444960818760195,0.0564058907029765,0.));
#16095=CARTESIAN_POINT('',(0.0445,0.056173583951568,0.));
#16096=CARTESIAN_POINT('',(0.0445,0.056,0.));
#16097=CARTESIAN_POINT('',(0.0445,0.056,-1.55257751099924E-16));
#16098=CARTESIAN_POINT('',(0.0435,0.056,-1.55257751099924E-16));
#16099=CARTESIAN_POINT('',(0.0435,0.056,-1.55257751099924E-16));
#16100=CARTESIAN_POINT('',(0.0435,6.70759744044365E-18,0.));
#16101=CARTESIAN_POINT('',(0.0435,0.0530398371070623,0.));
#16102=CARTESIAN_POINT('',(0.0435,0.0530398371070623,0.));
#16103=CARTESIAN_POINT('',(0.0435,0.0454447598333398,0.));
#16104=CARTESIAN_POINT('',(0.0435,0.0454447598333398,0.));
#16105=CARTESIAN_POINT('',(0.0435,6.70759744044365E-18,0.));
#16106=CARTESIAN_POINT('',(0.0435,0.0380398371070624,0.));
#16107=CARTESIAN_POINT('',(0.0435,0.0380398371070624,0.));
#16108=CARTESIAN_POINT('',(0.0435,0.0304447598333398,0.));
#16109=CARTESIAN_POINT('',(0.0435,0.0304447598333398,0.));
#16110=CARTESIAN_POINT('',(0.0435,6.70759744044365E-18,0.));
#16111=CARTESIAN_POINT('',(0.0435,0.0230398371070623,0.));
#16112=CARTESIAN_POINT('',(0.0435,0.0230398371070623,0.));
#16113=CARTESIAN_POINT('',(0.0435,0.0154447598333398,0.));
#16114=CARTESIAN_POINT('',(0.0395,-0.055,0.));
#16115=CARTESIAN_POINT('',(0.041,-0.055,0.));
#16116=CARTESIAN_POINT('',(0.0395,0.055,0.));
#16117=CARTESIAN_POINT('',(0.041,0.055,0.));
#16118=CARTESIAN_POINT('',(0.0345,6.93889390390723E-18,0.));
#16119=CARTESIAN_POINT('',(0.0345,-0.05,0.));
#16120=CARTESIAN_POINT('',(0.0345,0.05,0.));
#16121=CARTESIAN_POINT('',(-6.93889390390723E-18,0.05,0.));
#16122=CARTESIAN_POINT('',(-0.0345,0.05,0.));
#16123=CARTESIAN_POINT('',(-0.0345,0.,0.));
#16124=CARTESIAN_POINT('',(-0.0345,-0.05,0.));
#16125=CARTESIAN_POINT('',(6.93889390390723E-18,-0.05,0.));
#16126=CARTESIAN_POINT('',(-0.0395,-0.055,0.));
#16127=CARTESIAN_POINT('',(-0.038,-0.055,0.));
#16128=CARTESIAN_POINT('',(-0.0395,0.055,0.));
#16129=CARTESIAN_POINT('',(-0.038,0.055,0.));
#16130=CARTESIAN_POINT('',(0.0345,6.93889390390723E-18,0.00834));
#16131=CARTESIAN_POINT('',(0.0345,-0.05,0.00834));
#16132=CARTESIAN_POINT('',(0.0345,0.05,0.00834));
#16133=CARTESIAN_POINT('',(6.93889390390723E-18,-0.05,0.00834));
#16134=CARTESIAN_POINT('',(-0.0345,-0.05,0.00834));
#16135=CARTESIAN_POINT('',(-0.0345,0.,0.00834));
#16136=CARTESIAN_POINT('',(-0.0345,0.0186097514517641,0.00834));
#16137=CARTESIAN_POINT('',(-0.0345,0.0186097514517641,0.00599));
#16138=CARTESIAN_POINT('',(-0.0345,0.0186097514517641,0.006913));
#16139=CARTESIAN_POINT('',(-0.0345,0.0202347514517641,0.006913));
#16140=CARTESIAN_POINT('',(-0.0345,0.05,0.00834));
#16141=CARTESIAN_POINT('',(-0.0345,0.0286067514517641,0.006913));
#16142=CARTESIAN_POINT('',(-0.0345,0.0302317514517641,0.006913));
#16143=CARTESIAN_POINT('',(-0.0345,0.0302317514517641,0.00834));
#16144=CARTESIAN_POINT('',(-0.0345,0.0302317514517641,0.00599));
#16145=CARTESIAN_POINT('',(-0.0345,0.0286067514517641,0.00599));
#16146=CARTESIAN_POINT('',(-0.0345,0.028606751451764,0.004365));
#16147=CARTESIAN_POINT('',(-0.0345,0.,0.004365));
#16148=CARTESIAN_POINT('',(-0.0345,0.0202347514517641,0.004365));
#16149=CARTESIAN_POINT('',(-0.0345,0.0202347514517641,0.00599));
#16150=CARTESIAN_POINT('',(-6.93889390390723E-18,0.05,0.00834));
#16151=CARTESIAN_POINT('',(0.0395,0.055,-0.150569081970726));
#16152=CARTESIAN_POINT('',(0.0395,-0.055,-0.150569081970726));
#16153=CARTESIAN_POINT('',(-0.0395,-0.055,-0.150569081970726));
#16154=CARTESIAN_POINT('',(-0.0395,0.055,-0.150569081970726));
#16155=CARTESIAN_POINT('',(-0.0405,0.06,0.));
#16156=CARTESIAN_POINT('',(-0.0405,0.06,0.00834));
#16157=CARTESIAN_POINT('',(-0.0411,0.06,0.));
#16158=CARTESIAN_POINT('',(-0.0411,0.06,0.00834));
#16159=CARTESIAN_POINT('',(-0.0417,0.06,0.));
#16160=CARTESIAN_POINT('',(-0.0417,0.06,0.00834));
#16161=CARTESIAN_POINT('',(-0.0431666666666667,0.0596,0.));
#16162=CARTESIAN_POINT('',(-0.0431666666666667,0.0596,0.00834));
#16163=CARTESIAN_POINT('',(-0.0441,0.0586666666666666,0.));
#16164=CARTESIAN_POINT('',(-0.0441,0.0586666666666666,0.00834));
#16165=CARTESIAN_POINT('',(-0.0445,0.0572,0.));
#16166=CARTESIAN_POINT('',(-0.0445,0.0572,0.00834));
#16167=CARTESIAN_POINT('',(-0.0445,0.0566,0.));
#16168=CARTESIAN_POINT('',(-0.0445,0.0566,0.00834));
#16169=CARTESIAN_POINT('',(-0.0445,0.056,0.));
#16170=CARTESIAN_POINT('',(-0.0445,0.056,0.00834));
#16171=CARTESIAN_POINT('',(0.0405,0.06,0.00834000000000062));
#16172=CARTESIAN_POINT('',(0.0405,0.06,-3.15719672627779E-16));
#16173=CARTESIAN_POINT('',(0.0411,0.06,0.00834000000000062));
#16174=CARTESIAN_POINT('',(0.0411,0.06,-3.15719672627779E-16));
#16175=CARTESIAN_POINT('',(0.0417,0.06,0.00834000000000062));
#16176=CARTESIAN_POINT('',(0.0417,0.06,-3.15719672627779E-16));
#16177=CARTESIAN_POINT('',(0.0431666666666667,0.0596,0.00834000000000062));
#16178=CARTESIAN_POINT('',(0.0431666666666667,0.0596,-3.15719672627779E-16));
#16179=CARTESIAN_POINT('',(0.0441,0.0586666666666667,0.00834000000000062));
#16180=CARTESIAN_POINT('',(0.0441,0.0586666666666667,-3.15719672627779E-16));
#16181=CARTESIAN_POINT('',(0.0445,0.0572,0.00834000000000062));
#16182=CARTESIAN_POINT('',(0.0445,0.0572,-3.15719672627779E-16));
#16183=CARTESIAN_POINT('',(0.0445,0.0566,0.00834000000000062));
#16184=CARTESIAN_POINT('',(0.0445,0.0566,-3.15719672627779E-16));
#16185=CARTESIAN_POINT('',(0.0445,0.056,0.00834000000000062));
#16186=CARTESIAN_POINT('',(0.0445,0.056,-3.15719672627779E-16));
#16187=CARTESIAN_POINT('',(0.0445,0.056,0.00584457061738747));
#16188=CARTESIAN_POINT('',(0.0445,0.056,0.00667638041159185));
#16189=CARTESIAN_POINT('',(0.0445,0.056,0.00750819020579624));
#16190=CARTESIAN_POINT('',(0.0445,0.056,0.00834000000000062));
#16191=CARTESIAN_POINT('',(0.0445,0.056,-3.1485231088979E-16));
#16192=CARTESIAN_POINT('',(0.0445,0.056,0.00054635993729396));
#16193=CARTESIAN_POINT('',(0.0445,0.056,0.00109271987458824));
#16194=CARTESIAN_POINT('',(0.0445,0.056,0.00163907981188251));
#16195=CARTESIAN_POINT('',(-0.0405,-0.06,0.00834000000000062));
#16196=CARTESIAN_POINT('',(-0.0405,-0.06,-3.10515502199848E-16));
#16197=CARTESIAN_POINT('',(-0.0411,-0.06,0.00834000000000062));
#16198=CARTESIAN_POINT('',(-0.0411,-0.06,-3.10515502199848E-16));
#16199=CARTESIAN_POINT('',(-0.0417,-0.06,0.00834000000000062));
#16200=CARTESIAN_POINT('',(-0.0417,-0.06,-3.10515502199848E-16));
#16201=CARTESIAN_POINT('',(-0.0431666666666667,-0.0596,0.00834000000000062));
#16202=CARTESIAN_POINT('',(-0.0431666666666667,-0.0596,-3.10515502199848E-16));
#16203=CARTESIAN_POINT('',(-0.0441,-0.0586666666666667,0.00834000000000062));
#16204=CARTESIAN_POINT('',(-0.0441,-0.0586666666666667,-3.10515502199848E-16));
#16205=CARTESIAN_POINT('',(-0.0445,-0.0572,0.00834000000000062));
#16206=CARTESIAN_POINT('',(-0.0445,-0.0572,-3.10515502199848E-16));
#16207=CARTESIAN_POINT('',(-0.0445,-0.0566,0.00834000000000062));
#16208=CARTESIAN_POINT('',(-0.0445,-0.0566,-3.10515502199848E-16));
#16209=CARTESIAN_POINT('',(-0.0445,-0.056,0.00834000000000062));
#16210=CARTESIAN_POINT('',(-0.0445,-0.056,-3.10515502199848E-16));
#16211=CARTESIAN_POINT('',(0.0405,-0.06,0.));
#16212=CARTESIAN_POINT('',(0.0405,-0.06,0.00834));
#16213=CARTESIAN_POINT('',(0.0411,-0.06,0.));
#16214=CARTESIAN_POINT('',(0.0411,-0.06,0.00834));
#16215=CARTESIAN_POINT('',(0.0417,-0.06,0.));
#16216=CARTESIAN_POINT('',(0.0417,-0.06,0.00834));
#16217=CARTESIAN_POINT('',(0.0431666666666667,-0.0596,0.));
#16218=CARTESIAN_POINT('',(0.0431666666666667,-0.0596,0.00834));
#16219=CARTESIAN_POINT('',(0.0441,-0.0586666666666666,0.));
#16220=CARTESIAN_POINT('',(0.0441,-0.0586666666666666,0.00834));
#16221=CARTESIAN_POINT('',(0.0445,-0.0572,0.));
#16222=CARTESIAN_POINT('',(0.0445,-0.0572,0.00834));
#16223=CARTESIAN_POINT('',(0.0445,-0.0566,0.));
#16224=CARTESIAN_POINT('',(0.0445,-0.0566,0.00834));
#16225=CARTESIAN_POINT('',(0.0445,-0.056,0.));
#16226=CARTESIAN_POINT('',(0.0445,-0.056,0.00834));
#16227=CARTESIAN_POINT('',(0.0445,-0.056,0.00555744702438189));
#16228=CARTESIAN_POINT('',(0.0445,-0.056,0.00419071375235504));
#16229=CARTESIAN_POINT('',(0.0445,-0.056,0.0028239804803282));
#16230=CARTESIAN_POINT('',(0.0445,-0.056,0.00145724720830136));
#16231=CARTESIAN_POINT('',(-0.0195,0.0186097514517641,0.0064515));
#16232=CARTESIAN_POINT('',(-0.0195,0.0186097514517641,0.00599));
#16233=CARTESIAN_POINT('',(-0.0435,0.0186097514517641,0.00599));
#16234=CARTESIAN_POINT('',(-0.0435,0.0186097514517641,0.006913));
#16235=CARTESIAN_POINT('',(-0.0435,0.0186097514517641,0.006913));
#16236=CARTESIAN_POINT('',(-0.0195,0.0186097514517641,0.006913));
#16237=CARTESIAN_POINT('',(-0.0195,0.0202347514517641,0.006913));
#16238=CARTESIAN_POINT('',(-0.0435,0.0202347514517641,0.006913));
#16239=CARTESIAN_POINT('',(-0.0195,0.0286067514517641,0.006913));
#16240=CARTESIAN_POINT('',(-0.0435,0.028606751451764,0.006913));
#16241=CARTESIAN_POINT('',(-0.0435,0.0302317514517641,0.006913));
#16242=CARTESIAN_POINT('',(-0.0195,0.0302317514517641,0.006913));
#16243=CARTESIAN_POINT('',(-0.0195,0.0302317514517641,0.0064515));
#16244=CARTESIAN_POINT('',(-0.0435,0.0302317514517641,0.00599));
#16245=CARTESIAN_POINT('',(-0.0435,0.0302317514517641,0.00599));
#16246=CARTESIAN_POINT('',(-0.0195,0.0302317514517641,0.00599));
#16247=CARTESIAN_POINT('',(-0.0195,0.0286067514517641,0.00599));
#16248=CARTESIAN_POINT('',(-0.0435,0.028606751451764,0.00599));
#16249=CARTESIAN_POINT('',(-0.0435,0.028606751451764,0.004365));
#16250=CARTESIAN_POINT('',(-0.0195,0.0286067514517641,0.004365));
#16251=CARTESIAN_POINT('',(-0.0195,0.0244207514517641,0.004365));
#16252=CARTESIAN_POINT('',(-0.0435,0.020234751451764,0.004365));
#16253=CARTESIAN_POINT('',(-0.0435,0.020234751451764,0.004365));
#16254=CARTESIAN_POINT('',(-0.0195,0.0202347514517641,0.004365));
#16255=CARTESIAN_POINT('',(-0.0195,0.0202347514517641,0.00599));
#16256=CARTESIAN_POINT('',(-0.0435,0.0202347514517641,0.00599));
#16257=CARTESIAN_POINT('',(-0.0435,0.028606751451764,0.006913));
#16258=CARTESIAN_POINT('',(-0.0435,0.0302317514517641,0.006913));
#16259=CARTESIAN_POINT('',(-0.0435,0.0302317514517641,0.0064515));
#16260=CARTESIAN_POINT('',(-0.0435,0.0302317514517641,0.00599));
#16261=CARTESIAN_POINT('',(-0.0435,0.028606751451764,0.00599));
#16262=CARTESIAN_POINT('',(-0.0435,0.028606751451764,0.004365));
#16263=CARTESIAN_POINT('',(-0.0435,0.024420751451764,0.004365));
#16264=CARTESIAN_POINT('',(-0.0435,0.020234751451764,0.004365));
#16265=CARTESIAN_POINT('',(-0.0435,0.0202347514517641,0.00599));
#16266=CARTESIAN_POINT('',(-0.0435,0.0186097514517641,0.00599));
#16267=CARTESIAN_POINT('',(-0.0435,0.0186097514517641,0.0064515));
#16268=CARTESIAN_POINT('',(-0.0435,0.0186097514517641,0.006913));
#16269=CARTESIAN_POINT('',(-0.0435,0.0202347514517641,0.006913));
#16270=CARTESIAN_POINT('',(0.0425,-0.0242378425445822,0.00347718940919448));
#16271=CARTESIAN_POINT('',(0.0445,-0.0242378425445822,0.00347718940919448));
#16272=CARTESIAN_POINT('',(0.0445,-0.0252747465328359,0.00347718940919448));
#16273=CARTESIAN_POINT('',(0.0445,-0.0232009385563286,0.00347718940919448));
#16274=CARTESIAN_POINT('',(0.0425,-0.0252747465328359,0.00347718940919448));
#16275=CARTESIAN_POINT('',(0.0425,-0.0252747465328359,0.00347718940919448));
#16276=CARTESIAN_POINT('',(0.0425,-0.0242378425445822,0.00347718940919448));
#16277=CARTESIAN_POINT('',(0.0425,-0.0232009385563286,0.00347718940919448));
#16278=CARTESIAN_POINT('',(0.0425,-0.0232009385563286,0.00347718940919448));
#16279=CARTESIAN_POINT('',(0.0425,-0.0247572999401198,0.00490351887719953));
#16280=CARTESIAN_POINT('',(0.0445,-0.0247572999401198,0.00490351887719953));
#16281=CARTESIAN_POINT('',(0.0445,-0.0242398533474037,0.00632984834520458));
#16282=CARTESIAN_POINT('',(0.0425,-0.0242398533474037,0.00632984834520458));
#16283=CARTESIAN_POINT('',(0.0425,-0.0242398533474037,0.00632984834520458));
#16284=CARTESIAN_POINT('',(0.0425,-0.0247572999401198,0.00490351887719953));
#16285=CARTESIAN_POINT('',(0.0425,-0.0242405236150109,0.00281630554854928));
#16286=CARTESIAN_POINT('',(0.0425,-0.0229623232881849,0.00281630554854928));
#16287=CARTESIAN_POINT('',(0.0425,-0.0229623232881849,0.00281630554854928));
#16288=CARTESIAN_POINT('',(0.0425,-0.0242405236150109,0.00281630554854928));
#16289=CARTESIAN_POINT('',(0.0425,-0.0255187239418368,0.00281630554854928));
#16290=CARTESIAN_POINT('',(0.0425,-0.0255187239418368,0.00281630554854928));
#16291=CARTESIAN_POINT('',(0.0425,-0.0226714271466839,0.00202002763126074));
#16292=CARTESIAN_POINT('',(0.0425,-0.0223805310051828,0.00122374971397221));
#16293=CARTESIAN_POINT('',(0.0425,-0.0223805310051828,0.00122374971397221));
#16294=CARTESIAN_POINT('',(0.0425,-0.0226714271466839,0.00202002763126074));
#16295=CARTESIAN_POINT('',(0.0425,-0.0219676461591814,0.00122374971397221));
#16296=CARTESIAN_POINT('',(0.0425,-0.0215547613131799,0.00122374971397221));
#16297=CARTESIAN_POINT('',(0.0425,-0.0215547613131799,0.00122374971397221));
#16298=CARTESIAN_POINT('',(0.0425,-0.0219676461591814,0.00122374971397221));
#16299=CARTESIAN_POINT('',(0.0425,-0.0227216972172198,0.00427346732648301));
#16300=CARTESIAN_POINT('',(0.0425,-0.0238886331212596,0.00732318493899381));
#16301=CARTESIAN_POINT('',(0.0425,-0.0238886331212596,0.00732318493899381));
#16302=CARTESIAN_POINT('',(0.0425,-0.0227216972172198,0.00427346732648301));
#16303=CARTESIAN_POINT('',(0.0425,-0.0242405236150109,0.00732318493899381));
#16304=CARTESIAN_POINT('',(0.0425,-0.0245924141087621,0.00732318493899381));
#16305=CARTESIAN_POINT('',(0.0425,-0.0245924141087621,0.00732318493899381));
#16306=CARTESIAN_POINT('',(0.0425,-0.0242405236150109,0.00732318493899381));
#16307=CARTESIAN_POINT('',(0.0425,-0.0257566689423734,0.00427346732648301));
#16308=CARTESIAN_POINT('',(0.0425,-0.0269209237759846,0.00122374971397221));
#16309=CARTESIAN_POINT('',(0.0425,-0.0269209237759846,0.00122374971397221));
#16310=CARTESIAN_POINT('',(0.0425,-0.0257566689423734,0.00427346732648301));
#16311=CARTESIAN_POINT('',(0.0425,-0.0265066983947688,0.00122374971397221));
#16312=CARTESIAN_POINT('',(0.0425,-0.0260924730135531,0.00122374971397221));
#16313=CARTESIAN_POINT('',(0.0425,-0.0260924730135531,0.00122374971397221));
#16314=CARTESIAN_POINT('',(0.0425,-0.0265066983947688,0.00122374971397221));
#16315=CARTESIAN_POINT('',(0.0425,-0.025805598477695,0.00202002763126074));
#16316=CARTESIAN_POINT('',(0.0425,-0.025805598477695,0.00202002763126074));
#16317=CARTESIAN_POINT('',(0.0425,-0.0237203959518662,0.00490351887719953));
#16318=CARTESIAN_POINT('',(0.0445,-0.0237203959518662,0.00490351887719953));
#16319=CARTESIAN_POINT('',(0.0425,-0.0237203959518662,0.00490351887719953));
#16320=CARTESIAN_POINT('',(0.0425,-4.04768811061255E-18,0.00417000000000016));
#16321=CARTESIAN_POINT('',(0.0425,-0.0127648719130773,0.00404289526962506));
#16322=CARTESIAN_POINT('',(0.0425,-0.0114431041917869,0.00404289526962506));
#16323=CARTESIAN_POINT('',(0.0425,-0.0114431041917869,0.00404289526962506));
#16324=CARTESIAN_POINT('',(0.0425,-0.0127648719130773,0.00404289526962506));
#16325=CARTESIAN_POINT('',(0.0425,-0.0140866396343677,0.00404289526962506));
#16326=CARTESIAN_POINT('',(0.0425,-0.0140866396343677,0.00404289526962506));
#16327=CARTESIAN_POINT('',(0.0425,-0.0114431041917869,0.00437199666473336));
#16328=CARTESIAN_POINT('',(0.0425,-0.0114431041917869,0.00470109805984167));
#16329=CARTESIAN_POINT('',(0.0425,-0.0114431041917869,0.00470109805984167));
#16330=CARTESIAN_POINT('',(0.0425,-0.0114431041917869,0.00437199666473336));
#16331=CARTESIAN_POINT('',(0.0425,-0.0127648719130773,0.00470109805984167));
#16332=CARTESIAN_POINT('',(0.0425,-0.0140866396343677,0.00470109805984167));
#16333=CARTESIAN_POINT('',(0.0425,-0.0140866396343677,0.00470109805984167));
#16334=CARTESIAN_POINT('',(0.0425,-0.0127648719130773,0.00470109805984167));
#16335=CARTESIAN_POINT('',(0.0425,-0.0140866396343677,0.005681029301488));
#16336=CARTESIAN_POINT('',(0.0425,-0.0140866396343677,0.00666096054313432));
#16337=CARTESIAN_POINT('',(0.0425,-0.0140866396343677,0.00666096054313432));
#16338=CARTESIAN_POINT('',(0.0425,-0.0140866396343677,0.005681029301488));
#16339=CARTESIAN_POINT('',(0.0425,-0.0125718348422195,0.00666096054313433));
#16340=CARTESIAN_POINT('',(0.0425,-0.0110570300500713,0.00666096054313433));
#16341=CARTESIAN_POINT('',(0.0425,-0.0110570300500713,0.00666096054313433));
#16342=CARTESIAN_POINT('',(0.0425,-0.0125718348422195,0.00666096054313433));
#16343=CARTESIAN_POINT('',(0.0425,-0.0110570300500713,0.00699207274106407));
#16344=CARTESIAN_POINT('',(0.0425,-0.0110570300500713,0.00732318493899381));
#16345=CARTESIAN_POINT('',(0.0425,-0.0110570300500713,0.00732318493899381));
#16346=CARTESIAN_POINT('',(0.0425,-0.0110570300500713,0.00699207274106407));
#16347=CARTESIAN_POINT('',(0.0425,-0.0129739954065066,0.00732318493899381));
#16348=CARTESIAN_POINT('',(0.0425,-0.014890960762942,0.00732318493899381));
#16349=CARTESIAN_POINT('',(0.0425,-0.014890960762942,0.00732318493899381));
#16350=CARTESIAN_POINT('',(0.0425,-0.0129739954065066,0.00732318493899381));
#16351=CARTESIAN_POINT('',(0.0425,-0.014890960762942,0.00427346732648301));
#16352=CARTESIAN_POINT('',(0.0425,-0.014890960762942,0.00122374971397221));
#16353=CARTESIAN_POINT('',(0.0425,-0.014890960762942,0.00122374971397221));
#16354=CARTESIAN_POINT('',(0.0425,-0.014890960762942,0.00427346732648301));
#16355=CARTESIAN_POINT('',(0.0425,-0.0129532171106851,0.00122374971397221));
#16356=CARTESIAN_POINT('',(0.0425,-0.0110154734584283,0.00122374971397221));
#16357=CARTESIAN_POINT('',(0.0425,-0.0110154734584283,0.00122374971397221));
#16358=CARTESIAN_POINT('',(0.0425,-0.0129532171106851,0.00122374971397221));
#16359=CARTESIAN_POINT('',(0.0425,-0.0110154734584283,0.00155285110908052));
#16360=CARTESIAN_POINT('',(0.0425,-0.0110154734584283,0.00188195250418883));
#16361=CARTESIAN_POINT('',(0.0425,-0.0110154734584283,0.00188195250418883));
#16362=CARTESIAN_POINT('',(0.0425,-0.0110154734584283,0.00155285110908052));
#16363=CARTESIAN_POINT('',(0.0425,-0.012551056546398,0.00188195250418883));
#16364=CARTESIAN_POINT('',(0.0425,-0.0140866396343677,0.00188195250418883));
#16365=CARTESIAN_POINT('',(0.0425,-0.0140866396343677,0.00188195250418883));
#16366=CARTESIAN_POINT('',(0.0425,-0.012551056546398,0.00188195250418883));
#16367=CARTESIAN_POINT('',(0.0425,-0.0140866396343677,0.00296242388690694));
#16368=CARTESIAN_POINT('',(0.0425,-0.0140866396343677,0.00296242388690694));
#16369=CARTESIAN_POINT('',(0.0425,-4.04768811061255E-18,0.00417000000000016));
#16370=CARTESIAN_POINT('',(0.0425,-0.0162301554420182,0.00202404923690361));
#16371=CARTESIAN_POINT('',(0.0445,-0.0162301554420182,0.00202404923690361));
#16372=CARTESIAN_POINT('',(0.0425,-0.0164374915551618,0.00172823779961685));
#16373=CARTESIAN_POINT('',(0.0445,-0.0164374915551618,0.00172823779961685));
#16374=CARTESIAN_POINT('',(0.0425,-0.0167261534713056,0.00150682606672321));
#16375=CARTESIAN_POINT('',(0.0445,-0.0167261534713056,0.00150682606672321));
#16376=CARTESIAN_POINT('',(0.0425,-0.0170961411904498,0.00135981403822269));
#16377=CARTESIAN_POINT('',(0.0445,-0.0170961411904498,0.00135981403822269));
#16378=CARTESIAN_POINT('',(0.0425,-0.0162301554420182,0.00202404923690361));
#16379=CARTESIAN_POINT('',(0.0425,-0.0162301554420182,0.00202404923690361));
#16380=CARTESIAN_POINT('',(0.0425,-0.0162301554420182,0.00202404923690361));
#16381=CARTESIAN_POINT('',(0.0425,-0.0165411596117336,0.00158033208097347));
#16382=CARTESIAN_POINT('',(0.0425,-0.0170961411904498,0.00135981403822269));
#16383=CARTESIAN_POINT('',(0.0425,-0.0170961411904498,0.00135981403822269));
#16384=CARTESIAN_POINT('',(0.0425,-0.0170961411904498,0.00135981403822269));
#16385=CARTESIAN_POINT('',(0.0425,-0.0162301554420182,0.00314272587322901));
#16386=CARTESIAN_POINT('',(0.0425,-0.0162301554420182,0.0042614025095544));
#16387=CARTESIAN_POINT('',(0.0425,-0.0162301554420182,0.0042614025095544));
#16388=CARTESIAN_POINT('',(0.0425,-0.0162301554420182,0.00314272587322901));
#16389=CARTESIAN_POINT('',(0.0425,-0.0173360969938078,0.0042614025095544));
#16390=CARTESIAN_POINT('',(0.0425,-0.0184420385455975,0.0042614025095544));
#16391=CARTESIAN_POINT('',(0.0425,-0.0184420385455975,0.0042614025095544));
#16392=CARTESIAN_POINT('',(0.0425,-0.0173360969938078,0.0042614025095544));
#16393=CARTESIAN_POINT('',(0.0425,-0.0184420385455975,0.00393431191726753));
#16394=CARTESIAN_POINT('',(0.0425,-0.0184420385455975,0.00360722132498065));
#16395=CARTESIAN_POINT('',(0.0425,-0.0184420385455975,0.00360722132498065));
#16396=CARTESIAN_POINT('',(0.0425,-0.0184420385455975,0.00393431191726753));
#16397=CARTESIAN_POINT('',(0.0425,-0.0177362467552735,0.00360722132498065));
#16398=CARTESIAN_POINT('',(0.0425,-0.0170304549649496,0.00360722132498065));
#16399=CARTESIAN_POINT('',(0.0425,-0.0170304549649496,0.00360722132498065));
#16400=CARTESIAN_POINT('',(0.0425,-0.0177362467552735,0.00360722132498065));
#16401=CARTESIAN_POINT('',(0.0425,-0.0170304549649496,0.00292220783047823));
#16402=CARTESIAN_POINT('',(0.0425,-0.0170304549649496,0.00223643267002116));
#16403=CARTESIAN_POINT('',(0.0425,-0.0170304549649496,0.00223643267002116));
#16404=CARTESIAN_POINT('',(0.0425,-0.0170304549649496,0.00292220783047823));
#16405=CARTESIAN_POINT('',(0.0425000000000001,-0.0179206183085376,0.00308139950641896));
#16406=CARTESIAN_POINT('',(0.0425,-0.0175921392197373,0.00189803892676032));
#16407=CARTESIAN_POINT('',(0.0425,-0.0175921392197373,0.00189803892676032));
#16408=CARTESIAN_POINT('',(0.0425,-0.0179206183085376,0.00308139950641896));
#16409=CARTESIAN_POINT('',(0.0425,-0.0183843955313829,0.00179749878568853));
#16410=CARTESIAN_POINT('',(0.0445,-0.0183843955313829,0.00179749878568853));
#16411=CARTESIAN_POINT('',(0.0425,-0.0180823282630962,0.00179749878568853));
#16412=CARTESIAN_POINT('',(0.0445,-0.0180823282630962,0.00179749878568853));
#16413=CARTESIAN_POINT('',(0.0425,-0.0178182428258809,0.00183101216604579));
#16414=CARTESIAN_POINT('',(0.0445,-0.0178182428258809,0.00183101216604579));
#16415=CARTESIAN_POINT('',(0.0425,-0.0175921392197373,0.00189803892676032));
#16416=CARTESIAN_POINT('',(0.0445,-0.0175921392197373,0.00189803892676032));
#16417=CARTESIAN_POINT('',(0.0425,-0.0183843955313829,0.00179749878568853));
#16418=CARTESIAN_POINT('',(0.0425,-0.0183843955313829,0.00179749878568853));
#16419=CARTESIAN_POINT('',(0.0425,-0.0183843955313829,0.00179749878568853));
#16420=CARTESIAN_POINT('',(0.0425,-0.0179312946289528,0.00179749878568853));
#16421=CARTESIAN_POINT('',(0.0425,-0.0175921392197373,0.00189803892676032));
#16422=CARTESIAN_POINT('',(0.0425,-0.019653882379316,0.00240275043494067));
#16423=CARTESIAN_POINT('',(0.0445,-0.019653882379316,0.00240275043494067));
#16424=CARTESIAN_POINT('',(0.0425,-0.0193410908293149,0.00199924933543924));
#16425=CARTESIAN_POINT('',(0.0445,-0.0193410908293149,0.00199924933543924));
#16426=CARTESIAN_POINT('',(0.0425,-0.0189179285466705,0.00179749878568853));
#16427=CARTESIAN_POINT('',(0.0445,-0.0189179285466705,0.00179749878568853));
#16428=CARTESIAN_POINT('',(0.0425,-0.0183843955313829,0.00179749878568853));
#16429=CARTESIAN_POINT('',(0.0445,-0.0183843955313829,0.00179749878568853));
#16430=CARTESIAN_POINT('',(0.0425,-0.019653882379316,0.00240275043494067));
#16431=CARTESIAN_POINT('',(0.0425,-0.019653882379316,0.00240275043494067));
#16432=CARTESIAN_POINT('',(0.0425,-0.019653882379316,0.00240275043494067));
#16433=CARTESIAN_POINT('',(0.0425,-0.0191846950543143,0.00179749878568853));
#16434=CARTESIAN_POINT('',(0.0425,-0.0183843955313829,0.00179749878568853));
#16435=CARTESIAN_POINT('',(0.0425,-0.0201230697043177,0.00403485205833931));
#16436=CARTESIAN_POINT('',(0.0445,-0.0201230697043177,0.00403485205833931));
#16437=CARTESIAN_POINT('',(0.0425,-0.0201230697043177,0.00335028540890831));
#16438=CARTESIAN_POINT('',(0.0445,-0.0201230697043177,0.00335028540890831));
#16439=CARTESIAN_POINT('',(0.0425,-0.0199666739293171,0.0028062515344421));
#16440=CARTESIAN_POINT('',(0.0445,-0.0199666739293171,0.0028062515344421));
#16441=CARTESIAN_POINT('',(0.0425,-0.019653882379316,0.00240275043494067));
#16442=CARTESIAN_POINT('',(0.0445,-0.019653882379316,0.00240275043494067));
#16443=CARTESIAN_POINT('',(0.0425,-0.0201230697043177,0.00403485205833931));
#16444=CARTESIAN_POINT('',(0.0425,-0.0201230697043177,0.00403485205833931));
#16445=CARTESIAN_POINT('',(0.0425,-0.0201230697043177,0.00403485205833931));
#16446=CARTESIAN_POINT('',(0.0425,-0.0201230697043177,0.00300800208419282));
#16447=CARTESIAN_POINT('',(0.0425,-0.019653882379316,0.00240275043494067));
#16448=CARTESIAN_POINT('',(0.0425,-0.0201230697043177,0.00428419160819734));
#16449=CARTESIAN_POINT('',(0.0425,-0.0201230697043177,0.00453353115805536));
#16450=CARTESIAN_POINT('',(0.0425,-0.0201230697043177,0.00453353115805536));
#16451=CARTESIAN_POINT('',(0.0425,-0.0201230697043177,0.00428419160819734));
#16452=CARTESIAN_POINT('',(0.0425,-0.0197014713794234,0.00617769759838261));
#16453=CARTESIAN_POINT('',(0.0445,-0.0197014713794234,0.00617769759838261));
#16454=CARTESIAN_POINT('',(0.0425,-0.0199789621687815,0.00579921982288127));
#16455=CARTESIAN_POINT('',(0.0445,-0.0199789621687815,0.00579921982288127));
#16456=CARTESIAN_POINT('',(0.0425,-0.0201194949437462,0.00525116434277219));
#16457=CARTESIAN_POINT('',(0.0445,-0.0201194949437462,0.00525116434277219));
#16458=CARTESIAN_POINT('',(0.0425,-0.0201230697043177,0.00453353115805536));
#16459=CARTESIAN_POINT('',(0.0445,-0.0201230697043177,0.00453353115805536));
#16460=CARTESIAN_POINT('',(0.0425,-0.0197014713794234,0.00617769759838261));
#16461=CARTESIAN_POINT('',(0.0425,-0.0197014713794234,0.00617769759838261));
#16462=CARTESIAN_POINT('',(0.0425,-0.0197014713794234,0.00617769759838261));
#16463=CARTESIAN_POINT('',(0.0425,-0.0201177075634605,0.0056099809351306));
#16464=CARTESIAN_POINT('',(0.0425,-0.0201230697043177,0.00453353115805536));
#16465=CARTESIAN_POINT('',(0.0425,-0.0184755519259547,0.00674541426163462));
#16466=CARTESIAN_POINT('',(0.0445,-0.0184755519259547,0.00674541426163462));
#16467=CARTESIAN_POINT('',(0.0425,-0.0190153407722423,0.00674541426163462));
#16468=CARTESIAN_POINT('',(0.0445,-0.0190153407722423,0.00674541426163462));
#16469=CARTESIAN_POINT('',(0.0425,-0.0194239805900652,0.00655617537388395));
#16470=CARTESIAN_POINT('',(0.0445,-0.0194239805900652,0.00655617537388395));
#16471=CARTESIAN_POINT('',(0.0425,-0.0197014713794234,0.00617769759838261));
#16472=CARTESIAN_POINT('',(0.0445,-0.0197014713794234,0.00617769759838261));
#16473=CARTESIAN_POINT('',(0.0425,-0.0184755519259547,0.00674541426163462));
#16474=CARTESIAN_POINT('',(0.0425,-0.0184755519259547,0.00674541426163462));
#16475=CARTESIAN_POINT('',(0.0425,-0.0184755519259547,0.00674541426163462));
#16476=CARTESIAN_POINT('',(0.0425,-0.0192852351953861,0.00674541426163462));
#16477=CARTESIAN_POINT('',(0.0425,-0.0197014713794234,0.00617769759838261));
#16478=CARTESIAN_POINT('',(0.0425,-0.0170344765705924,0.00553491096313034));
#16479=CARTESIAN_POINT('',(0.0445,-0.0170344765705924,0.00553491096313034));
#16480=CARTESIAN_POINT('',(0.0425,-0.0171855102047359,0.00634191316213319));
#16481=CARTESIAN_POINT('',(0.0445,-0.0171855102047359,0.00634191316213319));
#16482=CARTESIAN_POINT('',(0.0425,-0.0176658686565233,0.00674541426163462));
#16483=CARTESIAN_POINT('',(0.0445,-0.0176658686565233,0.00674541426163462));
#16484=CARTESIAN_POINT('',(0.0425,-0.0184755519259547,0.00674541426163462));
#16485=CARTESIAN_POINT('',(0.0445,-0.0184755519259547,0.00674541426163462));
#16486=CARTESIAN_POINT('',(0.0425,-0.0170344765705924,0.00553491096313034));
#16487=CARTESIAN_POINT('',(0.0425,-0.0170344765705924,0.00553491096313034));
#16488=CARTESIAN_POINT('',(0.0425,-0.0170344765705924,0.00553491096313034));
#16489=CARTESIAN_POINT('',(0.0425,-0.0172610270218076,0.00674541426163462));
#16490=CARTESIAN_POINT('',(0.0425,-0.0184755519259547,0.00674541426163462));
#16491=CARTESIAN_POINT('',(0.0425,-0.0166323160063053,0.00553491096313034));
#16492=CARTESIAN_POINT('',(0.0425,-0.0162301554420182,0.00553491096313034));
#16493=CARTESIAN_POINT('',(0.0425,-0.0162301554420182,0.00553491096313034));
#16494=CARTESIAN_POINT('',(0.0425,-0.0166323160063053,0.00553491096313034));
#16495=CARTESIAN_POINT('',(0.0425,-0.0169426499084135,0.00691901357188524));
#16496=CARTESIAN_POINT('',(0.0445,-0.0169426499084135,0.00691901357188524));
#16497=CARTESIAN_POINT('',(0.0425,-0.0165543415413408,0.00659326351481266));
#16498=CARTESIAN_POINT('',(0.0445,-0.0165543415413408,0.00659326351481266));
#16499=CARTESIAN_POINT('',(0.0425,-0.0163168433858756,0.00613189597856103));
#16500=CARTESIAN_POINT('',(0.0445,-0.0163168433858756,0.00613189597856103));
#16501=CARTESIAN_POINT('',(0.0425,-0.0162301554420182,0.00553491096313034));
#16502=CARTESIAN_POINT('',(0.0445,-0.0162301554420182,0.00553491096313034));
#16503=CARTESIAN_POINT('',(0.0425,-0.0169426499084135,0.00691901357188524));
#16504=CARTESIAN_POINT('',(0.0425,-0.0169426499084135,0.00691901357188524));
#16505=CARTESIAN_POINT('',(0.0425,-0.0169426499084135,0.00691901357188524));
#16506=CARTESIAN_POINT('',(0.0425,-0.0163601873578044,0.00643038848627637));
#16507=CARTESIAN_POINT('',(0.0425,-0.0162301554420182,0.00553491096313034));
#16508=CARTESIAN_POINT('',(0.0425,-0.0184809140668118,0.00740763865749411));
#16509=CARTESIAN_POINT('',(0.0445,-0.0184809140668118,0.00740763865749411));
#16510=CARTESIAN_POINT('',(0.0425,-0.0178437129949525,0.00740763865749411));
#16511=CARTESIAN_POINT('',(0.0445,-0.0178437129949525,0.00740763865749411));
#16512=CARTESIAN_POINT('',(0.0425,-0.0173309582754864,0.00724476362895782));
#16513=CARTESIAN_POINT('',(0.0445,-0.0173309582754864,0.00724476362895782));
#16514=CARTESIAN_POINT('',(0.0425,-0.0169426499084135,0.00691901357188524));
#16515=CARTESIAN_POINT('',(0.0445,-0.0169426499084135,0.00691901357188524));
#16516=CARTESIAN_POINT('',(0.0425,-0.0184809140668118,0.00740763865749411));
#16517=CARTESIAN_POINT('',(0.0425,-0.0184809140668118,0.00740763865749411));
#16518=CARTESIAN_POINT('',(0.0425,-0.0184809140668118,0.00740763865749411));
#16519=CARTESIAN_POINT('',(0.0425,-0.0175251124590228,0.00740763865749411));
#16520=CARTESIAN_POINT('',(0.0425,-0.0169426499084135,0.00691901357188524));
#16521=CARTESIAN_POINT('',(0.0425,-0.0202879555356754,0.00664889572620571));
#16522=CARTESIAN_POINT('',(0.0445,-0.0202879555356754,0.00664889572620571));
#16523=CARTESIAN_POINT('',(0.0425,-0.0198589842671025,0.00715472434706464));
#16524=CARTESIAN_POINT('',(0.0445,-0.0198589842671025,0.00715472434706464));
#16525=CARTESIAN_POINT('',(0.0425,-0.0192566371108146,0.00740763865749411));
#16526=CARTESIAN_POINT('',(0.0445,-0.0192566371108146,0.00740763865749411));
#16527=CARTESIAN_POINT('',(0.0425,-0.0184809140668118,0.00740763865749411));
#16528=CARTESIAN_POINT('',(0.0445,-0.0184809140668118,0.00740763865749411));
#16529=CARTESIAN_POINT('',(0.0425,-0.0202879555356754,0.00664889572620571));
#16530=CARTESIAN_POINT('',(0.0425,-0.0202879555356754,0.00664889572620571));
#16531=CARTESIAN_POINT('',(0.0425,-0.0202879555356754,0.00664889572620571));
#16532=CARTESIAN_POINT('',(0.0425,-0.019644498632816,0.00740763865749411));
#16533=CARTESIAN_POINT('',(0.0425,-0.0184809140668118,0.00740763865749411));
#16534=CARTESIAN_POINT('',(0.0425,-0.0209314124385349,0.00451208259462671));
#16535=CARTESIAN_POINT('',(0.0445,-0.0209314124385349,0.00451208259462671));
#16536=CARTESIAN_POINT('',(0.0425,-0.0209314124385348,0.00543079606148711));
#16537=CARTESIAN_POINT('',(0.0445,-0.0209314124385348,0.00543079606148711));
#16538=CARTESIAN_POINT('',(0.0425,-0.0207169268042484,0.00614306710534678));
#16539=CARTESIAN_POINT('',(0.0445,-0.0207169268042484,0.00614306710534678));
#16540=CARTESIAN_POINT('',(0.0425,-0.0202879555356754,0.00664889572620571));
#16541=CARTESIAN_POINT('',(0.0445,-0.0202879555356754,0.00664889572620571));
#16542=CARTESIAN_POINT('',(0.0425,-0.0209314124385349,0.00451208259462671));
#16543=CARTESIAN_POINT('',(0.0425,-0.0209314124385349,0.00451208259462671));
#16544=CARTESIAN_POINT('',(0.0425,-0.0209314124385349,0.00451208259462671));
#16545=CARTESIAN_POINT('',(0.0425,-0.0209314124385349,0.00589015279491731));
#16546=CARTESIAN_POINT('',(0.0425,-0.0202879555356754,0.00664889572620571));
#16547=CARTESIAN_POINT('',(0.0425,-0.0209314124385349,0.00424598635459005));
#16548=CARTESIAN_POINT('',(0.0425,-0.0209314124385349,0.0039798901145534));
#16549=CARTESIAN_POINT('',(0.0425,-0.0209314124385349,0.0039798901145534));
#16550=CARTESIAN_POINT('',(0.0425,-0.0209314124385349,0.00424598635459005));
#16551=CARTESIAN_POINT('',(0.0425,-0.0206063326490694,0.00248452308301239));
#16552=CARTESIAN_POINT('',(0.0445,-0.0206063326490694,0.00248452308301239));
#16553=CARTESIAN_POINT('',(0.0425,-0.020816796677713,0.00291483488679963));
#16554=CARTESIAN_POINT('',(0.0445,-0.020816796677713,0.00291483488679963));
#16555=CARTESIAN_POINT('',(0.0425,-0.0209251566075348,0.00341329056397996));
#16556=CARTESIAN_POINT('',(0.0445,-0.0209251566075348,0.00341329056397996));
#16557=CARTESIAN_POINT('',(0.0425,-0.0209314124385349,0.0039798901145534));
#16558=CARTESIAN_POINT('',(0.0445,-0.0209314124385349,0.0039798901145534));
#16559=CARTESIAN_POINT('',(0.0425,-0.0206063326490694,0.00248452308301239));
#16560=CARTESIAN_POINT('',(0.0425,-0.0206063326490694,0.00248452308301239));
#16561=CARTESIAN_POINT('',(0.0425,-0.0206063326490694,0.00248452308301239));
#16562=CARTESIAN_POINT('',(0.0425,-0.0209220286920348,0.00312999078869324));
#16563=CARTESIAN_POINT('',(0.0425,-0.0209314124385349,0.0039798901145534));
#16564=CARTESIAN_POINT('',(0.0425,-0.0197121956611376,0.00148917568640172));
#16565=CARTESIAN_POINT('',(0.0445,-0.0197121956611376,0.00148917568640172));
#16566=CARTESIAN_POINT('',(0.0425,-0.0200978229577819,0.00172242881368826));
#16567=CARTESIAN_POINT('',(0.0445,-0.0200978229577819,0.00172242881368826));
#16568=CARTESIAN_POINT('',(0.0425,-0.0203958686204258,0.00205421127922515));
#16569=CARTESIAN_POINT('',(0.0445,-0.0203958686204258,0.00205421127922515));
#16570=CARTESIAN_POINT('',(0.0425,-0.0206063326490694,0.00248452308301239));
#16571=CARTESIAN_POINT('',(0.0445,-0.0206063326490694,0.00248452308301239));
#16572=CARTESIAN_POINT('',(0.0425,-0.0197121956611376,0.00148917568640172));
#16573=CARTESIAN_POINT('',(0.0425,-0.0197121956611376,0.00148917568640172));
#16574=CARTESIAN_POINT('',(0.0425,-0.0197121956611376,0.00148917568640172));
#16575=CARTESIAN_POINT('',(0.0425,-0.020290636606104,0.00183905537733153));
#16576=CARTESIAN_POINT('',(0.0425,-0.0206063326490694,0.00248452308301239));
#16577=CARTESIAN_POINT('',(0.0425,-0.0183884171370258,0.00113929599547191));
#16578=CARTESIAN_POINT('',(0.0445,-0.0183884171370258,0.00113929599547191));
#16579=CARTESIAN_POINT('',(0.0425,-0.0188853088564561,0.00113929599547191));
#16580=CARTESIAN_POINT('',(0.0445,-0.0188853088564561,0.00113929599547191));
#16581=CARTESIAN_POINT('',(0.0425,-0.0193265683644934,0.00125592255911518));
#16582=CARTESIAN_POINT('',(0.0445,-0.0193265683644934,0.00125592255911518));
#16583=CARTESIAN_POINT('',(0.0425,-0.0197121956611376,0.00148917568640172));
#16584=CARTESIAN_POINT('',(0.0445,-0.0197121956611376,0.00148917568640172));
#16585=CARTESIAN_POINT('',(0.0425,-0.0183884171370258,0.00113929599547191));
#16586=CARTESIAN_POINT('',(0.0425,-0.0183884171370258,0.00113929599547191));
#16587=CARTESIAN_POINT('',(0.0425,-0.0183884171370258,0.00113929599547191));
#16588=CARTESIAN_POINT('',(0.0425,-0.0191337547161713,0.00113929599547191));
#16589=CARTESIAN_POINT('',(0.0425,-0.0197121956611376,0.00148917568640172));
#16590=CARTESIAN_POINT('',(0.0425,-0.0170961411904498,0.00135981403822269));
#16591=CARTESIAN_POINT('',(0.0445,-0.0170961411904498,0.00135981403822269));
#16592=CARTESIAN_POINT('',(0.0425,-0.017466128909594,0.00121280200972217));
#16593=CARTESIAN_POINT('',(0.0445,-0.017466128909594,0.00121280200972217));
#16594=CARTESIAN_POINT('',(0.0425,-0.0178968875584526,0.00113929599547191));
#16595=CARTESIAN_POINT('',(0.0445,-0.0178968875584526,0.00113929599547191));
#16596=CARTESIAN_POINT('',(0.0425,-0.0183884171370258,0.00113929599547191));
#16597=CARTESIAN_POINT('',(0.0445,-0.0183884171370258,0.00113929599547191));
#16598=CARTESIAN_POINT('',(0.0425,-0.0170961411904498,0.00135981403822269));
#16599=CARTESIAN_POINT('',(0.0425,-0.017651122769166,0.00113929599547191));
#16600=CARTESIAN_POINT('',(0.0425,-0.0183884171370258,0.00113929599547191));
#16601=CARTESIAN_POINT('',(0.0425,-4.04768811061255E-18,0.00417000000000016));
#16602=CARTESIAN_POINT('',(0.0425,-0.0296234427679942,0.00394235512855327));
#16603=CARTESIAN_POINT('',(0.0445,-0.0296234427679942,0.00394235512855327));
#16604=CARTESIAN_POINT('',(0.0425,-0.0303133715582823,0.00414075434026826));
#16605=CARTESIAN_POINT('',(0.0445,-0.0303133715582823,0.00414075434026826));
#16606=CARTESIAN_POINT('',(0.0425,-0.0308154019960341,0.0043845083267334));
#16607=CARTESIAN_POINT('',(0.0445,-0.0308154019960341,0.0043845083267334));
#16608=CARTESIAN_POINT('',(0.0425,-0.0311295340812495,0.00467361708794871));
#16609=CARTESIAN_POINT('',(0.0445,-0.0311295340812495,0.00467361708794871));
#16610=CARTESIAN_POINT('',(0.0425,-0.0296234427679942,0.00394235512855327));
#16611=CARTESIAN_POINT('',(0.0425,-0.0296234427679942,0.00394235512855327));
#16612=CARTESIAN_POINT('',(0.0425,-0.0296234427679942,0.00394235512855327));
#16613=CARTESIAN_POINT('',(0.0425,-0.0306583359534264,0.00423995394612575));
#16614=CARTESIAN_POINT('',(0.0425,-0.0311295340812495,0.00467361708794871));
#16615=CARTESIAN_POINT('',(0.0425,-0.0311295340812495,0.00467361708794871));
#16616=CARTESIAN_POINT('',(0.0425,-0.0311295340812495,0.00467361708794871));
#16617=CARTESIAN_POINT('',(0.0425,-0.0284846581034544,0.00345842191619441));
#16618=CARTESIAN_POINT('',(0.0445,-0.0284846581034544,0.00345842191619441));
#16619=CARTESIAN_POINT('',(0.0425,-0.0286942284419552,0.00362196721233785));
#16620=CARTESIAN_POINT('',(0.0445,-0.0286942284419552,0.00362196721233785));
#16621=CARTESIAN_POINT('',(0.0425,-0.0290738233301351,0.00378327828312413));
#16622=CARTESIAN_POINT('',(0.0445,-0.0290738233301351,0.00378327828312413));
#16623=CARTESIAN_POINT('',(0.0425,-0.0296234427679942,0.00394235512855327));
#16624=CARTESIAN_POINT('',(0.0445,-0.0296234427679942,0.00394235512855327));
#16625=CARTESIAN_POINT('',(0.0425,-0.0284846581034544,0.00345842191619441));
#16626=CARTESIAN_POINT('',(0.0425,-0.0284846581034544,0.00345842191619441));
#16627=CARTESIAN_POINT('',(0.0425,-0.0284846581034544,0.00345842191619441));
#16628=CARTESIAN_POINT('',(0.0425,-0.0287990136112055,0.00370373986040957));
#16629=CARTESIAN_POINT('',(0.0425,-0.0296234427679942,0.00394235512855327));
#16630=CARTESIAN_POINT('',(0.0425,-0.0281703025957033,0.00276536521040624));
#16631=CARTESIAN_POINT('',(0.0445,-0.0281703025957033,0.00276536521040624));
#16632=CARTESIAN_POINT('',(0.0425,-0.0281703025957033,0.00306385771812158));
#16633=CARTESIAN_POINT('',(0.0445,-0.0281703025957033,0.00306385771812158));
#16634=CARTESIAN_POINT('',(0.0425,-0.0282750877649537,0.00329487662005097));
#16635=CARTESIAN_POINT('',(0.0445,-0.0282750877649537,0.00329487662005097));
#16636=CARTESIAN_POINT('',(0.0425,-0.0284846581034544,0.00345842191619441));
#16637=CARTESIAN_POINT('',(0.0445,-0.0284846581034544,0.00345842191619441));
#16638=CARTESIAN_POINT('',(0.0425,-0.0281703025957033,0.00276536521040624));
#16639=CARTESIAN_POINT('',(0.0425,-0.0281703025957033,0.00276536521040624));
#16640=CARTESIAN_POINT('',(0.0425,-0.0281703025957033,0.00276536521040624));
#16641=CARTESIAN_POINT('',(0.0425,-0.0281703025957033,0.00321310397197926));
#16642=CARTESIAN_POINT('',(0.0425,-0.0284846581034544,0.00345842191619441));
#16643=CARTESIAN_POINT('',(0.0425,-0.0285094580049188,0.00205756261726087));
#16644=CARTESIAN_POINT('',(0.0445,-0.0285094580049188,0.00205756261726087));
#16645=CARTESIAN_POINT('',(0.0425,-0.0282833543987751,0.00223093850497578));
#16646=CARTESIAN_POINT('',(0.0445,-0.0282833543987751,0.00223093850497578));
#16647=CARTESIAN_POINT('',(0.0425,-0.0281703025957033,0.0024668727026909));
#16648=CARTESIAN_POINT('',(0.0445,-0.0281703025957033,0.0024668727026909));
#16649=CARTESIAN_POINT('',(0.0425,-0.0281703025957033,0.00276536521040624));
#16650=CARTESIAN_POINT('',(0.0445,-0.0281703025957033,0.00276536521040624));
#16651=CARTESIAN_POINT('',(0.0425,-0.0285094580049188,0.00205756261726087));
#16652=CARTESIAN_POINT('',(0.0425,-0.0285094580049188,0.00205756261726087));
#16653=CARTESIAN_POINT('',(0.0425,-0.0285094580049188,0.00205756261726087));
#16654=CARTESIAN_POINT('',(0.0425,-0.0281703025957033,0.00231762644883323));
#16655=CARTESIAN_POINT('',(0.0425,-0.0281703025957033,0.00276536521040624));
#16656=CARTESIAN_POINT('',(0.0425,-0.0294853676409223,0.00179749878568852));
#16657=CARTESIAN_POINT('',(0.0445,-0.0294853676409223,0.00179749878568852));
#16658=CARTESIAN_POINT('',(0.0425,-0.0290608648230636,0.00179749878568853));
#16659=CARTESIAN_POINT('',(0.0445,-0.0290608648230636,0.00179749878568853));
#16660=CARTESIAN_POINT('',(0.0425,-0.0287355616110625,0.00188418672954597));
#16661=CARTESIAN_POINT('',(0.0445,-0.0287355616110625,0.00188418672954597));
#16662=CARTESIAN_POINT('',(0.0425,-0.0285094580049188,0.00205756261726087));
#16663=CARTESIAN_POINT('',(0.0445,-0.0285094580049188,0.00205756261726087));
#16664=CARTESIAN_POINT('',(0.0425,-0.0294853676409223,0.00179749878568852));
#16665=CARTESIAN_POINT('',(0.0425,-0.0294853676409223,0.00179749878568852));
#16666=CARTESIAN_POINT('',(0.0425,-0.0294853676409223,0.00179749878568852));
#16667=CARTESIAN_POINT('',(0.0425,-0.0288486134141343,0.00179749878568852));
#16668=CARTESIAN_POINT('',(0.0425,-0.0285094580049188,0.00205756261726087));
#16669=CARTESIAN_POINT('',(0.0425,-0.0305765633053547,0.00211788670190394));
#16670=CARTESIAN_POINT('',(0.0445,-0.0305765633053547,0.00211788670190394));
#16671=CARTESIAN_POINT('',(0.0425,-0.0303039878117823,0.00190429475776033));
#16672=CARTESIAN_POINT('',(0.0445,-0.0303039878117823,0.00190429475776033));
#16673=CARTESIAN_POINT('',(0.0425,-0.0299402559236382,0.00179749878568853));
#16674=CARTESIAN_POINT('',(0.0445,-0.0299402559236382,0.00179749878568853));
#16675=CARTESIAN_POINT('',(0.0425,-0.0294853676409223,0.00179749878568852));
#16676=CARTESIAN_POINT('',(0.0445,-0.0294853676409223,0.00179749878568852));
#16677=CARTESIAN_POINT('',(0.0425,-0.0305765633053547,0.00211788670190394));
#16678=CARTESIAN_POINT('',(0.0425,-0.0305765633053547,0.00211788670190394));
#16679=CARTESIAN_POINT('',(0.0425,-0.0305765633053547,0.00211788670190394));
#16680=CARTESIAN_POINT('',(0.0425,-0.0301677000649961,0.00179749878568852));
#16681=CARTESIAN_POINT('',(0.0425,-0.0294853676409223,0.00179749878568852));
#16682=CARTESIAN_POINT('',(0.0425,-0.0309854265457133,0.00299191566162132));
#16683=CARTESIAN_POINT('',(0.0445,-0.0309854265457133,0.00299191566162132));
#16684=CARTESIAN_POINT('',(0.0425,-0.0309854265457133,0.00262282163262002));
#16685=CARTESIAN_POINT('',(0.0445,-0.0309854265457133,0.00262282163262002));
#16686=CARTESIAN_POINT('',(0.0425,-0.0308491387989271,0.00233147864604756));
#16687=CARTESIAN_POINT('',(0.0445,-0.0308491387989271,0.00233147864604756));
#16688=CARTESIAN_POINT('',(0.0425,-0.0305765633053547,0.00211788670190394));
#16689=CARTESIAN_POINT('',(0.0445,-0.0305765633053547,0.00211788670190394));
#16690=CARTESIAN_POINT('',(0.0425,-0.0309854265457133,0.00299191566162132));
#16691=CARTESIAN_POINT('',(0.0425,-0.0309854265457133,0.00299191566162132));
#16692=CARTESIAN_POINT('',(0.0425,-0.0309854265457133,0.00299191566162132));
#16693=CARTESIAN_POINT('',(0.0425,-0.0309854265457133,0.00243827461811936));
#16694=CARTESIAN_POINT('',(0.0425,-0.0305765633053547,0.00211788670190394));
#16695=CARTESIAN_POINT('',(0.0425,-0.0313895979128219,0.00299191566162132));
#16696=CARTESIAN_POINT('',(0.0425,-0.0317929219520466,0.00299191566162132));
#16697=CARTESIAN_POINT('',(0.0425,-0.0317929219520466,0.00299191566162132));
#16698=CARTESIAN_POINT('',(0.0425,-0.0313895979128219,0.00299191566162132));
#16699=CARTESIAN_POINT('',(0.0425,-0.0301858716748623,0.00296831956709362));
#16700=CARTESIAN_POINT('',(0.0425,-0.0314981812651794,0.00204080592708224));
#16701=CARTESIAN_POINT('',(0.0425,-0.0314981812651794,0.00204080592708224));
#16702=CARTESIAN_POINT('',(0.0425,-0.0301858716748623,0.00296831956709362));
#16703=CARTESIAN_POINT('',(0.0425,-0.0306583359534264,0.00138059233404419));
#16704=CARTESIAN_POINT('',(0.0445,-0.0306583359534264,0.00138059233404419));
#16705=CARTESIAN_POINT('',(0.0425,-0.0310211741514277,0.00154145655975905));
#16706=CARTESIAN_POINT('',(0.0445,-0.0310211741514277,0.00154145655975905));
#16707=CARTESIAN_POINT('',(0.0425,-0.0313011225886787,0.0017615277574384));
#16708=CARTESIAN_POINT('',(0.0445,-0.0313011225886787,0.0017615277574384));
#16709=CARTESIAN_POINT('',(0.0425,-0.0314981812651794,0.00204080592708224));
#16710=CARTESIAN_POINT('',(0.0445,-0.0314981812651794,0.00204080592708224));
#16711=CARTESIAN_POINT('',(0.0425,-0.0306583359534264,0.00138059233404419));
#16712=CARTESIAN_POINT('',(0.0425,-0.0306583359534264,0.00138059233404419));
#16713=CARTESIAN_POINT('',(0.0425,-0.0306583359534264,0.00138059233404419));
#16714=CARTESIAN_POINT('',(0.0425,-0.0312025932504283,0.00162188867261648));
#16715=CARTESIAN_POINT('',(0.0425,-0.0314981812651794,0.00204080592708224));
#16716=CARTESIAN_POINT('',(0.0425000000000001,-0.0295111189132227,0.00400007685338945));
#16717=CARTESIAN_POINT('',(0.0425,-0.0294853676409223,0.00113929599547191));
#16718=CARTESIAN_POINT('',(0.0425,-0.0294853676409223,0.00113929599547191));
#16719=CARTESIAN_POINT('',(0.0425,-0.0295111189132227,0.00400007685338945));
#16720=CARTESIAN_POINT('',(0.0425,-0.0279397305388453,0.00158569422183064));
#16721=CARTESIAN_POINT('',(0.0445,-0.0279397305388453,0.00158569422183064));
#16722=CARTESIAN_POINT('',(0.0425,-0.0283249109904181,0.00128809540425815));
#16723=CARTESIAN_POINT('',(0.0445,-0.0283249109904181,0.00128809540425815));
#16724=CARTESIAN_POINT('',(0.0425,-0.0288401233577771,0.00113929599547191));
#16725=CARTESIAN_POINT('',(0.0445,-0.0288401233577771,0.00113929599547191));
#16726=CARTESIAN_POINT('',(0.0425,-0.0294853676409223,0.00113929599547191));
#16727=CARTESIAN_POINT('',(0.0445,-0.0294853676409223,0.00113929599547191));
#16728=CARTESIAN_POINT('',(0.0425,-0.0279397305388453,0.00158569422183064));
#16729=CARTESIAN_POINT('',(0.0425,-0.0279397305388453,0.00158569422183064));
#16730=CARTESIAN_POINT('',(0.0425,-0.0279397305388453,0.00158569422183064));
#16731=CARTESIAN_POINT('',(0.0425,-0.0285175012162046,0.00113929599547191));
#16732=CARTESIAN_POINT('',(0.0425,-0.0294853676409223,0.00113929599547191));
#16733=CARTESIAN_POINT('',(0.0425,-0.0273619598614861,0.00277340842169198));
#16734=CARTESIAN_POINT('',(0.0445,-0.0273619598614861,0.00277340842169198));
#16735=CARTESIAN_POINT('',(0.0425,-0.0273619598614861,0.00227919777269023));
#16736=CARTESIAN_POINT('',(0.0445,-0.0273619598614861,0.00227919777269023));
#16737=CARTESIAN_POINT('',(0.0425,-0.0275545500872725,0.00188329303940311));
#16738=CARTESIAN_POINT('',(0.0445,-0.0275545500872725,0.00188329303940311));
#16739=CARTESIAN_POINT('',(0.0425,-0.0279397305388453,0.00158569422183064));
#16740=CARTESIAN_POINT('',(0.0445,-0.0279397305388453,0.00158569422183064));
#16741=CARTESIAN_POINT('',(0.0425,-0.0273619598614861,0.00277340842169198));
#16742=CARTESIAN_POINT('',(0.0425,-0.0273619598614861,0.00277340842169198));
#16743=CARTESIAN_POINT('',(0.0425,-0.0273619598614861,0.00277340842169198));
#16744=CARTESIAN_POINT('',(0.0425,-0.0273619598614861,0.00203209244818936));
#16745=CARTESIAN_POINT('',(0.0425,-0.0279397305388453,0.00158569422183064));
#16746=CARTESIAN_POINT('',(0.0425,-0.0275690725520941,0.00358242142351628));
#16747=CARTESIAN_POINT('',(0.0445,-0.0275690725520941,0.00358242142351628));
#16748=CARTESIAN_POINT('',(0.0425,-0.0274309974250221,0.00335318990187261));
#16749=CARTESIAN_POINT('',(0.0445,-0.0274309974250221,0.00335318990187261));
#16750=CARTESIAN_POINT('',(0.0425,-0.0273619598614861,0.00308351890126451));
#16751=CARTESIAN_POINT('',(0.0445,-0.0273619598614861,0.00308351890126451));
#16752=CARTESIAN_POINT('',(0.0425,-0.0273619598614861,0.00277340842169198));
#16753=CARTESIAN_POINT('',(0.0445,-0.0273619598614861,0.00277340842169198));
#16754=CARTESIAN_POINT('',(0.0425,-0.0275690725520941,0.00358242142351628));
#16755=CARTESIAN_POINT('',(0.0425,-0.0275690725520941,0.00358242142351628));
#16756=CARTESIAN_POINT('',(0.0425,-0.0275690725520941,0.00358242142351628));
#16757=CARTESIAN_POINT('',(0.0425,-0.0273619598614861,0.00323857414105077));
#16758=CARTESIAN_POINT('',(0.0425,-0.0273619598614861,0.00277340842169198));
#16759=CARTESIAN_POINT('',(0.0425,-0.028205826778882,0.00418365146712555));
#16760=CARTESIAN_POINT('',(0.0445,-0.028205826778882,0.00418365146712555));
#16761=CARTESIAN_POINT('',(0.0425,-0.0279193990880953,0.00401206295969637));
#16762=CARTESIAN_POINT('',(0.0445,-0.0279193990880953,0.00401206295969637));
#16763=CARTESIAN_POINT('',(0.0425,-0.027707147679166,0.00381165294515995));
#16764=CARTESIAN_POINT('',(0.0445,-0.027707147679166,0.00381165294515995));
#16765=CARTESIAN_POINT('',(0.0425,-0.0275690725520941,0.00358242142351628));
#16766=CARTESIAN_POINT('',(0.0445,-0.0275690725520941,0.00358242142351628));
#16767=CARTESIAN_POINT('',(0.0425,-0.028205826778882,0.00418365146712555));
#16768=CARTESIAN_POINT('',(0.0425,-0.028205826778882,0.00418365146712555));
#16769=CARTESIAN_POINT('',(0.0425,-0.028205826778882,0.00418365146712555));
#16770=CARTESIAN_POINT('',(0.0425,-0.027776185242702,0.00392626870598178));
#16771=CARTESIAN_POINT('',(0.0425,-0.0275690725520941,0.00358242142351628));
#16772=CARTESIAN_POINT('',(0.0425,-0.0293955517815648,0.00465484959494865));
#16773=CARTESIAN_POINT('',(0.0445,-0.0293955517815648,0.00465484959494865));
#16774=CARTESIAN_POINT('',(0.0425,-0.028888829470563,0.00451230601716243));
#16775=CARTESIAN_POINT('',(0.0445,-0.028888829470563,0.00451230601716243));
#16776=CARTESIAN_POINT('',(0.0425,-0.0284922544696687,0.00435523997455473));
#16777=CARTESIAN_POINT('',(0.0445,-0.0284922544696687,0.00435523997455473));
#16778=CARTESIAN_POINT('',(0.0425,-0.028205826778882,0.00418365146712555));
#16779=CARTESIAN_POINT('',(0.0445,-0.028205826778882,0.00418365146712555));
#16780=CARTESIAN_POINT('',(0.0425,-0.0293955517815648,0.00465484959494865));
#16781=CARTESIAN_POINT('',(0.0425,-0.0293955517815648,0.00465484959494865));
#16782=CARTESIAN_POINT('',(0.0425,-0.0293955517815648,0.00465484959494865));
#16783=CARTESIAN_POINT('',(0.0425,-0.0286354683150621,0.00444103422826931));
#16784=CARTESIAN_POINT('',(0.0425,-0.028205826778882,0.00418365146712555));
#16785=CARTESIAN_POINT('',(0.0425,-0.03047200155864,0.00512604772277174));
#16786=CARTESIAN_POINT('',(0.0445,-0.03047200155864,0.00512604772277174));
#16787=CARTESIAN_POINT('',(0.0425,-0.030261090684925,0.00495445921534256));
#16788=CARTESIAN_POINT('',(0.0445,-0.030261090684925,0.00495445921534256));
#16789=CARTESIAN_POINT('',(0.0425,-0.0299022740925666,0.00479739317273486));
#16790=CARTESIAN_POINT('',(0.0445,-0.0299022740925666,0.00479739317273486));
#16791=CARTESIAN_POINT('',(0.0425,-0.0293955517815648,0.00465484959494865));
#16792=CARTESIAN_POINT('',(0.0445,-0.0293955517815648,0.00465484959494865));
#16793=CARTESIAN_POINT('',(0.0425,-0.03047200155864,0.00512604772277174));
#16794=CARTESIAN_POINT('',(0.0425,-0.03047200155864,0.00512604772277174));
#16795=CARTESIAN_POINT('',(0.0425,-0.03047200155864,0.00512604772277174));
#16796=CARTESIAN_POINT('',(0.0425,-0.0301556352480675,0.00486866496162797));
#16797=CARTESIAN_POINT('',(0.0425,-0.0293955517815648,0.00465484959494865));
#16798=CARTESIAN_POINT('',(0.0425,-0.0307883678692126,0.00575609927348826));
#16799=CARTESIAN_POINT('',(0.0445,-0.0307883678692126,0.00575609927348826));
#16800=CARTESIAN_POINT('',(0.0425,-0.0307883678692126,0.00550765341377309));
#16801=CARTESIAN_POINT('',(0.0445,-0.0307883678692126,0.00550765341377309));
#16802=CARTESIAN_POINT('',(0.0425,-0.0306829124323551,0.00529763623020092));
#16803=CARTESIAN_POINT('',(0.0445,-0.0306829124323551,0.00529763623020092));
#16804=CARTESIAN_POINT('',(0.0425,-0.03047200155864,0.00512604772277174));
#16805=CARTESIAN_POINT('',(0.0445,-0.03047200155864,0.00512604772277174));
#16806=CARTESIAN_POINT('',(0.0425,-0.0307883678692126,0.00575609927348826));
#16807=CARTESIAN_POINT('',(0.0425,-0.0307883678692126,0.00575609927348826));
#16808=CARTESIAN_POINT('',(0.0425,-0.0307883678692126,0.00575609927348826));
#16809=CARTESIAN_POINT('',(0.0425,-0.0307883678692126,0.00538343048391551));
#16810=CARTESIAN_POINT('',(0.0425,-0.03047200155864,0.00512604772277174));
#16811=CARTESIAN_POINT('',(0.0425,-0.0304552448684614,0.00648333962724084));
#16812=CARTESIAN_POINT('',(0.0445,-0.0304552448684614,0.00648333962724084));
#16813=CARTESIAN_POINT('',(0.0425,-0.0306773268689622,0.00630862320431165));
#16814=CARTESIAN_POINT('',(0.0445,-0.0306773268689622,0.00630862320431165));
#16815=CARTESIAN_POINT('',(0.0425,-0.0307883678692126,0.00606620975306079));
#16816=CARTESIAN_POINT('',(0.0445,-0.0307883678692126,0.00606620975306079));
#16817=CARTESIAN_POINT('',(0.0425,-0.0307883678692126,0.00575609927348826));
#16818=CARTESIAN_POINT('',(0.0445,-0.0307883678692126,0.00575609927348826));
#16819=CARTESIAN_POINT('',(0.0425,-0.0304552448684614,0.00648333962724084));
#16820=CARTESIAN_POINT('',(0.0425,-0.0304552448684614,0.00648333962724084));
#16821=CARTESIAN_POINT('',(0.0425,-0.0304552448684614,0.00648333962724084));
#16822=CARTESIAN_POINT('',(0.0425,-0.0307883678692126,0.00622126499284705));
#16823=CARTESIAN_POINT('',(0.0425,-0.0307883678692126,0.00575609927348826));
#16824=CARTESIAN_POINT('',(0.0425,-0.0295269242325652,0.00674541426163462));
#16825=CARTESIAN_POINT('',(0.0445,-0.0295269242325652,0.00674541426163462));
#16826=CARTESIAN_POINT('',(0.0425,-0.0299237226559952,0.00674541426163462));
#16827=CARTESIAN_POINT('',(0.0445,-0.0299237226559952,0.00674541426163462));
#16828=CARTESIAN_POINT('',(0.0425,-0.0302331628679606,0.00665805605017003));
#16829=CARTESIAN_POINT('',(0.0445,-0.0302331628679606,0.00665805605017003));
#16830=CARTESIAN_POINT('',(0.0425,-0.0304552448684614,0.00648333962724084));
#16831=CARTESIAN_POINT('',(0.0445,-0.0304552448684614,0.00648333962724084));
#16832=CARTESIAN_POINT('',(0.0425,-0.0295269242325652,0.00674541426163462));
#16833=CARTESIAN_POINT('',(0.0425,-0.0295269242325652,0.00674541426163462));
#16834=CARTESIAN_POINT('',(0.0425,-0.0295269242325652,0.00674541426163462));
#16835=CARTESIAN_POINT('',(0.0425,-0.0301221218677102,0.00674541426163462));
#16836=CARTESIAN_POINT('',(0.0425,-0.0304552448684614,0.00648333962724084));
#16837=CARTESIAN_POINT('',(0.0425,-0.0285342579063832,0.00642904795106207));
#16838=CARTESIAN_POINT('',(0.0445,-0.0285342579063832,0.00642904795106207));
#16839=CARTESIAN_POINT('',(0.0425,-0.028768851568884,0.0066399588247771));
#16840=CARTESIAN_POINT('',(0.0445,-0.028768851568884,0.0066399588247771));
#16841=CARTESIAN_POINT('',(0.0425,-0.029099740344278,0.00674541426163462));
#16842=CARTESIAN_POINT('',(0.0445,-0.029099740344278,0.00674541426163462));
#16843=CARTESIAN_POINT('',(0.0425,-0.0295269242325652,0.00674541426163462));
#16844=CARTESIAN_POINT('',(0.0445,-0.0295269242325652,0.00674541426163462));
#16845=CARTESIAN_POINT('',(0.0425,-0.0285342579063832,0.00642904795106207));
#16846=CARTESIAN_POINT('',(0.0425,-0.0285342579063832,0.00642904795106207));
#16847=CARTESIAN_POINT('',(0.0425,-0.0285342579063832,0.00642904795106207));
#16848=CARTESIAN_POINT('',(0.0425,-0.0288861484001345,0.00674541426163462));
#16849=CARTESIAN_POINT('',(0.0425,-0.0295269242325652,0.00674541426163462));
#16850=CARTESIAN_POINT('',(0.0425,-0.028182367412632,0.00555904059698756));
#16851=CARTESIAN_POINT('',(0.0445,-0.028182367412632,0.00555904059698756));
#16852=CARTESIAN_POINT('',(0.0425,-0.028182367412632,0.00592813462598887));
#16853=CARTESIAN_POINT('',(0.0445,-0.028182367412632,0.00592813462598887));
#16854=CARTESIAN_POINT('',(0.0425,-0.0282996642438824,0.00621813707734704));
#16855=CARTESIAN_POINT('',(0.0445,-0.0282996642438824,0.00621813707734704));
#16856=CARTESIAN_POINT('',(0.0425,-0.0285342579063832,0.00642904795106207));
#16857=CARTESIAN_POINT('',(0.0445,-0.0285342579063832,0.00642904795106207));
#16858=CARTESIAN_POINT('',(0.0425,-0.028182367412632,0.00555904059698756));
#16859=CARTESIAN_POINT('',(0.0425,-0.028182367412632,0.00555904059698756));
#16860=CARTESIAN_POINT('',(0.0425,-0.028182367412632,0.00555904059698756));
#16861=CARTESIAN_POINT('',(0.0425,-0.028182367412632,0.00611268164048952));
#16862=CARTESIAN_POINT('',(0.0425,-0.0285342579063832,0.00642904795106207));
#16863=CARTESIAN_POINT('',(0.0425,-0.0277781960455234,0.00555904059698756));
#16864=CARTESIAN_POINT('',(0.0425,-0.0273743310205205,0.00555904059698756));
#16865=CARTESIAN_POINT('',(0.0425,-0.0273743310205205,0.00555904059698756));
#16866=CARTESIAN_POINT('',(0.0425,-0.0277781960455234,0.00555904059698756));
#16867=CARTESIAN_POINT('',(0.0425000000000001,-0.0290867119888347,0.00557105307360616));
#16868=CARTESIAN_POINT('',(0.0425,-0.0276441425240943,0.00649406390895516));
#16869=CARTESIAN_POINT('',(0.0425,-0.0276441425240943,0.00649406390895516));
#16870=CARTESIAN_POINT('',(0.0425,-0.0290867119888347,0.00557105307360616));
#16871=CARTESIAN_POINT('',(0.0425,-0.0284069070610256,0.00716433151610039));
#16872=CARTESIAN_POINT('',(0.0445,-0.0284069070610256,0.00716433151610039));
#16873=CARTESIAN_POINT('',(0.0425,-0.0280784759335244,0.00700212675517124));
#16874=CARTESIAN_POINT('',(0.0445,-0.0280784759335244,0.00700212675517124));
#16875=CARTESIAN_POINT('',(0.0425,-0.0278242210878807,0.00677870421945617));
#16876=CARTESIAN_POINT('',(0.0445,-0.0278242210878807,0.00677870421945617));
#16877=CARTESIAN_POINT('',(0.0425,-0.0276441425240943,0.00649406390895516));
#16878=CARTESIAN_POINT('',(0.0445,-0.0276441425240943,0.00649406390895516));
#16879=CARTESIAN_POINT('',(0.0425,-0.0284069070610256,0.00716433151610039));
#16880=CARTESIAN_POINT('',(0.0425,-0.0284069070610256,0.00716433151610039));
#16881=CARTESIAN_POINT('',(0.0425,-0.0284069070610256,0.00716433151610039));
#16882=CARTESIAN_POINT('',(0.0425,-0.0279142603697739,0.00692102437470667));
#16883=CARTESIAN_POINT('',(0.0425,-0.0276441425240943,0.00649406390895516));
#16884=CARTESIAN_POINT('',(0.0425,-0.0295269242325652,0.00740763865749411));
#16885=CARTESIAN_POINT('',(0.0445,-0.0295269242325652,0.00740763865749411));
#16886=CARTESIAN_POINT('',(0.0425,-0.0291086772457066,0.00740763865749411));
#16887=CARTESIAN_POINT('',(0.0445,-0.0291086772457066,0.00740763865749411));
#16888=CARTESIAN_POINT('',(0.0425,-0.0287353381885268,0.00732653627702954));
#16889=CARTESIAN_POINT('',(0.0445,-0.0287353381885268,0.00732653627702954));
#16890=CARTESIAN_POINT('',(0.0425,-0.0284069070610256,0.00716433151610039));
#16891=CARTESIAN_POINT('',(0.0445,-0.0284069070610256,0.00716433151610039));
#16892=CARTESIAN_POINT('',(0.0425,-0.0295269242325652,0.00740763865749411));
#16893=CARTESIAN_POINT('',(0.0425,-0.0295269242325652,0.00740763865749411));
#16894=CARTESIAN_POINT('',(0.0425,-0.0295269242325652,0.00740763865749411));
#16895=CARTESIAN_POINT('',(0.0425,-0.0288995537522773,0.00740763865749411));
#16896=CARTESIAN_POINT('',(0.0425,-0.0284069070610256,0.00716433151610039));
#16897=CARTESIAN_POINT('',(0.0425,-0.0310249723345348,0.00693577026206387));
#16898=CARTESIAN_POINT('',(0.0445,-0.0310249723345348,0.00693577026206387));
#16899=CARTESIAN_POINT('',(0.0425,-0.0306411324181764,0.0072503491923507));
#16900=CARTESIAN_POINT('',(0.0445,-0.0306411324181764,0.0072503491923507));
#16901=CARTESIAN_POINT('',(0.0425,-0.0301417830508531,0.00740763865749411));
#16902=CARTESIAN_POINT('',(0.0445,-0.0301417830508531,0.00740763865749411));
#16903=CARTESIAN_POINT('',(0.0425,-0.0295269242325652,0.00740763865749411));
#16904=CARTESIAN_POINT('',(0.0445,-0.0295269242325652,0.00740763865749411));
#16905=CARTESIAN_POINT('',(0.0425,-0.0310249723345348,0.00693577026206387));
#16906=CARTESIAN_POINT('',(0.0425,-0.0310249723345348,0.00693577026206387));
#16907=CARTESIAN_POINT('',(0.0425,-0.0310249723345348,0.00693577026206387));
#16908=CARTESIAN_POINT('',(0.0425,-0.0304492124599971,0.00740763865749411));
#16909=CARTESIAN_POINT('',(0.0425,-0.0295269242325652,0.00740763865749411));
#16910=CARTESIAN_POINT('',(0.0425,-0.0316007322090726,0.00574403445655965));
#16911=CARTESIAN_POINT('',(0.0445,-0.0316007322090726,0.00574403445655965));
#16912=CARTESIAN_POINT('',(0.0425,-0.0316007322090726,0.00622394606327563));
#16913=CARTESIAN_POINT('',(0.0445,-0.0316007322090726,0.00622394606327563));
#16914=CARTESIAN_POINT('',(0.0425,-0.0314088122508933,0.00662119133177704));
#16915=CARTESIAN_POINT('',(0.0445,-0.0314088122508933,0.00662119133177704));
#16916=CARTESIAN_POINT('',(0.0425,-0.0310249723345348,0.00693577026206387));
#16917=CARTESIAN_POINT('',(0.0445,-0.0310249723345348,0.00693577026206387));
#16918=CARTESIAN_POINT('',(0.0425,-0.0316007322090726,0.00574403445655965));
#16919=CARTESIAN_POINT('',(0.0425,-0.0316007322090726,0.00574403445655965));
#16920=CARTESIAN_POINT('',(0.0425,-0.0316007322090726,0.00574403445655965));
#16921=CARTESIAN_POINT('',(0.0425,-0.0316007322090726,0.00646390186663362));
#16922=CARTESIAN_POINT('',(0.0425,-0.0310249723345348,0.00693577026206387));
#16923=CARTESIAN_POINT('',(0.0425,-0.0311295340812495,0.00467361708794871));
#16924=CARTESIAN_POINT('',(0.0445,-0.0311295340812495,0.00467361708794871));
#16925=CARTESIAN_POINT('',(0.0425,-0.0314436661664649,0.00496272584916402));
#16926=CARTESIAN_POINT('',(0.0445,-0.0314436661664649,0.00496272584916402));
#16927=CARTESIAN_POINT('',(0.0425,-0.0316007322090726,0.005319531638701));
#16928=CARTESIAN_POINT('',(0.0445,-0.0316007322090726,0.005319531638701));
#16929=CARTESIAN_POINT('',(0.0425,-0.0316007322090726,0.00574403445655965));
#16930=CARTESIAN_POINT('',(0.0445,-0.0316007322090726,0.00574403445655965));
#16931=CARTESIAN_POINT('',(0.0425,-0.0311295340812495,0.00467361708794871));
#16932=CARTESIAN_POINT('',(0.0425,-0.0316007322090726,0.00510728022977168));
#16933=CARTESIAN_POINT('',(0.0425,-0.0316007322090726,0.00574403445655965));
#16934=CARTESIAN_POINT('',(0.0425,-4.04768811061255E-18,0.00417000000000016));
#16935=CARTESIAN_POINT('',(0.0445,6.93889390390723E-18,0.00834));
#16936=CARTESIAN_POINT('',(-0.0435,-0.0293282802498933,0.00780724307392573));
#16937=CARTESIAN_POINT('',(-0.0435,-0.0293282802498933,0.00780724307392573));
#16938=CARTESIAN_POINT('',(-0.0435,-0.0294996760279411,0.00780724307392573));
#16939=CARTESIAN_POINT('',(-0.0435,3.81639164714897E-18,0.00417000000000016));
#16940=CARTESIAN_POINT('',(-0.0435,-0.0162186250090599,0.00416999999999986));
#16941=CARTESIAN_POINT('',(-0.0435,-0.0162186250090599,0.00416999999999986));
#16942=CARTESIAN_POINT('',(-0.0435,-0.0192186250090599,0.00416999999999986));
#16943=CARTESIAN_POINT('',(-0.0445,-0.0162186250090599,0.00416999999999986));
#16944=CARTESIAN_POINT('',(-0.0445,-0.0192186250090599,0.00416999999999986));
#16945=CARTESIAN_POINT('',(-0.0435,-0.0162186250090599,0.00416999999999986));
#16946=CARTESIAN_POINT('',(-0.0435,-0.0162186250090599,0.00416999999999986));
#16947=CARTESIAN_POINT('',(-0.0435,-0.0197186250090599,0.00416999999999986));
#16948=CARTESIAN_POINT('',(-0.0435,3.81639164714897E-18,0.00417000000000016));
#16949=CARTESIAN_POINT('',(-0.0435,-0.00306573007759659,0.00416999999999986));
#16950=CARTESIAN_POINT('',(-0.0435,-0.00306573007759659,0.00131999999999986));
#16951=CARTESIAN_POINT('',(-0.0435,-0.00306573007759659,0.00131999999999986));
#16952=CARTESIAN_POINT('',(-0.0435,-0.00306573007759659,0.00416999999999986));
#16953=CARTESIAN_POINT('',(-0.0435,-0.00306573007759659,0.00701999999999986));
#16954=CARTESIAN_POINT('',(-0.0435,-0.00306573007759659,0.00701999999999986));
#16955=CARTESIAN_POINT('',(-0.0435,-0.0039657300775966,0.00131999999999986));
#16956=CARTESIAN_POINT('',(-0.0435,-0.00486573007759659,0.00131999999999986));
#16957=CARTESIAN_POINT('',(-0.0435,-0.00486573007759659,0.00131999999999986));
#16958=CARTESIAN_POINT('',(-0.0435,-0.0039657300775966,0.00131999999999986));
#16959=CARTESIAN_POINT('',(-0.0435,-0.00486573007759659,0.00416999999999986));
#16960=CARTESIAN_POINT('',(-0.0435,-0.00486573007759659,0.00701999999999986));
#16961=CARTESIAN_POINT('',(-0.0435,-0.00486573007759659,0.00701999999999986));
#16962=CARTESIAN_POINT('',(-0.0435,-0.00486573007759659,0.00416999999999986));
#16963=CARTESIAN_POINT('',(-0.0435,-0.0039657300775966,0.00701999999999986));
#16964=CARTESIAN_POINT('',(-0.0435,-0.0039657300775966,0.00701999999999986));
#16965=CARTESIAN_POINT('',(-0.0435,3.81639164714897E-18,0.00417000000000016));
#16966=CARTESIAN_POINT('',(-0.0435,-0.0293282802498933,0.00529882599626215));
#16967=CARTESIAN_POINT('',(-0.0435,-0.0293282802498933,0.00529882599626215));
#16968=CARTESIAN_POINT('',(-0.0435,-0.0308074907171554,0.00529882599626215));
#16969=CARTESIAN_POINT('',(-0.0435,3.81639164714897E-18,0.00417000000000016));
#16970=CARTESIAN_POINT('',(-0.0435,-0.0254967922274261,0.0055166890324364));
#16971=CARTESIAN_POINT('',(-0.0435,-0.0255443316046568,0.00524707982663204));
#16972=CARTESIAN_POINT('',(-0.0435,-0.0255443316046568,0.00524707982663204));
#16973=CARTESIAN_POINT('',(-0.0435,-0.0254967922274261,0.0055166890324364));
#16974=CARTESIAN_POINT('',(-0.0435,-0.0254492528501954,0.00578629823824076));
#16975=CARTESIAN_POINT('',(-0.0435,-0.0254492528501954,0.00578629823824076));
#16976=CARTESIAN_POINT('',(-0.0435,-0.0262715629782697,0.00537531033901767));
#16977=CARTESIAN_POINT('',(-0.0435,-0.0259468038826916,0.00471210594751168));
#16978=CARTESIAN_POINT('',(-0.0435,-0.0259468038826916,0.00471210594751168));
#16979=CARTESIAN_POINT('',(-0.0435,-0.0262715629782697,0.00537531033901767));
#16980=CARTESIAN_POINT('',(-0.0435,-0.0260383763476747,0.00466726458142804));
#16981=CARTESIAN_POINT('',(-0.0435,-0.026129948812658,0.00462242321534442));
#16982=CARTESIAN_POINT('',(-0.0435,-0.026129948812658,0.00462242321534442));
#16983=CARTESIAN_POINT('',(-0.0435,-0.0260383763476747,0.00466726458142804));
#16984=CARTESIAN_POINT('',(-0.0435,-0.0258051897170799,0.00395921882383841));
#16985=CARTESIAN_POINT('',(-0.0435,-0.0265324210906927,0.00408744933622405));
#16986=CARTESIAN_POINT('',(-0.0435,-0.0265324210906927,0.00408744933622405));
#16987=CARTESIAN_POINT('',(-0.0435,-0.0258051897170799,0.00395921882383841));
#16988=CARTESIAN_POINT('',(-0.0435,-0.0265622512036012,0.003918274359209));
#16989=CARTESIAN_POINT('',(-0.0435,-0.0265920813165097,0.00374909938219395));
#16990=CARTESIAN_POINT('',(-0.0435,-0.0265920813165097,0.00374909938219395));
#16991=CARTESIAN_POINT('',(-0.0435,-0.0265622512036012,0.003918274359209));
#16992=CARTESIAN_POINT('',(-0.0435,-0.026163246265634,0.0039590920858887));
#16993=CARTESIAN_POINT('',(-0.0435,-0.0257344112147583,0.00416908478958346));
#16994=CARTESIAN_POINT('',(-0.0435,-0.0257344112147583,0.00416908478958346));
#16995=CARTESIAN_POINT('',(-0.0435,-0.026163246265634,0.0039590920858887));
#16996=CARTESIAN_POINT('',(-0.0435,-0.0257587829027079,0.00403086607880129));
#16997=CARTESIAN_POINT('',(-0.0435,-0.0257831545906575,0.00389264736801913));
#16998=CARTESIAN_POINT('',(-0.0435,-0.0257831545906575,0.00389264736801913));
#16999=CARTESIAN_POINT('',(-0.0435,-0.0257587829027079,0.00403086607880129));
#17000=CARTESIAN_POINT('',(-0.0435,-0.0268588695838903,0.00408232494487867));
#17001=CARTESIAN_POINT('',(-0.0435,-0.0262682274719605,0.00316347663016938));
#17002=CARTESIAN_POINT('',(-0.0435,-0.0262682274719605,0.00316347663016938));
#17003=CARTESIAN_POINT('',(-0.0435,-0.0268588695838903,0.00408232494487867));
#17004=CARTESIAN_POINT('',(-0.0435,-0.0278147396282186,0.0021693678186552));
#17005=CARTESIAN_POINT('',(-0.0435,-0.0293612517844768,0.00117525900714103));
#17006=CARTESIAN_POINT('',(-0.0435,-0.0293612517844768,0.00117525900714103));
#17007=CARTESIAN_POINT('',(-0.0435,-0.0278147396282186,0.0021693678186552));
#17008=CARTESIAN_POINT('',(-0.0435,-0.0308916696765077,0.00219397057296134));
#17009=CARTESIAN_POINT('',(-0.0435,-0.0324220875685386,0.00321268213878165));
#17010=CARTESIAN_POINT('',(-0.0435,-0.0324220875685386,0.00321268213878165));
#17011=CARTESIAN_POINT('',(-0.0435,-0.0308916696765077,0.00219397057296134));
#17012=CARTESIAN_POINT('',(-0.0435,-0.0318168279191779,0.00412196817006378));
#17013=CARTESIAN_POINT('',(-0.0435,-0.0328954384548166,0.00394951631522274));
#17014=CARTESIAN_POINT('',(-0.0435,-0.0328954384548166,0.00394951631522274));
#17015=CARTESIAN_POINT('',(-0.0435,-0.0318168279191779,0.00412196817006378));
#17016=CARTESIAN_POINT('',(-0.0435,-0.032917596808282,0.00408810707449442));
#17017=CARTESIAN_POINT('',(-0.0435,-0.0329397551617475,0.00422669783376608));
#17018=CARTESIAN_POINT('',(-0.0435,-0.0329397551617475,0.00422669783376608));
#17019=CARTESIAN_POINT('',(-0.0435,-0.032917596808282,0.00408810707449442));
#17020=CARTESIAN_POINT('',(-0.0435,-0.0325143328786758,0.00400987459347431));
#17021=CARTESIAN_POINT('',(-0.0435,-0.0320889105956041,0.00379305135318254));
#17022=CARTESIAN_POINT('',(-0.0435,-0.0320889105956041,0.00379305135318254));
#17023=CARTESIAN_POINT('',(-0.0435,-0.0325143328786758,0.00400987459347431));
#17024=CARTESIAN_POINT('',(-0.0435,-0.0321160316627663,0.00396268170483033));
#17025=CARTESIAN_POINT('',(-0.0435,-0.0321431527299285,0.00413231205647812));
#17026=CARTESIAN_POINT('',(-0.0435,-0.0321431527299285,0.00413231205647812));
#17027=CARTESIAN_POINT('',(-0.0435,-0.0321160316627663,0.00396268170483033));
#17028=CARTESIAN_POINT('',(-0.0435,-0.0328723416195141,0.00401572690142581));
#17029=CARTESIAN_POINT('',(-0.0435,-0.0325370189241131,0.00467365336009922));
#17030=CARTESIAN_POINT('',(-0.0435,-0.0325370189241131,0.00467365336009922));
#17031=CARTESIAN_POINT('',(-0.0435,-0.0328723416195141,0.00401572690142581));
#17032=CARTESIAN_POINT('',(-0.0435,-0.0326278626343931,0.00471995330348914));
#17033=CARTESIAN_POINT('',(-0.0435,-0.032718706344673,0.00476625324687906));
#17034=CARTESIAN_POINT('',(-0.0435,-0.032718706344673,0.00476625324687906));
#17035=CARTESIAN_POINT('',(-0.0435,-0.0326278626343931,0.00471995330348914));
#17036=CARTESIAN_POINT('',(-0.0435,-0.0323833836492721,0.00542417970555247));
#17037=CARTESIAN_POINT('',(-0.0435,-0.0331125725388576,0.00530759455050016));
#17038=CARTESIAN_POINT('',(-0.0435,-0.0331125725388576,0.00530759455050016));
#17039=CARTESIAN_POINT('',(-0.0435,-0.0323833836492721,0.00542417970555247));
#17040=CARTESIAN_POINT('',(-0.0435,-0.0331557945892294,0.005577929473519));
#17041=CARTESIAN_POINT('',(-0.0435,-0.0331990166396011,0.00584826439653783));
#17042=CARTESIAN_POINT('',(-0.0435,-0.0331990166396011,0.00584826439653783));
#17043=CARTESIAN_POINT('',(-0.0435,-0.0331557945892294,0.005577929473519));
#17044=CARTESIAN_POINT('',(-0.0435,-0.0325971083246946,0.00554149224004838));
#17045=CARTESIAN_POINT('',(-0.0435,-0.0319952000097882,0.00523472008355893));
#17046=CARTESIAN_POINT('',(-0.0435,-0.0319952000097882,0.00523472008355893));
#17047=CARTESIAN_POINT('',(-0.0435,-0.0325971083246946,0.00554149224004838));
#17048=CARTESIAN_POINT('',(-0.0435,-0.0320843592802848,0.00553097182562166));
#17049=CARTESIAN_POINT('',(-0.0435,-0.0321735185507813,0.0058272235676844));
#17050=CARTESIAN_POINT('',(-0.0435,-0.0321735185507813,0.0058272235676844));
#17051=CARTESIAN_POINT('',(-0.0435,-0.0320843592802848,0.00553097182562166));
#17052=CARTESIAN_POINT('',(-0.0435,-0.0326120394398823,0.00569524728866736));
#17053=CARTESIAN_POINT('',(-0.0435,-0.0324040889375274,0.0061032606425804));
#17054=CARTESIAN_POINT('',(-0.0435,-0.0324040889375274,0.0061032606425804));
#17055=CARTESIAN_POINT('',(-0.0435,-0.0326120394398823,0.00569524728866736));
#17056=CARTESIAN_POINT('',(-0.0435,-0.0327552630961068,0.00628224214401975));
#17057=CARTESIAN_POINT('',(-0.0435,-0.0331064372546863,0.0064612236454591));
#17058=CARTESIAN_POINT('',(-0.0435,-0.0331064372546863,0.0064612236454591));
#17059=CARTESIAN_POINT('',(-0.0435,-0.0327552630961068,0.00628224214401975));
#17060=CARTESIAN_POINT('',(-0.0435,-0.0328984867523313,0.00686923699937213));
#17061=CARTESIAN_POINT('',(-0.0435,-0.0333506935309974,0.00679693666929378));
#17062=CARTESIAN_POINT('',(-0.0435,-0.0333506935309974,0.00679693666929378));
#17063=CARTESIAN_POINT('',(-0.0435,-0.0328984867523313,0.00686923699937213));
#17064=CARTESIAN_POINT('',(-0.0435,-0.033392932177073,0.00706112083078112));
#17065=CARTESIAN_POINT('',(-0.0435,-0.0334351708231484,0.00732530499226847));
#17066=CARTESIAN_POINT('',(-0.0435,-0.0334351708231484,0.00732530499226847));
#17067=CARTESIAN_POINT('',(-0.0435,-0.033392932177073,0.00706112083078112));
#17068=CARTESIAN_POINT('',(-0.0435,-0.0324161762969164,0.00680595820718259));
#17069=CARTESIAN_POINT('',(-0.0435,-0.0313971817706844,0.00628661142209673));
#17070=CARTESIAN_POINT('',(-0.0435,-0.0313971817706844,0.00628661142209673));
#17071=CARTESIAN_POINT('',(-0.0435,-0.0324161762969164,0.00680595820718259));
#17072=CARTESIAN_POINT('',(-0.0435,-0.0293282802498933,0.00529882599626215));
#17073=CARTESIAN_POINT('',(-0.0435,-0.0272438478469584,0.00625340187476445));
#17074=CARTESIAN_POINT('',(-0.0435,-0.0272438478469584,0.00625340187476445));
#17075=CARTESIAN_POINT('',(-0.0435,-0.0293282802498933,0.00529882599626215));
#17076=CARTESIAN_POINT('',(-0.0435,-0.0262166788741825,0.00675638778812227));
#17077=CARTESIAN_POINT('',(-0.0435,-0.0251895099014067,0.00725937370148008));
#17078=CARTESIAN_POINT('',(-0.0435,-0.0251895099014067,0.00725937370148008));
#17079=CARTESIAN_POINT('',(-0.0435,-0.0262166788741825,0.00675638778812227));
#17080=CARTESIAN_POINT('',(-0.0435,-0.0252359676449016,0.00699589874541704));
#17081=CARTESIAN_POINT('',(-0.0435,-0.0252824253883965,0.006732423789354));
#17082=CARTESIAN_POINT('',(-0.0435,-0.0252824253883965,0.006732423789354));
#17083=CARTESIAN_POINT('',(-0.0435,-0.0252359676449016,0.00699589874541704));
#17084=CARTESIAN_POINT('',(-0.0435,-0.0257334182127569,0.00681194599239465));
#17085=CARTESIAN_POINT('',(-0.0435,-0.0255320187310158,0.00640065952634522));
#17086=CARTESIAN_POINT('',(-0.0435,-0.0255320187310158,0.00640065952634522));
#17087=CARTESIAN_POINT('',(-0.0435,-0.0257334182127569,0.00681194599239465));
#17088=CARTESIAN_POINT('',(-0.0435,-0.0258860100336653,0.00622731644122197));
#17089=CARTESIAN_POINT('',(-0.0435,-0.0262400013363146,0.00605397335609872));
#17090=CARTESIAN_POINT('',(-0.0435,-0.0262400013363146,0.00605397335609872));
#17091=CARTESIAN_POINT('',(-0.0435,-0.0258860100336653,0.00622731644122197));
#17092=CARTESIAN_POINT('',(-0.0435,-0.0260386018545736,0.0056426868900493));
#17093=CARTESIAN_POINT('',(-0.0435,-0.0264749562771563,0.00578165856447799));
#17094=CARTESIAN_POINT('',(-0.0435,-0.0264749562771563,0.00578165856447799));
#17095=CARTESIAN_POINT('',(-0.0435,-0.0260386018545736,0.0056426868900493));
#17096=CARTESIAN_POINT('',(-0.0435,-0.0265688414298825,0.00548687042311497));
#17097=CARTESIAN_POINT('',(-0.0435,-0.0266627265826088,0.00519208228175195));
#17098=CARTESIAN_POINT('',(-0.0435,-0.0266627265826088,0.00519208228175195));
#17099=CARTESIAN_POINT('',(-0.0435,-0.0265688414298825,0.00548687042311497));
#17100=CARTESIAN_POINT('',(-0.0435,-0.0260559897164021,0.00548919025999636));
#17101=CARTESIAN_POINT('',(-0.0435,-0.0260559897164021,0.00548919025999636));
#17102=CARTESIAN_POINT('',(-0.0435,3.81639164714897E-18,0.00417000000000016));
#17103=CARTESIAN_POINT('',(-0.0435,-0.0298860480896471,0.00716508191544563));
#17104=CARTESIAN_POINT('',(-0.0435,-0.0298860480896471,0.00716508191544563));
#17105=CARTESIAN_POINT('',(-0.0435,-0.0301581723875809,0.00716508191544563));
#17106=CARTESIAN_POINT('',(-0.0435,3.81639164714897E-18,0.00417000000000016));
#17107=CARTESIAN_POINT('',(-0.0435,-0.028738182866769,0.00709229393396527));
#17108=CARTESIAN_POINT('',(-0.0435,-0.028738182866769,0.00709229393396527));
#17109=CARTESIAN_POINT('',(-0.0435,-0.0288772639688071,0.00709229393396527));
#17110=CARTESIAN_POINT('',(-0.0435,3.81639164714897E-18,0.00417000000000016));
#17111=CARTESIAN_POINT('',(-0.0435,-0.0053657300775966,0.00416999999999986));
#17112=CARTESIAN_POINT('',(-0.0435,-0.0053657300775966,0.00131999999999986));
#17113=CARTESIAN_POINT('',(-0.0435,-0.0053657300775966,0.00131999999999986));
#17114=CARTESIAN_POINT('',(-0.0435,-0.0053657300775966,0.00416999999999986));
#17115=CARTESIAN_POINT('',(-0.0435,-0.0053657300775966,0.00701999999999986));
#17116=CARTESIAN_POINT('',(-0.0435,-0.0053657300775966,0.00701999999999986));
#17117=CARTESIAN_POINT('',(-0.0435,-0.0062657300775966,0.00131999999999986));
#17118=CARTESIAN_POINT('',(-0.0435,-0.00716573007759659,0.00131999999999986));
#17119=CARTESIAN_POINT('',(-0.0435,-0.00716573007759659,0.00131999999999986));
#17120=CARTESIAN_POINT('',(-0.0435,-0.0062657300775966,0.00131999999999986));
#17121=CARTESIAN_POINT('',(-0.0435,-0.00716573007759659,0.00416999999999986));
#17122=CARTESIAN_POINT('',(-0.0435,-0.00716573007759659,0.00701999999999986));
#17123=CARTESIAN_POINT('',(-0.0435,-0.00716573007759659,0.00701999999999986));
#17124=CARTESIAN_POINT('',(-0.0435,-0.00716573007759659,0.00416999999999986));
#17125=CARTESIAN_POINT('',(-0.0435,-0.0062657300775966,0.00701999999999986));
#17126=CARTESIAN_POINT('',(-0.0435,-0.0062657300775966,0.00701999999999986));
#17127=CARTESIAN_POINT('',(-0.0435,3.81639164714897E-18,0.00417000000000016));
#17128=CARTESIAN_POINT('',(-0.0435,-0.000765730077596595,0.00416999999999986));
#17129=CARTESIAN_POINT('',(-0.0435,-0.000765730077596595,0.00131999999999986));
#17130=CARTESIAN_POINT('',(-0.0435,-0.000765730077596595,0.00131999999999986));
#17131=CARTESIAN_POINT('',(-0.0435,-0.000765730077596595,0.00416999999999986));
#17132=CARTESIAN_POINT('',(-0.0435,-0.000765730077596595,0.00701999999999986));
#17133=CARTESIAN_POINT('',(-0.0435,-0.000765730077596595,0.00701999999999986));
#17134=CARTESIAN_POINT('',(-0.0435,-0.00166573007759659,0.00131999999999986));
#17135=CARTESIAN_POINT('',(-0.0435,-0.00256573007759659,0.00131999999999986));
#17136=CARTESIAN_POINT('',(-0.0435,-0.00256573007759659,0.00131999999999986));
#17137=CARTESIAN_POINT('',(-0.0435,-0.00166573007759659,0.00131999999999986));
#17138=CARTESIAN_POINT('',(-0.0435,-0.00256573007759659,0.00416999999999986));
#17139=CARTESIAN_POINT('',(-0.0435,-0.00256573007759659,0.00701999999999986));
#17140=CARTESIAN_POINT('',(-0.0435,-0.00256573007759659,0.00701999999999986));
#17141=CARTESIAN_POINT('',(-0.0435,-0.00256573007759659,0.00416999999999986));
#17142=CARTESIAN_POINT('',(-0.0435,-0.00166573007759659,0.00701999999999986));
#17143=CARTESIAN_POINT('',(-0.0435,-0.00166573007759659,0.00701999999999986));
#17144=CARTESIAN_POINT('',(-0.0435,3.81639164714897E-18,0.00417000000000016));
#17145=CARTESIAN_POINT('',(-0.0435,0.000634269922403405,0.00701999999999986));
#17146=CARTESIAN_POINT('',(-0.0435,0.0015342699224034,0.00701999999999986));
#17147=CARTESIAN_POINT('',(-0.0435,0.0015342699224034,0.00701999999999986));
#17148=CARTESIAN_POINT('',(-0.0435,0.000634269922403405,0.00701999999999986));
#17149=CARTESIAN_POINT('',(-0.0435,-0.000265730077596595,0.00701999999999986));
#17150=CARTESIAN_POINT('',(-0.0435,-0.000265730077596595,0.00701999999999986));
#17151=CARTESIAN_POINT('',(-0.0435,0.0015342699224034,0.00416999999999986));
#17152=CARTESIAN_POINT('',(-0.0435,0.0015342699224034,0.00131999999999986));
#17153=CARTESIAN_POINT('',(-0.0435,0.0015342699224034,0.00131999999999986));
#17154=CARTESIAN_POINT('',(-0.0435,0.0015342699224034,0.00416999999999986));
#17155=CARTESIAN_POINT('',(-0.0435,0.000634269922403405,0.00131999999999986));
#17156=CARTESIAN_POINT('',(-0.0435,-0.000265730077596595,0.00131999999999986));
#17157=CARTESIAN_POINT('',(-0.0435,-0.000265730077596595,0.00131999999999986));
#17158=CARTESIAN_POINT('',(-0.0435,0.000634269922403405,0.00131999999999986));
#17159=CARTESIAN_POINT('',(-0.0435,-0.000265730077596595,0.00416999999999986));
#17160=CARTESIAN_POINT('',(-0.0435,-0.000265730077596595,0.00416999999999986));
#17161=CARTESIAN_POINT('',(-0.0435,3.81639164714897E-18,0.00417000000000016));
#17162=CARTESIAN_POINT('',(-0.0435,0.00858621382742129,0.00605615860198302));
#17163=CARTESIAN_POINT('',(-0.0435,0.0103578096771564,0.00604872465807264));
#17164=CARTESIAN_POINT('',(-0.0435,0.0103578096771564,0.00604872465807264));
#17165=CARTESIAN_POINT('',(-0.0435,0.00858621382742129,0.00605615860198302));
#17166=CARTESIAN_POINT('',(-0.0435,0.00716159317256645,0.005003037949787));
#17167=CARTESIAN_POINT('',(-0.0435,0.00716159317256645,0.005003037949787));
#17168=CARTESIAN_POINT('',(-0.0435,0.0121294055268916,0.00604129071416226));
#17169=CARTESIAN_POINT('',(-0.0435,0.0135451379907546,0.00497625141484737));
#17170=CARTESIAN_POINT('',(-0.0435,0.0135451379907546,0.00497625141484737));
#17171=CARTESIAN_POINT('',(-0.0435,0.0121294055268916,0.00604129071416226));
#17172=CARTESIAN_POINT('',(-0.0435,0.0119402719145504,0.00284293952138364));
#17173=CARTESIAN_POINT('',(-0.0435,0.0103354058383463,0.00070962762791991));
#17174=CARTESIAN_POINT('',(-0.0435,0.0103354058383463,0.00070962762791991));
#17175=CARTESIAN_POINT('',(-0.0435,0.0119402719145504,0.00284293952138364));
#17176=CARTESIAN_POINT('',(-0.0435,0.00885282939023307,0.00578240474962662));
#17177=CARTESIAN_POINT('',(-0.0445,0.00885282939023307,0.00578240474962662));
#17178=CARTESIAN_POINT('',(-0.0445,0.0103504080325365,0.00578240474962661));
#17179=CARTESIAN_POINT('',(-0.0445,0.00885282939023307,0.00428482610732317));
#17180=CARTESIAN_POINT('',(-0.0435,0.00885282939023307,0.00428482610732317));
#17181=CARTESIAN_POINT('',(-0.0435,0.00885282939023307,0.00428482610732317));
#17182=CARTESIAN_POINT('',(-0.0435,0.00885282939023307,0.00578240474962662));
#17183=CARTESIAN_POINT('',(-0.0435,0.0103504080325365,0.00578240474962661));
#17184=CARTESIAN_POINT('',(-0.0435,0.0103504080325365,0.00578240474962661));
#17185=CARTESIAN_POINT('',(-0.0435,0.00885282939023307,0.00278724746501974));
#17186=CARTESIAN_POINT('',(-0.0445,0.00885282939023307,0.00278724746501974));
#17187=CARTESIAN_POINT('',(-0.0445,0.0103504080325365,0.00278724746501974));
#17188=CARTESIAN_POINT('',(-0.0435,0.0103504080325365,0.00278724746501974));
#17189=CARTESIAN_POINT('',(-0.0435,0.0103504080325365,0.00278724746501974));
#17190=CARTESIAN_POINT('',(-0.0435,0.00885282939023307,0.00278724746501974));
#17191=CARTESIAN_POINT('',(-0.0435,0.0118479866748399,0.00278724746501973));
#17192=CARTESIAN_POINT('',(-0.0445,0.0118479866748399,0.00278724746501973));
#17193=CARTESIAN_POINT('',(-0.0445,0.0118479866748399,0.00428482610732316));
#17194=CARTESIAN_POINT('',(-0.0435,0.0118479866748399,0.00428482610732317));
#17195=CARTESIAN_POINT('',(-0.0435,0.0118479866748399,0.00428482610732317));
#17196=CARTESIAN_POINT('',(-0.0435,0.0118479866748399,0.00278724746501973));
#17197=CARTESIAN_POINT('',(-0.0435,0.0118479866748399,0.0057824047496266));
#17198=CARTESIAN_POINT('',(-0.0445,0.0118479866748399,0.0057824047496266));
#17199=CARTESIAN_POINT('',(-0.0435,0.0118479866748399,0.0057824047496266));
#17200=CARTESIAN_POINT('',(-0.0435,0.00874849950545635,0.00285633278885345));
#17201=CARTESIAN_POINT('',(-0.0435,0.00874849950545635,0.00285633278885345));
#17202=CARTESIAN_POINT('',(-0.0435,3.81639164714897E-18,0.00417000000000016));
#17203=CARTESIAN_POINT('',(-0.0445,-6.93889390390723E-18,0.00834));
#17204=CARTESIAN_POINT('',(-0.0445,-6.93889390390723E-18,0.00834));
#17205=CARTESIAN_POINT('',(-0.0445,-0.0162186250090599,0.00416999999999986));
#17206=CARTESIAN_POINT('',(-0.0445,-0.0184186250090599,0.00416999999999986));
#17207=CARTESIAN_POINT('',(-0.0435,-0.0162186250090599,0.00416999999999986));
#17208=CARTESIAN_POINT('',(-0.0435,-0.0162186250090599,0.00416999999999986));
#17209=CARTESIAN_POINT('',(-0.0435,-0.0184186250090599,0.00416999999999986));
#17210=CARTESIAN_POINT('',(-0.0435,3.81639164714897E-18,0.00417000000000016));
#17211=CARTESIAN_POINT('',(0.0297363788205208,0.059,0.00518767818417417));
#17212=CARTESIAN_POINT('',(0.0301490435007749,0.059,0.00467064317257185));
#17213=CARTESIAN_POINT('',(0.0301490435007749,0.059,0.00467064317257185));
#17214=CARTESIAN_POINT('',(0.0297363788205208,0.059,0.00518767818417417));
#17215=CARTESIAN_POINT('',(0.0293237141402667,0.059,0.00570471319577648));
#17216=CARTESIAN_POINT('',(0.0293237141402667,0.059,0.00570471319577648));
#17217=CARTESIAN_POINT('',(0.0287685953372653,0.059,0.00570471319577648));
#17218=CARTESIAN_POINT('',(0.0287685953372653,0.059,0.00570471319577648));
#17219=CARTESIAN_POINT('',(0.0282134765342637,0.059,0.00570471319577648));
#17220=CARTESIAN_POINT('',(0.0282134765342637,0.059,0.00570471319577648));
#17221=CARTESIAN_POINT('',(-1.61387757090876E-17,0.059,0.0019255016053379));
#17222=CARTESIAN_POINT('',(3.41618017282667,0.059,2.70370583812391));
#17223=CARTESIAN_POINT('',(0.0309199294457665,0.059,0.000772994623570167));
#17224=CARTESIAN_POINT('',(-3.08989178343446,0.059,-2.49101338609661));
#17225=CARTESIAN_POINT('',(0.0302819298773751,0.059,0.00157184076140404));
#17226=CARTESIAN_POINT('',(-2.17894853233276,0.059,-1.76329278673703));
#17227=CARTESIAN_POINT('',(0.0296958730780403,0.059,0.00230520799449208));
#17228=CARTESIAN_POINT('',(-2.44899546136471,0.059,-1.97916897149363));
#17229=CARTESIAN_POINT('',(0.0292043912624415,0.059,0.00291986250409656));
#17230=CARTESIAN_POINT('',(-0.0528941967927298,0.059,-0.062743613084656));
#17231=CARTESIAN_POINT('',(0.0290123042179247,0.059,0.00315931006173431));
#17232=CARTESIAN_POINT('',(0.257384682864062,0.059,0.186910707339814));
#17233=CARTESIAN_POINT('',(0.028146814441294,0.059,0.00424018697287856));
#17234=CARTESIAN_POINT('',(0.0786945716248753,0.059,0.0445196483107351));
#17235=CARTESIAN_POINT('',(0.0275677826364327,0.059,0.00497774383346629));
#17236=CARTESIAN_POINT('',(0.133565586591499,0.059,0.0869572169061949));
#17237=CARTESIAN_POINT('',(0.0271351081179081,0.059,0.00554025491140295));
#17238=CARTESIAN_POINT('',(0.0272507762353765,0.059,0.00562873836761272));
#17239=CARTESIAN_POINT('',(0.0271051888131198,0.059,0.00562516934783766));
#17240=CARTESIAN_POINT('',(0.0271365073670831,0.059,0.00562593707952495));
#17241=CARTESIAN_POINT('',(0.0271336471625677,0.059,0.00565713420221957));
#17242=CARTESIAN_POINT('',(0.0285061305870716,0.059,-0.00931303885479586));
#17243=CARTESIAN_POINT('',(0.0274299439659181,0.059,0.00568134724347369));
#17244=CARTESIAN_POINT('',(0.0280029746744447,0.059,-0.00230267232041654));
#17245=CARTESIAN_POINT('',(0.0277879083570555,0.059,0.00569899494763585));
#17246=CARTESIAN_POINT('',(0.0282134786196464,0.059,-0.0101342939882726));
#17247=CARTESIAN_POINT('',(0.181545378618331,0.059,0.125505437953369));
#17248=CARTESIAN_POINT('',(0.0304729390497232,0.059,0.00426593977091183));
#17249=CARTESIAN_POINT('',(0.126403755609083,0.059,0.0812527760894435));
#17250=CARTESIAN_POINT('',(0.0307630869015111,0.059,0.00390578506037764));
#17251=CARTESIAN_POINT('',(0.16940166667753,0.059,0.116026406019688));
#17252=CARTESIAN_POINT('',(0.0310087384550542,0.059,0.00360271249994281));
#17253=CARTESIAN_POINT('',(0.0326672476887887,0.059,0.00495000427422591));
#17254=CARTESIAN_POINT('',(0.031080431219143,0.059,0.00351896916106668));
#17255=CARTESIAN_POINT('',(0.0295707120466746,0.059,0.00215746516406673));
#17256=CARTESIAN_POINT('',(0.0311587208196878,0.059,0.00342678515933959));
#17257=CARTESIAN_POINT('',(-1.12208149714557,0.059,-0.918376580102807));
#17258=CARTESIAN_POINT('',(0.0317005418003662,0.059,0.00274852060118086));
#17259=CARTESIAN_POINT('',(-0.372660989196939,0.059,-0.320075364595222));
#17260=CARTESIAN_POINT('',(0.0323234824456405,0.059,0.00196669218023371));
#17261=CARTESIAN_POINT('',(-0.690464454054931,0.059,-0.572791338068268));
#17262=CARTESIAN_POINT('',(0.0330425128016338,0.059,0.00106131148203666));
#17263=CARTESIAN_POINT('',(0.03397052436092,0.059,-0.000108715416357297));
#17264=CARTESIAN_POINT('',(0.03397052436092,0.059,-0.000108715416357297));
#17265=CARTESIAN_POINT('',(0.0330425128016338,0.059,0.00106131148203666));
#17266=CARTESIAN_POINT('',(3.41618017282667,0.059,2.70370583812391));
#17267=CARTESIAN_POINT('',(0.0309199294457665,0.059,0.000772994623570167));
#17268=CARTESIAN_POINT('',(-0.690464454054931,0.059,-0.572791338068268));
#17269=CARTESIAN_POINT('',(0.0323234824456405,0.059,0.00196669218023371));
#17270=CARTESIAN_POINT('',(-0.372660989196939,0.059,-0.320075364595222));
#17271=CARTESIAN_POINT('',(0.0317005418003662,0.059,0.00274852060118086));
#17272=CARTESIAN_POINT('',(-1.12208149714557,0.059,-0.918376580102807));
#17273=CARTESIAN_POINT('',(0.0311587208196878,0.059,0.00342678515933959));
#17274=CARTESIAN_POINT('',(0.0295707120466746,0.059,0.00215746516406673));
#17275=CARTESIAN_POINT('',(0.031080431219143,0.059,0.00351896916106668));
#17276=CARTESIAN_POINT('',(0.0326672476887887,0.059,0.00495000427422591));
#17277=CARTESIAN_POINT('',(0.0310087384550542,0.059,0.00360271249994281));
#17278=CARTESIAN_POINT('',(0.16940166667753,0.059,0.116026406019688));
#17279=CARTESIAN_POINT('',(0.0307630869015111,0.059,0.00390578506037764));
#17280=CARTESIAN_POINT('',(0.126403755609083,0.059,0.0812527760894435));
#17281=CARTESIAN_POINT('',(0.0304729390497232,0.059,0.00426593977091183));
#17282=CARTESIAN_POINT('',(0.181545378618331,0.059,0.125505437953369));
#17283=CARTESIAN_POINT('',(0.0282134786196464,0.059,-0.0101342939882726));
#17284=CARTESIAN_POINT('',(0.0277879083570555,0.059,0.00569899494763585));
#17285=CARTESIAN_POINT('',(0.0280029746744447,0.059,-0.00230267232041654));
#17286=CARTESIAN_POINT('',(0.0274299439659181,0.059,0.00568134724347369));
#17287=CARTESIAN_POINT('',(0.0285061305870716,0.059,-0.00931303885479586));
#17288=CARTESIAN_POINT('',(0.0271336471625677,0.059,0.00565713420221957));
#17289=CARTESIAN_POINT('',(0.0271365073670831,0.059,0.00562593707952495));
#17290=CARTESIAN_POINT('',(0.0271051888131198,0.059,0.00562516934783766));
#17291=CARTESIAN_POINT('',(0.0272507762353765,0.059,0.00562873836761272));
#17292=CARTESIAN_POINT('',(0.0271351081179081,0.059,0.00554025491140295));
#17293=CARTESIAN_POINT('',(0.133565586591499,0.059,0.0869572169061949));
#17294=CARTESIAN_POINT('',(0.0275677826364327,0.059,0.00497774383346629));
#17295=CARTESIAN_POINT('',(0.0786945716248753,0.059,0.0445196483107351));
#17296=CARTESIAN_POINT('',(0.028146814441294,0.059,0.00424018697287856));
#17297=CARTESIAN_POINT('',(0.257384682864062,0.059,0.186910707339814));
#17298=CARTESIAN_POINT('',(0.0290123042179247,0.059,0.00315931006173431));
#17299=CARTESIAN_POINT('',(-0.0528941967927298,0.059,-0.062743613084656));
#17300=CARTESIAN_POINT('',(0.0292043912624415,0.059,0.00291986250409656));
#17301=CARTESIAN_POINT('',(-2.44899546136471,0.059,-1.97916897149363));
#17302=CARTESIAN_POINT('',(0.0296958730780403,0.059,0.00230520799449208));
#17303=CARTESIAN_POINT('',(-2.17894853233276,0.059,-1.76329278673703));
#17304=CARTESIAN_POINT('',(0.0302819298773751,0.059,0.00157184076140404));
#17305=CARTESIAN_POINT('',(-3.08989178343446,0.059,-2.49101338609661));
#17306=CARTESIAN_POINT('',(-1.61387757090876E-17,0.059,0.0019255016053379));
#17307=CARTESIAN_POINT('',(0.0349250505361858,0.059,0.000453864281405497));
#17308=CARTESIAN_POINT('',(0.0350045943841246,0.059,0.00565168396381727));
#17309=CARTESIAN_POINT('',(0.0354686001637677,0.059,0.00566700585889494));
#17310=CARTESIAN_POINT('',(0.036860617502697,0.059,0.00571297154412795));
#17311=CARTESIAN_POINT('',(0.036860617502697,0.059,-0.00177631384825987));
#17312=CARTESIAN_POINT('',(0.036860617502697,0.059,-0.00177631384825987));
#17313=CARTESIAN_POINT('',(0.036860617502697,0.059,0.00571297154412795));
#17314=CARTESIAN_POINT('',(0.0349250505361858,0.059,0.000453864281405497));
#17315=CARTESIAN_POINT('',(0.0350045943841246,0.059,0.00565168396381727));
#17316=CARTESIAN_POINT('',(0.0354686001637677,0.059,0.00566700585889494));
#17317=CARTESIAN_POINT('',(-1.61387757090876E-17,0.059,0.0019255016053379));
#17318=CARTESIAN_POINT('',(0.0138614091091635,0.059,0.00853335706812658));
#17319=CARTESIAN_POINT('',(0.0252997749905354,0.059,0.000282165173583325));
#17320=CARTESIAN_POINT('',(0.00767024346503414,0.059,0.0129994433567626));
#17321=CARTESIAN_POINT('',(0.02552135190912,0.059,0.000595110504307379));
#17322=CARTESIAN_POINT('',(0.0253694370808816,0.059,0.000700672405694337));
#17323=CARTESIAN_POINT('',(0.025553795511408,0.059,0.000685394998945677));
#17324=CARTESIAN_POINT('',(0.0254111697159502,0.059,0.000697214015841857));
#17325=CARTESIAN_POINT('',(0.0255303914841166,0.059,0.000776384570252107));
#17326=CARTESIAN_POINT('',(0.010476698782539,0.059,-0.00922018864948008));
#17327=CARTESIAN_POINT('',(0.0253127475315496,0.059,0.0010966324504508));
#17328=CARTESIAN_POINT('',(0.0156602016236029,0.059,-0.00561563053554539));
#17329=CARTESIAN_POINT('',(0.0250412108190102,0.059,0.00147117293103091));
#17330=CARTESIAN_POINT('',(0.00906560117738042,0.059,-0.0105974840515709));
#17331=CARTESIAN_POINT('',(0.0247169233840377,0.059,0.00188885640385606));
#17332=CARTESIAN_POINT('',(0.024292689528364,0.059,0.00242062272397971));
#17333=CARTESIAN_POINT('',(0.0238684556726904,0.059,0.00295238904410335));
#17334=CARTESIAN_POINT('',(0.0238534042797249,0.059,0.00239428310446557));
#17335=CARTESIAN_POINT('',(0.0238383528867595,0.059,0.00183617716482778));
#17336=CARTESIAN_POINT('',(0.0537179759226917,0.059,0.00103036923270342));
#17337=CARTESIAN_POINT('',(0.0238289663945273,0.059,0.00132753689276155));
#17338=CARTESIAN_POINT('',(0.0851669984347092,0.059,0.000717766593399075));
#17339=CARTESIAN_POINT('',(0.0238259355618039,0.059,0.000717818025891717));
#17340=CARTESIAN_POINT('',(0.0852368869485049,0.059,0.000717788861907371));
#17341=CARTESIAN_POINT('',(0.0238289690459889,0.059,0.000107404476083221));
#17342=CARTESIAN_POINT('',(0.0541608327704992,0.059,0.000408884573195022));
#17343=CARTESIAN_POINT('',(0.022012432554118,0.059,-0.00177240851047224));
#17344=CARTESIAN_POINT('',(0.022012432554118,0.059,0.00570471319577648));
#17345=CARTESIAN_POINT('',(0.0224234091018018,0.059,0.00570112417735748));
#17346=CARTESIAN_POINT('',(0.0228343856494857,0.059,0.00569753515893848));
#17347=CARTESIAN_POINT('',(0.0227735737757594,0.059,-0.00126519663577275));
#17348=CARTESIAN_POINT('',(0.023164628903558,0.059,0.00568681084524245));
#17349=CARTESIAN_POINT('',(0.0228469451097134,0.059,3.91928872376635E-5));
#17350=CARTESIAN_POINT('',(0.0234771993176121,0.059,0.00566051757327703));
#17351=CARTESIAN_POINT('',(0.0229055965646874,0.059,0.000562301680152668));
#17352=CARTESIAN_POINT('',(0.0237387679133032,0.059,0.00562435269766549));
#17353=CARTESIAN_POINT('',(0.0236670916100779,0.059,0.00518887096767496));
#17354=CARTESIAN_POINT('',(0.0238684556726904,0.059,0.00558159777333991));
#17355=CARTESIAN_POINT('',(0.0236643300108666,0.059,0.00518348483731995));
#17356=CARTESIAN_POINT('',(0.0239868433269809,0.059,0.00549355959696741));
#17357=CARTESIAN_POINT('',(0.0163724925933665,0.059,-0.00182712410462585));
#17358=CARTESIAN_POINT('',(0.0242271694729338,0.059,0.00523508504484414));
#17359=CARTESIAN_POINT('',(0.0165778036934952,0.059,-0.00164252790020711));
#17360=CARTESIAN_POINT('',(0.0245038937170604,0.059,0.00491425893390016));
#17361=CARTESIAN_POINT('',(0.0134419207072896,0.059,-0.00423666866026587));
#17362=CARTESIAN_POINT('',(0.0247917426455843,0.059,0.00455470578697331));
#17363=CARTESIAN_POINT('',(0.206420117909675,0.059,0.145240775824338));
#17364=CARTESIAN_POINT('',(0.0250796841631473,0.059,0.0041837515672922));
#17365=CARTESIAN_POINT('',(0.178922163959682,0.059,0.123851084738171));
#17366=CARTESIAN_POINT('',(0.0253567659303559,0.059,0.00382838794180696));
#17367=CARTESIAN_POINT('',(0.16880967226747,0.059,0.115947257769818));
#17368=CARTESIAN_POINT('',(0.0255929813563058,0.059,0.00352681144206421));
#17369=CARTESIAN_POINT('',(0.0378435755626203,0.059,0.0131431121153583));
#17370=CARTESIAN_POINT('',(0.0257165616329897,0.059,0.00337142698957121));
#17371=CARTESIAN_POINT('',(-0.0336552963303718,0.059,-0.0444692359733177));
#17372=CARTESIAN_POINT('',(0.0258704910694161,0.059,0.00317976386073489));
#17373=CARTESIAN_POINT('',(-9.48257337108281,0.05900003611862,-7.60811563492927));
#17374=CARTESIAN_POINT('',(0.026540248253955,0.059,0.00234299132226656));
#17375=CARTESIAN_POINT('',(-5.31998628309724,0.0589999999999992,-4.27666666651425));
#17376=CARTESIAN_POINT('',(0.027327500984752,0.059,0.00135916238309267));
#17377=CARTESIAN_POINT('',(0.0163879745605944,0.059,0.0150347556970121));
#17378=CARTESIAN_POINT('',(0.028220588844667,0.0590000002497459,0.00024270671925518));
#17379=CARTESIAN_POINT('',(2.16891872995558,0.059,1.712438006633));
#17380=CARTESIAN_POINT('',(2.16891872995558,0.059,1.712438006633));
#17381=CARTESIAN_POINT('',(0.0282205834058739,0.059,0.000242702303979492));
#17382=CARTESIAN_POINT('',(0.022012432554118,0.059,-0.00177240851047224));
#17383=CARTESIAN_POINT('',(0.022012432554118,0.059,0.00570471319577648));
#17384=CARTESIAN_POINT('',(0.0138614091091635,0.059,0.00853335706812658));
#17385=CARTESIAN_POINT('',(0.0252997749905354,0.059,0.000282165173583325));
#17386=CARTESIAN_POINT('',(0.0541608327704992,0.059,0.000408884573195022));
#17387=CARTESIAN_POINT('',(0.0238289690459889,0.059,0.000107404476083221));
#17388=CARTESIAN_POINT('',(0.0277740503924489,0.0590000000012878,0.000800938900682144));
#17389=CARTESIAN_POINT('',(0.0273274955199963,0.059,0.0013591580116632));
#17390=CARTESIAN_POINT('',(0.0224234091018018,0.059,0.00570112417735748));
#17391=CARTESIAN_POINT('',(0.0228343856494857,0.059,0.00569753515893848));
#17392=CARTESIAN_POINT('',(0.0227735737757594,0.059,-0.00126519663577275));
#17393=CARTESIAN_POINT('',(0.023164628903558,0.059,0.00568681084524245));
#17394=CARTESIAN_POINT('',(0.0228469451097134,0.059,3.91928872376635E-5));
#17395=CARTESIAN_POINT('',(0.0234771993176121,0.059,0.00566051757327703));
#17396=CARTESIAN_POINT('',(0.0229055965646874,0.059,0.000562301680152668));
#17397=CARTESIAN_POINT('',(0.0237387679133032,0.059,0.00562435269766549));
#17398=CARTESIAN_POINT('',(0.0236670916100779,0.059,0.00518887096767496));
#17399=CARTESIAN_POINT('',(0.0238684556726904,0.059,0.00558159777333991));
#17400=CARTESIAN_POINT('',(0.0236643300108666,0.059,0.00518348483731995));
#17401=CARTESIAN_POINT('',(0.0239868433269809,0.059,0.00549355959696741));
#17402=CARTESIAN_POINT('',(0.0163724925933665,0.059,-0.00182712410462585));
#17403=CARTESIAN_POINT('',(0.0242271694729338,0.059,0.00523508504484414));
#17404=CARTESIAN_POINT('',(0.0165778036934952,0.059,-0.00164252790020711));
#17405=CARTESIAN_POINT('',(0.0245038937170604,0.059,0.00491425893390016));
#17406=CARTESIAN_POINT('',(0.0134419207072896,0.059,-0.00423666866026587));
#17407=CARTESIAN_POINT('',(0.0247917426455843,0.059,0.00455470578697331));
#17408=CARTESIAN_POINT('',(0.206420117909675,0.059,0.145240775824338));
#17409=CARTESIAN_POINT('',(0.0250796841631473,0.059,0.0041837515672922));
#17410=CARTESIAN_POINT('',(0.178922163959682,0.059,0.123851084738171));
#17411=CARTESIAN_POINT('',(0.0253567659303559,0.059,0.00382838794180696));
#17412=CARTESIAN_POINT('',(0.16880967226747,0.059,0.115947257769818));
#17413=CARTESIAN_POINT('',(0.0255929813563058,0.059,0.00352681144206421));
#17414=CARTESIAN_POINT('',(0.0378435755626203,0.059,0.0131431121153583));
#17415=CARTESIAN_POINT('',(0.0257165616329897,0.059,0.00337142698957121));
#17416=CARTESIAN_POINT('',(-0.0336552963303718,0.059,-0.0444692359733177));
#17417=CARTESIAN_POINT('',(0.0258704910694161,0.059,0.00317976386073489));
#17418=CARTESIAN_POINT('',(0.0262053754750551,0.0590000000012878,0.00276138224455199));
#17419=CARTESIAN_POINT('',(0.026540248253955,0.059,0.00234299132226656));
#17420=CARTESIAN_POINT('',(0.00767024346503414,0.059,0.0129994433567626));
#17421=CARTESIAN_POINT('',(0.02552135190912,0.059,0.000595110504307379));
#17422=CARTESIAN_POINT('',(0.0253694370808816,0.059,0.000700672405694337));
#17423=CARTESIAN_POINT('',(0.025553795511408,0.059,0.000685394998945677));
#17424=CARTESIAN_POINT('',(0.0254111697159502,0.059,0.000697214015841857));
#17425=CARTESIAN_POINT('',(0.0255303914841166,0.059,0.000776384570252107));
#17426=CARTESIAN_POINT('',(0.010476698782539,0.059,-0.00922018864948008));
#17427=CARTESIAN_POINT('',(0.0253127475315496,0.059,0.0010966324504508));
#17428=CARTESIAN_POINT('',(0.0156602016236029,0.059,-0.00561563053554539));
#17429=CARTESIAN_POINT('',(0.0250412108190102,0.059,0.00147117293103091));
#17430=CARTESIAN_POINT('',(0.00906560117738042,0.059,-0.0105974840515709));
#17431=CARTESIAN_POINT('',(0.0247169233840377,0.059,0.00188885640385606));
#17432=CARTESIAN_POINT('',(0.024292689528364,0.059,0.00242062272397971));
#17433=CARTESIAN_POINT('',(0.0238684556726904,0.059,0.00295238904410335));
#17434=CARTESIAN_POINT('',(0.0238534042797249,0.059,0.00239428310446557));
#17435=CARTESIAN_POINT('',(0.0238383528867595,0.059,0.00183617716482778));
#17436=CARTESIAN_POINT('',(0.0537179759226917,0.059,0.00103036923270342));
#17437=CARTESIAN_POINT('',(0.0238289663945273,0.059,0.00132753689276155));
#17438=CARTESIAN_POINT('',(0.0851669984347092,0.059,0.000717766593399075));
#17439=CARTESIAN_POINT('',(0.0238259355618039,0.059,0.000717818025891717));
#17440=CARTESIAN_POINT('',(0.0852368869485049,0.059,0.000717788861907371));
#17441=CARTESIAN_POINT('',(-5.31998628309724,0.0589999999999992,-4.27666666651425));
#17442=CARTESIAN_POINT('',(-1.61387757090876E-17,0.059,0.0019255016053379));
#17443=CARTESIAN_POINT('',(0.017781483085529,0.059,-0.000512964251440976));
#17444=CARTESIAN_POINT('',(0.0178231232293404,0.059,0.00565168396381727));
#17445=CARTESIAN_POINT('',(0.0182606143930038,0.059,0.00566708588000596));
#17446=CARTESIAN_POINT('',(0.0195730878839943,0.059,0.00571329173463052));
#17447=CARTESIAN_POINT('',(0.0195730878839943,0.059,0.00321877317131949));
#17448=CARTESIAN_POINT('',(0.0195730878839943,0.059,0.00321877317131949));
#17449=CARTESIAN_POINT('',(0.0195730878839943,0.059,0.00571329173463052));
#17450=CARTESIAN_POINT('',(0.017781483085529,0.059,-0.000512964251440976));
#17451=CARTESIAN_POINT('',(0.0178231232293404,0.059,0.00565168396381727));
#17452=CARTESIAN_POINT('',(0.0182606143930038,0.059,0.00566708588000596));
#17453=CARTESIAN_POINT('',(-1.61387757090876E-17,0.059,0.0019255016053379));
#17454=CARTESIAN_POINT('',(-0.394643724291524,0.059,-0.000178577275999162));
#17455=CARTESIAN_POINT('',(-0.000795729439028128,0.059,0.00192023783062795));
#17456=CARTESIAN_POINT('',(-0.0432184939721872,0.059,0.00169414348222112));
#17457=CARTESIAN_POINT('',(-0.000817868931254163,0.059,0.00308305148077389));
#17458=CARTESIAN_POINT('',(-0.0430510777080721,0.059,0.0016996701036454));
#17459=CARTESIAN_POINT('',(-0.000850297791415723,0.059,0.0038564830410159));
#17460=CARTESIAN_POINT('',(-0.000967884248005518,0.059,0.00385047339124922));
#17461=CARTESIAN_POINT('',(-0.0009257021775078,0.059,0.00396039774520314));
#17462=CARTESIAN_POINT('',(-0.00103531368822181,0.059,0.00367475492304168));
#17463=CARTESIAN_POINT('',(-0.00103044328924589,0.059,0.00398066795700263));
#17464=CARTESIAN_POINT('',(-0.00277256108228973,0.059,-0.105433945159765));
#17465=CARTESIAN_POINT('',(-0.00163924962909217,0.059,0.00398866741664367));
#17466=CARTESIAN_POINT('',(-0.00214570919413274,0.059,-0.0449173262802652));
#17467=CARTESIAN_POINT('',(-0.00234860745317636,0.059,0.00399086887217924));
#17468=CARTESIAN_POINT('',(-0.00199447841171408,0.059,-0.0813495666871432));
#17469=CARTESIAN_POINT('',(-0.00316443185414814,0.059,0.00398358371629267));
#17470=CARTESIAN_POINT('',(-0.00421601419788573,0.059,0.0039691661287076));
#17471=CARTESIAN_POINT('',(-0.00526759654162332,0.059,0.00395474854112252));
#17472=CARTESIAN_POINT('',(-0.0045201549261399,0.059,0.00302673698183633));
#17473=CARTESIAN_POINT('',(-0.00377271331065647,0.059,0.00209872542255015));
#17474=CARTESIAN_POINT('',(-0.111590229466674,0.059,-0.0847399234799909));
#17475=CARTESIAN_POINT('',(-0.00319951970605859,0.059,0.00138220939456071));
#17476=CARTESIAN_POINT('',(-0.060503139595887,0.059,-0.0441485372040133));
#17477=CARTESIAN_POINT('',(-0.00271652977954945,0.059,0.000767623186606309));
#17478=CARTESIAN_POINT('',(-0.293048023632224,0.059,-0.224899953555422));
#17479=CARTESIAN_POINT('',(-0.00229368857756552,0.059,0.000222564559199732));
#17480=CARTESIAN_POINT('',(-0.00235909464890034,0.059,0.000171922776412693));
#17481=CARTESIAN_POINT('',(-0.0022763928814451,0.059,0.000173643820015788));
#17482=CARTESIAN_POINT('',(-0.00235419212370161,0.059,0.000172024639887025));
#17483=CARTESIAN_POINT('',(-0.00229263318979117,0.059,0.000124423783846528));
#17484=CARTESIAN_POINT('',(-0.429434565155881,0.059,0.330414150981996));
#17485=CARTESIAN_POINT('',(-0.00469881412065672,0.059,4.37237925926837E-5));
#17486=CARTESIAN_POINT('',(-0.00459391084552729,0.059,0.000189514514615009));
#17487=CARTESIAN_POINT('',(-0.00479635322634396,0.059,0.000439899669519823));
#17488=CARTESIAN_POINT('',(-0.00499879560716063,0.059,0.000690284824424597));
#17489=CARTESIAN_POINT('',(0.203538676430016,0.059,0.169297681755015));
#17490=CARTESIAN_POINT('',(-0.00516325707328816,0.059,0.000893897666449067));
#17491=CARTESIAN_POINT('',(0.179173927095957,0.059,0.149637629019849));
#17492=CARTESIAN_POINT('',(-0.00532260440028542,0.059,0.00109159255224536));
#17493=CARTESIAN_POINT('',(0.163856568664103,0.059,0.137305427860813));
#17494=CARTESIAN_POINT('',(-0.0054587336204786,0.059,0.0012608398004987));
#17495=CARTESIAN_POINT('',(0.0117283424692036,0.059,0.0150706264183461));
#17496=CARTESIAN_POINT('',(-0.00553256165962145,0.059,0.00135322944958734));
#17497=CARTESIAN_POINT('',(-0.0601915351400655,0.059,-0.0420847402518404));
#17498=CARTESIAN_POINT('',(-0.00561554074120618,0.059,0.00145743963265543));
#17499=CARTESIAN_POINT('',(-1.62289499218352,0.059,-1.28885626206401));
#17500=CARTESIAN_POINT('',(-0.0058271739363891,0.059,0.00172265610921274));
#17501=CARTESIAN_POINT('',(-1.47033602000191,0.059,-1.16710294163546));
#17502=CARTESIAN_POINT('',(-0.00607967442735724,0.059,0.00203896275083393));
#17503=CARTESIAN_POINT('',(-2.05475841701961,0.059,-1.63374328799075));
#17504=CARTESIAN_POINT('',(-0.00635451475498923,0.059,0.00238311769361809));
#17505=CARTESIAN_POINT('',(-0.00670105065725936,0.059,0.00281697465795695));
#17506=CARTESIAN_POINT('',(-0.0070475865595295,0.059,0.00325083162229581));
#17507=CARTESIAN_POINT('',(-0.0070475865595295,0.059,0.00386430198915136));
#17508=CARTESIAN_POINT('',(-0.0070475865595295,0.059,0.00570471319577648));
#17509=CARTESIAN_POINT('',(-0.00506782858406205,0.059,0.00570471319577648));
#17510=CARTESIAN_POINT('',(-0.00308807060859459,0.059,0.00570471319577653));
#17511=CARTESIAN_POINT('',(-0.00308791939302524,0.059,-0.22203530844959));
#17512=CARTESIAN_POINT('',(-0.00156495811446199,0.059,0.00569962090468991));
#17513=CARTESIAN_POINT('',(-0.00236204298166248,0.059,-0.113510126618347));
#17514=CARTESIAN_POINT('',(-0.000270892660761512,0.059,0.00568394344861223));
#17515=CARTESIAN_POINT('',(-0.0122587699775312,0.059,-0.677597738020635));
#17516=CARTESIAN_POINT('',(0.000874269997409866,0.059,0.0056628921162257));
#17517=CARTESIAN_POINT('',(0.000872373456258974,0.059,0.00556422999325415));
#17518=CARTESIAN_POINT('',(0.000942151020305424,0.059,0.00563400751781137));
#17519=CARTESIAN_POINT('',(0.000872264021818283,0.059,0.00556412041112731));
#17520=CARTESIAN_POINT('',(0.000971087693425537,0.059,0.00556563109583085));
#17521=CARTESIAN_POINT('',(-1.28983291858071,0.059,-0.0141679638563171));
#17522=CARTESIAN_POINT('',(0.000992086951105753,0.059,0.0041405717727601));
#17523=CARTESIAN_POINT('',(-0.181148888891475,0.059,0.00155689356438348));
#17524=CARTESIAN_POINT('',(0.00100776663441179,0.059,0.0025383830424561));
#17525=CARTESIAN_POINT('',(-0.349605854103556,0.059,0.000649119332137365));
#17526=CARTESIAN_POINT('',(0.00101285669827056,0.059,0.000649259713645568));
#17527=CARTESIAN_POINT('',(0.00101285669827053,0.059,-0.00180776134945479));
#17528=CARTESIAN_POINT('',(0.00101285669827053,0.059,-0.00180776134945479));
#17529=CARTESIAN_POINT('',(0.00101285669827056,0.059,0.000649259713645568));
#17530=CARTESIAN_POINT('',(-0.394643724291524,0.059,-0.000178577275999162));
#17531=CARTESIAN_POINT('',(-0.000795729439028128,0.059,0.00192023783062795));
#17532=CARTESIAN_POINT('',(-0.429434565155881,0.059,0.330414150981996));
#17533=CARTESIAN_POINT('',(-0.00229263318979117,0.059,0.000124423783846528));
#17534=CARTESIAN_POINT('',(-0.00469881412065672,0.059,4.37237925926837E-5));
#17535=CARTESIAN_POINT('',(-0.00459391084552729,0.059,0.000189514514615009));
#17536=CARTESIAN_POINT('',(-0.0432184939721872,0.059,0.00169414348222112));
#17537=CARTESIAN_POINT('',(-0.000817868931254163,0.059,0.00308305148077389));
#17538=CARTESIAN_POINT('',(-0.0430510777080721,0.059,0.0016996701036454));
#17539=CARTESIAN_POINT('',(-0.000850297791415723,0.059,0.0038564830410159));
#17540=CARTESIAN_POINT('',(-0.000967884248005518,0.059,0.00385047339124922));
#17541=CARTESIAN_POINT('',(-0.0009257021775078,0.059,0.00396039774520314));
#17542=CARTESIAN_POINT('',(-0.00103531368822181,0.059,0.00367475492304168));
#17543=CARTESIAN_POINT('',(-0.00103044328924589,0.059,0.00398066795700263));
#17544=CARTESIAN_POINT('',(-0.00277256108228973,0.059,-0.105433945159765));
#17545=CARTESIAN_POINT('',(-0.00163924962909217,0.059,0.00398866741664367));
#17546=CARTESIAN_POINT('',(-0.00214570919413274,0.059,-0.0449173262802652));
#17547=CARTESIAN_POINT('',(-0.00234860745317636,0.059,0.00399086887217924));
#17548=CARTESIAN_POINT('',(-0.00199447841171408,0.059,-0.0813495666871432));
#17549=CARTESIAN_POINT('',(-0.00316443185414814,0.059,0.00398358371629267));
#17550=CARTESIAN_POINT('',(-0.00421601419788573,0.059,0.0039691661287076));
#17551=CARTESIAN_POINT('',(-0.00526759654162332,0.059,0.00395474854112252));
#17552=CARTESIAN_POINT('',(-0.0045201549261399,0.059,0.00302673698183633));
#17553=CARTESIAN_POINT('',(-0.00377271331065647,0.059,0.00209872542255015));
#17554=CARTESIAN_POINT('',(-0.111590229466674,0.059,-0.0847399234799909));
#17555=CARTESIAN_POINT('',(-0.00319951970605859,0.059,0.00138220939456071));
#17556=CARTESIAN_POINT('',(-0.060503139595887,0.059,-0.0441485372040133));
#17557=CARTESIAN_POINT('',(-0.00271652977954945,0.059,0.000767623186606309));
#17558=CARTESIAN_POINT('',(-0.293048023632224,0.059,-0.224899953555422));
#17559=CARTESIAN_POINT('',(-0.00229368857756552,0.059,0.000222564559199732));
#17560=CARTESIAN_POINT('',(-0.00235909464890034,0.059,0.000171922776412693));
#17561=CARTESIAN_POINT('',(-0.0022763928814451,0.059,0.000173643820015788));
#17562=CARTESIAN_POINT('',(-0.00235419212370161,0.059,0.000172024639887025));
#17563=CARTESIAN_POINT('',(-0.00479635322634396,0.059,0.000439899669519823));
#17564=CARTESIAN_POINT('',(-0.00499879560716063,0.059,0.000690284824424597));
#17565=CARTESIAN_POINT('',(0.203538676430016,0.059,0.169297681755015));
#17566=CARTESIAN_POINT('',(-0.00516325707328816,0.059,0.000893897666449067));
#17567=CARTESIAN_POINT('',(0.179173927095957,0.059,0.149637629019849));
#17568=CARTESIAN_POINT('',(-0.00532260440028542,0.059,0.00109159255224536));
#17569=CARTESIAN_POINT('',(0.163856568664103,0.059,0.137305427860813));
#17570=CARTESIAN_POINT('',(-0.0054587336204786,0.059,0.0012608398004987));
#17571=CARTESIAN_POINT('',(0.0117283424692036,0.059,0.0150706264183461));
#17572=CARTESIAN_POINT('',(-0.00553256165962145,0.059,0.00135322944958734));
#17573=CARTESIAN_POINT('',(-0.0601915351400655,0.059,-0.0420847402518404));
#17574=CARTESIAN_POINT('',(-0.00561554074120618,0.059,0.00145743963265543));
#17575=CARTESIAN_POINT('',(-1.62289499218352,0.059,-1.28885626206401));
#17576=CARTESIAN_POINT('',(-0.0058271739363891,0.059,0.00172265610921274));
#17577=CARTESIAN_POINT('',(-1.47033602000191,0.059,-1.16710294163546));
#17578=CARTESIAN_POINT('',(-0.00607967442735724,0.059,0.00203896275083393));
#17579=CARTESIAN_POINT('',(-2.05475841701961,0.059,-1.63374328799075));
#17580=CARTESIAN_POINT('',(-0.00635451475498923,0.059,0.00238311769361809));
#17581=CARTESIAN_POINT('',(-0.00670105065725936,0.059,0.00281697465795695));
#17582=CARTESIAN_POINT('',(-0.0070475865595295,0.059,0.00325083162229581));
#17583=CARTESIAN_POINT('',(-0.0070475865595295,0.059,0.00386430198915136));
#17584=CARTESIAN_POINT('',(-0.0070475865595295,0.059,0.00570471319577648));
#17585=CARTESIAN_POINT('',(-0.00506782858406205,0.059,0.00570471319577648));
#17586=CARTESIAN_POINT('',(-0.00308807060859459,0.059,0.00570471319577653));
#17587=CARTESIAN_POINT('',(-0.00308791939302524,0.059,-0.22203530844959));
#17588=CARTESIAN_POINT('',(-0.00156495811446199,0.059,0.00569962090468991));
#17589=CARTESIAN_POINT('',(-0.00236204298166248,0.059,-0.113510126618347));
#17590=CARTESIAN_POINT('',(-0.000270892660761512,0.059,0.00568394344861223));
#17591=CARTESIAN_POINT('',(-0.0122587699775312,0.059,-0.677597738020635));
#17592=CARTESIAN_POINT('',(0.000874269997409866,0.059,0.0056628921162257));
#17593=CARTESIAN_POINT('',(0.000872373456258974,0.059,0.00556422999325415));
#17594=CARTESIAN_POINT('',(0.000942151020305424,0.059,0.00563400751781137));
#17595=CARTESIAN_POINT('',(0.000872264021818283,0.059,0.00556412041112731));
#17596=CARTESIAN_POINT('',(0.000971087693425537,0.059,0.00556563109583085));
#17597=CARTESIAN_POINT('',(-1.28983291858071,0.059,-0.0141679638563171));
#17598=CARTESIAN_POINT('',(0.000992086951105753,0.059,0.0041405717727601));
#17599=CARTESIAN_POINT('',(-0.181148888891475,0.059,0.00155689356438348));
#17600=CARTESIAN_POINT('',(0.00100776663441179,0.059,0.0025383830424561));
#17601=CARTESIAN_POINT('',(-0.349605854103556,0.059,0.000649119332137365));
#17602=CARTESIAN_POINT('',(-0.0200699439766229,0.059,0.00260009034913774));
#17603=CARTESIAN_POINT('',(-0.0202061980276282,0.059,0.00245064511759495));
#17604=CARTESIAN_POINT('',(-0.0202061980276282,0.059,0.00245064511759495));
#17605=CARTESIAN_POINT('',(-0.0200699439766229,0.059,0.00260009034913774));
#17606=CARTESIAN_POINT('',(-0.0199336899256177,0.059,0.00274953558068053));
#17607=CARTESIAN_POINT('',(-0.0199336899256177,0.059,0.00274953558068053));
#17608=CARTESIAN_POINT('',(-0.0180776668070453,0.059,0.00446030060283638));
#17609=CARTESIAN_POINT('',(-0.0180776668070453,0.059,0.000727062930074554));
#17610=CARTESIAN_POINT('',(-0.0180776668070453,0.059,0.000727062930074554));
#17611=CARTESIAN_POINT('',(-0.0180776668070453,0.059,0.00446030060283638));
#17612=CARTESIAN_POINT('',(-0.0180776668070453,0.059,0.00570471319577648));
#17613=CARTESIAN_POINT('',(-0.0180776668070453,0.059,0.00570471319577648));
#17614=CARTESIAN_POINT('',(-0.0185502159141325,0.059,0.00570471319577648));
#17615=CARTESIAN_POINT('',(-0.0185502159141325,0.059,0.00570471319577648));
#17616=CARTESIAN_POINT('',(-0.0190227650212195,0.059,0.00570471319577648));
#17617=CARTESIAN_POINT('',(-0.0190227650212195,0.059,0.00570471319577648));
#17618=CARTESIAN_POINT('',(-1.61387757090876E-17,0.059,0.0019255016053379));
#17619=CARTESIAN_POINT('',(-0.0198541460776789,0.059,-0.00039947962690822));
#17620=CARTESIAN_POINT('',(-0.016697133582305,0.059,-0.00074867862718699));
#17621=CARTESIAN_POINT('',(-0.0203660967525794,0.059,0.00226593825734859));
#17622=CARTESIAN_POINT('',(0.0379484722580389,0.059,-0.0456483946918826));
#17623=CARTESIAN_POINT('',(-0.0206924637819123,0.059,0.00186594926046818));
#17624=CARTESIAN_POINT('',(0.0393644512801955,0.059,-0.0467957281748679));
#17625=CARTESIAN_POINT('',(-0.0210759761721892,0.059,0.0013887779134066));
#17626=CARTESIAN_POINT('',(0.055312971767446,0.059,-0.0595101941827843));
#17627=CARTESIAN_POINT('',(-0.0214788995946492,0.059,0.000879909827759817));
#17628=CARTESIAN_POINT('',(-0.335052870235491,0.059,0.247477832042512));
#17629=CARTESIAN_POINT('',(-0.021874845855002,0.059,0.000377254646929448));
#17630=CARTESIAN_POINT('',(-0.239806042382952,0.059,0.17232724496871));
#17631=CARTESIAN_POINT('',(-0.0248123792658651,0.059,-0.000361586687714823));
#17632=CARTESIAN_POINT('',(-0.0240699700184361,0.059,0.000574590843000822));
#17633=CARTESIAN_POINT('',(0.399329073789087,0.059,-0.335190453683582));
#17634=CARTESIAN_POINT('',(-0.0234931741381113,0.059,0.0013006488449305));
#17635=CARTESIAN_POINT('',(0.219756566993951,0.059,-0.192283324364446));
#17636=CARTESIAN_POINT('',(-0.0229898111230928,0.059,0.00193147207341854));
#17637=CARTESIAN_POINT('',(0.542313839208769,0.059,-0.450353586913407));
#17638=CARTESIAN_POINT('',(-0.022555357049602,0.059,0.0024739550710288));
#17639=CARTESIAN_POINT('',(-0.0210997998814173,0.059,0.00130710891531617));
#17640=CARTESIAN_POINT('',(-0.0224778975686546,0.059,0.0025644964392667));
#17641=CARTESIAN_POINT('',(-0.0243588527589673,0.059,0.00428069673719298));
#17642=CARTESIAN_POINT('',(-0.0223675899784376,0.059,0.00269381034256832));
#17643=CARTESIAN_POINT('',(-0.555448184681239,0.059,0.427519614759984));
#17644=CARTESIAN_POINT('',(-0.0218208566878859,0.059,0.00338077031600859));
#17645=CARTESIAN_POINT('',(-0.238922149942423,0.059,0.175937934760542));
#17646=CARTESIAN_POINT('',(-0.021233356644973,0.059,0.00412252274337044));
#17647=CARTESIAN_POINT('',(-0.226611392793104,0.059,0.166221443024361));
#17648=CARTESIAN_POINT('',(-0.0206569418327091,0.059,0.00485551781730816));
#17649=CARTESIAN_POINT('',(-0.00208372084779266,0.059,-0.00969665418920564));
#17650=CARTESIAN_POINT('',(-0.0201830038900369,0.059,0.00544092161468159));
#17651=CARTESIAN_POINT('',(-0.0196265424557452,0.059,0.00497551748896072));
#17652=CARTESIAN_POINT('',(-0.0199610433579884,0.059,0.00561922508911043));
#17653=CARTESIAN_POINT('',(-0.0196673647958265,0.059,0.00505407452235567));
#17654=CARTESIAN_POINT('',(-0.0196945009385149,0.059,0.00569039668190752));
#17655=CARTESIAN_POINT('',(-0.0190227604193534,0.059,-0.0100617049337905));
#17656=CARTESIAN_POINT('',(-0.0185151579707088,0.059,0.000183009365701336));
#17657=CARTESIAN_POINT('',(-0.0248123792658651,0.059,-0.000361586687714823));
#17658=CARTESIAN_POINT('',(-0.0240699700184361,0.059,0.000574590843000822));
#17659=CARTESIAN_POINT('',(-0.239806042382952,0.059,0.17232724496871));
#17660=CARTESIAN_POINT('',(-0.021874845855002,0.059,0.000377254646929448));
#17661=CARTESIAN_POINT('',(-0.0198541460776789,0.059,-0.00039947962690822));
#17662=CARTESIAN_POINT('',(-0.0185151579707088,0.059,0.000183009365701336));
#17663=CARTESIAN_POINT('',(-0.0190227604193534,0.059,-0.0100617049337905));
#17664=CARTESIAN_POINT('',(-0.0196945009385149,0.059,0.00569039668190752));
#17665=CARTESIAN_POINT('',(-0.0196673647958265,0.059,0.00505407452235567));
#17666=CARTESIAN_POINT('',(-0.0199610433579884,0.059,0.00561922508911043));
#17667=CARTESIAN_POINT('',(-0.0196265424557452,0.059,0.00497551748896072));
#17668=CARTESIAN_POINT('',(-0.0201830038900369,0.059,0.00544092161468159));
#17669=CARTESIAN_POINT('',(-0.00208372084779266,0.059,-0.00969665418920564));
#17670=CARTESIAN_POINT('',(-0.0206569418327091,0.059,0.00485551781730816));
#17671=CARTESIAN_POINT('',(-0.226611392793104,0.059,0.166221443024361));
#17672=CARTESIAN_POINT('',(-0.021233356644973,0.059,0.00412252274337044));
#17673=CARTESIAN_POINT('',(-0.238922149942423,0.059,0.175937934760542));
#17674=CARTESIAN_POINT('',(-0.0218208566878859,0.059,0.00338077031600859));
#17675=CARTESIAN_POINT('',(-0.555448184681239,0.059,0.427519614759984));
#17676=CARTESIAN_POINT('',(-0.0223675899784376,0.059,0.00269381034256832));
#17677=CARTESIAN_POINT('',(-0.0243588527589673,0.059,0.00428069673719298));
#17678=CARTESIAN_POINT('',(-0.0224778975686546,0.059,0.0025644964392667));
#17679=CARTESIAN_POINT('',(-0.0210997998814173,0.059,0.00130710891531617));
#17680=CARTESIAN_POINT('',(-0.022555357049602,0.059,0.0024739550710288));
#17681=CARTESIAN_POINT('',(0.542313839208769,0.059,-0.450353586913407));
#17682=CARTESIAN_POINT('',(-0.0229898111230928,0.059,0.00193147207341854));
#17683=CARTESIAN_POINT('',(0.219756566993951,0.059,-0.192283324364446));
#17684=CARTESIAN_POINT('',(-0.0234931741381113,0.059,0.0013006488449305));
#17685=CARTESIAN_POINT('',(0.399329073789087,0.059,-0.335190453683582));
#17686=CARTESIAN_POINT('',(-0.335052870235491,0.059,0.247477832042512));
#17687=CARTESIAN_POINT('',(-0.0214788995946492,0.059,0.000879909827759817));
#17688=CARTESIAN_POINT('',(0.055312971767446,0.059,-0.0595101941827843));
#17689=CARTESIAN_POINT('',(-0.0210759761721892,0.059,0.0013887779134066));
#17690=CARTESIAN_POINT('',(0.0393644512801955,0.059,-0.0467957281748679));
#17691=CARTESIAN_POINT('',(-0.0206924637819123,0.059,0.00186594926046818));
#17692=CARTESIAN_POINT('',(0.0379484722580389,0.059,-0.0456483946918826));
#17693=CARTESIAN_POINT('',(-0.0203660967525794,0.059,0.00226593825734859));
#17694=CARTESIAN_POINT('',(-0.016697133582305,0.059,-0.00074867862718699));
#17695=CARTESIAN_POINT('',(-1.61387757090876E-17,0.059,0.0019255016053379));
#17696=CARTESIAN_POINT('',(-0.0274638408638256,0.059,-0.00174589389449263));
#17697=CARTESIAN_POINT('',(-0.0274638408638256,0.059,0.00565168396381727));
#17698=CARTESIAN_POINT('',(-0.0270319380266844,0.059,0.00566699562425317));
#17699=CARTESIAN_POINT('',(-0.025736229515261,0.059,0.00571293049950241));
#17700=CARTESIAN_POINT('',(-0.025698657190804,0.059,0.00533880136667462));
#17701=CARTESIAN_POINT('',(-0.0256610848663471,0.059,0.00496467223384683));
#17702=CARTESIAN_POINT('',(-0.0309794544349448,0.059,0.00443056355272316));
#17703=CARTESIAN_POINT('',(-0.0256363295481669,0.059,0.00457665734360128));
#17704=CARTESIAN_POINT('',(-0.0514071553477559,0.059,0.00387200259598989));
#17705=CARTESIAN_POINT('',(-0.0256269804945725,0.059,0.00399277198525578));
#17706=CARTESIAN_POINT('',(-0.0545117964535749,0.059,0.00385742482729191));
#17707=CARTESIAN_POINT('',(-0.0256313042860295,0.059,0.00333965654035366));
#17708=CARTESIAN_POINT('',(-0.0511369129901746,0.059,0.00379690176830657));
#17709=CARTESIAN_POINT('',(-0.025650507337565,0.059,0.00270682127674664));
#17710=CARTESIAN_POINT('',(-0.00251869501975962,0.059,0.00171745696293681));
#17711=CARTESIAN_POINT('',(-0.0256694378188483,0.059,0.00203791086298855));
#17712=CARTESIAN_POINT('',(0.0135078120844446,0.059,0.00149559370260065));
#17713=CARTESIAN_POINT('',(-0.0256725658011247,0.059,0.00127421928783894));
#17714=CARTESIAN_POINT('',(0.0119672755038898,0.059,0.00148688580101954));
#17715=CARTESIAN_POINT('',(-0.025661137895579,0.059,0.000535368301874453));
#17716=CARTESIAN_POINT('',(-0.0105836988121123,0.059,0.000916658447323751));
#17717=CARTESIAN_POINT('',(-0.0274638408638256,0.059,-0.00174589389449263));
#17718=CARTESIAN_POINT('',(-0.0274638408638256,0.059,0.00565168396381727));
#17719=CARTESIAN_POINT('',(-0.0105836988121123,0.059,0.000916658447323751));
#17720=CARTESIAN_POINT('',(-0.025661137895579,0.059,0.000535368301874453));
#17721=CARTESIAN_POINT('',(-0.0270319380266844,0.059,0.00566699562425317));
#17722=CARTESIAN_POINT('',(-0.025736229515261,0.059,0.00571293049950241));
#17723=CARTESIAN_POINT('',(-0.025698657190804,0.059,0.00533880136667462));
#17724=CARTESIAN_POINT('',(-0.0256610848663471,0.059,0.00496467223384683));
#17725=CARTESIAN_POINT('',(-0.0309794544349448,0.059,0.00443056355272316));
#17726=CARTESIAN_POINT('',(-0.0256363295481669,0.059,0.00457665734360128));
#17727=CARTESIAN_POINT('',(-0.0514071553477559,0.059,0.00387200259598989));
#17728=CARTESIAN_POINT('',(-0.0256269804945725,0.059,0.00399277198525578));
#17729=CARTESIAN_POINT('',(-0.0545117964535749,0.059,0.00385742482729191));
#17730=CARTESIAN_POINT('',(-0.0256313042860295,0.059,0.00333965654035366));
#17731=CARTESIAN_POINT('',(-0.0511369129901746,0.059,0.00379690176830657));
#17732=CARTESIAN_POINT('',(-0.025650507337565,0.059,0.00270682127674664));
#17733=CARTESIAN_POINT('',(-0.00251869501975962,0.059,0.00171745696293681));
#17734=CARTESIAN_POINT('',(-0.0256694378188483,0.059,0.00203791086298855));
#17735=CARTESIAN_POINT('',(0.0135078120844446,0.059,0.00149559370260065));
#17736=CARTESIAN_POINT('',(-0.0256725658011247,0.059,0.00127421928783894));
#17737=CARTESIAN_POINT('',(0.0119672755038898,0.059,0.00148688580101954));
#17738=CARTESIAN_POINT('',(-1.61387757090876E-17,0.059,0.0019255016053379));
#17739=CARTESIAN_POINT('',(-0.0767878985060101,0.059,0.000649352299393228));
#17740=CARTESIAN_POINT('',(-0.0115053935976215,0.059,0.000746480007590277));
#17741=CARTESIAN_POINT('',(-0.0115070693743806,0.059,0.00187335118672351));
#17742=CARTESIAN_POINT('',(-0.0115087451511398,0.059,0.00300022236585673));
#17743=CARTESIAN_POINT('',(-0.0116263851462889,0.059,0.00286459098409316));
#17744=CARTESIAN_POINT('',(-0.0117440251414379,0.059,0.00272895960232958));
#17745=CARTESIAN_POINT('',(-0.00334471935178116,0.059,-0.00455619656511591));
#17746=CARTESIAN_POINT('',(-0.0118577049665735,0.059,0.00259579015568894));
#17747=CARTESIAN_POINT('',(0.0156261711665343,0.059,-0.0204941123933055));
#17748=CARTESIAN_POINT('',(-0.0120089486845182,0.059,0.00241455840707132));
#17749=CARTESIAN_POINT('',(0.0178798243268497,0.059,-0.0223623158606434));
#17750=CARTESIAN_POINT('',(-0.0121695623495747,0.059,0.00221951911915308));
#17751=CARTESIAN_POINT('',(0.00909745164018119,0.059,-0.0151779025216454));
#17752=CARTESIAN_POINT('',(-0.0123154994322772,0.059,0.00203957958685985));
#17753=CARTESIAN_POINT('',(0.153937390130956,0.059,-0.13163878268721));
#17754=CARTESIAN_POINT('',(-0.0130715751612498,0.059,0.00109378053835607));
#17755=CARTESIAN_POINT('',(-0.0112670725662153,0.059,-0.000340373014816375));
#17756=CARTESIAN_POINT('',(-0.0132582372092785,0.059,0.000820785627996163));
#17757=CARTESIAN_POINT('',(-0.0130391653651322,0.059,0.000693032305176429));
#17758=CARTESIAN_POINT('',(-0.0132900638694819,0.059,0.000656109075303886));
#17759=CARTESIAN_POINT('',(-0.0129954503010861,0.059,0.000699465554324216));
#17760=CARTESIAN_POINT('',(-0.0132145825910035,0.059,0.000497827317693569));
#17761=CARTESIAN_POINT('',(-0.0149728058378048,0.059,-0.00112003265758507));
#17762=CARTESIAN_POINT('',(-0.0131108318532015,0.059,0.000377255813572546));
#17763=CARTESIAN_POINT('',(-0.0489915637963665,0.059,-0.0284758528421199));
#17764=CARTESIAN_POINT('',(-0.0128887003549091,0.059,9.88222251829436E-5));
#17765=CARTESIAN_POINT('',(-0.0486468242470373,0.059,-0.0282029584461075));
#17766=CARTESIAN_POINT('',(-0.973760137953607,0.059,0.766261647852366));
#17767=CARTESIAN_POINT('',(-0.0154563118131203,0.059,0.000836576036338244));
#17768=CARTESIAN_POINT('',(-1.7887674072584,0.059,1.41723026630123));
#17769=CARTESIAN_POINT('',(-0.0143747046894521,0.059,0.00219179893661411));
#17770=CARTESIAN_POINT('',(-0.0129739720492796,0.059,0.00394825606619529));
#17771=CARTESIAN_POINT('',(-0.011573239409107,0.059,0.00570471319577648));
#17772=CARTESIAN_POINT('',(-0.0111046916227174,0.059,0.00570471319577648));
#17773=CARTESIAN_POINT('',(-0.00969904815749003,0.059,0.00570471319577648));
#17774=CARTESIAN_POINT('',(-0.00969904815749003,0.059,0.00321233929369357));
#17775=CARTESIAN_POINT('',(-0.0486468242470373,0.059,-0.0282029584461075));
#17776=CARTESIAN_POINT('',(-0.0128887003549091,0.059,9.88222251829436E-5));
#17777=CARTESIAN_POINT('',(-0.0767878985060101,0.059,0.000649352299393228));
#17778=CARTESIAN_POINT('',(-0.0115053935976215,0.059,0.000746480007590277));
#17779=CARTESIAN_POINT('',(-0.973760137953607,0.059,0.766261647852366));
#17780=CARTESIAN_POINT('',(-0.0154563118131203,0.059,0.000836576036338244));
#17781=CARTESIAN_POINT('',(-0.00969904815749003,0.059,0.00321233929369357));
#17782=CARTESIAN_POINT('',(-0.00969904815749003,0.059,0.00570471319577648));
#17783=CARTESIAN_POINT('',(-0.0115070693743806,0.059,0.00187335118672351));
#17784=CARTESIAN_POINT('',(-0.0115087451511398,0.059,0.00300022236585673));
#17785=CARTESIAN_POINT('',(-0.0116263851462889,0.059,0.00286459098409316));
#17786=CARTESIAN_POINT('',(-0.0117440251414379,0.059,0.00272895960232958));
#17787=CARTESIAN_POINT('',(-0.00334471935178116,0.059,-0.00455619656511591));
#17788=CARTESIAN_POINT('',(-0.0118577049665735,0.059,0.00259579015568894));
#17789=CARTESIAN_POINT('',(0.0156261711665343,0.059,-0.0204941123933055));
#17790=CARTESIAN_POINT('',(-0.0120089486845182,0.059,0.00241455840707132));
#17791=CARTESIAN_POINT('',(0.0178798243268497,0.059,-0.0223623158606434));
#17792=CARTESIAN_POINT('',(-0.0121695623495747,0.059,0.00221951911915308));
#17793=CARTESIAN_POINT('',(0.00909745164018119,0.059,-0.0151779025216454));
#17794=CARTESIAN_POINT('',(-0.0123154994322772,0.059,0.00203957958685985));
#17795=CARTESIAN_POINT('',(0.153937390130956,0.059,-0.13163878268721));
#17796=CARTESIAN_POINT('',(-0.0130715751612498,0.059,0.00109378053835607));
#17797=CARTESIAN_POINT('',(-0.0112670725662153,0.059,-0.000340373014816375));
#17798=CARTESIAN_POINT('',(-0.0132582372092785,0.059,0.000820785627996163));
#17799=CARTESIAN_POINT('',(-0.0130391653651322,0.059,0.000693032305176429));
#17800=CARTESIAN_POINT('',(-0.0132900638694819,0.059,0.000656109075303886));
#17801=CARTESIAN_POINT('',(-0.0129954503010861,0.059,0.000699465554324216));
#17802=CARTESIAN_POINT('',(-0.0132145825910035,0.059,0.000497827317693569));
#17803=CARTESIAN_POINT('',(-0.0149728058378048,0.059,-0.00112003265758507));
#17804=CARTESIAN_POINT('',(-0.0131108318532015,0.059,0.000377255813572546));
#17805=CARTESIAN_POINT('',(-1.7887674072584,0.059,1.41723026630123));
#17806=CARTESIAN_POINT('',(-0.0143747046894521,0.059,0.00219179893661411));
#17807=CARTESIAN_POINT('',(-0.0129739720492796,0.059,0.00394825606619529));
#17808=CARTESIAN_POINT('',(-0.011573239409107,0.059,0.00570471319577648));
#17809=CARTESIAN_POINT('',(-0.0111046916227174,0.059,0.00570471319577648));
#17810=CARTESIAN_POINT('',(-0.0489915637963665,0.059,-0.0284758528421199));
#17811=CARTESIAN_POINT('',(-1.61387757090876E-17,0.059,0.0019255016053379));
#17812=CARTESIAN_POINT('',(-0.0335622025391348,0.059,0.00193757313958465));
#17813=CARTESIAN_POINT('',(-0.0335622025391348,0.059,0.00400777777308174));
#17814=CARTESIAN_POINT('',(-0.0344106702504823,0.059,0.00400777777308174));
#17815=CARTESIAN_POINT('',(-0.0352591379618296,0.059,0.00400777777308174));
#17816=CARTESIAN_POINT('',(-0.035259133656894,0.059,0.0520090937164878));
#17817=CARTESIAN_POINT('',(-0.0359098213800956,0.059,0.00401218821430378));
#17818=CARTESIAN_POINT('',(-0.035581038100912,0.059,0.0282647358542456));
#17819=CARTESIAN_POINT('',(-0.0364575986041078,0.059,0.00402580421201855));
#17820=CARTESIAN_POINT('',(-0.0331056765733419,0.059,0.0967146715333283));
#17821=CARTESIAN_POINT('',(-0.0369321193380392,0.059,0.00404418085600324));
#17822=CARTESIAN_POINT('',(-0.0369310886045464,0.059,0.0040691443657527));
#17823=CARTESIAN_POINT('',(-0.0369560733845244,0.059,0.00406914436694804));
#17824=CARTESIAN_POINT('',(-0.0368862846191577,0.059,0.00406914434181734));
#17825=CARTESIAN_POINT('',(-0.0369422234218382,0.059,0.0041108734938106));
#17826=CARTESIAN_POINT('',(-0.00660244578719827,0.059,-0.0185220201699342));
#17827=CARTESIAN_POINT('',(-0.0367671441247125,0.059,0.00434369557920746));
#17828=CARTESIAN_POINT('',(-0.0246007484183093,0.059,-0.00487879626934472));
#17829=CARTESIAN_POINT('',(-0.0365594258656082,0.059,0.00461149214001683));
#17830=CARTESIAN_POINT('',(-0.0149994705919759,0.059,-0.0124982556121169));
#17831=CARTESIAN_POINT('',(-0.0363129098295255,0.059,0.00491761207829541));
#17832=CARTESIAN_POINT('',(-0.0359913281050554,0.059,0.00531116263703595));
#17833=CARTESIAN_POINT('',(-0.0356697463805852,0.059,0.00570471319577648));
#17834=CARTESIAN_POINT('',(-0.0339762172906054,0.059,0.00570471319577648));
#17835=CARTESIAN_POINT('',(-0.0288956301267243,0.059,0.00570471319577648));
#17836=CARTESIAN_POINT('',(-0.0288956301267243,0.059,0.00528047934010279));
#17837=CARTESIAN_POINT('',(-0.0288956301267243,0.059,0.00400777777308174));
#17838=CARTESIAN_POINT('',(-0.0309619019532916,0.059,0.00400777777308174));
#17839=CARTESIAN_POINT('',(-0.0316506591934612,0.059,0.00400777777308174));
#17840=CARTESIAN_POINT('',(-0.0316645392767511,0.059,0.00195289503466232));
#17841=CARTESIAN_POINT('',(-0.0316645392767511,0.059,0.00195289503466232));
#17842=CARTESIAN_POINT('',(-0.0316506591934612,0.059,0.00400777777308174));
#17843=CARTESIAN_POINT('',(-0.0335622025391348,0.059,0.00193757313958465));
#17844=CARTESIAN_POINT('',(-0.0335622025391348,0.059,0.00400777777308174));
#17845=CARTESIAN_POINT('',(-0.0309619019532916,0.059,0.00400777777308174));
#17846=CARTESIAN_POINT('',(-0.0288956301267243,0.059,0.00400777777308174));
#17847=CARTESIAN_POINT('',(-0.0344106702504823,0.059,0.00400777777308174));
#17848=CARTESIAN_POINT('',(-0.0352591379618296,0.059,0.00400777777308174));
#17849=CARTESIAN_POINT('',(-0.035259133656894,0.059,0.0520090937164878));
#17850=CARTESIAN_POINT('',(-0.0359098213800956,0.059,0.00401218821430378));
#17851=CARTESIAN_POINT('',(-0.035581038100912,0.059,0.0282647358542456));
#17852=CARTESIAN_POINT('',(-0.0364575986041078,0.059,0.00402580421201855));
#17853=CARTESIAN_POINT('',(-0.0331056765733419,0.059,0.0967146715333283));
#17854=CARTESIAN_POINT('',(-0.0369321193380392,0.059,0.00404418085600324));
#17855=CARTESIAN_POINT('',(-0.0369310886045464,0.059,0.0040691443657527));
#17856=CARTESIAN_POINT('',(-0.0369560733845244,0.059,0.00406914436694804));
#17857=CARTESIAN_POINT('',(-0.0368862846191577,0.059,0.00406914434181734));
#17858=CARTESIAN_POINT('',(-0.0369422234218382,0.059,0.0041108734938106));
#17859=CARTESIAN_POINT('',(-0.00660244578719827,0.059,-0.0185220201699342));
#17860=CARTESIAN_POINT('',(-0.0367671441247125,0.059,0.00434369557920746));
#17861=CARTESIAN_POINT('',(-0.0246007484183093,0.059,-0.00487879626934472));
#17862=CARTESIAN_POINT('',(-0.0365594258656082,0.059,0.00461149214001683));
#17863=CARTESIAN_POINT('',(-0.0149994705919759,0.059,-0.0124982556121169));
#17864=CARTESIAN_POINT('',(-0.0363129098295255,0.059,0.00491761207829541));
#17865=CARTESIAN_POINT('',(-0.0359913281050554,0.059,0.00531116263703595));
#17866=CARTESIAN_POINT('',(-0.0356697463805852,0.059,0.00570471319577648));
#17867=CARTESIAN_POINT('',(-0.0339762172906054,0.059,0.00570471319577648));
#17868=CARTESIAN_POINT('',(-0.0288956301267243,0.059,0.00570471319577648));
#17869=CARTESIAN_POINT('',(-0.0288956301267243,0.059,0.00528047934010279));
#17870=CARTESIAN_POINT('',(-1.61387757090876E-17,0.059,0.0019255016053379));
#17871=CARTESIAN_POINT('',(0.00756238923257088,0.059,0.000703833005806295));
#17872=CARTESIAN_POINT('',(0.0114050426934504,0.059,0.000712343924335028));
#17873=CARTESIAN_POINT('',(0.00762067774383915,0.059,0.000703963972618972));
#17874=CARTESIAN_POINT('',(0.011236989239267,0.059,0.00181921258323171));
#17875=CARTESIAN_POINT('',(0.0078997008208956,0.059,0.000790011657715695));
#17876=CARTESIAN_POINT('',(0.0107532085408509,0.059,0.00280352655079056));
#17877=CARTESIAN_POINT('',(0.00797415091553859,0.059,0.000842542262262785));
#17878=CARTESIAN_POINT('',(0.00999535887801086,0.059,0.00357811149682769));
#17879=CARTESIAN_POINT('',(0.0079626022936818,0.059,0.000826917572070796));
#17880=CARTESIAN_POINT('',(0.00903126888076122,0.059,0.00407639738712003));
#17881=CARTESIAN_POINT('',(0.0082883704432575,0.059,0.00181748931847572));
#17882=CARTESIAN_POINT('',(0.00843200557543987,0.059,0.00419107999503198));
#17883=CARTESIAN_POINT('',(0.00814011561467667,0.059,-0.000632340803478761));
#17884=CARTESIAN_POINT('',(0.0077013043339598,0.059,0.00417993855339734));
#17885=CARTESIAN_POINT('',(0.00813331214880485,0.059,-0.000557776132072718));
#17886=CARTESIAN_POINT('',(0.00698896488827946,0.059,0.00405991165948855));
#17887=CARTESIAN_POINT('',(0.00748479791570403,0.059,0.0020591031943983));
#17888=CARTESIAN_POINT('',(0.00644825847599828,0.059,0.00384086381103464));
#17889=CARTESIAN_POINT('',(0.0084707352340962,0.059,0.000364323793671294));
#17890=CARTESIAN_POINT('',(0.00596689591055954,0.059,0.00351194692411217));
#17891=CARTESIAN_POINT('',(0.00868950335710357,0.059,8.93052919487282E-5));
#17892=CARTESIAN_POINT('',(0.005527242957226,0.059,0.00311042697330512));
#17893=CARTESIAN_POINT('',(0.00847936521113476,0.059,0.00029006085726737));
#17894=CARTESIAN_POINT('',(0.00516098850625646,0.059,0.00266868795604476));
#17895=CARTESIAN_POINT('',(0.00739820075775651,0.059,0.00106504465188023));
#17896=CARTESIAN_POINT('',(0.00489952713567232,0.059,0.0022197829926113));
#17897=CARTESIAN_POINT('',(0.00705927853056009,0.059,0.00122167234612902));
#17898=CARTESIAN_POINT('',(0.00478582588672701,0.059,0.00192321637652864));
#17899=CARTESIAN_POINT('',(0.00675623126872065,0.059,0.00131518792424548));
#17900=CARTESIAN_POINT('',(0.00471748202469491,0.059,0.00162453803037088));
#17901=CARTESIAN_POINT('',(0.00800377639588914,0.059,0.00112589576160842));
#17902=CARTESIAN_POINT('',(0.00468237911248258,0.059,0.00125510447694539));
#17903=CARTESIAN_POINT('',(0.0184666910138864,0.059,0.000718877320239923));
#17904=CARTESIAN_POINT('',(0.00467195314124554,0.059,0.000719965391610676));
#17905=CARTESIAN_POINT('',(0.0202998245913833,0.059,0.000718744915895281));
#17906=CARTESIAN_POINT('',(0.00468275858966647,0.059,0.000137696682430676));
#17907=CARTESIAN_POINT('',(0.00715911949765647,0.059,0.000229833340412401));
#17908=CARTESIAN_POINT('',(0.00718808674386607,0.059,0.000730825228219897));
#17909=CARTESIAN_POINT('',(0.00272616860837891,0.059,0.000701263890551008));
#17910=CARTESIAN_POINT('',(0.00717803544881254,0.059,0.000730764415572893));
#17911=CARTESIAN_POINT('',(0.00285817766936582,0.059,0.00180724823397553));
#17912=CARTESIAN_POINT('',(0.00920703548268775,0.059,0.00022515563832421));
#17913=CARTESIAN_POINT('',(0.0032656454848879,0.059,0.00296575728924641));
#17914=CARTESIAN_POINT('',(0.00772576625024436,0.059,0.000908425257873401));
#17915=CARTESIAN_POINT('',(0.00424858938920984,0.059,0.00437750775991389));
#17916=CARTESIAN_POINT('',(0.00813510794241576,0.059,0.000500038691661143));
#17917=CARTESIAN_POINT('',(0.00568454621944821,0.059,0.00541273042650436));
#17918=CARTESIAN_POINT('',(0.00811735462850295,0.059,0.000535627459936895));
#17919=CARTESIAN_POINT('',(0.00736988457334733,0.059,0.00593432902775061));
#17920=CARTESIAN_POINT('',(0.00802443299463742,0.059,0.00120674536862664));
#17921=CARTESIAN_POINT('',(0.00907329995607056,0.059,0.00586274783716587));
#17922=CARTESIAN_POINT('',(0.0078858401750148,0.059,0.000591516305725844));
#17923=CARTESIAN_POINT('',(0.0104226204907125,0.059,0.00536233261109344));
#17924=CARTESIAN_POINT('',(0.00788458097038887,0.059,0.000589134212503298));
#17925=CARTESIAN_POINT('',(0.0115921811560991,0.059,0.00452344081239479));
#17926=CARTESIAN_POINT('',(0.00782429142578581,0.059,0.000525150853700528));
#17927=CARTESIAN_POINT('',(0.0125070751924509,0.059,0.00339827664423833));
#17928=CARTESIAN_POINT('',(0.00758399308702783,0.059,0.000377711167451901));
#17929=CARTESIAN_POINT('',(0.0131097725647755,0.059,0.00205887575772669));
#17930=CARTESIAN_POINT('',(0.0107776818205192,0.059,0.00134935917053411));
#17931=CARTESIAN_POINT('',(0.0132105113482607,0.059,0.00150233471072402));
#17932=CARTESIAN_POINT('',(0.00297544911123262,0.059,0.000858768456489764));
#17933=CARTESIAN_POINT('',(0.0132292103039172,0.059,0.000682535874875366));
#17934=CARTESIAN_POINT('',(0.00297240714329196,0.059,0.000858827405656837));
#17935=CARTESIAN_POINT('',(0.00715911949765647,0.059,0.000229833340412401));
#17936=CARTESIAN_POINT('',(0.00468275858966647,0.059,0.000137696682430676));
#17937=CARTESIAN_POINT('',(0.00756238923257088,0.059,0.000703833005806295));
#17938=CARTESIAN_POINT('',(0.0114050426934504,0.059,0.000712343924335028));
#17939=CARTESIAN_POINT('',(0.00718808674386607,0.059,0.000730825228219897));
#17940=CARTESIAN_POINT('',(0.00272616860837891,0.059,0.000701263890551008));
#17941=CARTESIAN_POINT('',(0.00297240714329196,0.059,0.000858827405656837));
#17942=CARTESIAN_POINT('',(0.0132292103039172,0.059,0.000682535874875366));
#17943=CARTESIAN_POINT('',(0.00762067774383915,0.059,0.000703963972618972));
#17944=CARTESIAN_POINT('',(0.011236989239267,0.059,0.00181921258323171));
#17945=CARTESIAN_POINT('',(0.0078997008208956,0.059,0.000790011657715695));
#17946=CARTESIAN_POINT('',(0.0107532085408509,0.059,0.00280352655079056));
#17947=CARTESIAN_POINT('',(0.00797415091553859,0.059,0.000842542262262785));
#17948=CARTESIAN_POINT('',(0.00999535887801086,0.059,0.00357811149682769));
#17949=CARTESIAN_POINT('',(0.0079626022936818,0.059,0.000826917572070796));
#17950=CARTESIAN_POINT('',(0.00903126888076122,0.059,0.00407639738712003));
#17951=CARTESIAN_POINT('',(0.0082883704432575,0.059,0.00181748931847572));
#17952=CARTESIAN_POINT('',(0.00843200557543987,0.059,0.00419107999503198));
#17953=CARTESIAN_POINT('',(0.00814011561467667,0.059,-0.000632340803478761));
#17954=CARTESIAN_POINT('',(0.0077013043339598,0.059,0.00417993855339734));
#17955=CARTESIAN_POINT('',(0.00813331214880485,0.059,-0.000557776132072718));
#17956=CARTESIAN_POINT('',(0.00698896488827946,0.059,0.00405991165948855));
#17957=CARTESIAN_POINT('',(0.00748479791570403,0.059,0.0020591031943983));
#17958=CARTESIAN_POINT('',(0.00644825847599828,0.059,0.00384086381103464));
#17959=CARTESIAN_POINT('',(0.0084707352340962,0.059,0.000364323793671294));
#17960=CARTESIAN_POINT('',(0.00596689591055954,0.059,0.00351194692411217));
#17961=CARTESIAN_POINT('',(0.00868950335710357,0.059,8.93052919487282E-5));
#17962=CARTESIAN_POINT('',(0.005527242957226,0.059,0.00311042697330512));
#17963=CARTESIAN_POINT('',(0.00847936521113476,0.059,0.00029006085726737));
#17964=CARTESIAN_POINT('',(0.00516098850625646,0.059,0.00266868795604476));
#17965=CARTESIAN_POINT('',(0.00739820075775651,0.059,0.00106504465188023));
#17966=CARTESIAN_POINT('',(0.00489952713567232,0.059,0.0022197829926113));
#17967=CARTESIAN_POINT('',(0.00705927853056009,0.059,0.00122167234612902));
#17968=CARTESIAN_POINT('',(0.00478582588672701,0.059,0.00192321637652864));
#17969=CARTESIAN_POINT('',(0.00675623126872065,0.059,0.00131518792424548));
#17970=CARTESIAN_POINT('',(0.00471748202469491,0.059,0.00162453803037088));
#17971=CARTESIAN_POINT('',(0.00800377639588914,0.059,0.00112589576160842));
#17972=CARTESIAN_POINT('',(0.00468237911248258,0.059,0.00125510447694539));
#17973=CARTESIAN_POINT('',(0.0184666910138864,0.059,0.000718877320239923));
#17974=CARTESIAN_POINT('',(0.00467195314124554,0.059,0.000719965391610676));
#17975=CARTESIAN_POINT('',(0.00717803544881254,0.059,0.000730764415572893));
#17976=CARTESIAN_POINT('',(0.00285817766936582,0.059,0.00180724823397553));
#17977=CARTESIAN_POINT('',(0.00920703548268775,0.059,0.00022515563832421));
#17978=CARTESIAN_POINT('',(0.0032656454848879,0.059,0.00296575728924641));
#17979=CARTESIAN_POINT('',(0.00772576625024436,0.059,0.000908425257873401));
#17980=CARTESIAN_POINT('',(0.00424858938920984,0.059,0.00437750775991389));
#17981=CARTESIAN_POINT('',(0.00813510794241576,0.059,0.000500038691661143));
#17982=CARTESIAN_POINT('',(0.00568454621944821,0.059,0.00541273042650436));
#17983=CARTESIAN_POINT('',(0.00811735462850295,0.059,0.000535627459936895));
#17984=CARTESIAN_POINT('',(0.00736988457334733,0.059,0.00593432902775061));
#17985=CARTESIAN_POINT('',(0.00802443299463742,0.059,0.00120674536862664));
#17986=CARTESIAN_POINT('',(0.00907329995607056,0.059,0.00586274783716587));
#17987=CARTESIAN_POINT('',(0.0078858401750148,0.059,0.000591516305725844));
#17988=CARTESIAN_POINT('',(0.0104226204907125,0.059,0.00536233261109344));
#17989=CARTESIAN_POINT('',(0.00788458097038887,0.059,0.000589134212503298));
#17990=CARTESIAN_POINT('',(0.0115921811560991,0.059,0.00452344081239479));
#17991=CARTESIAN_POINT('',(0.00782429142578581,0.059,0.000525150853700528));
#17992=CARTESIAN_POINT('',(0.0125070751924509,0.059,0.00339827664423833));
#17993=CARTESIAN_POINT('',(0.00758399308702783,0.059,0.000377711167451901));
#17994=CARTESIAN_POINT('',(0.0131097725647755,0.059,0.00205887575772669));
#17995=CARTESIAN_POINT('',(0.0107776818205192,0.059,0.00134935917053411));
#17996=CARTESIAN_POINT('',(0.0132105113482607,0.059,0.00150233471072402));
#17997=CARTESIAN_POINT('',(0.00297544911123262,0.059,0.000858768456489764));
#17998=CARTESIAN_POINT('',(0.0202998245913833,0.059,0.000718744915895281));
#17999=CARTESIAN_POINT('',(-0.00554914582337864,-0.059,0.00644609488294104));
#18000=CARTESIAN_POINT('',(-0.00554015767290469,-0.059,0.00823404543106677));
#18001=CARTESIAN_POINT('',(-0.00554015767290469,-0.059,0.00823404543106677));
#18002=CARTESIAN_POINT('',(-0.00554914582337864,-0.059,0.00644609488294104));
#18003=CARTESIAN_POINT('',(-0.00555813397385259,-0.059,0.0046581443348153));
#18004=CARTESIAN_POINT('',(-0.00555813397385259,-0.059,0.0046581443348153));
#18005=CARTESIAN_POINT('',(-0.00584091501568686,-0.059,0.0082381938082086));
#18006=CARTESIAN_POINT('',(-0.00614167235846903,-0.059,0.00824234218535042));
#18007=CARTESIAN_POINT('',(-0.00614167235846903,-0.059,0.00824234218535042));
#18008=CARTESIAN_POINT('',(-0.00584091501568686,-0.059,0.0082381938082086));
#18009=CARTESIAN_POINT('',(-0.00615066050894298,-0.059,0.00645024326008286));
#18010=CARTESIAN_POINT('',(-0.00615964865941693,-0.059,0.0046581443348153));
#18011=CARTESIAN_POINT('',(-0.00615964865941693,-0.059,0.0046581443348153));
#18012=CARTESIAN_POINT('',(-0.00615066050894298,-0.059,0.00645024326008286));
#18013=CARTESIAN_POINT('',(-0.00585889131663476,-0.059,0.0046581443348153));
#18014=CARTESIAN_POINT('',(-0.00585889131663476,-0.059,0.0046581443348153));
#18015=CARTESIAN_POINT('',(1.61387757090876E-17,-0.059,0.00417568165455999));
#18016=CARTESIAN_POINT('',(0.00450444617982954,-0.059,0.00557908406030002));
#18017=CARTESIAN_POINT('',(0.00450444617982954,-0.06,0.00557908406030002));
#18018=CARTESIAN_POINT('',(0.00481408497801392,-0.06,0.00557908406030002));
#18019=CARTESIAN_POINT('',(0.00419470068657342,-0.06,0.00557908406030002));
#18020=CARTESIAN_POINT('',(0.00419470068657342,-0.059,0.00557908406030002));
#18021=CARTESIAN_POINT('',(0.00419470068657342,-0.059,0.00557908406030002));
#18022=CARTESIAN_POINT('',(0.00450444617982954,-0.059,0.00557908406030002));
#18023=CARTESIAN_POINT('',(0.00481408497801392,-0.059,0.00557908406030002));
#18024=CARTESIAN_POINT('',(0.00481408497801392,-0.059,0.00557908406030002));
#18025=CARTESIAN_POINT('',(0.00419470068657342,-0.059,0.00614533754015886));
#18026=CARTESIAN_POINT('',(0.00419470068657342,-0.06,0.00614533754015886));
#18027=CARTESIAN_POINT('',(0.00419470068657342,-0.06,0.00671159102001771));
#18028=CARTESIAN_POINT('',(0.00419470068657342,-0.059,0.00671159102001771));
#18029=CARTESIAN_POINT('',(0.00419470068657342,-0.059,0.00671159102001771));
#18030=CARTESIAN_POINT('',(0.00419470068657342,-0.059,0.00614533754015886));
#18031=CARTESIAN_POINT('',(0.00517717467299518,-0.059,0.00671159102001771));
#18032=CARTESIAN_POINT('',(0.00517717467299518,-0.06,0.00671159102001771));
#18033=CARTESIAN_POINT('',(0.00615964865941694,-0.06,0.00671159102001771));
#18034=CARTESIAN_POINT('',(0.00615976794837567,-0.059,0.00671159102001771));
#18035=CARTESIAN_POINT('',(0.00615964865941694,-0.059,0.00671159102001771));
#18036=CARTESIAN_POINT('',(0.00517717467299518,-0.059,0.00671159102001771));
#18037=CARTESIAN_POINT('',(0.00659384546692776,-0.059,0.00307000728568737));
#18038=CARTESIAN_POINT('',(0.00659384546692776,-0.06,0.00307000728568737));
#18039=CARTESIAN_POINT('',(0.00659384546692776,-0.06,0.00350766107414971));
#18040=CARTESIAN_POINT('',(0.00659384546692776,-0.06,0.00263235349722503));
#18041=CARTESIAN_POINT('',(0.00659384546692776,-0.059,0.00263235349722503));
#18042=CARTESIAN_POINT('',(0.00659384546692776,-0.059,0.00263235349722503));
#18043=CARTESIAN_POINT('',(0.00659384546692776,-0.059,0.00307000728568737));
#18044=CARTESIAN_POINT('',(0.00659384546692776,-0.059,0.00350766107414971));
#18045=CARTESIAN_POINT('',(0.00659384546692776,-0.059,0.00350766107414971));
#18046=CARTESIAN_POINT('',(0.00480174654166019,-0.059,0.00263235349722503));
#18047=CARTESIAN_POINT('',(0.00480174654166019,-0.06,0.00263235349722503));
#18048=CARTESIAN_POINT('',(0.00300964761639264,-0.06,0.00263235349722503));
#18049=CARTESIAN_POINT('',(0.00300964761639264,-0.059,0.00263235349722503));
#18050=CARTESIAN_POINT('',(0.00300964761639264,-0.059,0.00263235349722503));
#18051=CARTESIAN_POINT('',(0.00480174654166019,-0.059,0.00263235349722503));
#18052=CARTESIAN_POINT('',(0.00300964761639264,-0.059,0.00307000728568737));
#18053=CARTESIAN_POINT('',(0.00300964761639264,-0.06,0.00307000728568737));
#18054=CARTESIAN_POINT('',(0.00300964761639264,-0.06,0.00350766107414971));
#18055=CARTESIAN_POINT('',(0.00300964761639264,-0.059,0.00350766107414971));
#18056=CARTESIAN_POINT('',(0.00300964761639264,-0.059,0.00350766107414971));
#18057=CARTESIAN_POINT('',(0.00300964761639264,-0.059,0.00307000728568737));
#18058=CARTESIAN_POINT('',(0.00480174654166019,-0.059,0.00118871825187061));
#18059=CARTESIAN_POINT('',(0.00480174654166019,-0.06,0.00118871825187061));
#18060=CARTESIAN_POINT('',(0.00659384546692776,-0.06,0.00118871825187061));
#18061=CARTESIAN_POINT('',(0.00300964761639264,-0.06,0.00118871825187061));
#18062=CARTESIAN_POINT('',(0.00300964761639264,-0.059,0.00118871825187061));
#18063=CARTESIAN_POINT('',(0.00300964761639264,-0.059,0.00118871825187061));
#18064=CARTESIAN_POINT('',(0.00480174654166019,-0.059,0.00118871825187061));
#18065=CARTESIAN_POINT('',(0.00659384546692776,-0.059,0.00118871825187061));
#18066=CARTESIAN_POINT('',(0.00659384546692776,-0.059,0.00118871825187061));
#18067=CARTESIAN_POINT('',(0.00300964761639264,-0.059,0.00164918811461297));
#18068=CARTESIAN_POINT('',(0.00300964761639264,-0.06,0.00164918811461297));
#18069=CARTESIAN_POINT('',(0.00300964761639264,-0.06,0.00210965797735533));
#18070=CARTESIAN_POINT('',(0.00300964761639264,-0.059,0.00210965797735533));
#18071=CARTESIAN_POINT('',(0.00300964761639264,-0.059,0.00210965797735533));
#18072=CARTESIAN_POINT('',(0.00300964761639264,-0.059,0.00164918811461297));
#18073=CARTESIAN_POINT('',(0.00480174654166019,-0.059,0.00210965797735533));
#18074=CARTESIAN_POINT('',(0.00480174654166019,-0.06,0.00210965797735533));
#18075=CARTESIAN_POINT('',(0.00659384546692776,-0.06,0.00210965797735534));
#18076=CARTESIAN_POINT('',(0.00659384546692776,-0.059,0.00210965797735533));
#18077=CARTESIAN_POINT('',(0.00659384546692776,-0.059,0.00210965797735533));
#18078=CARTESIAN_POINT('',(0.00480174654166019,-0.059,0.00210965797735533));
#18079=CARTESIAN_POINT('',(0.00354893664482963,-0.059,0.00784824635687723));
#18080=CARTESIAN_POINT('',(0.00354893664482963,-0.059,0.00729512940463415));
#18081=CARTESIAN_POINT('',(0.00354893664482963,-0.059,0.00729512940463415));
#18082=CARTESIAN_POINT('',(0.00354893664482963,-0.059,0.00784824635687723));
#18083=CARTESIAN_POINT('',(0.00242057806225376,-0.059,0.00729512940463415));
#18084=CARTESIAN_POINT('',(0.00129221947967789,-0.059,0.00729512940463415));
#18085=CARTESIAN_POINT('',(0.00129221947967789,-0.059,0.00729512940463415));
#18086=CARTESIAN_POINT('',(0.00242057806225376,-0.059,0.00729512940463415));
#18087=CARTESIAN_POINT('',(0.00129221947967789,-0.059,0.00700336021232593));
#18088=CARTESIAN_POINT('',(0.00129221947967789,-0.059,0.00671159102001771));
#18089=CARTESIAN_POINT('',(0.00129221947967789,-0.059,0.00671159102001771));
#18090=CARTESIAN_POINT('',(0.00129221947967789,-0.059,0.00700336021232593));
#18091=CARTESIAN_POINT('',(0.00242057806225376,-0.059,0.00671159102001771));
#18092=CARTESIAN_POINT('',(0.00354893664482963,-0.059,0.00671159102001771));
#18093=CARTESIAN_POINT('',(0.00354893664482963,-0.059,0.00671159102001771));
#18094=CARTESIAN_POINT('',(0.00242057806225376,-0.059,0.00671159102001771));
#18095=CARTESIAN_POINT('',(0.00354893664482963,-0.059,0.00614533754015886));
#18096=CARTESIAN_POINT('',(0.00354893664482963,-0.059,0.00557908406030002));
#18097=CARTESIAN_POINT('',(0.00354893664482963,-0.059,0.00557908406030002));
#18098=CARTESIAN_POINT('',(0.00354893664482963,-0.059,0.00614533754015886));
#18099=CARTESIAN_POINT('',(0.00203547038425452,-0.059,0.00557908406030002));
#18100=CARTESIAN_POINT('',(0.000522004123679405,-0.059,0.00557908406030002));
#18101=CARTESIAN_POINT('',(0.000522004123679405,-0.059,0.00557908406030002));
#18102=CARTESIAN_POINT('',(0.00203547038425452,-0.059,0.00557908406030002));
#18103=CARTESIAN_POINT('',(0.000522004123679405,-0.059,0.00528247509465967));
#18104=CARTESIAN_POINT('',(0.000522004123679406,-0.059,0.00498586612901932));
#18105=CARTESIAN_POINT('',(0.000522004123679406,-0.059,0.00498586612901932));
#18106=CARTESIAN_POINT('',(0.000522004123679405,-0.059,0.00528247509465967));
#18107=CARTESIAN_POINT('',(0.00224358063753597,-0.059,0.00498586612901932));
#18108=CARTESIAN_POINT('',(0.00396515715139254,-0.059,0.00498586612901932));
#18109=CARTESIAN_POINT('',(0.00396515715139254,-0.059,0.00498586612901932));
#18110=CARTESIAN_POINT('',(0.00224358063753597,-0.059,0.00498586612901932));
#18111=CARTESIAN_POINT('',(0.00396515715139254,-0.059,0.00498586612901932));
#18112=CARTESIAN_POINT('',(0.00396515715139254,-0.06,0.00498586612901932));
#18113=CARTESIAN_POINT('',(0.00284924370024214,-0.059,0.00426957967586454));
#18114=CARTESIAN_POINT('',(0.00284924370024214,-0.06,0.00426957967586454));
#18115=CARTESIAN_POINT('',(0.00161026172721765,-0.059,0.00368465849886748));
#18116=CARTESIAN_POINT('',(0.00161026172721766,-0.06,0.00368465849886748));
#18117=CARTESIAN_POINT('',(0.000327030398013722,-0.059,0.00323386818278938));
#18118=CARTESIAN_POINT('',(0.000327030398013722,-0.06,0.00323386818278938));
#18119=CARTESIAN_POINT('',(0.000327030398013722,-0.059,0.00323386818278938));
#18120=CARTESIAN_POINT('',(0.000327030398013722,-0.059,0.00323386818278938));
#18121=CARTESIAN_POINT('',(0.00396515715139254,-0.059,0.00498586612901932));
#18122=CARTESIAN_POINT('',(0.00284924370024214,-0.059,0.00426957967586454));
#18123=CARTESIAN_POINT('',(0.00161026172721766,-0.059,0.00368465849886749));
#18124=CARTESIAN_POINT('',(0.000327030398013722,-0.059,0.00323386818278938));
#18125=CARTESIAN_POINT('',(0.000327030398013722,-0.059,0.00323386818278938));
#18126=CARTESIAN_POINT('',(0.000327030398013722,-0.06,0.00323386818278938));
#18127=CARTESIAN_POINT('',(0.000451481712268413,-0.059,0.00310112011425105));
#18128=CARTESIAN_POINT('',(0.000451481712268413,-0.06,0.00310112011425105));
#18129=CARTESIAN_POINT('',(0.000664431738881998,-0.059,0.00283562397717437));
#18130=CARTESIAN_POINT('',(0.000664431738881998,-0.06,0.00283562397717437));
#18131=CARTESIAN_POINT('',(0.000743250904576636,-0.059,0.00269319636197178));
#18132=CARTESIAN_POINT('',(0.000743250904576636,-0.06,0.00269319636197178));
#18133=CARTESIAN_POINT('',(0.000743250904576636,-0.059,0.00269319636197178));
#18134=CARTESIAN_POINT('',(0.000743250904576636,-0.059,0.00269319636197178));
#18135=CARTESIAN_POINT('',(0.000327030398013722,-0.059,0.00323386818278938));
#18136=CARTESIAN_POINT('',(0.000451481712268413,-0.059,0.00310112011425105));
#18137=CARTESIAN_POINT('',(0.000664431738881998,-0.059,0.00283562397717437));
#18138=CARTESIAN_POINT('',(0.000743250904576636,-0.059,0.00269319636197178));
#18139=CARTESIAN_POINT('',(-0.0063523185276896,-0.0590000000000008,0.0213255036924775));
#18140=CARTESIAN_POINT('',(0.00236250078226824,-0.059,0.00339309623173526));
#18141=CARTESIAN_POINT('',(0.00236250078226824,-0.059,0.00339288930655927));
#18142=CARTESIAN_POINT('',(-0.0063523185276896,-0.059,0.0213255036924775));
#18143=CARTESIAN_POINT('',(0.00236250078226824,-0.059,0.00186213814122656));
#18144=CARTESIAN_POINT('',(0.00236250078226824,-0.059,0.000331386975893847));
#18145=CARTESIAN_POINT('',(0.00236250078226824,-0.059,0.000331386975893847));
#18146=CARTESIAN_POINT('',(0.00236250078226824,-0.059,0.00186213814122656));
#18147=CARTESIAN_POINT('',(0.00268607419933044,-0.059,0.000331386975893847));
#18148=CARTESIAN_POINT('',(0.00300964761639264,-0.059,0.000331386975893847));
#18149=CARTESIAN_POINT('',(0.00300964761639264,-0.059,0.000331386975893847));
#18150=CARTESIAN_POINT('',(0.00268607419933044,-0.059,0.000331386975893847));
#18151=CARTESIAN_POINT('',(0.00300964761639264,-0.059,0.000472431798715832));
#18152=CARTESIAN_POINT('',(0.00300964761639264,-0.059,0.000613476621537816));
#18153=CARTESIAN_POINT('',(0.00300964761639264,-0.059,0.000613476621537816));
#18154=CARTESIAN_POINT('',(0.00300964761639264,-0.059,0.000472431798715832));
#18155=CARTESIAN_POINT('',(0.00480174654166019,-0.059,0.000613476621537816));
#18156=CARTESIAN_POINT('',(0.00659384546692776,-0.059,0.000613476621537816));
#18157=CARTESIAN_POINT('',(0.00659384546692776,-0.059,0.000613476621537816));
#18158=CARTESIAN_POINT('',(0.00480174654166019,-0.059,0.000613476621537816));
#18159=CARTESIAN_POINT('',(0.00659384546692776,-0.059,0.000489716703473428));
#18160=CARTESIAN_POINT('',(0.00659384546692776,-0.059,0.00036595678540904));
#18161=CARTESIAN_POINT('',(0.00659384546692776,-0.059,0.00036595678540904));
#18162=CARTESIAN_POINT('',(0.00659384546692776,-0.059,0.000489716703473428));
#18163=CARTESIAN_POINT('',(0.00692986401541542,-0.059,0.00036595678540904));
#18164=CARTESIAN_POINT('',(0.00726588256390309,-0.059,0.00036595678540904));
#18165=CARTESIAN_POINT('',(0.00726588256390309,-0.059,0.00036595678540904));
#18166=CARTESIAN_POINT('',(0.00692986401541542,-0.059,0.00036595678540904));
#18167=CARTESIAN_POINT('',(0.00726588256390309,-0.059,0.00221544159447182));
#18168=CARTESIAN_POINT('',(0.00726588256390309,-0.059,0.0040649264035346));
#18169=CARTESIAN_POINT('',(0.00726588256390309,-0.059,0.0040649264035346));
#18170=CARTESIAN_POINT('',(0.00726588256390309,-0.059,0.00221544159447182));
#18171=CARTESIAN_POINT('',(0.00543852243293003,-0.059,0.0040649264035346));
#18172=CARTESIAN_POINT('',(0.00361147062355054,-0.059,0.0040649264035346));
#18173=CARTESIAN_POINT('',(0.00361147062355054,-0.059,0.0040649264035346));
#18174=CARTESIAN_POINT('',(0.00543852243293003,-0.059,0.0040649264035346));
#18175=CARTESIAN_POINT('',(-0.00580082041982149,-0.0590000000000008,0.0201768451107096));
#18176=CARTESIAN_POINT('',(0.00503519843811713,-0.059,0.00498586612901932));
#18177=CARTESIAN_POINT('',(0.00503519843811713,-0.059,0.00498586612901932));
#18178=CARTESIAN_POINT('',(-0.00580082041982149,-0.059,0.0201768451107096));
#18179=CARTESIAN_POINT('',(0.00669064093357029,-0.059,0.00498586612901932));
#18180=CARTESIAN_POINT('',(0.00834584341315769,-0.059,0.00498586612901932));
#18181=CARTESIAN_POINT('',(0.00834584341315769,-0.059,0.00498586612901932));
#18182=CARTESIAN_POINT('',(0.00669064093357029,-0.059,0.00498586612901932));
#18183=CARTESIAN_POINT('',(0.00834584341315769,-0.059,0.00528247509465967));
#18184=CARTESIAN_POINT('',(0.00834584341315769,-0.059,0.00557908406030002));
#18185=CARTESIAN_POINT('',(0.00834584341315769,-0.059,0.00557908406030002));
#18186=CARTESIAN_POINT('',(0.00834584341315769,-0.059,0.00528247509465967));
#18187=CARTESIAN_POINT('',(0.00707160023442771,-0.059,0.00557908406030002));
#18188=CARTESIAN_POINT('',(0.00579735705569773,-0.059,0.00557908406030002));
#18189=CARTESIAN_POINT('',(0.00579706415251467,-0.059,0.00557944214778423));
#18190=CARTESIAN_POINT('',(0.00707160023442771,-0.059,0.00557908406030002));
#18191=CARTESIAN_POINT('',(-0.00270715523574798,-0.0590000000000001,0.0159762377515512));
#18192=CARTESIAN_POINT('',(0.00794844636535066,-0.059,0.00779939035126586));
#18193=CARTESIAN_POINT('',(0.00794759920754268,-0.059,0.00779984862355596));
#18194=CARTESIAN_POINT('',(-0.00270715523574798,-0.059,0.0159762377515512));
#18195=CARTESIAN_POINT('',(0.00766896654285023,-0.059,0.0079505729930422));
#18196=CARTESIAN_POINT('',(0.00739051327403331,-0.059,0.00810120031959825));
#18197=CARTESIAN_POINT('',(0.00739051327403331,-0.059,0.00810120031959825));
#18198=CARTESIAN_POINT('',(0.00766896654285023,-0.059,0.0079505729930422));
#18199=CARTESIAN_POINT('',(-0.000924969857351337,-0.0590000000000003,0.0142684190045592));
#18200=CARTESIAN_POINT('',(0.00638089544031417,-0.059,0.00693314952969729));
#18201=CARTESIAN_POINT('',(0.00638089544031417,-0.059,0.00693314952969729));
#18202=CARTESIAN_POINT('',(-0.000924969857351337,-0.059,0.0142684190045592));
#18203=CARTESIAN_POINT('',(0.00638089544031417,-0.059,0.00711398360277455));
#18204=CARTESIAN_POINT('',(0.00638089544031417,-0.059,0.00729512940463415));
#18205=CARTESIAN_POINT('',(0.00638089544031417,-0.059,0.00729512940463415));
#18206=CARTESIAN_POINT('',(0.00638089544031417,-0.059,0.00711398360277455));
#18207=CARTESIAN_POINT('',(0.0052877980634438,-0.059,0.00729512940463415));
#18208=CARTESIAN_POINT('',(0.00419470068657342,-0.059,0.00729512940463415));
#18209=CARTESIAN_POINT('',(0.00419470068657342,-0.059,0.00729512940463415));
#18210=CARTESIAN_POINT('',(0.0052877980634438,-0.059,0.00729512940463415));
#18211=CARTESIAN_POINT('',(0.00419470068657342,-0.059,0.00784824635687723));
#18212=CARTESIAN_POINT('',(0.00419470068657342,-0.059,0.00784824635687723));
#18213=CARTESIAN_POINT('',(0.00480174654166019,-0.059,0.00350766107414971));
#18214=CARTESIAN_POINT('',(0.00480174654166019,-0.06,0.00350766107414971));
#18215=CARTESIAN_POINT('',(0.00480174654166019,-0.059,0.00350766107414971));
#18216=CARTESIAN_POINT('',(0.00659384546692776,-0.059,0.00164918811461297));
#18217=CARTESIAN_POINT('',(0.00659384546692776,-0.06,0.00164918811461297));
#18218=CARTESIAN_POINT('',(0.00659384546692776,-0.059,0.00164918811461297));
#18219=CARTESIAN_POINT('',(-0.00348494194867745,-0.0590000000000004,0.0168060142190842));
#18220=CARTESIAN_POINT('',(-0.00348494194867745,-0.06,0.0168060142190842));
#18221=CARTESIAN_POINT('',(-0.00348494194867745,-0.059,0.0168060142190842));
#18222=CARTESIAN_POINT('',(1.61387757090876E-17,-0.059,0.00417568165455999));
#18223=CARTESIAN_POINT('',(1.38777878078145E-17,-0.06,0.00834));
#18224=CARTESIAN_POINT('',(1.38777878078145E-17,-0.06,0.00834));
#18225=CARTESIAN_POINT('',(-0.0029515703364071,-0.059,0.00743686562364644));
#18226=CARTESIAN_POINT('',(-0.0029515703364071,-0.06,0.00743686562364644));
#18227=CARTESIAN_POINT('',(-0.00406195261803508,-0.06,0.00744585377412039));
#18228=CARTESIAN_POINT('',(-0.00184118805477913,-0.06,0.00742787747317249));
#18229=CARTESIAN_POINT('',(-0.00184118805477913,-0.059,0.00742787747317249));
#18230=CARTESIAN_POINT('',(-0.00184118805477913,-0.059,0.00742787747317249));
#18231=CARTESIAN_POINT('',(-0.0029515703364071,-0.059,0.00743686562364644));
#18232=CARTESIAN_POINT('',(-0.00406195261803508,-0.059,0.00744585377412039));
#18233=CARTESIAN_POINT('',(-0.00406195261803508,-0.059,0.00744585377412039));
#18234=CARTESIAN_POINT('',(-0.00184118805477913,-0.059,0.00742787747317249));
#18235=CARTESIAN_POINT('',(-0.00184118805477913,-0.06,0.00742787747317249));
#18236=CARTESIAN_POINT('',(-0.00211498094613945,-0.059,0.00693283780091494));
#18237=CARTESIAN_POINT('',(-0.00211498094613945,-0.06,0.00693283780091494));
#18238=CARTESIAN_POINT('',(-0.00250492839747082,-0.059,0.00650832054006838));
#18239=CARTESIAN_POINT('',(-0.00250492839747082,-0.06,0.00650832054006838));
#18240=CARTESIAN_POINT('',(-0.00297369501449682,-0.059,0.00615432569063281));
#18241=CARTESIAN_POINT('',(-0.00297369501449682,-0.06,0.00615432569063281));
#18242=CARTESIAN_POINT('',(-0.00184118805477913,-0.06,0.00742787747317249));
#18243=CARTESIAN_POINT('',(-0.00211498094613945,-0.06,0.00693283780091494));
#18244=CARTESIAN_POINT('',(-0.00250492839747082,-0.06,0.00650832054006838));
#18245=CARTESIAN_POINT('',(-0.00297369501449682,-0.06,0.00615432569063281));
#18246=CARTESIAN_POINT('',(-0.00297369501449682,-0.06,0.00615432569063281));
#18247=CARTESIAN_POINT('',(-0.00297369501449682,-0.059,0.00615432569063281));
#18248=CARTESIAN_POINT('',(-0.00297369501449682,-0.059,0.00615432569063281));
#18249=CARTESIAN_POINT('',(-0.00184118805477913,-0.059,0.00742787747317249));
#18250=CARTESIAN_POINT('',(-0.00211498094613945,-0.059,0.00693283780091494));
#18251=CARTESIAN_POINT('',(-0.00250492839747082,-0.059,0.00650832054006838));
#18252=CARTESIAN_POINT('',(-0.00297369501449682,-0.059,0.00615432569063281));
#18253=CARTESIAN_POINT('',(-0.00118159608922926,-0.059,0.00795472137018402));
#18254=CARTESIAN_POINT('',(-0.00138071819203677,-0.059,0.00803907170540109));
#18255=CARTESIAN_POINT('',(-0.00138071819203677,-0.059,0.00803907170540109));
#18256=CARTESIAN_POINT('',(-0.00118159608922926,-0.059,0.00795472137018402));
#18257=CARTESIAN_POINT('',(-0.000982473986421756,-0.059,0.00787037103496695));
#18258=CARTESIAN_POINT('',(-0.000982473986421756,-0.059,0.00787037103496695));
#18259=CARTESIAN_POINT('',(-0.00143810407583199,-0.059,0.00802593517778532));
#18260=CARTESIAN_POINT('',(-0.00149548995962721,-0.059,0.00801279865016955));
#18261=CARTESIAN_POINT('',(-0.00149548995962721,-0.059,0.00801279865016955));
#18262=CARTESIAN_POINT('',(-0.00143810407583199,-0.059,0.00802593517778532));
#18263=CARTESIAN_POINT('',(-0.00321706647348377,-0.059,0.00801694702731137));
#18264=CARTESIAN_POINT('',(-0.00493864298734035,-0.059,0.00802109540445319));
#18265=CARTESIAN_POINT('',(-0.00493864298734035,-0.059,0.00802109540445319));
#18266=CARTESIAN_POINT('',(-0.00321706647348377,-0.059,0.00801694702731137));
#18267=CARTESIAN_POINT('',(-0.00493864298734035,-0.059,0.00773347458928679));
#18268=CARTESIAN_POINT('',(-0.00493864298734035,-0.059,0.00744585377412039));
#18269=CARTESIAN_POINT('',(-0.00493864298734035,-0.059,0.00744585377412039));
#18270=CARTESIAN_POINT('',(-0.00493864298734035,-0.059,0.00773347458928679));
#18271=CARTESIAN_POINT('',(-0.00476164556262256,-0.059,0.00744585377412039));
#18272=CARTESIAN_POINT('',(-0.00458464813790478,-0.059,0.00744585377412039));
#18273=CARTESIAN_POINT('',(-0.00458464813790478,-0.059,0.00744585377412039));
#18274=CARTESIAN_POINT('',(-0.00476164556262256,-0.059,0.00744585377412039));
#18275=CARTESIAN_POINT('',(-0.0046240577207521,-0.059,0.00743271724650462));
#18276=CARTESIAN_POINT('',(-0.00466346730359942,-0.059,0.00741958071888885));
#18277=CARTESIAN_POINT('',(-0.00466346704934981,-0.059,0.00741958080363872));
#18278=CARTESIAN_POINT('',(-0.0046240577207521,-0.059,0.00743271724650462));
#18279=CARTESIAN_POINT('',(-0.000335450993507901,-0.059,0.0093681948115756));
#18280=CARTESIAN_POINT('',(-0.00348671098770228,-0.059,0.00581830714214515));
#18281=CARTESIAN_POINT('',(-0.00348671098770228,-0.059,0.00581830714214515));
#18282=CARTESIAN_POINT('',(-0.000335450993507901,-0.059,0.0093681948115756));
#18283=CARTESIAN_POINT('',(-0.00348671098770228,-0.059,0.00581830714214515));
#18284=CARTESIAN_POINT('',(-0.00348671098770228,-0.06,0.00581830714214515));
#18285=CARTESIAN_POINT('',(-0.00401770326185562,-0.059,0.00550856164888902));
#18286=CARTESIAN_POINT('',(-0.00401770326185562,-0.06,0.00550856164888902));
#18287=CARTESIAN_POINT('',(-0.00461092119313632,-0.059,0.00528731486799179));
#18288=CARTESIAN_POINT('',(-0.00461092119313632,-0.06,0.00528731486799179));
#18289=CARTESIAN_POINT('',(-0.00521243587870067,-0.059,0.00515456679945346));
#18290=CARTESIAN_POINT('',(-0.00521243587870067,-0.06,0.00515456679945346));
#18291=CARTESIAN_POINT('',(-0.00521243587870067,-0.059,0.00515456679945346));
#18292=CARTESIAN_POINT('',(-0.00521243587870067,-0.059,0.00515456679945346));
#18293=CARTESIAN_POINT('',(-0.00348671098770228,-0.059,0.00581830714214515));
#18294=CARTESIAN_POINT('',(-0.00401770326185562,-0.059,0.00550856164888902));
#18295=CARTESIAN_POINT('',(-0.00461092119313632,-0.059,0.00528731486799179));
#18296=CARTESIAN_POINT('',(-0.00521243587870067,-0.059,0.00515456679945346));
#18297=CARTESIAN_POINT('',(-0.00521243587870067,-0.059,0.00515456679945346));
#18298=CARTESIAN_POINT('',(-0.00521243587870067,-0.06,0.00515456679945346));
#18299=CARTESIAN_POINT('',(-0.00508798456444598,-0.059,0.00501213918425087));
#18300=CARTESIAN_POINT('',(-0.00508798456444598,-0.06,0.00501213918425087));
#18301=CARTESIAN_POINT('',(-0.00494693974162399,-0.059,0.00474664304717419));
#18302=CARTESIAN_POINT('',(-0.00494693974162399,-0.06,0.00474664304717419));
#18303=CARTESIAN_POINT('',(-0.00488471408449665,-0.059,0.00458762192340431));
#18304=CARTESIAN_POINT('',(-0.00488471408449665,-0.06,0.00458762192340431));
#18305=CARTESIAN_POINT('',(-0.00488471408449665,-0.059,0.00458762192340431));
#18306=CARTESIAN_POINT('',(-0.00488471408449665,-0.059,0.00458762192340431));
#18307=CARTESIAN_POINT('',(-0.00521243587870067,-0.059,0.00515456679945346));
#18308=CARTESIAN_POINT('',(-0.00508798456444598,-0.059,0.00501213918425087));
#18309=CARTESIAN_POINT('',(-0.00494693974162399,-0.059,0.00474664304717419));
#18310=CARTESIAN_POINT('',(-0.00488471408449665,-0.059,0.00458762192340431));
#18311=CARTESIAN_POINT('',(-0.00488471408449665,-0.059,0.00458762192340431));
#18312=CARTESIAN_POINT('',(-0.00488471408449665,-0.06,0.00458762192340431));
#18313=CARTESIAN_POINT('',(-0.00421267698752131,-0.059,0.00476461934812209));
#18314=CARTESIAN_POINT('',(-0.00421267698752131,-0.06,0.00476461934812209));
#18315=CARTESIAN_POINT('',(-0.00354893664482962,-0.059,0.00503841223948241));
#18316=CARTESIAN_POINT('',(-0.00354893664482962,-0.06,0.00503841223948241));
#18317=CARTESIAN_POINT('',(-0.00297369501449682,-0.059,0.00541038338986588));
#18318=CARTESIAN_POINT('',(-0.00297369501449682,-0.06,0.00541038338986588));
#18319=CARTESIAN_POINT('',(-0.00297369501449682,-0.059,0.00541038338986588));
#18320=CARTESIAN_POINT('',(-0.00297369501449682,-0.059,0.00541038338986588));
#18321=CARTESIAN_POINT('',(-0.00488471408449665,-0.059,0.00458762192340431));
#18322=CARTESIAN_POINT('',(-0.00421267698752131,-0.059,0.00476461934812209));
#18323=CARTESIAN_POINT('',(-0.00354893664482962,-0.059,0.00503841223948241));
#18324=CARTESIAN_POINT('',(-0.00297369501449682,-0.059,0.00541038338986588));
#18325=CARTESIAN_POINT('',(0.000439028215861703,-0.059,0.0105780610137569));
#18326=CARTESIAN_POINT('',(-0.000840046371219165,-0.059,0.00451709951199331));
#18327=CARTESIAN_POINT('',(-0.000840046371219165,-0.059,0.00451709951199331));
#18328=CARTESIAN_POINT('',(0.000439028215861703,-0.059,0.0105780610137569));
#18329=CARTESIAN_POINT('',(-0.000840046371219165,-0.059,0.00451709951199331));
#18330=CARTESIAN_POINT('',(-0.000840046371219165,-0.06,0.00451709951199331));
#18331=CARTESIAN_POINT('',(-0.000743250904576626,-0.059,0.0046940969367111));
#18332=CARTESIAN_POINT('',(-0.000743250904576626,-0.06,0.0046940969367111));
#18333=CARTESIAN_POINT('',(-0.000557956725575197,-0.059,0.00495959307378777));
#18334=CARTESIAN_POINT('',(-0.000557956725575197,-0.06,0.00495959307378777));
#18335=CARTESIAN_POINT('',(-0.000415529110372604,-0.059,0.00509234114232611));
#18336=CARTESIAN_POINT('',(-0.000415529110372604,-0.06,0.00509234114232611));
#18337=CARTESIAN_POINT('',(-0.000415529110372604,-0.059,0.00509234114232611));
#18338=CARTESIAN_POINT('',(-0.000415529110372604,-0.059,0.00509234114232611));
#18339=CARTESIAN_POINT('',(-0.000840046371219165,-0.059,0.00451709951199331));
#18340=CARTESIAN_POINT('',(-0.000743250904576626,-0.059,0.0046940969367111));
#18341=CARTESIAN_POINT('',(-0.000557956725575197,-0.059,0.00495959307378777));
#18342=CARTESIAN_POINT('',(-0.000415529110372604,-0.059,0.00509234114232611));
#18343=CARTESIAN_POINT('',(-0.000415529110372604,-0.059,0.00509234114232611));
#18344=CARTESIAN_POINT('',(-0.000415529110372604,-0.06,0.00509234114232611));
#18345=CARTESIAN_POINT('',(-0.00117744771208744,-0.059,0.00523338596514809));
#18346=CARTESIAN_POINT('',(-0.00117744771208744,-0.06,0.00523338596514809));
#18347=CARTESIAN_POINT('',(-0.00185778156334642,-0.059,0.00548090580127687));
#18348=CARTESIAN_POINT('',(-0.00185778156334642,-0.06,0.00548090580127687));
#18349=CARTESIAN_POINT('',(-0.00243302319367922,-0.059,0.00580862759548089));
#18350=CARTESIAN_POINT('',(-0.00243302319367922,-0.06,0.00580862759548089));
#18351=CARTESIAN_POINT('',(-0.00243302319367922,-0.059,0.00580862759548089));
#18352=CARTESIAN_POINT('',(-0.00243302319367922,-0.059,0.00580862759548089));
#18353=CARTESIAN_POINT('',(-0.000415529110372604,-0.059,0.00509234114232611));
#18354=CARTESIAN_POINT('',(-0.00117744771208744,-0.059,0.00523338596514809));
#18355=CARTESIAN_POINT('',(-0.00185778156334642,-0.059,0.00548090580127687));
#18356=CARTESIAN_POINT('',(-0.00243302319367922,-0.059,0.00580862759548089));
#18357=CARTESIAN_POINT('',(-0.00243302319367922,-0.059,0.00580862759548089));
#18358=CARTESIAN_POINT('',(-0.00243302319367922,-0.06,0.00580862759548089));
#18359=CARTESIAN_POINT('',(-0.00179693869859968,-0.059,0.00633961986963424));
#18360=CARTESIAN_POINT('',(-0.00179693869859968,-0.06,0.00633961986963424));
#18361=CARTESIAN_POINT('',(-0.00129221947967788,-0.059,0.00701303975899019));
#18362=CARTESIAN_POINT('',(-0.00129221947967788,-0.06,0.00701303975899019));
#18363=CARTESIAN_POINT('',(-0.000982473986421756,-0.059,0.00787037103496695));
#18364=CARTESIAN_POINT('',(-0.000982473986421756,-0.06,0.00787037103496695));
#18365=CARTESIAN_POINT('',(-0.00243302319367922,-0.059,0.00580862759548089));
#18366=CARTESIAN_POINT('',(-0.00179693869859968,-0.059,0.00633961986963424));
#18367=CARTESIAN_POINT('',(-0.00129221947967788,-0.059,0.00701303975899019));
#18368=CARTESIAN_POINT('',(-0.000982473986421756,-0.059,0.00787037103496695));
#18369=CARTESIAN_POINT('',(-0.00297369501449682,-0.059,0.00615432569063281));
#18370=CARTESIAN_POINT('',(-0.00297369501449682,-0.06,0.00615432569063281));
#18371=CARTESIAN_POINT('',(-0.00343416487723918,-0.059,0.00650832054006838));
#18372=CARTESIAN_POINT('',(-0.00343416487723918,-0.06,0.00650832054006838));
#18373=CARTESIAN_POINT('',(-0.00380475323524205,-0.059,0.00694113455519859));
#18374=CARTESIAN_POINT('',(-0.00380475323524205,-0.06,0.00694113455519859));
#18375=CARTESIAN_POINT('',(-0.00406195261803508,-0.059,0.00744585377412039));
#18376=CARTESIAN_POINT('',(-0.00406195261803508,-0.06,0.00744585377412039));
#18377=CARTESIAN_POINT('',(-0.00297369501449682,-0.06,0.00615432569063281));
#18378=CARTESIAN_POINT('',(-0.00343416487723918,-0.06,0.00650832054006838));
#18379=CARTESIAN_POINT('',(-0.00380475323524205,-0.06,0.00694113455519859));
#18380=CARTESIAN_POINT('',(-0.00406195261803508,-0.06,0.00744585377412039));
#18381=CARTESIAN_POINT('',(-0.00297369501449682,-0.059,0.00615432569063281));
#18382=CARTESIAN_POINT('',(-0.00343416487723918,-0.059,0.00650832054006838));
#18383=CARTESIAN_POINT('',(-0.00380475323524205,-0.059,0.00694113455519859));
#18384=CARTESIAN_POINT('',(-0.00406195261803508,-0.059,0.00744585377412039));
#18385=CARTESIAN_POINT('',(1.61387757090876E-17,-0.059,0.00417568165455999));
#18386=CARTESIAN_POINT('',(-0.00644312109744151,-0.059,0.00279137462099492));
#18387=CARTESIAN_POINT('',(-0.00644312109744151,-0.059,0.00383538286835372));
#18388=CARTESIAN_POINT('',(-0.00644312109744151,-0.059,0.00383538286835372));
#18389=CARTESIAN_POINT('',(-0.00644312109744151,-0.059,0.00279137462099492));
#18390=CARTESIAN_POINT('',(-0.00644312109744151,-0.059,0.00174736637363612));
#18391=CARTESIAN_POINT('',(-0.00644312109744151,-0.059,0.00174736637363612));
#18392=CARTESIAN_POINT('',(-0.00439382278938092,-0.059,0.00383538286835372));
#18393=CARTESIAN_POINT('',(-0.00234452448132032,-0.059,0.00383538286835372));
#18394=CARTESIAN_POINT('',(-0.00234452448132032,-0.059,0.00383538286835372));
#18395=CARTESIAN_POINT('',(-0.00439382278938092,-0.059,0.00383538286835372));
#18396=CARTESIAN_POINT('',(-0.00234452448132032,-0.059,0.00280865952575252));
#18397=CARTESIAN_POINT('',(-0.00234452448132032,-0.059,0.00178193618315131));
#18398=CARTESIAN_POINT('',(-0.00234452448132032,-0.059,0.00178193618315131));
#18399=CARTESIAN_POINT('',(-0.00234452448132032,-0.059,0.00280865952575252));
#18400=CARTESIAN_POINT('',(-0.00201265430997448,-0.059,0.00178193618315131));
#18401=CARTESIAN_POINT('',(-0.00168078413862864,-0.059,0.00178193618315131));
#18402=CARTESIAN_POINT('',(-0.00168078413862864,-0.059,0.00178193618315131));
#18403=CARTESIAN_POINT('',(-0.00201265430997448,-0.059,0.00178193618315131));
#18404=CARTESIAN_POINT('',(-0.00168078413862864,-0.059,0.00311425664186682));
#18405=CARTESIAN_POINT('',(-0.00168078413862864,-0.059,0.00444657710058232));
#18406=CARTESIAN_POINT('',(-0.00168078413862864,-0.059,0.00444657710058232));
#18407=CARTESIAN_POINT('',(-0.00168078413862864,-0.059,0.00311425664186682));
#18408=CARTESIAN_POINT('',(-0.00438483463890697,-0.059,0.00444657710058232));
#18409=CARTESIAN_POINT('',(-0.0070888851391853,-0.059,0.00444657710058232));
#18410=CARTESIAN_POINT('',(-0.0070888851391853,-0.059,0.00444657710058232));
#18411=CARTESIAN_POINT('',(-0.00438483463890697,-0.059,0.00444657710058232));
#18412=CARTESIAN_POINT('',(-0.0070888851391853,-0.059,0.00309697173710922));
#18413=CARTESIAN_POINT('',(-0.0070888851391853,-0.059,0.00174736637363612));
#18414=CARTESIAN_POINT('',(-0.0070888851391853,-0.059,0.00174736637363612));
#18415=CARTESIAN_POINT('',(-0.0070888851391853,-0.059,0.00309697173710922));
#18416=CARTESIAN_POINT('',(-0.0067660031183134,-0.059,0.00174736637363612));
#18417=CARTESIAN_POINT('',(-0.0067660031183134,-0.059,0.00174736637363612));
#18418=CARTESIAN_POINT('',(1.61387757090876E-17,-0.059,0.00417568165455999));
#18419=CARTESIAN_POINT('',(-0.00722094181153333,-0.059,0.00637073269819792));
#18420=CARTESIAN_POINT('',(-0.00721195366105938,-0.059,0.00786207428068331));
#18421=CARTESIAN_POINT('',(-0.00721195366105938,-0.059,0.00786207428068331));
#18422=CARTESIAN_POINT('',(-0.00722094181153333,-0.059,0.00637073269819792));
#18423=CARTESIAN_POINT('',(-0.00722992996200728,-0.059,0.00487939111571253));
#18424=CARTESIAN_POINT('',(-0.00722992996200728,-0.059,0.00487939111571253));
#18425=CARTESIAN_POINT('',(-0.00751340240003186,-0.059,0.00786207428068331));
#18426=CARTESIAN_POINT('',(-0.00781485113900433,-0.059,0.00786207428068331));
#18427=CARTESIAN_POINT('',(-0.00781485113900433,-0.059,0.00786207428068331));
#18428=CARTESIAN_POINT('',(-0.00751340240003186,-0.059,0.00786207428068331));
#18429=CARTESIAN_POINT('',(-0.00782314789328798,-0.059,0.00637073269819792));
#18430=CARTESIAN_POINT('',(-0.00783144464757163,-0.059,0.00487939111571253));
#18431=CARTESIAN_POINT('',(-0.00783144464757163,-0.059,0.00487939111571253));
#18432=CARTESIAN_POINT('',(-0.00782314789328798,-0.059,0.00637073269819792));
#18433=CARTESIAN_POINT('',(-0.00753068730478945,-0.059,0.00487939111571253));
#18434=CARTESIAN_POINT('',(-0.00753068730478945,-0.059,0.00487939111571253));
#18435=CARTESIAN_POINT('',(1.61387757090876E-17,-0.059,0.00417568165455999));
#18436=CARTESIAN_POINT('',(-0.0040667923913672,-0.059,0.00188426281931628));
#18437=CARTESIAN_POINT('',(-0.00423065328846921,-0.059,0.00164089136032932));
#18438=CARTESIAN_POINT('',(-0.00423065328846921,-0.059,0.00164089136032932));
#18439=CARTESIAN_POINT('',(-0.0040667923913672,-0.059,0.00188426281931628));
#18440=CARTESIAN_POINT('',(-0.00390293149426519,-0.059,0.00212763427830323));
#18441=CARTESIAN_POINT('',(-0.00390293149426519,-0.059,0.00212763427830323));
#18442=CARTESIAN_POINT('',(-0.00423065328846921,-0.059,0.00164089136032932));
#18443=CARTESIAN_POINT('',(-0.00423065328846921,-0.06,0.00164089136032932));
#18444=CARTESIAN_POINT('',(-0.00319494179539405,-0.059,0.0013131695661253));
#18445=CARTESIAN_POINT('',(-0.00319494179539405,-0.06,0.0013131695661253));
#18446=CARTESIAN_POINT('',(-0.00184948480906278,-0.059,0.000737927935792507));
#18447=CARTESIAN_POINT('',(-0.00184948480906277,-0.06,0.000737927935792507));
#18448=CARTESIAN_POINT('',(-0.00117744771208744,-0.059,0.00034798048446114));
#18449=CARTESIAN_POINT('',(-0.00117744771208744,-0.06,0.00034798048446114));
#18450=CARTESIAN_POINT('',(-0.00117744771208744,-0.059,0.000347980484461139));
#18451=CARTESIAN_POINT('',(-0.00117744771208744,-0.059,0.000347980484461139));
#18452=CARTESIAN_POINT('',(-0.00423065328846921,-0.059,0.00164089136032932));
#18453=CARTESIAN_POINT('',(-0.00319494179539406,-0.059,0.0013131695661253));
#18454=CARTESIAN_POINT('',(-0.00184948480906278,-0.059,0.000737927935792507));
#18455=CARTESIAN_POINT('',(-0.00117744771208744,-0.059,0.00034798048446114));
#18456=CARTESIAN_POINT('',(-0.00100459866451148,-0.059,0.000631452922485715));
#18457=CARTESIAN_POINT('',(-0.000831749616935519,-0.059,0.000914925360510291));
#18458=CARTESIAN_POINT('',(-0.000831749616935519,-0.059,0.000914925360510291));
#18459=CARTESIAN_POINT('',(-0.00100459866451148,-0.059,0.000631452922485715));
#18460=CARTESIAN_POINT('',(-0.000831749616935519,-0.059,0.000914925360510291));
#18461=CARTESIAN_POINT('',(-0.000831749616935519,-0.06,0.000914925360510291));
#18462=CARTESIAN_POINT('',(-0.00153973931580666,-0.059,0.0012951932651774));
#18463=CARTESIAN_POINT('',(-0.00153973931580665,-0.06,0.0012951932651774));
#18464=CARTESIAN_POINT('',(-0.00288519630213793,-0.059,0.00182618553933075));
#18465=CARTESIAN_POINT('',(-0.00288519630213793,-0.06,0.00182618553933075));
#18466=CARTESIAN_POINT('',(-0.00390293149426519,-0.059,0.00212763427830323));
#18467=CARTESIAN_POINT('',(-0.00390293149426519,-0.06,0.00212763427830323));
#18468=CARTESIAN_POINT('',(-0.000831749616935519,-0.059,0.000914925360510291));
#18469=CARTESIAN_POINT('',(-0.00153973931580666,-0.059,0.0012951932651774));
#18470=CARTESIAN_POINT('',(-0.00288519630213793,-0.059,0.00182618553933075));
#18471=CARTESIAN_POINT('',(-0.00390293149426519,-0.059,0.00212763427830323));
#18472=CARTESIAN_POINT('',(1.61387757090876E-17,-0.059,0.00417568165455999));
#18473=CARTESIAN_POINT('',(-0.00413247502944606,-0.059,0.00326912938849488));
#18474=CARTESIAN_POINT('',(-0.00413247502944606,-0.059,0.00356988673127705));
#18475=CARTESIAN_POINT('',(-0.00413247502944606,-0.059,0.00356988673127705));
#18476=CARTESIAN_POINT('',(-0.00413247502944606,-0.059,0.00326912938849488));
#18477=CARTESIAN_POINT('',(-0.00413247502944606,-0.059,0.00296837204571271));
#18478=CARTESIAN_POINT('',(-0.00413247502944606,-0.059,0.00296837204571271));
#18479=CARTESIAN_POINT('',(-0.00446918497412404,-0.059,0.00356988673127705));
#18480=CARTESIAN_POINT('',(-0.00480589491880201,-0.059,0.00356988673127705));
#18481=CARTESIAN_POINT('',(-0.00480589491880201,-0.059,0.00356988673127705));
#18482=CARTESIAN_POINT('',(-0.00446918497412404,-0.059,0.00356988673127705));
#18483=CARTESIAN_POINT('',(-0.00480589491880201,-0.059,0.00327811753896882));
#18484=CARTESIAN_POINT('',(-0.00480589491880201,-0.059,0.0029863483466606));
#18485=CARTESIAN_POINT('',(-0.00480589491880201,-0.059,0.0029863483466606));
#18486=CARTESIAN_POINT('',(-0.00480589491880201,-0.059,0.00327811753896882));
#18487=CARTESIAN_POINT('',(-0.00480589491880201,-0.059,0.0029863483466606));
#18488=CARTESIAN_POINT('',(-0.00480589491880201,-0.06,0.0029863483466606));
#18489=CARTESIAN_POINT('',(-0.00480589491880201,-0.059,0.00236685736014836));
#18490=CARTESIAN_POINT('',(-0.00480589491880201,-0.06,0.00236685736014836));
#18491=CARTESIAN_POINT('',(-0.00500916539875134,-0.059,0.00146389393561154));
#18492=CARTESIAN_POINT('',(-0.00500916539875134,-0.06,0.00146389393561154));
#18493=CARTESIAN_POINT('',(-0.00810662033131256,-0.059,0.000870676004330845));
#18494=CARTESIAN_POINT('',(-0.00810662033131256,-0.06,0.000870676004330845));
#18495=CARTESIAN_POINT('',(-0.00810662033131256,-0.059,0.000870676004330845));
#18496=CARTESIAN_POINT('',(-0.00810662033131256,-0.059,0.000870676004330845));
#18497=CARTESIAN_POINT('',(-0.00480589491880201,-0.059,0.0029863483466606));
#18498=CARTESIAN_POINT('',(-0.00480589491880201,-0.059,0.00236685736014836));
#18499=CARTESIAN_POINT('',(-0.00500916539875134,-0.059,0.00146389393561154));
#18500=CARTESIAN_POINT('',(-0.00810662033131256,-0.059,0.000870676004330845));
#18501=CARTESIAN_POINT('',(-0.00980485787589551,-0.0590000000000001,-0.000943216090027206));
#18502=CARTESIAN_POINT('',(-0.00768210307046599,-0.059,0.00034798048446114));
#18503=CARTESIAN_POINT('',(-0.00768210307046599,-0.059,0.00034798048446114));
#18504=CARTESIAN_POINT('',(-0.00980485787589551,-0.059,-0.000943216090027206));
#18505=CARTESIAN_POINT('',(-0.00768210307046599,-0.059,0.00034798048446114));
#18506=CARTESIAN_POINT('',(-0.00768210307046599,-0.06,0.00034798048446114));
#18507=CARTESIAN_POINT('',(-0.00446019682365008,-0.059,0.00106564972999653));
#18508=CARTESIAN_POINT('',(-0.00446019682365008,-0.06,0.00106564972999653));
#18509=CARTESIAN_POINT('',(-0.00413247502944606,-0.059,0.00215390733353478));
#18510=CARTESIAN_POINT('',(-0.00413247502944606,-0.06,0.00215390733353478));
#18511=CARTESIAN_POINT('',(-0.00413247502944606,-0.059,0.00296837204571271));
#18512=CARTESIAN_POINT('',(-0.00413247502944606,-0.06,0.00296837204571271));
#18513=CARTESIAN_POINT('',(-0.00768210307046599,-0.059,0.00034798048446114));
#18514=CARTESIAN_POINT('',(-0.00446019682365008,-0.059,0.00106564972999653));
#18515=CARTESIAN_POINT('',(-0.00413247502944606,-0.059,0.00215390733353478));
#18516=CARTESIAN_POINT('',(-0.00413247502944606,-0.059,0.00296837204571271));
#18517=CARTESIAN_POINT('',(1.61387757090876E-17,-0.059,0.00417568165455999));
#18518=CARTESIAN_POINT('',(1.38777878078145E-17,-0.06,0.00834));
#18519=CARTESIAN_POINT('',(1.38777878078145E-17,-0.06,0.00834));
#18520=CARTESIAN_POINT('',(-0.0314515829086304,-0.059,0.00834));
#18521=CARTESIAN_POINT('',(-0.0314515829086304,-0.06,0.00834));
#18522=CARTESIAN_POINT('',(-0.032105087417218,-0.059,0.00704825382783021));
#18523=CARTESIAN_POINT('',(-0.032105087417218,-0.06,0.00704825382783021));
#18524=CARTESIAN_POINT('',(-0.0319616997723928,-0.059,0.00578291151372595));
#18525=CARTESIAN_POINT('',(-0.0319616997723928,-0.06,0.00578291151372595));
#18526=CARTESIAN_POINT('',(-0.0311340883075744,-0.059,0.00467459271209823));
#18527=CARTESIAN_POINT('',(-0.0311340883075744,-0.06,0.00467459271209823));
#18528=CARTESIAN_POINT('',(-0.0305987024342477,-0.059,0.00394084432728984));
#18529=CARTESIAN_POINT('',(-0.0305987024342477,-0.06,0.00394084432728984));
#18530=CARTESIAN_POINT('',(-0.030249915347876,-0.059,0.00320258764438822));
#18531=CARTESIAN_POINT('',(-0.030249915347876,-0.06,0.00320258764438822));
#18532=CARTESIAN_POINT('',(-0.0301618091232094,-0.059,0.00207302671184542));
#18533=CARTESIAN_POINT('',(-0.0301618091232094,-0.06,0.00207302671184542));
#18534=CARTESIAN_POINT('',(-0.0307331070665785,-0.059,0.000955579849088708));
#18535=CARTESIAN_POINT('',(-0.0307331070665785,-0.06,0.000955579849088708));
#18536=CARTESIAN_POINT('',(-0.0315929614007473,-0.059,-3.81244585250737E-20));
#18537=CARTESIAN_POINT('',(-0.0315929614007473,-0.06,-3.81244585250737E-20));
#18538=CARTESIAN_POINT('',(-0.0314515829086304,-0.059,0.00834));
#18539=CARTESIAN_POINT('',(-0.0324335622646366,-0.059,0.00639897578730994));
#18540=CARTESIAN_POINT('',(-0.0312235793142042,-0.059,0.00481465954942476));
#18541=CARTESIAN_POINT('',(-0.0299282854186439,-0.059,0.00300335478434153));
#18542=CARTESIAN_POINT('',(-0.030356981673385,-0.059,0.00137357837765779));
#18543=CARTESIAN_POINT('',(-0.0315929614007473,-0.059,-3.81244585250737E-20));
#18544=CARTESIAN_POINT('',(-0.0286976634185695,-0.059,0.00834));
#18545=CARTESIAN_POINT('',(-0.0286976634185695,-0.06,0.00834));
#18546=CARTESIAN_POINT('',(-0.0290244156728633,-0.059,0.0076941269139151));
#18547=CARTESIAN_POINT('',(-0.0290244156728633,-0.06,0.0076941269139151));
#18548=CARTESIAN_POINT('',(-0.0292084267631308,-0.059,0.00681138155225179));
#18549=CARTESIAN_POINT('',(-0.0292084267631308,-0.06,0.00681138155225179));
#18550=CARTESIAN_POINT('',(-0.0286885288174166,-0.059,0.00618357767108474));
#18551=CARTESIAN_POINT('',(-0.0286885288174166,-0.06,0.00618357767108474));
#18552=CARTESIAN_POINT('',(-0.0280709087800363,-0.059,0.00565273624219014));
#18553=CARTESIAN_POINT('',(-0.0280709087800363,-0.06,0.00565273624219014));
#18554=CARTESIAN_POINT('',(-0.0276635018866805,-0.059,0.00493030670952908));
#18555=CARTESIAN_POINT('',(-0.0276635018866805,-0.06,0.00493030670952908));
#18556=CARTESIAN_POINT('',(-0.0274117563996477,-0.059,0.00398349708146831));
#18557=CARTESIAN_POINT('',(-0.0274117563996477,-0.06,0.00398349708146831));
#18558=CARTESIAN_POINT('',(-0.0273929695420677,-0.059,0.00238619934581448));
#18559=CARTESIAN_POINT('',(-0.0273929695420677,-0.06,0.00238619934581448));
#18560=CARTESIAN_POINT('',(-0.0279791875765176,-0.059,0.000955579849088708));
#18561=CARTESIAN_POINT('',(-0.0279791875765176,-0.06,0.000955579849088708));
#18562=CARTESIAN_POINT('',(-0.0288390419106864,-0.059,-3.37605112845791E-19));
#18563=CARTESIAN_POINT('',(-0.0288390419106864,-0.06,-3.37605112845791E-19));
#18564=CARTESIAN_POINT('',(-0.0286976634185695,-0.059,0.00834));
#18565=CARTESIAN_POINT('',(-0.0295056031971088,-0.059,0.00674299018207625));
#18566=CARTESIAN_POINT('',(-0.0283204009632087,-0.059,0.00610631284178734));
#18567=CARTESIAN_POINT('',(-0.0272031237719613,-0.059,0.0042526837489366));
#18568=CARTESIAN_POINT('',(-0.0273851565052045,-0.059,0.00161574297082032));
#18569=CARTESIAN_POINT('',(-0.0288390419106864,-0.059,-3.37605112845791E-19));
#18570=CARTESIAN_POINT('',(1.61387757090876E-17,-0.059,0.00417000000000016));
#18571=CARTESIAN_POINT('',(-0.0254515829086304,-0.059,0.00834));
#18572=CARTESIAN_POINT('',(-0.0254515829086304,-0.06,0.00834));
#18573=CARTESIAN_POINT('',(-0.026105087417218,-0.059,0.00704825382783021));
#18574=CARTESIAN_POINT('',(-0.026105087417218,-0.06,0.00704825382783021));
#18575=CARTESIAN_POINT('',(-0.0259616997723928,-0.059,0.00578291151372595));
#18576=CARTESIAN_POINT('',(-0.0259616997723928,-0.06,0.00578291151372595));
#18577=CARTESIAN_POINT('',(-0.0251340883075744,-0.059,0.00467459271209823));
#18578=CARTESIAN_POINT('',(-0.0251340883075744,-0.06,0.00467459271209823));
#18579=CARTESIAN_POINT('',(-0.0245987024342477,-0.059,0.00394084432728984));
#18580=CARTESIAN_POINT('',(-0.0245987024342477,-0.06,0.00394084432728984));
#18581=CARTESIAN_POINT('',(-0.024249915347876,-0.059,0.00320258764438822));
#18582=CARTESIAN_POINT('',(-0.024249915347876,-0.06,0.00320258764438822));
#18583=CARTESIAN_POINT('',(-0.0241618091232094,-0.059,0.00207302671184542));
#18584=CARTESIAN_POINT('',(-0.0241618091232094,-0.06,0.00207302671184542));
#18585=CARTESIAN_POINT('',(-0.0247331070665785,-0.059,0.000955579849088708));
#18586=CARTESIAN_POINT('',(-0.0247331070665785,-0.06,0.000955579849088708));
#18587=CARTESIAN_POINT('',(-0.0255929614007473,-0.059,-3.81244585250737E-20));
#18588=CARTESIAN_POINT('',(-0.0255929614007473,-0.06,-3.81244585250737E-20));
#18589=CARTESIAN_POINT('',(-0.0254515829086304,-0.059,0.00834));
#18590=CARTESIAN_POINT('',(-0.0264335622646365,-0.059,0.00639897578730994));
#18591=CARTESIAN_POINT('',(-0.0252235793142042,-0.059,0.00481465954942476));
#18592=CARTESIAN_POINT('',(-0.0239282854186438,-0.059,0.00300335478434153));
#18593=CARTESIAN_POINT('',(-0.024356981673385,-0.059,0.00137357837765779));
#18594=CARTESIAN_POINT('',(-0.0255929614007473,-0.059,-3.81244585250737E-20));
#18595=CARTESIAN_POINT('',(-0.0226976634185694,-0.059,0.00834));
#18596=CARTESIAN_POINT('',(-0.0226976634185694,-0.06,0.00834));
#18597=CARTESIAN_POINT('',(-0.0230244156728633,-0.059,0.0076941269139151));
#18598=CARTESIAN_POINT('',(-0.0230244156728633,-0.06,0.0076941269139151));
#18599=CARTESIAN_POINT('',(-0.0232084267631308,-0.059,0.00681138155225179));
#18600=CARTESIAN_POINT('',(-0.0232084267631308,-0.06,0.00681138155225179));
#18601=CARTESIAN_POINT('',(-0.0226885288174166,-0.059,0.00618357767108474));
#18602=CARTESIAN_POINT('',(-0.0226885288174166,-0.06,0.00618357767108474));
#18603=CARTESIAN_POINT('',(-0.0220709087800363,-0.059,0.00565273624219014));
#18604=CARTESIAN_POINT('',(-0.0220709087800363,-0.06,0.00565273624219014));
#18605=CARTESIAN_POINT('',(-0.0216635018866805,-0.059,0.00493030670952908));
#18606=CARTESIAN_POINT('',(-0.0216635018866805,-0.06,0.00493030670952908));
#18607=CARTESIAN_POINT('',(-0.0214117563996477,-0.059,0.00398349708146831));
#18608=CARTESIAN_POINT('',(-0.0214117563996477,-0.06,0.00398349708146831));
#18609=CARTESIAN_POINT('',(-0.0213929695420677,-0.059,0.00238619934581448));
#18610=CARTESIAN_POINT('',(-0.0213929695420677,-0.06,0.00238619934581448));
#18611=CARTESIAN_POINT('',(-0.0219791875765176,-0.059,0.000955579849088708));
#18612=CARTESIAN_POINT('',(-0.0219791875765176,-0.06,0.000955579849088708));
#18613=CARTESIAN_POINT('',(-0.0228390419106864,-0.059,-3.37605112845791E-19));
#18614=CARTESIAN_POINT('',(-0.0228390419106864,-0.06,-3.37605112845791E-19));
#18615=CARTESIAN_POINT('',(-0.0226976634185694,-0.059,0.00834));
#18616=CARTESIAN_POINT('',(-0.0235056031971088,-0.059,0.00674299018207625));
#18617=CARTESIAN_POINT('',(-0.0223204009632087,-0.059,0.00610631284178734));
#18618=CARTESIAN_POINT('',(-0.0212031237719613,-0.059,0.0042526837489366));
#18619=CARTESIAN_POINT('',(-0.0213851565052045,-0.059,0.00161574297082032));
#18620=CARTESIAN_POINT('',(-0.0228390419106864,-0.059,-3.37605112845791E-19));
#18621=CARTESIAN_POINT('',(0.006,-0.059,0.00417000000000016));
#18622=CARTESIAN_POINT('',(-0.0194515829086304,-0.059,0.00834));
#18623=CARTESIAN_POINT('',(-0.0194515829086304,-0.06,0.00834));
#18624=CARTESIAN_POINT('',(-0.020105087417218,-0.059,0.00704825382783021));
#18625=CARTESIAN_POINT('',(-0.020105087417218,-0.06,0.00704825382783021));
#18626=CARTESIAN_POINT('',(-0.0199616997723928,-0.059,0.00578291151372595));
#18627=CARTESIAN_POINT('',(-0.0199616997723928,-0.06,0.00578291151372595));
#18628=CARTESIAN_POINT('',(-0.0191340883075744,-0.059,0.00467459271209823));
#18629=CARTESIAN_POINT('',(-0.0191340883075744,-0.06,0.00467459271209823));
#18630=CARTESIAN_POINT('',(-0.0185987024342477,-0.059,0.00394084432728984));
#18631=CARTESIAN_POINT('',(-0.0185987024342477,-0.06,0.00394084432728984));
#18632=CARTESIAN_POINT('',(-0.018249915347876,-0.059,0.00320258764438822));
#18633=CARTESIAN_POINT('',(-0.018249915347876,-0.06,0.00320258764438822));
#18634=CARTESIAN_POINT('',(-0.0181618091232094,-0.059,0.00207302671184542));
#18635=CARTESIAN_POINT('',(-0.0181618091232094,-0.06,0.00207302671184542));
#18636=CARTESIAN_POINT('',(-0.0187331070665785,-0.059,0.000955579849088708));
#18637=CARTESIAN_POINT('',(-0.0187331070665785,-0.06,0.000955579849088708));
#18638=CARTESIAN_POINT('',(-0.0195929614007473,-0.059,-3.81244585250737E-20));
#18639=CARTESIAN_POINT('',(-0.0195929614007473,-0.06,-3.81244585250737E-20));
#18640=CARTESIAN_POINT('',(-0.0194515829086304,-0.059,0.00834));
#18641=CARTESIAN_POINT('',(-0.0204335622646366,-0.059,0.00639897578730994));
#18642=CARTESIAN_POINT('',(-0.0192235793142042,-0.059,0.00481465954942476));
#18643=CARTESIAN_POINT('',(-0.0179282854186439,-0.059,0.00300335478434153));
#18644=CARTESIAN_POINT('',(-0.0183569816733849,-0.059,0.00137357837765779));
#18645=CARTESIAN_POINT('',(-0.0195929614007473,-0.059,-3.81244585250737E-20));
#18646=CARTESIAN_POINT('',(-0.0166976634185695,-0.059,0.00834));
#18647=CARTESIAN_POINT('',(-0.0166976634185695,-0.06,0.00834));
#18648=CARTESIAN_POINT('',(-0.0170244156728633,-0.059,0.0076941269139151));
#18649=CARTESIAN_POINT('',(-0.0170244156728633,-0.06,0.0076941269139151));
#18650=CARTESIAN_POINT('',(-0.0172084267631308,-0.059,0.00681138155225179));
#18651=CARTESIAN_POINT('',(-0.0172084267631308,-0.06,0.00681138155225179));
#18652=CARTESIAN_POINT('',(-0.0166885288174166,-0.059,0.00618357767108474));
#18653=CARTESIAN_POINT('',(-0.0166885288174166,-0.06,0.00618357767108474));
#18654=CARTESIAN_POINT('',(-0.0160709087800363,-0.059,0.00565273624219014));
#18655=CARTESIAN_POINT('',(-0.0160709087800363,-0.06,0.00565273624219014));
#18656=CARTESIAN_POINT('',(-0.0156635018866805,-0.059,0.00493030670952908));
#18657=CARTESIAN_POINT('',(-0.0156635018866805,-0.06,0.00493030670952908));
#18658=CARTESIAN_POINT('',(-0.0154117563996477,-0.059,0.00398349708146831));
#18659=CARTESIAN_POINT('',(-0.0154117563996477,-0.06,0.00398349708146831));
#18660=CARTESIAN_POINT('',(-0.0153929695420677,-0.059,0.00238619934581448));
#18661=CARTESIAN_POINT('',(-0.0153929695420677,-0.06,0.00238619934581448));
#18662=CARTESIAN_POINT('',(-0.0159791875765176,-0.059,0.000955579849088708));
#18663=CARTESIAN_POINT('',(-0.0159791875765176,-0.06,0.000955579849088708));
#18664=CARTESIAN_POINT('',(-0.0168390419106864,-0.059,-3.37605112845791E-19));
#18665=CARTESIAN_POINT('',(-0.0168390419106864,-0.06,-3.37605112845791E-19));
#18666=CARTESIAN_POINT('',(-0.0166976634185695,-0.059,0.00834));
#18667=CARTESIAN_POINT('',(-0.0175056031971088,-0.059,0.00674299018207625));
#18668=CARTESIAN_POINT('',(-0.0163204009632087,-0.059,0.00610631284178734));
#18669=CARTESIAN_POINT('',(-0.0152031237719613,-0.059,0.0042526837489366));
#18670=CARTESIAN_POINT('',(-0.0153851565052045,-0.059,0.00161574297082032));
#18671=CARTESIAN_POINT('',(-0.0168390419106864,-0.059,-3.37605112845791E-19));
#18672=CARTESIAN_POINT('',(0.012,-0.059,0.00417000000000016));
#18673=CARTESIAN_POINT('',(-0.0374515829086304,-0.059,0.00834));
#18674=CARTESIAN_POINT('',(-0.0374515829086304,-0.06,0.00834));
#18675=CARTESIAN_POINT('',(-0.038105087417218,-0.059,0.00704825382783021));
#18676=CARTESIAN_POINT('',(-0.038105087417218,-0.06,0.00704825382783021));
#18677=CARTESIAN_POINT('',(-0.0379616997723928,-0.059,0.00578291151372595));
#18678=CARTESIAN_POINT('',(-0.0379616997723928,-0.06,0.00578291151372595));
#18679=CARTESIAN_POINT('',(-0.0371340883075744,-0.059,0.00467459271209823));
#18680=CARTESIAN_POINT('',(-0.0371340883075744,-0.06,0.00467459271209823));
#18681=CARTESIAN_POINT('',(-0.0365987024342477,-0.059,0.00394084432728984));
#18682=CARTESIAN_POINT('',(-0.0365987024342477,-0.06,0.00394084432728984));
#18683=CARTESIAN_POINT('',(-0.036249915347876,-0.059,0.00320258764438822));
#18684=CARTESIAN_POINT('',(-0.036249915347876,-0.06,0.00320258764438822));
#18685=CARTESIAN_POINT('',(-0.0361618091232094,-0.059,0.00207302671184542));
#18686=CARTESIAN_POINT('',(-0.0361618091232094,-0.06,0.00207302671184542));
#18687=CARTESIAN_POINT('',(-0.0367331070665785,-0.059,0.000955579849088708));
#18688=CARTESIAN_POINT('',(-0.0367331070665785,-0.06,0.000955579849088708));
#18689=CARTESIAN_POINT('',(-0.0375929614007473,-0.059,-3.81244585250737E-20));
#18690=CARTESIAN_POINT('',(-0.0375929614007473,-0.06,-3.81244585250737E-20));
#18691=CARTESIAN_POINT('',(-0.0374515829086304,-0.059,0.00834));
#18692=CARTESIAN_POINT('',(-0.0384335622646366,-0.059,0.00639897578730994));
#18693=CARTESIAN_POINT('',(-0.0372235793142042,-0.059,0.00481465954942476));
#18694=CARTESIAN_POINT('',(-0.0359282854186439,-0.059,0.00300335478434153));
#18695=CARTESIAN_POINT('',(-0.0363569816733849,-0.059,0.00137357837765779));
#18696=CARTESIAN_POINT('',(-0.0375929614007473,-0.059,-3.81244585250737E-20));
#18697=CARTESIAN_POINT('',(-0.0346976634185695,-0.059,0.00834));
#18698=CARTESIAN_POINT('',(-0.0346976634185695,-0.06,0.00834));
#18699=CARTESIAN_POINT('',(-0.0350244156728633,-0.059,0.0076941269139151));
#18700=CARTESIAN_POINT('',(-0.0350244156728633,-0.06,0.0076941269139151));
#18701=CARTESIAN_POINT('',(-0.0352084267631308,-0.059,0.00681138155225179));
#18702=CARTESIAN_POINT('',(-0.0352084267631308,-0.06,0.00681138155225179));
#18703=CARTESIAN_POINT('',(-0.0346885288174166,-0.059,0.00618357767108474));
#18704=CARTESIAN_POINT('',(-0.0346885288174166,-0.06,0.00618357767108474));
#18705=CARTESIAN_POINT('',(-0.0340709087800363,-0.059,0.00565273624219014));
#18706=CARTESIAN_POINT('',(-0.0340709087800363,-0.06,0.00565273624219014));
#18707=CARTESIAN_POINT('',(-0.0336635018866805,-0.059,0.00493030670952908));
#18708=CARTESIAN_POINT('',(-0.0336635018866805,-0.06,0.00493030670952908));
#18709=CARTESIAN_POINT('',(-0.0334117563996477,-0.059,0.00398349708146831));
#18710=CARTESIAN_POINT('',(-0.0334117563996477,-0.06,0.00398349708146831));
#18711=CARTESIAN_POINT('',(-0.0333929695420677,-0.059,0.00238619934581448));
#18712=CARTESIAN_POINT('',(-0.0333929695420677,-0.06,0.00238619934581448));
#18713=CARTESIAN_POINT('',(-0.0339791875765176,-0.059,0.000955579849088708));
#18714=CARTESIAN_POINT('',(-0.0339791875765176,-0.06,0.000955579849088708));
#18715=CARTESIAN_POINT('',(-0.0348390419106864,-0.059,-3.37605112845791E-19));
#18716=CARTESIAN_POINT('',(-0.0348390419106864,-0.06,-3.37605112845791E-19));
#18717=CARTESIAN_POINT('',(-0.0346976634185695,-0.059,0.00834));
#18718=CARTESIAN_POINT('',(-0.0355056031971088,-0.059,0.00674299018207625));
#18719=CARTESIAN_POINT('',(-0.0343204009632087,-0.059,0.00610631284178734));
#18720=CARTESIAN_POINT('',(-0.0332031237719613,-0.059,0.0042526837489366));
#18721=CARTESIAN_POINT('',(-0.0333851565052045,-0.059,0.00161574297082032));
#18722=CARTESIAN_POINT('',(-0.0348390419106864,-0.059,-3.37605112845791E-19));
#18723=CARTESIAN_POINT('',(-0.006,-0.059,0.00417000000000016));
#18724=CARTESIAN_POINT('',(0.0286976634185695,-0.059,0.00834));
#18725=CARTESIAN_POINT('',(0.0286976634185695,-0.06,0.00834));
#18726=CARTESIAN_POINT('',(0.0290244156728633,-0.059,0.0076941269139151));
#18727=CARTESIAN_POINT('',(0.0290244156728633,-0.06,0.0076941269139151));
#18728=CARTESIAN_POINT('',(0.0292084267631309,-0.059,0.00681138155225179));
#18729=CARTESIAN_POINT('',(0.0292084267631309,-0.06,0.00681138155225179));
#18730=CARTESIAN_POINT('',(0.0286885288174166,-0.059,0.00618357767108474));
#18731=CARTESIAN_POINT('',(0.0286885288174166,-0.06,0.00618357767108474));
#18732=CARTESIAN_POINT('',(0.0280709087800363,-0.059,0.00565273624219014));
#18733=CARTESIAN_POINT('',(0.0280709087800363,-0.06,0.00565273624219014));
#18734=CARTESIAN_POINT('',(0.0276635018866805,-0.059,0.00493030670952908));
#18735=CARTESIAN_POINT('',(0.0276635018866805,-0.06,0.00493030670952908));
#18736=CARTESIAN_POINT('',(0.0274117563996477,-0.059,0.00398349708146831));
#18737=CARTESIAN_POINT('',(0.0274117563996477,-0.06,0.00398349708146831));
#18738=CARTESIAN_POINT('',(0.0273929695420678,-0.059,0.00238619934581448));
#18739=CARTESIAN_POINT('',(0.0273929695420678,-0.06,0.00238619934581448));
#18740=CARTESIAN_POINT('',(0.0279791875765176,-0.059,0.000955579849088708));
#18741=CARTESIAN_POINT('',(0.0279791875765176,-0.06,0.000955579849088708));
#18742=CARTESIAN_POINT('',(0.0288390419106864,-0.059,-3.37605112845791E-19));
#18743=CARTESIAN_POINT('',(0.0288390419106864,-0.06,-3.37605112845791E-19));
#18744=CARTESIAN_POINT('',(0.0286976634185695,-0.059,0.00834));
#18745=CARTESIAN_POINT('',(0.0295056031971088,-0.059,0.00674299018207625));
#18746=CARTESIAN_POINT('',(0.0283204009632088,-0.059,0.00610631284178734));
#18747=CARTESIAN_POINT('',(0.0272031237719613,-0.059,0.0042526837489366));
#18748=CARTESIAN_POINT('',(0.0273851565052045,-0.059,0.00161574297082032));
#18749=CARTESIAN_POINT('',(0.0288390419106864,-0.059,-3.37605112845791E-19));
#18750=CARTESIAN_POINT('',(0.0314515829086304,-0.059,0.00834));
#18751=CARTESIAN_POINT('',(0.0314515829086304,-0.06,0.00834));
#18752=CARTESIAN_POINT('',(0.0321050874172181,-0.059,0.00704825382783021));
#18753=CARTESIAN_POINT('',(0.0321050874172181,-0.06,0.00704825382783021));
#18754=CARTESIAN_POINT('',(0.0319616997723929,-0.059,0.00578291151372595));
#18755=CARTESIAN_POINT('',(0.0319616997723929,-0.06,0.00578291151372595));
#18756=CARTESIAN_POINT('',(0.0311340883075744,-0.059,0.00467459271209823));
#18757=CARTESIAN_POINT('',(0.0311340883075744,-0.06,0.00467459271209823));
#18758=CARTESIAN_POINT('',(0.0305987024342478,-0.059,0.00394084432728984));
#18759=CARTESIAN_POINT('',(0.0305987024342478,-0.06,0.00394084432728984));
#18760=CARTESIAN_POINT('',(0.030249915347876,-0.059,0.00320258764438822));
#18761=CARTESIAN_POINT('',(0.030249915347876,-0.06,0.00320258764438822));
#18762=CARTESIAN_POINT('',(0.0301618091232094,-0.059,0.00207302671184542));
#18763=CARTESIAN_POINT('',(0.0301618091232094,-0.06,0.00207302671184542));
#18764=CARTESIAN_POINT('',(0.0307331070665785,-0.059,0.000955579849088708));
#18765=CARTESIAN_POINT('',(0.0307331070665785,-0.06,0.000955579849088708));
#18766=CARTESIAN_POINT('',(0.0315929614007473,-0.059,-3.81244585250737E-20));
#18767=CARTESIAN_POINT('',(0.0315929614007473,-0.06,-3.81244585250737E-20));
#18768=CARTESIAN_POINT('',(0.0314515829086304,-0.059,0.00834));
#18769=CARTESIAN_POINT('',(0.0324335622646366,-0.059,0.00639897578730994));
#18770=CARTESIAN_POINT('',(0.0312235793142042,-0.059,0.00481465954942476));
#18771=CARTESIAN_POINT('',(0.0299282854186439,-0.059,0.00300335478434153));
#18772=CARTESIAN_POINT('',(0.030356981673385,-0.059,0.00137357837765779));
#18773=CARTESIAN_POINT('',(0.0315929614007473,-0.059,-3.81244585250737E-20));
#18774=CARTESIAN_POINT('',(1.11542069796142E-17,-0.059,0.00417000000000016));
#18775=CARTESIAN_POINT('',(0.0226976634185695,-0.059,0.00834));
#18776=CARTESIAN_POINT('',(0.0226976634185695,-0.06,0.00834));
#18777=CARTESIAN_POINT('',(0.0230244156728633,-0.059,0.0076941269139151));
#18778=CARTESIAN_POINT('',(0.0230244156728633,-0.06,0.0076941269139151));
#18779=CARTESIAN_POINT('',(0.0232084267631308,-0.059,0.00681138155225179));
#18780=CARTESIAN_POINT('',(0.0232084267631308,-0.06,0.00681138155225179));
#18781=CARTESIAN_POINT('',(0.0226885288174166,-0.059,0.00618357767108474));
#18782=CARTESIAN_POINT('',(0.0226885288174166,-0.06,0.00618357767108474));
#18783=CARTESIAN_POINT('',(0.0220709087800363,-0.059,0.00565273624219014));
#18784=CARTESIAN_POINT('',(0.0220709087800363,-0.06,0.00565273624219014));
#18785=CARTESIAN_POINT('',(0.0216635018866805,-0.059,0.00493030670952908));
#18786=CARTESIAN_POINT('',(0.0216635018866805,-0.06,0.00493030670952908));
#18787=CARTESIAN_POINT('',(0.0214117563996477,-0.059,0.00398349708146831));
#18788=CARTESIAN_POINT('',(0.0214117563996477,-0.06,0.00398349708146831));
#18789=CARTESIAN_POINT('',(0.0213929695420677,-0.059,0.00238619934581448));
#18790=CARTESIAN_POINT('',(0.0213929695420677,-0.06,0.00238619934581448));
#18791=CARTESIAN_POINT('',(0.0219791875765176,-0.059,0.000955579849088708));
#18792=CARTESIAN_POINT('',(0.0219791875765176,-0.06,0.000955579849088708));
#18793=CARTESIAN_POINT('',(0.0228390419106864,-0.059,-3.37605112845791E-19));
#18794=CARTESIAN_POINT('',(0.0228390419106864,-0.06,-3.37605112845791E-19));
#18795=CARTESIAN_POINT('',(0.0226976634185695,-0.059,0.00834));
#18796=CARTESIAN_POINT('',(0.0235056031971088,-0.059,0.00674299018207625));
#18797=CARTESIAN_POINT('',(0.0223204009632087,-0.059,0.00610631284178734));
#18798=CARTESIAN_POINT('',(0.0212031237719613,-0.059,0.0042526837489366));
#18799=CARTESIAN_POINT('',(0.0213851565052045,-0.059,0.00161574297082032));
#18800=CARTESIAN_POINT('',(0.0228390419106864,-0.059,-3.37605112845791E-19));
#18801=CARTESIAN_POINT('',(0.0254515829086304,-0.059,0.00834));
#18802=CARTESIAN_POINT('',(0.0254515829086304,-0.06,0.00834));
#18803=CARTESIAN_POINT('',(0.0261050874172181,-0.059,0.00704825382783021));
#18804=CARTESIAN_POINT('',(0.0261050874172181,-0.06,0.00704825382783021));
#18805=CARTESIAN_POINT('',(0.0259616997723929,-0.059,0.00578291151372595));
#18806=CARTESIAN_POINT('',(0.0259616997723929,-0.06,0.00578291151372595));
#18807=CARTESIAN_POINT('',(0.0251340883075744,-0.059,0.00467459271209823));
#18808=CARTESIAN_POINT('',(0.0251340883075744,-0.06,0.00467459271209823));
#18809=CARTESIAN_POINT('',(0.0245987024342478,-0.059,0.00394084432728984));
#18810=CARTESIAN_POINT('',(0.0245987024342478,-0.06,0.00394084432728984));
#18811=CARTESIAN_POINT('',(0.024249915347876,-0.059,0.00320258764438822));
#18812=CARTESIAN_POINT('',(0.024249915347876,-0.06,0.00320258764438822));
#18813=CARTESIAN_POINT('',(0.0241618091232094,-0.059,0.00207302671184542));
#18814=CARTESIAN_POINT('',(0.0241618091232094,-0.06,0.00207302671184542));
#18815=CARTESIAN_POINT('',(0.0247331070665785,-0.059,0.000955579849088708));
#18816=CARTESIAN_POINT('',(0.0247331070665785,-0.06,0.000955579849088708));
#18817=CARTESIAN_POINT('',(0.0255929614007473,-0.059,-3.81244585250737E-20));
#18818=CARTESIAN_POINT('',(0.0255929614007473,-0.06,-3.81244585250737E-20));
#18819=CARTESIAN_POINT('',(0.0254515829086304,-0.059,0.00834));
#18820=CARTESIAN_POINT('',(0.0264335622646366,-0.059,0.00639897578730994));
#18821=CARTESIAN_POINT('',(0.0252235793142042,-0.059,0.00481465954942476));
#18822=CARTESIAN_POINT('',(0.0239282854186438,-0.059,0.00300335478434153));
#18823=CARTESIAN_POINT('',(0.024356981673385,-0.059,0.00137357837765779));
#18824=CARTESIAN_POINT('',(0.0255929614007473,-0.059,-3.81244585250737E-20));
#18825=CARTESIAN_POINT('',(-0.006,-0.059,0.00417000000000016));
#18826=CARTESIAN_POINT('',(0.0166976634185695,-0.059,0.00834));
#18827=CARTESIAN_POINT('',(0.0166976634185695,-0.06,0.00834));
#18828=CARTESIAN_POINT('',(0.0170244156728633,-0.059,0.0076941269139151));
#18829=CARTESIAN_POINT('',(0.0170244156728633,-0.06,0.0076941269139151));
#18830=CARTESIAN_POINT('',(0.0172084267631308,-0.059,0.00681138155225179));
#18831=CARTESIAN_POINT('',(0.0172084267631308,-0.06,0.00681138155225179));
#18832=CARTESIAN_POINT('',(0.0166885288174166,-0.059,0.00618357767108474));
#18833=CARTESIAN_POINT('',(0.0166885288174166,-0.06,0.00618357767108474));
#18834=CARTESIAN_POINT('',(0.0160709087800363,-0.059,0.00565273624219014));
#18835=CARTESIAN_POINT('',(0.0160709087800363,-0.06,0.00565273624219014));
#18836=CARTESIAN_POINT('',(0.0156635018866805,-0.059,0.00493030670952908));
#18837=CARTESIAN_POINT('',(0.0156635018866805,-0.06,0.00493030670952908));
#18838=CARTESIAN_POINT('',(0.0154117563996477,-0.059,0.00398349708146831));
#18839=CARTESIAN_POINT('',(0.0154117563996477,-0.06,0.00398349708146831));
#18840=CARTESIAN_POINT('',(0.0153929695420678,-0.059,0.00238619934581448));
#18841=CARTESIAN_POINT('',(0.0153929695420678,-0.06,0.00238619934581448));
#18842=CARTESIAN_POINT('',(0.0159791875765176,-0.059,0.000955579849088708));
#18843=CARTESIAN_POINT('',(0.0159791875765176,-0.06,0.000955579849088708));
#18844=CARTESIAN_POINT('',(0.0168390419106864,-0.059,-3.37605112845791E-19));
#18845=CARTESIAN_POINT('',(0.0168390419106864,-0.06,-3.37605112845791E-19));
#18846=CARTESIAN_POINT('',(0.0166976634185695,-0.059,0.00834));
#18847=CARTESIAN_POINT('',(0.0175056031971089,-0.059,0.00674299018207625));
#18848=CARTESIAN_POINT('',(0.0163204009632087,-0.059,0.00610631284178734));
#18849=CARTESIAN_POINT('',(0.0152031237719613,-0.059,0.0042526837489366));
#18850=CARTESIAN_POINT('',(0.0153851565052046,-0.059,0.00161574297082032));
#18851=CARTESIAN_POINT('',(0.0168390419106864,-0.059,-3.37605112845791E-19));
#18852=CARTESIAN_POINT('',(0.0194515829086304,-0.059,0.00834));
#18853=CARTESIAN_POINT('',(0.0194515829086304,-0.06,0.00834));
#18854=CARTESIAN_POINT('',(0.0201050874172181,-0.059,0.00704825382783021));
#18855=CARTESIAN_POINT('',(0.0201050874172181,-0.06,0.00704825382783021));
#18856=CARTESIAN_POINT('',(0.0199616997723929,-0.059,0.00578291151372595));
#18857=CARTESIAN_POINT('',(0.0199616997723929,-0.06,0.00578291151372595));
#18858=CARTESIAN_POINT('',(0.0191340883075744,-0.059,0.00467459271209823));
#18859=CARTESIAN_POINT('',(0.0191340883075744,-0.06,0.00467459271209823));
#18860=CARTESIAN_POINT('',(0.0185987024342478,-0.059,0.00394084432728984));
#18861=CARTESIAN_POINT('',(0.0185987024342478,-0.06,0.00394084432728984));
#18862=CARTESIAN_POINT('',(0.018249915347876,-0.059,0.00320258764438822));
#18863=CARTESIAN_POINT('',(0.018249915347876,-0.06,0.00320258764438822));
#18864=CARTESIAN_POINT('',(0.0181618091232094,-0.059,0.00207302671184542));
#18865=CARTESIAN_POINT('',(0.0181618091232094,-0.06,0.00207302671184542));
#18866=CARTESIAN_POINT('',(0.0187331070665785,-0.059,0.000955579849088708));
#18867=CARTESIAN_POINT('',(0.0187331070665785,-0.06,0.000955579849088708));
#18868=CARTESIAN_POINT('',(0.0195929614007474,-0.059,-3.81244585250737E-20));
#18869=CARTESIAN_POINT('',(0.0195929614007474,-0.06,-3.81244585250737E-20));
#18870=CARTESIAN_POINT('',(0.0194515829086304,-0.059,0.00834));
#18871=CARTESIAN_POINT('',(0.0204335622646366,-0.059,0.00639897578730994));
#18872=CARTESIAN_POINT('',(0.0192235793142043,-0.059,0.00481465954942476));
#18873=CARTESIAN_POINT('',(0.0179282854186439,-0.059,0.00300335478434153));
#18874=CARTESIAN_POINT('',(0.018356981673385,-0.059,0.00137357837765779));
#18875=CARTESIAN_POINT('',(0.0195929614007474,-0.059,-3.81244585250737E-20));
#18876=CARTESIAN_POINT('',(-0.012,-0.059,0.00417000000000016));
#18877=CARTESIAN_POINT('',(0.0346976634185695,-0.059,0.00834));
#18878=CARTESIAN_POINT('',(0.0346976634185695,-0.06,0.00834));
#18879=CARTESIAN_POINT('',(0.0350244156728633,-0.059,0.0076941269139151));
#18880=CARTESIAN_POINT('',(0.0350244156728633,-0.06,0.0076941269139151));
#18881=CARTESIAN_POINT('',(0.0352084267631308,-0.059,0.00681138155225179));
#18882=CARTESIAN_POINT('',(0.0352084267631308,-0.06,0.00681138155225179));
#18883=CARTESIAN_POINT('',(0.0346885288174166,-0.059,0.00618357767108474));
#18884=CARTESIAN_POINT('',(0.0346885288174166,-0.06,0.00618357767108474));
#18885=CARTESIAN_POINT('',(0.0340709087800363,-0.059,0.00565273624219014));
#18886=CARTESIAN_POINT('',(0.0340709087800363,-0.06,0.00565273624219014));
#18887=CARTESIAN_POINT('',(0.0336635018866805,-0.059,0.00493030670952908));
#18888=CARTESIAN_POINT('',(0.0336635018866805,-0.06,0.00493030670952908));
#18889=CARTESIAN_POINT('',(0.0334117563996477,-0.059,0.00398349708146831));
#18890=CARTESIAN_POINT('',(0.0334117563996477,-0.06,0.00398349708146831));
#18891=CARTESIAN_POINT('',(0.0333929695420677,-0.059,0.00238619934581448));
#18892=CARTESIAN_POINT('',(0.0333929695420677,-0.06,0.00238619934581448));
#18893=CARTESIAN_POINT('',(0.0339791875765176,-0.059,0.000955579849088708));
#18894=CARTESIAN_POINT('',(0.0339791875765176,-0.06,0.000955579849088708));
#18895=CARTESIAN_POINT('',(0.0348390419106864,-0.059,-3.37605112845791E-19));
#18896=CARTESIAN_POINT('',(0.0348390419106864,-0.06,-3.37605112845791E-19));
#18897=CARTESIAN_POINT('',(0.0346976634185695,-0.059,0.00834));
#18898=CARTESIAN_POINT('',(0.0355056031971088,-0.059,0.00674299018207625));
#18899=CARTESIAN_POINT('',(0.0343204009632087,-0.059,0.00610631284178734));
#18900=CARTESIAN_POINT('',(0.0332031237719613,-0.059,0.0042526837489366));
#18901=CARTESIAN_POINT('',(0.0333851565052046,-0.059,0.00161574297082032));
#18902=CARTESIAN_POINT('',(0.0348390419106864,-0.059,-3.37605112845791E-19));
#18903=CARTESIAN_POINT('',(0.0374515829086304,-0.059,0.00834));
#18904=CARTESIAN_POINT('',(0.0374515829086304,-0.06,0.00834));
#18905=CARTESIAN_POINT('',(0.0381050874172181,-0.059,0.00704825382783021));
#18906=CARTESIAN_POINT('',(0.0381050874172181,-0.06,0.00704825382783021));
#18907=CARTESIAN_POINT('',(0.0379616997723929,-0.059,0.00578291151372595));
#18908=CARTESIAN_POINT('',(0.0379616997723929,-0.06,0.00578291151372595));
#18909=CARTESIAN_POINT('',(0.0371340883075744,-0.059,0.00467459271209823));
#18910=CARTESIAN_POINT('',(0.0371340883075744,-0.06,0.00467459271209823));
#18911=CARTESIAN_POINT('',(0.0365987024342478,-0.059,0.00394084432728984));
#18912=CARTESIAN_POINT('',(0.0365987024342478,-0.06,0.00394084432728984));
#18913=CARTESIAN_POINT('',(0.036249915347876,-0.059,0.00320258764438822));
#18914=CARTESIAN_POINT('',(0.036249915347876,-0.06,0.00320258764438822));
#18915=CARTESIAN_POINT('',(0.0361618091232094,-0.059,0.00207302671184542));
#18916=CARTESIAN_POINT('',(0.0361618091232094,-0.06,0.00207302671184542));
#18917=CARTESIAN_POINT('',(0.0367331070665785,-0.059,0.000955579849088708));
#18918=CARTESIAN_POINT('',(0.0367331070665785,-0.06,0.000955579849088708));
#18919=CARTESIAN_POINT('',(0.0375929614007473,-0.059,-3.81244585250737E-20));
#18920=CARTESIAN_POINT('',(0.0375929614007473,-0.06,-3.81244585250737E-20));
#18921=CARTESIAN_POINT('',(0.0374515829086304,-0.059,0.00834));
#18922=CARTESIAN_POINT('',(0.0384335622646366,-0.059,0.00639897578730994));
#18923=CARTESIAN_POINT('',(0.0372235793142042,-0.059,0.00481465954942476));
#18924=CARTESIAN_POINT('',(0.0359282854186439,-0.059,0.00300335478434153));
#18925=CARTESIAN_POINT('',(0.036356981673385,-0.059,0.00137357837765779));
#18926=CARTESIAN_POINT('',(0.0375929614007473,-0.059,-3.81244585250737E-20));
#18927=CARTESIAN_POINT('',(0.006,-0.059,0.00417000000000016));
#18928=CARTESIAN_POINT('',(0.0435,-0.056,0.00417000000000016));
#18929=CARTESIAN_POINT('',(0.0435,-0.056,0.00145724720830136));
#18930=CARTESIAN_POINT('',(0.0435,-0.056,0.00145724720830136));
#18931=CARTESIAN_POINT('',(0.0435,-0.056,0.00145724720830136));
#18932=CARTESIAN_POINT('',(0.0435,-0.056,0.0028239804803282));
#18933=CARTESIAN_POINT('',(0.0435,-0.056,0.00419071375235504));
#18934=CARTESIAN_POINT('',(0.0435,-0.056,0.00555744702438189));
#18935=CARTESIAN_POINT('',(0.0435,-0.056,0.00555744702438189));
#18936=CARTESIAN_POINT('',(0.0435,-0.056,0.00555744702438189));
#18937=CARTESIAN_POINT('',(0.0435,-0.0546841125488281,0.000728623604150675));
#18938=CARTESIAN_POINT('',(0.0435,-0.0546841125488281,0.000728623604150675));
#18939=CARTESIAN_POINT('',(0.0435,-0.0509816511856894,0.00277872351219094));
#18940=CARTESIAN_POINT('',(0.0435,-0.0509816511856894,0.00277872351219094));
#18941=CARTESIAN_POINT('',(0.0435,-3.81639164714897E-18,0.00417000000000016));
#18942=CARTESIAN_POINT('',(0.0435,0.0455708183161914,0.00417));
#18943=CARTESIAN_POINT('',(0.0435,0.0455708183161914,0.00417));
#18944=CARTESIAN_POINT('',(0.0435,0.0507223799166699,0.00292228530869373));
#18945=CARTESIAN_POINT('',(0.0435,0.056,0.00584457061738747));
#18946=CARTESIAN_POINT('',(0.0435,0.056,0.00584457061738747));
#18947=CARTESIAN_POINT('',(0.0435,0.0507223799166699,0.00292228530869373));
#18948=CARTESIAN_POINT('',(0.0435,0.056,0.00417000000000016));
#18949=CARTESIAN_POINT('',(0.0435,0.056,0.00834000000000062));
#18950=CARTESIAN_POINT('',(0.0435,0.056,0.00750819020579624));
#18951=CARTESIAN_POINT('',(0.0435,0.056,0.00667638041159185));
#18952=CARTESIAN_POINT('',(0.0435,0.056,0.00584457061738747));
#18953=CARTESIAN_POINT('',(0.0435,-3.81639164714897E-18,0.00417000000000016));
#18954=CARTESIAN_POINT('',(0.0435,0.056,0.00417000000000016));
#18955=CARTESIAN_POINT('',(0.0435,0.056,0.00163907981188251));
#18956=CARTESIAN_POINT('',(0.0435,0.056,0.00163907981188251));
#18957=CARTESIAN_POINT('',(0.0435,0.056,0.00163907981188251));
#18958=CARTESIAN_POINT('',(0.0435,0.056,0.00109271987458824));
#18959=CARTESIAN_POINT('',(0.0435,0.056,0.00054635993729396));
#18960=CARTESIAN_POINT('',(0.0435,0.056,-3.1485231088979E-16));
#18961=CARTESIAN_POINT('',(0.0435,0.0545199185535312,0.000819539905941256));
#18962=CARTESIAN_POINT('',(0.0435,0.0545199185535312,0.000819539905941256));
#18963=CARTESIAN_POINT('',(0.0435,-3.81639164714897E-18,0.00417000000000016));
#18964=CARTESIAN_POINT('',(0.0435,-0.0384942835805079,0.00417));
#18965=CARTESIAN_POINT('',(0.0435,-0.0384942835805079,0.00417));
#18966=CARTESIAN_POINT('',(0.0435,-0.0458992063067854,0.00417));
#18967=CARTESIAN_POINT('',(0.0435,-0.0458992063067854,0.00417));
#18968=CARTESIAN_POINT('',(0.0435,-3.81639164714897E-18,0.00417000000000016));
#18969=CARTESIAN_POINT('',(0.0435,0.000570818316191431,0.00417));
#18970=CARTESIAN_POINT('',(0.0435,0.000570818316191431,0.00417));
#18971=CARTESIAN_POINT('',(0.0435,0.00797574104246891,0.00417));
#18972=CARTESIAN_POINT('',(0.0435,0.00797574104246891,0.00417));
#18973=CARTESIAN_POINT('',(0.0435,-3.81639164714897E-18,0.00417000000000016));
#18974=CARTESIAN_POINT('',(0.0435,0.0305708183161915,0.00417));
#18975=CARTESIAN_POINT('',(0.0435,0.0305708183161915,0.00417));
#18976=CARTESIAN_POINT('',(0.0435,0.0379757410424689,0.00417));
#18977=CARTESIAN_POINT('',(0.0435,0.0379757410424689,0.00417));
#18978=CARTESIAN_POINT('',(0.0435,-3.81639164714897E-18,0.00417000000000016));
#18979=CARTESIAN_POINT('',(0.0435,0.0155708183161914,0.00417));
#18980=CARTESIAN_POINT('',(0.0435,0.0155708183161914,0.00417));
#18981=CARTESIAN_POINT('',(0.0435,0.0229757410424689,0.00417));
#18982=CARTESIAN_POINT('',(0.0435,0.0229757410424689,0.00417));
#18983=CARTESIAN_POINT('',(0.0435,-3.81639164714897E-18,0.00417000000000016));
#18984=MECHANICAL_DESIGN_GEOMETRIC_PRESENTATION_REPRESENTATION('',(#10757),
#18985);
#18985=(
GEOMETRIC_REPRESENTATION_CONTEXT(3)
GLOBAL_UNCERTAINTY_ASSIGNED_CONTEXT((#18986))
GLOBAL_UNIT_ASSIGNED_CONTEXT((#18989,#18988,#18987))
REPRESENTATION_CONTEXT('Aligner','TOP_LEVEL_ASSEMBLY_PART')
);
#18986=UNCERTAINTY_MEASURE_WITH_UNIT(LENGTH_MEASURE(2.31250000007465E-5),
#18989,'DISTANCE_ACCURACY_VALUE','Maximum Tolerance applied to model');
#18987=(
NAMED_UNIT(*)
SI_UNIT($,.STERADIAN.)
SOLID_ANGLE_UNIT()
);
#18988=(
NAMED_UNIT(*)
PLANE_ANGLE_UNIT()
SI_UNIT($,.RADIAN.)
);
#18989=(
LENGTH_UNIT()
NAMED_UNIT(*)
SI_UNIT($,.METRE.)
);
#18990=PRODUCT_DEFINITION_SHAPE('','',#18991);
#18991=PRODUCT_DEFINITION('','',#18993,#18992);
#18992=PRODUCT_DEFINITION_CONTEXT('',#18999,'design');
#18993=PRODUCT_DEFINITION_FORMATION_WITH_SPECIFIED_SOURCE('','',#18995,
 .NOT_KNOWN.);
#18994=PRODUCT_RELATED_PRODUCT_CATEGORY('','',(#18995));
#18995=PRODUCT('Aligner','Aligner','Aligner',(#18997));
#18996=PRODUCT_CATEGORY('','');
#18997=PRODUCT_CONTEXT('',#18999,'mechanical');
#18998=APPLICATION_PROTOCOL_DEFINITION('international standard',
'ap242_managed_model_based_3d_engineering',2020,#18999);
#18999=APPLICATION_CONTEXT('managed model based 3d engineering');
ENDSEC;
END-ISO-10303-21;
