ISO-10303-21;
HEADER;
/* Generated by software containing ST-Developer
 * from STEP Tools, Inc. (www.steptools.com) 
 */
/* OPTION: using custom renumber hook */

FILE_DESCRIPTION(
/* description */ ('STEP AP242 Edition 2',
'CAx-IF Rec.Pracs.---Representation and Presentation of Product Manufa
cturing Information (PMI)---4.0---2014-10-13',
'CAx-IF Rec.Pracs.---3D Tessellated Geometry---0.4---2014-09-14','2;1',
'CAx-IF Rec.Pracs.---User Defined Attributes---1.5---2016-08-15'),
/* implementation_level */ '2;1');

FILE_NAME(
/* name */ 'Part Studio 1 - Top Case',
/* time_stamp */ '2026-07-04T16:40:45Z',
/* author */ (''),
/* organization */ (''),
/* preprocessor_version */ 'ST-DEVELOPER v20',
/* originating_system */ 'ONSHAPE BY PTC INC, 1.217',
/* authorisation */ '  ');

FILE_SCHEMA (('AP242_MANAGED_MODEL_BASED_3D_ENGINEERING_MIM_LF { 1 0 10303 442 3 1 4 }'));
ENDSEC;

DATA;
#10=SHAPE_REPRESENTATION_RELATIONSHIP('','',#4008,#11);
#11=ADVANCED_BREP_SHAPE_REPRESENTATION('',(#4006),#7200);
#12=B_SPLINE_SURFACE_WITH_KNOTS('',5,1,((#6491,#6492),(#6493,#6494),(#6495,
#6496),(#6497,#6498),(#6499,#6500),(#6501,#6502),(#6503,#6504),(#6505,#6506)),
 .SURF_OF_LINEAR_EXTRUSION.,.F.,.F.,.F.,(6,2,6),(2,2),(0.,0.5,1.),(0.,1.),
 .UNSPECIFIED.);
#13=B_SPLINE_SURFACE_WITH_KNOTS('',5,1,((#6507,#6508),(#6509,#6510),(#6511,
#6512),(#6513,#6514),(#6515,#6516),(#6517,#6518),(#6519,#6520),(#6521,#6522)),
 .SURF_OF_LINEAR_EXTRUSION.,.F.,.F.,.F.,(6,2,6),(2,2),(0.,0.5,1.),(0.,1.),
 .UNSPECIFIED.);
#14=B_SPLINE_SURFACE_WITH_KNOTS('',5,1,((#6523,#6524),(#6525,#6526),(#6527,
#6528),(#6529,#6530),(#6531,#6532),(#6533,#6534),(#6535,#6536),(#6537,#6538)),
 .SURF_OF_LINEAR_EXTRUSION.,.F.,.F.,.F.,(6,2,6),(2,2),(0.,0.5,1.),(0.,1.),
 .UNSPECIFIED.);
#15=B_SPLINE_SURFACE_WITH_KNOTS('',5,1,((#6539,#6540),(#6541,#6542),(#6543,
#6544),(#6545,#6546),(#6547,#6548),(#6549,#6550),(#6551,#6552),(#6553,#6554)),
 .SURF_OF_LINEAR_EXTRUSION.,.F.,.F.,.F.,(6,2,6),(2,2),(0.,0.5,1.),(0.,1.),
 .UNSPECIFIED.);
#16=CYLINDRICAL_SURFACE('',#4164,0.0025);
#17=CYLINDRICAL_SURFACE('',#4167,0.0025);
#18=CYLINDRICAL_SURFACE('',#4170,0.0025);
#19=CYLINDRICAL_SURFACE('',#4173,0.0025);
#20=CYLINDRICAL_SURFACE('',#4176,0.0029);
#21=CYLINDRICAL_SURFACE('',#4180,0.0029);
#22=CYLINDRICAL_SURFACE('',#4184,0.0029);
#23=CYLINDRICAL_SURFACE('',#4188,0.0029);
#24=CYLINDRICAL_SURFACE('',#4192,0.0015);
#25=CYLINDRICAL_SURFACE('',#4193,0.0015);
#26=CYLINDRICAL_SURFACE('',#4194,0.0015);
#27=CYLINDRICAL_SURFACE('',#4195,0.0015);
#28=CYLINDRICAL_SURFACE('',#4206,4.33195485570754);
#29=CYLINDRICAL_SURFACE('',#4211,2.59466137780382);
#30=CYLINDRICAL_SURFACE('',#4212,2.36015870025781);
#31=CYLINDRICAL_SURFACE('',#4213,2.13110629264068);
#32=CYLINDRICAL_SURFACE('',#4214,0.230870528988608);
#33=CYLINDRICAL_SURFACE('',#4215,0.114009918140395);
#34=CYLINDRICAL_SURFACE('',#4216,3.45161899231837);
#35=CYLINDRICAL_SURFACE('',#4217,3.08797836300568);
#36=CYLINDRICAL_SURFACE('',#4250,2.74120435480606);
#37=CYLINDRICAL_SURFACE('',#4252,0.0141038427996312);
#38=CYLINDRICAL_SURFACE('',#4253,0.0303333619510139);
#39=CYLINDRICAL_SURFACE('',#4254,1.59800429170748);
#40=CYLINDRICAL_SURFACE('',#4255,3.2962860142969);
#41=CYLINDRICAL_SURFACE('',#4256,0.0123571289284354);
#42=CYLINDRICAL_SURFACE('',#4257,0.0320761493984908);
#43=CYLINDRICAL_SURFACE('',#4258,0.0382525063102549);
#44=CYLINDRICAL_SURFACE('',#4259,0.0512554818168545);
#45=CYLINDRICAL_SURFACE('',#4260,0.00140371467204714);
#46=CYLINDRICAL_SURFACE('',#4261,4.49764405024114E-5);
#47=CYLINDRICAL_SURFACE('',#4262,0.000654202918286519);
#48=CYLINDRICAL_SURFACE('',#4263,0.00306959352264081);
#49=CYLINDRICAL_SURFACE('',#4264,0.0310851141617457);
#50=CYLINDRICAL_SURFACE('',#4267,0.0679157718029022);
#51=CYLINDRICAL_SURFACE('',#4268,0.0361565564875891);
#52=CYLINDRICAL_SURFACE('',#4269,0.125039190641373);
#53=CYLINDRICAL_SURFACE('',#4270,7.65882347566047E-5);
#54=CYLINDRICAL_SURFACE('',#4271,7.64123011667278E-5);
#55=CYLINDRICAL_SURFACE('',#4272,0.0189864984793617);
#56=CYLINDRICAL_SURFACE('',#4273,0.010239894713271);
#57=CYLINDRICAL_SURFACE('',#4274,0.0182848473264501);
#58=CYLINDRICAL_SURFACE('',#4275,0.706781713103714);
#59=CYLINDRICAL_SURFACE('',#4276,0.501597676238274);
#60=CYLINDRICAL_SURFACE('',#4277,0.557902744874654);
#61=CYLINDRICAL_SURFACE('',#4278,0.0182370693629134);
#62=CYLINDRICAL_SURFACE('',#4279,0.00909162786583944);
#63=CYLINDRICAL_SURFACE('',#4280,0.151970200762891);
#64=CYLINDRICAL_SURFACE('',#4281,0.154383245883907);
#65=CYLINDRICAL_SURFACE('',#4282,0.197032169827252);
#66=CYLINDRICAL_SURFACE('',#4285,0.0235115047373624);
#67=CYLINDRICAL_SURFACE('',#4301,0.0157026868118762);
#68=CYLINDRICAL_SURFACE('',#4302,0.0209625258278118);
#69=CYLINDRICAL_SURFACE('',#4303,0.0191640501638573);
#70=CYLINDRICAL_SURFACE('',#4304,0.00541931617247202);
#71=CYLINDRICAL_SURFACE('',#4305,0.000867463491871272);
#72=CYLINDRICAL_SURFACE('',#4306,0.000125454028664025);
#73=CYLINDRICAL_SURFACE('',#4307,0.0016945097271336);
#74=CYLINDRICAL_SURFACE('',#4308,0.12828766055999);
#75=CYLINDRICAL_SURFACE('',#4329,0.539945862042068);
#76=CYLINDRICAL_SURFACE('',#4330,0.00549558754554363);
#77=CYLINDRICAL_SURFACE('',#4331,0.261968463774201);
#78=CYLINDRICAL_SURFACE('',#4332,0.21098666741225);
#79=CYLINDRICAL_SURFACE('',#4333,0.314471230085494);
#80=CYLINDRICAL_SURFACE('',#4334,0.115412488521229);
#81=CYLINDRICAL_SURFACE('',#4335,0.0616140071049344);
#82=CYLINDRICAL_SURFACE('',#4336,0.257831906873776);
#83=CYLINDRICAL_SURFACE('',#4337,9.98937485224364E-5);
#84=CYLINDRICAL_SURFACE('',#4338,3.19199653353604E-5);
#85=CYLINDRICAL_SURFACE('',#4339,0.0145893937227694);
#86=CYLINDRICAL_SURFACE('',#4340,0.0079807560382839);
#87=CYLINDRICAL_SURFACE('',#4341,0.0158478428375068);
#88=CYLINDRICAL_SURFACE('',#4342,0.177450075121646);
#89=CYLINDRICAL_SURFACE('',#4343,0.0930700704982674);
#90=CYLINDRICAL_SURFACE('',#4347,0.393853587103359);
#91=CYLINDRICAL_SURFACE('',#4363,0.0150822594955353);
#92=CYLINDRICAL_SURFACE('',#4365,0.27759828095967);
#93=CYLINDRICAL_SURFACE('',#4366,0.115263211314613);
#94=CYLINDRICAL_SURFACE('',#4367,0.397578226789054);
#95=CYLINDRICAL_SURFACE('',#4368,0.467703153057009);
#96=CYLINDRICAL_SURFACE('',#4369,0.0337846078693659);
#97=CYLINDRICAL_SURFACE('',#4370,0.00896952905157814);
#98=CYLINDRICAL_SURFACE('',#4371,0.320447751964984);
#99=CYLINDRICAL_SURFACE('',#4398,0.0456030066273115);
#100=CYLINDRICAL_SURFACE('',#4399,0.0652825771619464);
#101=CYLINDRICAL_SURFACE('',#4400,1.22646718821176);
#102=CYLINDRICAL_SURFACE('',#4402,0.0597944448859531);
#103=CYLINDRICAL_SURFACE('',#4403,0.0223268318809189);
#104=CYLINDRICAL_SURFACE('',#4404,0.0123915408534795);
#105=CYLINDRICAL_SURFACE('',#4405,0.026340352644721);
#106=CYLINDRICAL_SURFACE('',#4406,7.17305925079633E-5);
#107=CYLINDRICAL_SURFACE('',#4407,3.01670660635211E-5);
#108=CYLINDRICAL_SURFACE('',#4408,0.127630671700693);
#109=CYLINDRICAL_SURFACE('',#4409,0.0328166512052205);
#110=CYLINDRICAL_SURFACE('',#4410,5.10695367581431);
#111=CYLINDRICAL_SURFACE('',#4414,0.0572098529411886);
#112=CYLINDRICAL_SURFACE('',#4415,0.198484417926099);
#113=CYLINDRICAL_SURFACE('',#4416,0.216677402496499);
#114=CYLINDRICAL_SURFACE('',#4417,0.160205638865456);
#115=CYLINDRICAL_SURFACE('',#4420,0.0301757542148546);
#116=CYLINDRICAL_SURFACE('',#4421,0.00300474760996436);
#117=CYLINDRICAL_SURFACE('',#4422,0.000643572648956147);
#118=CYLINDRICAL_SURFACE('',#4423,4.51821626147056E-5);
#119=CYLINDRICAL_SURFACE('',#4424,0.0015079948896467);
#120=CYLINDRICAL_SURFACE('',#4425,0.991839219420781);
#121=CYLINDRICAL_SURFACE('',#4426,0.487355285798683);
#122=CYLINDRICAL_SURFACE('',#4427,0.00630724794486779);
#123=CYLINDRICAL_SURFACE('',#4428,0.00228287864626533);
#124=CYLINDRICAL_SURFACE('',#4465,0.00247807435529386);
#125=CYLINDRICAL_SURFACE('',#4466,0.00384266288609134);
#126=CYLINDRICAL_SURFACE('',#4467,0.00446201606008696);
#127=CYLINDRICAL_SURFACE('',#4468,0.0102583180775231);
#128=CYLINDRICAL_SURFACE('',#4469,0.00170929940390794);
#129=CYLINDRICAL_SURFACE('',#4470,0.00454759468452252);
#130=CYLINDRICAL_SURFACE('',#4471,0.0030199772085202);
#131=CYLINDRICAL_SURFACE('',#4472,0.00375954906600422);
#132=CYLINDRICAL_SURFACE('',#4473,0.00403347492374618);
#133=CYLINDRICAL_SURFACE('',#4474,0.0042724388651152);
#134=CYLINDRICAL_SURFACE('',#4475,0.00182604564275216);
#135=CYLINDRICAL_SURFACE('',#4476,0.00157445593903895);
#136=CYLINDRICAL_SURFACE('',#4477,0.00286369134903792);
#137=CYLINDRICAL_SURFACE('',#4478,0.015546040660254);
#138=CYLINDRICAL_SURFACE('',#4479,0.0189668936664564);
#139=CYLINDRICAL_SURFACE('',#4480,0.00172799812747185);
#140=CYLINDRICAL_SURFACE('',#4481,0.00124357246491053);
#141=CYLINDRICAL_SURFACE('',#4482,0.00661717286324595);
#142=CYLINDRICAL_SURFACE('',#4483,0.00391089345372035);
#143=CYLINDRICAL_SURFACE('',#4484,0.00330016986267625);
#144=CYLINDRICAL_SURFACE('',#4485,0.00328533653080525);
#145=CYLINDRICAL_SURFACE('',#4486,0.00659852189499992);
#146=CYLINDRICAL_SURFACE('',#4487,0.00333963928964294);
#147=CYLINDRICAL_SURFACE('',#4488,0.0052157770682639);
#148=CYLINDRICAL_SURFACE('',#4489,0.00529842085086665);
#149=CYLINDRICAL_SURFACE('',#4490,0.00531186535355015);
#150=CYLINDRICAL_SURFACE('',#4491,0.00526008085083866);
#151=CYLINDRICAL_SURFACE('',#4492,0.00530373621891467);
#152=CYLINDRICAL_SURFACE('',#4493,0.00491352763235519);
#153=CYLINDRICAL_SURFACE('',#4494,0.00498191699910689);
#154=CYLINDRICAL_SURFACE('',#4495,0.00562751599795208);
#155=TOROIDAL_SURFACE('',#4157,0.004,0.0015);
#156=TOROIDAL_SURFACE('',#4159,0.004,0.0015);
#157=ELLIPSE('',#4153,0.00290397980339397,0.0029);
#158=ELLIPSE('',#4154,0.00290397980339397,0.0029);
#159=ELLIPSE('',#4155,0.00290397980339397,0.0029);
#160=ELLIPSE('',#4156,0.00290397980339397,0.0029);
#161=B_SPLINE_CURVE_WITH_KNOTS('',3,(#6049,#6050,#6051,#6052),
 .UNSPECIFIED.,.F.,.F.,(4,4),(0.,1.),.UNSPECIFIED.);
#162=B_SPLINE_CURVE_WITH_KNOTS('',3,(#6056,#6057,#6058,#6059),
 .UNSPECIFIED.,.F.,.F.,(4,4),(0.,1.),.UNSPECIFIED.);
#163=B_SPLINE_CURVE_WITH_KNOTS('',3,(#6165,#6166,#6167,#6168,#6169,#6170,
#6171,#6172,#6173,#6174,#6175,#6176,#6177,#6178,#6179,#6180,#6181),
 .UNSPECIFIED.,.F.,.F.,(4,1,1,1,1,1,1,1,1,1,1,1,1,1,4),(0.,0.0625,0.125,
0.15625,0.1875,0.25,0.375,0.5,0.625,0.75,0.8125,0.875,0.90625,0.9375,1.),
 .UNSPECIFIED.);
#164=B_SPLINE_CURVE_WITH_KNOTS('',3,(#6185,#6186,#6187,#6188,#6189,#6190,
#6191,#6192,#6193,#6194,#6195,#6196,#6197,#6198,#6199,#6200,#6201),
 .UNSPECIFIED.,.F.,.F.,(4,1,1,1,1,1,1,1,1,1,1,1,1,1,4),(0.,0.0625,0.125,
0.15625,0.1875,0.25,0.375,0.5,0.625,0.75,0.8125,0.875,0.90625,0.9375,1.),
 .UNSPECIFIED.);
#165=B_SPLINE_CURVE_WITH_KNOTS('',3,(#6205,#6206,#6207,#6208,#6209,#6210,
#6211,#6212,#6213,#6214,#6215,#6216,#6217,#6218,#6219,#6220,#6221),
 .UNSPECIFIED.,.F.,.F.,(4,1,1,1,1,1,1,1,1,1,1,1,1,1,4),(0.,0.0625,0.125,
0.15625,0.1875,0.25,0.375,0.5,0.625,0.75,0.8125,0.875,0.90625,0.9375,1.),
 .UNSPECIFIED.);
#166=B_SPLINE_CURVE_WITH_KNOTS('',3,(#6225,#6226,#6227,#6228,#6229,#6230,
#6231,#6232,#6233,#6234,#6235,#6236,#6237,#6238,#6239,#6240,#6241),
 .UNSPECIFIED.,.F.,.F.,(4,1,1,1,1,1,1,1,1,1,1,1,1,1,4),(0.,0.0625,0.125,
0.15625,0.1875,0.25,0.375,0.5,0.625,0.75,0.8125,0.875,0.90625,0.9375,1.),
 .UNSPECIFIED.);
#167=B_SPLINE_CURVE_WITH_KNOTS('',3,(#6336,#6337,#6338,#6339,#6340,#6341,
#6342,#6343,#6344,#6345,#6346,#6347,#6348,#6349,#6350,#6351,#6352),
 .UNSPECIFIED.,.F.,.F.,(4,1,1,1,1,1,1,1,1,1,1,1,1,1,4),(0.,0.0625,0.125,
0.15625,0.1875,0.25,0.375,0.5,0.625,0.75,0.8125,0.875,0.90625,0.9375,1.),
 .UNSPECIFIED.);
#168=B_SPLINE_CURVE_WITH_KNOTS('',3,(#6356,#6357,#6358,#6359,#6360,#6361,
#6362,#6363,#6364,#6365,#6366,#6367,#6368,#6369,#6370,#6371,#6372),
 .UNSPECIFIED.,.F.,.F.,(4,1,1,1,1,1,1,1,1,1,1,1,1,1,4),(0.,0.0625,0.125,
0.15625,0.1875,0.25,0.375,0.5,0.625,0.75,0.8125,0.875,0.90625,0.9375,1.),
 .UNSPECIFIED.);
#169=B_SPLINE_CURVE_WITH_KNOTS('',3,(#6373,#6374,#6375,#6376,#6377,#6378,
#6379,#6380,#6381,#6382,#6383,#6384,#6385,#6386,#6387,#6388,#6389),
 .UNSPECIFIED.,.F.,.F.,(4,1,1,1,1,1,1,1,1,1,1,1,1,1,4),(0.,0.0625,0.125,
0.15625,0.1875,0.25,0.375,0.5,0.625,0.75,0.8125,0.875,0.90625,0.9375,1.),
 .UNSPECIFIED.);
#170=B_SPLINE_CURVE_WITH_KNOTS('',3,(#6393,#6394,#6395,#6396,#6397,#6398,
#6399,#6400,#6401,#6402,#6403,#6404,#6405,#6406,#6407,#6408,#6409),
 .UNSPECIFIED.,.F.,.F.,(4,1,1,1,1,1,1,1,1,1,1,1,1,1,4),(0.,0.0625,0.125,
0.15625,0.1875,0.25,0.375,0.5,0.625,0.75,0.8125,0.875,0.90625,0.9375,1.),
 .UNSPECIFIED.);
#171=B_SPLINE_CURVE_WITH_KNOTS('',3,(#6421,#6422,#6423,#6424),
 .UNSPECIFIED.,.F.,.F.,(4,4),(0.,1.),.UNSPECIFIED.);
#172=B_SPLINE_CURVE_WITH_KNOTS('',3,(#6425,#6426,#6427,#6428),
 .UNSPECIFIED.,.F.,.F.,(4,4),(0.,1.),.UNSPECIFIED.);
#173=B_SPLINE_CURVE_WITH_KNOTS('',3,(#6430,#6431,#6432,#6433),
 .UNSPECIFIED.,.F.,.F.,(4,4),(0.,1.),.UNSPECIFIED.);
#174=B_SPLINE_CURVE_WITH_KNOTS('',3,(#6434,#6435,#6436,#6437),
 .UNSPECIFIED.,.F.,.F.,(4,4),(0.,1.),.UNSPECIFIED.);
#175=B_SPLINE_CURVE_WITH_KNOTS('',3,(#6439,#6440,#6441,#6442),
 .UNSPECIFIED.,.F.,.F.,(4,4),(0.,1.),.UNSPECIFIED.);
#176=B_SPLINE_CURVE_WITH_KNOTS('',3,(#6443,#6444,#6445,#6446),
 .UNSPECIFIED.,.F.,.F.,(4,4),(0.,1.),.UNSPECIFIED.);
#177=CIRCLE('',#4011,0.115263211314613);
#178=CIRCLE('',#4012,0.397578226789054);
#179=CIRCLE('',#4013,0.467703153057009);
#180=CIRCLE('',#4014,0.0337846078693659);
#181=CIRCLE('',#4015,0.00896952905157814);
#182=CIRCLE('',#4016,0.320447751964984);
#183=CIRCLE('',#4017,0.27759828095967);
#184=CIRCLE('',#4018,1.22646718821176);
#185=CIRCLE('',#4019,5.10695367581431);
#186=CIRCLE('',#4020,0.00228287864626533);
#187=CIRCLE('',#4021,0.00630724794486779);
#188=CIRCLE('',#4022,0.487355285798683);
#189=CIRCLE('',#4023,0.991839219420781);
#190=CIRCLE('',#4024,0.0015079948896467);
#191=CIRCLE('',#4025,4.51821626147056E-5);
#192=CIRCLE('',#4026,0.000643572648956147);
#193=CIRCLE('',#4027,0.00300474760996436);
#194=CIRCLE('',#4028,0.0301757542148546);
#195=CIRCLE('',#4029,0.160205638865456);
#196=CIRCLE('',#4030,0.216677402496499);
#197=CIRCLE('',#4031,0.198484417926099);
#198=CIRCLE('',#4032,0.0572098529411886);
#199=CIRCLE('',#4033,0.00549558754554363);
#200=CIRCLE('',#4034,0.261968463774201);
#201=CIRCLE('',#4035,0.21098666741225);
#202=CIRCLE('',#4036,0.314471230085494);
#203=CIRCLE('',#4037,0.115412488521229);
#204=CIRCLE('',#4038,0.0616140071049344);
#205=CIRCLE('',#4039,0.257831906873776);
#206=CIRCLE('',#4040,9.98937485224364E-5);
#207=CIRCLE('',#4041,3.19199653353604E-5);
#208=CIRCLE('',#4042,0.0145893937227694);
#209=CIRCLE('',#4043,0.0079807560382839);
#210=CIRCLE('',#4044,0.0158478428375068);
#211=CIRCLE('',#4045,0.177450075121646);
#212=CIRCLE('',#4046,0.0930700704982674);
#213=CIRCLE('',#4047,0.539945862042068);
#214=CIRCLE('',#4048,0.393853587103359);
#215=CIRCLE('',#4049,0.00446201606008696);
#216=CIRCLE('',#4050,0.00659852189499992);
#217=CIRCLE('',#4051,0.00562751599795208);
#218=CIRCLE('',#4052,0.00498191699910689);
#219=CIRCLE('',#4053,0.00491352763235519);
#220=CIRCLE('',#4054,0.00530373621891467);
#221=CIRCLE('',#4055,0.00526008085083866);
#222=CIRCLE('',#4056,0.00531186535355015);
#223=CIRCLE('',#4057,0.00529842085086665);
#224=CIRCLE('',#4058,0.0052157770682639);
#225=CIRCLE('',#4059,0.00333963928964294);
#226=CIRCLE('',#4060,0.0102583180775231);
#227=CIRCLE('',#4061,0.12828766055999);
#228=CIRCLE('',#4062,0.0016945097271336);
#229=CIRCLE('',#4063,0.000125454028664025);
#230=CIRCLE('',#4064,0.000867463491871272);
#231=CIRCLE('',#4065,0.00541931617247202);
#232=CIRCLE('',#4066,0.0191640501638573);
#233=CIRCLE('',#4067,0.0209625258278118);
#234=CIRCLE('',#4068,0.0157026868118762);
#235=CIRCLE('',#4069,0.197032169827252);
#236=CIRCLE('',#4070,0.154383245883907);
#237=CIRCLE('',#4071,0.151970200762891);
#238=CIRCLE('',#4072,0.00909162786583944);
#239=CIRCLE('',#4073,0.0182370693629134);
#240=CIRCLE('',#4074,0.557902744874654);
#241=CIRCLE('',#4075,0.501597676238274);
#242=CIRCLE('',#4076,0.706781713103714);
#243=CIRCLE('',#4077,0.0182848473264501);
#244=CIRCLE('',#4078,0.010239894713271);
#245=CIRCLE('',#4079,0.0189864984793617);
#246=CIRCLE('',#4080,7.64123011667278E-5);
#247=CIRCLE('',#4081,7.65882347566047E-5);
#248=CIRCLE('',#4082,0.125039190641373);
#249=CIRCLE('',#4083,0.0361565564875891);
#250=CIRCLE('',#4084,0.0679157718029022);
#251=CIRCLE('',#4085,0.0310851141617457);
#252=CIRCLE('',#4086,0.00306959352264081);
#253=CIRCLE('',#4087,0.000654202918286519);
#254=CIRCLE('',#4088,4.49764405024114E-5);
#255=CIRCLE('',#4089,0.00140371467204714);
#256=CIRCLE('',#4090,0.0512554818168545);
#257=CIRCLE('',#4091,0.0382525063102549);
#258=CIRCLE('',#4092,0.0320761493984908);
#259=CIRCLE('',#4093,0.0123571289284354);
#260=CIRCLE('',#4094,3.2962860142969);
#261=CIRCLE('',#4095,1.59800429170748);
#262=CIRCLE('',#4096,2.74120435480606);
#263=CIRCLE('',#4097,4.33195485570754);
#264=CIRCLE('',#4098,3.08797836300568);
#265=CIRCLE('',#4099,3.45161899231837);
#266=CIRCLE('',#4100,0.114009918140395);
#267=CIRCLE('',#4101,0.230870528988608);
#268=CIRCLE('',#4102,2.13110629264068);
#269=CIRCLE('',#4103,2.36015870025781);
#270=CIRCLE('',#4104,2.59466137780382);
#271=CIRCLE('',#4106,0.0456030066273115);
#272=CIRCLE('',#4107,0.0652825771619464);
#273=CIRCLE('',#4108,0.0328166512052205);
#274=CIRCLE('',#4109,0.127630671700693);
#275=CIRCLE('',#4110,3.01670660635211E-5);
#276=CIRCLE('',#4111,7.17305925079633E-5);
#277=CIRCLE('',#4112,0.026340352644721);
#278=CIRCLE('',#4113,0.0123915408534795);
#279=CIRCLE('',#4114,0.0223268318809189);
#280=CIRCLE('',#4115,0.0597944448859531);
#281=CIRCLE('',#4117,0.0150822594955353);
#282=CIRCLE('',#4119,0.00247807435529386);
#283=CIRCLE('',#4120,0.00384266288609134);
#284=CIRCLE('',#4121,0.00328533653080525);
#285=CIRCLE('',#4122,0.00330016986267625);
#286=CIRCLE('',#4123,0.00391089345372035);
#287=CIRCLE('',#4124,0.00661717286324595);
#288=CIRCLE('',#4125,0.00124357246491053);
#289=CIRCLE('',#4126,0.00172799812747185);
#290=CIRCLE('',#4127,0.0189668936664564);
#291=CIRCLE('',#4128,0.015546040660254);
#292=CIRCLE('',#4129,0.00286369134903792);
#293=CIRCLE('',#4130,0.00157445593903895);
#294=CIRCLE('',#4131,0.00182604564275216);
#295=CIRCLE('',#4132,0.0042724388651152);
#296=CIRCLE('',#4133,0.00403347492374618);
#297=CIRCLE('',#4134,0.00375954906600422);
#298=CIRCLE('',#4135,0.0030199772085202);
#299=CIRCLE('',#4136,0.00454759468452252);
#300=CIRCLE('',#4137,0.00170929940390794);
#301=CIRCLE('',#4139,0.0235115047373624);
#302=CIRCLE('',#4140,0.0303333619510139);
#303=CIRCLE('',#4141,0.0141038427996312);
#304=CIRCLE('',#4144,0.0015);
#305=CIRCLE('',#4145,0.0015);
#306=CIRCLE('',#4146,0.004);
#307=CIRCLE('',#4147,0.004);
#308=CIRCLE('',#4148,0.0025);
#309=CIRCLE('',#4149,0.0025);
#310=CIRCLE('',#4150,0.0015);
#311=CIRCLE('',#4151,0.0015);
#312=CIRCLE('',#4158,0.0025);
#313=CIRCLE('',#4160,0.0025);
#314=CIRCLE('',#4165,0.0025);
#315=CIRCLE('',#4168,0.0025);
#316=CIRCLE('',#4171,0.0025);
#317=CIRCLE('',#4174,0.0025);
#318=CIRCLE('',#4177,0.0029);
#319=CIRCLE('',#4179,0.0015);
#320=CIRCLE('',#4181,0.0029);
#321=CIRCLE('',#4183,0.0015);
#322=CIRCLE('',#4185,0.0029);
#323=CIRCLE('',#4187,0.0015);
#324=CIRCLE('',#4189,0.0029);
#325=CIRCLE('',#4191,0.0015);
#326=CIRCLE('',#4197,2.59466137780382);
#327=CIRCLE('',#4198,2.36015870025781);
#328=CIRCLE('',#4199,2.13110629264068);
#329=CIRCLE('',#4200,0.230870528988608);
#330=CIRCLE('',#4201,0.114009918140395);
#331=CIRCLE('',#4202,3.45161899231837);
#332=CIRCLE('',#4203,3.08797836300568);
#333=CIRCLE('',#4204,4.33195485570754);
#334=CIRCLE('',#4219,0.0303333619510139);
#335=CIRCLE('',#4220,0.0235115047373624);
#336=CIRCLE('',#4221,0.0141038427996312);
#337=CIRCLE('',#4222,2.74120435480606);
#338=CIRCLE('',#4223,1.59800429170748);
#339=CIRCLE('',#4224,3.2962860142969);
#340=CIRCLE('',#4225,0.0123571289284354);
#341=CIRCLE('',#4226,0.0320761493984908);
#342=CIRCLE('',#4227,0.0382525063102549);
#343=CIRCLE('',#4228,0.0512554818168545);
#344=CIRCLE('',#4229,0.00140371467204714);
#345=CIRCLE('',#4230,4.49764405024114E-5);
#346=CIRCLE('',#4231,0.000654202918286519);
#347=CIRCLE('',#4232,0.00306959352264081);
#348=CIRCLE('',#4233,0.0310851141617457);
#349=CIRCLE('',#4234,0.0679157718029022);
#350=CIRCLE('',#4235,0.0361565564875891);
#351=CIRCLE('',#4236,0.125039190641373);
#352=CIRCLE('',#4237,7.65882347566047E-5);
#353=CIRCLE('',#4238,7.64123011667278E-5);
#354=CIRCLE('',#4239,0.0189864984793617);
#355=CIRCLE('',#4240,0.010239894713271);
#356=CIRCLE('',#4241,0.0182848473264501);
#357=CIRCLE('',#4242,0.706781713103714);
#358=CIRCLE('',#4243,0.501597676238274);
#359=CIRCLE('',#4244,0.557902744874654);
#360=CIRCLE('',#4245,0.0182370693629134);
#361=CIRCLE('',#4246,0.00909162786583944);
#362=CIRCLE('',#4247,0.151970200762891);
#363=CIRCLE('',#4248,0.154383245883907);
#364=CIRCLE('',#4249,0.197032169827252);
#365=CIRCLE('',#4289,0.0157026868118762);
#366=CIRCLE('',#4290,0.0209625258278118);
#367=CIRCLE('',#4291,0.0191640501638573);
#368=CIRCLE('',#4292,0.00541931617247202);
#369=CIRCLE('',#4293,0.000867463491871272);
#370=CIRCLE('',#4294,0.000125454028664025);
#371=CIRCLE('',#4295,0.0016945097271336);
#372=CIRCLE('',#4296,0.12828766055999);
#373=CIRCLE('',#4313,0.539945862042068);
#374=CIRCLE('',#4314,0.0930700704982674);
#375=CIRCLE('',#4315,0.177450075121646);
#376=CIRCLE('',#4316,0.0158478428375068);
#377=CIRCLE('',#4317,0.0079807560382839);
#378=CIRCLE('',#4318,0.0145893937227694);
#379=CIRCLE('',#4319,3.19199653353604E-5);
#380=CIRCLE('',#4320,9.98937485224364E-5);
#381=CIRCLE('',#4321,0.257831906873776);
#382=CIRCLE('',#4322,0.0616140071049344);
#383=CIRCLE('',#4323,0.115412488521229);
#384=CIRCLE('',#4324,0.314471230085494);
#385=CIRCLE('',#4325,0.21098666741225);
#386=CIRCLE('',#4326,0.261968463774201);
#387=CIRCLE('',#4327,0.00549558754554363);
#388=CIRCLE('',#4345,0.393853587103359);
#389=CIRCLE('',#4354,0.0150822594955353);
#390=CIRCLE('',#4355,0.27759828095967);
#391=CIRCLE('',#4356,0.320447751964984);
#392=CIRCLE('',#4357,0.00896952905157814);
#393=CIRCLE('',#4358,0.0337846078693659);
#394=CIRCLE('',#4359,0.467703153057009);
#395=CIRCLE('',#4360,0.397578226789054);
#396=CIRCLE('',#4361,0.115263211314613);
#397=CIRCLE('',#4373,0.0456030066273115);
#398=CIRCLE('',#4374,0.0597944448859531);
#399=CIRCLE('',#4375,0.0223268318809189);
#400=CIRCLE('',#4376,0.0123915408534795);
#401=CIRCLE('',#4377,0.026340352644721);
#402=CIRCLE('',#4378,7.17305925079633E-5);
#403=CIRCLE('',#4379,3.01670660635211E-5);
#404=CIRCLE('',#4380,0.127630671700693);
#405=CIRCLE('',#4381,0.0328166512052205);
#406=CIRCLE('',#4382,0.0652825771619464);
#407=CIRCLE('',#4383,0.0572098529411886);
#408=CIRCLE('',#4384,0.198484417926099);
#409=CIRCLE('',#4385,0.216677402496499);
#410=CIRCLE('',#4386,0.160205638865456);
#411=CIRCLE('',#4387,0.0301757542148546);
#412=CIRCLE('',#4388,0.00300474760996436);
#413=CIRCLE('',#4389,0.000643572648956147);
#414=CIRCLE('',#4390,4.51821626147056E-5);
#415=CIRCLE('',#4391,0.0015079948896467);
#416=CIRCLE('',#4392,0.991839219420781);
#417=CIRCLE('',#4393,0.487355285798683);
#418=CIRCLE('',#4394,0.00630724794486779);
#419=CIRCLE('',#4395,0.00228287864626533);
#420=CIRCLE('',#4396,5.10695367581431);
#421=CIRCLE('',#4397,1.22646718821176);
#422=CIRCLE('',#4434,0.00247807435529386);
#423=CIRCLE('',#4435,0.00170929940390794);
#424=CIRCLE('',#4436,0.00454759468452252);
#425=CIRCLE('',#4437,0.0030199772085202);
#426=CIRCLE('',#4438,0.00375954906600422);
#427=CIRCLE('',#4439,0.00403347492374618);
#428=CIRCLE('',#4440,0.0042724388651152);
#429=CIRCLE('',#4441,0.00182604564275216);
#430=CIRCLE('',#4442,0.00157445593903895);
#431=CIRCLE('',#4443,0.00286369134903792);
#432=CIRCLE('',#4444,0.015546040660254);
#433=CIRCLE('',#4445,0.0189668936664564);
#434=CIRCLE('',#4446,0.00172799812747185);
#435=CIRCLE('',#4447,0.00124357246491053);
#436=CIRCLE('',#4448,0.00661717286324595);
#437=CIRCLE('',#4449,0.00391089345372035);
#438=CIRCLE('',#4450,0.00330016986267625);
#439=CIRCLE('',#4451,0.00328533653080525);
#440=CIRCLE('',#4452,0.00384266288609134);
#441=CIRCLE('',#4453,0.0102583180775231);
#442=CIRCLE('',#4454,0.00333963928964294);
#443=CIRCLE('',#4455,0.0052157770682639);
#444=CIRCLE('',#4456,0.00529842085086665);
#445=CIRCLE('',#4457,0.00531186535355015);
#446=CIRCLE('',#4458,0.00526008085083866);
#447=CIRCLE('',#4459,0.00530373621891467);
#448=CIRCLE('',#4460,0.00491352763235519);
#449=CIRCLE('',#4461,0.00498191699910689);
#450=CIRCLE('',#4462,0.00562751599795208);
#451=CIRCLE('',#4463,0.00659852189499992);
#452=CIRCLE('',#4464,0.00446201606008696);
#453=ORIENTED_EDGE('',*,*,#1639,.F.);
#454=ORIENTED_EDGE('',*,*,#1640,.T.);
#455=ORIENTED_EDGE('',*,*,#1641,.F.);
#456=ORIENTED_EDGE('',*,*,#1642,.F.);
#457=ORIENTED_EDGE('',*,*,#1643,.F.);
#458=ORIENTED_EDGE('',*,*,#1644,.F.);
#459=ORIENTED_EDGE('',*,*,#1645,.F.);
#460=ORIENTED_EDGE('',*,*,#1646,.F.);
#461=ORIENTED_EDGE('',*,*,#1647,.F.);
#462=ORIENTED_EDGE('',*,*,#1648,.F.);
#463=ORIENTED_EDGE('',*,*,#1649,.F.);
#464=ORIENTED_EDGE('',*,*,#1650,.F.);
#465=ORIENTED_EDGE('',*,*,#1651,.T.);
#466=ORIENTED_EDGE('',*,*,#1652,.F.);
#467=ORIENTED_EDGE('',*,*,#1653,.F.);
#468=ORIENTED_EDGE('',*,*,#1654,.T.);
#469=ORIENTED_EDGE('',*,*,#1655,.F.);
#470=ORIENTED_EDGE('',*,*,#1656,.F.);
#471=ORIENTED_EDGE('',*,*,#1657,.F.);
#472=ORIENTED_EDGE('',*,*,#1658,.F.);
#473=ORIENTED_EDGE('',*,*,#1659,.F.);
#474=ORIENTED_EDGE('',*,*,#1660,.F.);
#475=ORIENTED_EDGE('',*,*,#1661,.F.);
#476=ORIENTED_EDGE('',*,*,#1662,.F.);
#477=ORIENTED_EDGE('',*,*,#1663,.F.);
#478=ORIENTED_EDGE('',*,*,#1664,.F.);
#479=ORIENTED_EDGE('',*,*,#1665,.F.);
#480=ORIENTED_EDGE('',*,*,#1666,.F.);
#481=ORIENTED_EDGE('',*,*,#1667,.F.);
#482=ORIENTED_EDGE('',*,*,#1668,.F.);
#483=ORIENTED_EDGE('',*,*,#1669,.F.);
#484=ORIENTED_EDGE('',*,*,#1670,.F.);
#485=ORIENTED_EDGE('',*,*,#1671,.F.);
#486=ORIENTED_EDGE('',*,*,#1672,.F.);
#487=ORIENTED_EDGE('',*,*,#1673,.F.);
#488=ORIENTED_EDGE('',*,*,#1674,.F.);
#489=ORIENTED_EDGE('',*,*,#1675,.F.);
#490=ORIENTED_EDGE('',*,*,#1676,.T.);
#491=ORIENTED_EDGE('',*,*,#1677,.F.);
#492=ORIENTED_EDGE('',*,*,#1678,.F.);
#493=ORIENTED_EDGE('',*,*,#1679,.F.);
#494=ORIENTED_EDGE('',*,*,#1680,.F.);
#495=ORIENTED_EDGE('',*,*,#1681,.F.);
#496=ORIENTED_EDGE('',*,*,#1682,.F.);
#497=ORIENTED_EDGE('',*,*,#1683,.F.);
#498=ORIENTED_EDGE('',*,*,#1684,.F.);
#499=ORIENTED_EDGE('',*,*,#1685,.F.);
#500=ORIENTED_EDGE('',*,*,#1686,.F.);
#501=ORIENTED_EDGE('',*,*,#1687,.F.);
#502=ORIENTED_EDGE('',*,*,#1688,.F.);
#503=ORIENTED_EDGE('',*,*,#1689,.F.);
#504=ORIENTED_EDGE('',*,*,#1690,.F.);
#505=ORIENTED_EDGE('',*,*,#1691,.F.);
#506=ORIENTED_EDGE('',*,*,#1692,.F.);
#507=ORIENTED_EDGE('',*,*,#1693,.F.);
#508=ORIENTED_EDGE('',*,*,#1694,.F.);
#509=ORIENTED_EDGE('',*,*,#1695,.T.);
#510=ORIENTED_EDGE('',*,*,#1696,.F.);
#511=ORIENTED_EDGE('',*,*,#1697,.F.);
#512=ORIENTED_EDGE('',*,*,#1698,.F.);
#513=ORIENTED_EDGE('',*,*,#1699,.F.);
#514=ORIENTED_EDGE('',*,*,#1700,.T.);
#515=ORIENTED_EDGE('',*,*,#1701,.F.);
#516=ORIENTED_EDGE('',*,*,#1702,.F.);
#517=ORIENTED_EDGE('',*,*,#1703,.F.);
#518=ORIENTED_EDGE('',*,*,#1704,.F.);
#519=ORIENTED_EDGE('',*,*,#1705,.F.);
#520=ORIENTED_EDGE('',*,*,#1706,.F.);
#521=ORIENTED_EDGE('',*,*,#1707,.F.);
#522=ORIENTED_EDGE('',*,*,#1708,.F.);
#523=ORIENTED_EDGE('',*,*,#1709,.F.);
#524=ORIENTED_EDGE('',*,*,#1710,.F.);
#525=ORIENTED_EDGE('',*,*,#1711,.F.);
#526=ORIENTED_EDGE('',*,*,#1712,.F.);
#527=ORIENTED_EDGE('',*,*,#1713,.T.);
#528=ORIENTED_EDGE('',*,*,#1714,.F.);
#529=ORIENTED_EDGE('',*,*,#1715,.F.);
#530=ORIENTED_EDGE('',*,*,#1716,.F.);
#531=ORIENTED_EDGE('',*,*,#1717,.F.);
#532=ORIENTED_EDGE('',*,*,#1718,.F.);
#533=ORIENTED_EDGE('',*,*,#1719,.F.);
#534=ORIENTED_EDGE('',*,*,#1720,.F.);
#535=ORIENTED_EDGE('',*,*,#1721,.F.);
#536=ORIENTED_EDGE('',*,*,#1722,.F.);
#537=ORIENTED_EDGE('',*,*,#1723,.F.);
#538=ORIENTED_EDGE('',*,*,#1724,.F.);
#539=ORIENTED_EDGE('',*,*,#1725,.F.);
#540=ORIENTED_EDGE('',*,*,#1726,.F.);
#541=ORIENTED_EDGE('',*,*,#1727,.T.);
#542=ORIENTED_EDGE('',*,*,#1728,.F.);
#543=ORIENTED_EDGE('',*,*,#1729,.F.);
#544=ORIENTED_EDGE('',*,*,#1730,.F.);
#545=ORIENTED_EDGE('',*,*,#1731,.F.);
#546=ORIENTED_EDGE('',*,*,#1732,.F.);
#547=ORIENTED_EDGE('',*,*,#1733,.F.);
#548=ORIENTED_EDGE('',*,*,#1734,.F.);
#549=ORIENTED_EDGE('',*,*,#1735,.F.);
#550=ORIENTED_EDGE('',*,*,#1736,.F.);
#551=ORIENTED_EDGE('',*,*,#1737,.F.);
#552=ORIENTED_EDGE('',*,*,#1738,.F.);
#553=ORIENTED_EDGE('',*,*,#1739,.F.);
#554=ORIENTED_EDGE('',*,*,#1740,.F.);
#555=ORIENTED_EDGE('',*,*,#1741,.F.);
#556=ORIENTED_EDGE('',*,*,#1742,.F.);
#557=ORIENTED_EDGE('',*,*,#1743,.F.);
#558=ORIENTED_EDGE('',*,*,#1744,.F.);
#559=ORIENTED_EDGE('',*,*,#1745,.F.);
#560=ORIENTED_EDGE('',*,*,#1746,.F.);
#561=ORIENTED_EDGE('',*,*,#1747,.F.);
#562=ORIENTED_EDGE('',*,*,#1748,.F.);
#563=ORIENTED_EDGE('',*,*,#1749,.F.);
#564=ORIENTED_EDGE('',*,*,#1750,.F.);
#565=ORIENTED_EDGE('',*,*,#1751,.F.);
#566=ORIENTED_EDGE('',*,*,#1752,.F.);
#567=ORIENTED_EDGE('',*,*,#1753,.F.);
#568=ORIENTED_EDGE('',*,*,#1754,.F.);
#569=ORIENTED_EDGE('',*,*,#1755,.F.);
#570=ORIENTED_EDGE('',*,*,#1756,.F.);
#571=ORIENTED_EDGE('',*,*,#1757,.F.);
#572=ORIENTED_EDGE('',*,*,#1758,.F.);
#573=ORIENTED_EDGE('',*,*,#1759,.F.);
#574=ORIENTED_EDGE('',*,*,#1760,.F.);
#575=ORIENTED_EDGE('',*,*,#1761,.T.);
#576=ORIENTED_EDGE('',*,*,#1762,.F.);
#577=ORIENTED_EDGE('',*,*,#1763,.F.);
#578=ORIENTED_EDGE('',*,*,#1764,.F.);
#579=ORIENTED_EDGE('',*,*,#1765,.F.);
#580=ORIENTED_EDGE('',*,*,#1766,.F.);
#581=ORIENTED_EDGE('',*,*,#1767,.F.);
#582=ORIENTED_EDGE('',*,*,#1768,.F.);
#583=ORIENTED_EDGE('',*,*,#1769,.F.);
#584=ORIENTED_EDGE('',*,*,#1770,.F.);
#585=ORIENTED_EDGE('',*,*,#1771,.F.);
#586=ORIENTED_EDGE('',*,*,#1772,.F.);
#587=ORIENTED_EDGE('',*,*,#1773,.T.);
#588=ORIENTED_EDGE('',*,*,#1774,.T.);
#589=ORIENTED_EDGE('',*,*,#1775,.F.);
#590=ORIENTED_EDGE('',*,*,#1776,.T.);
#591=ORIENTED_EDGE('',*,*,#1777,.T.);
#592=ORIENTED_EDGE('',*,*,#1778,.F.);
#593=ORIENTED_EDGE('',*,*,#1779,.F.);
#594=ORIENTED_EDGE('',*,*,#1780,.F.);
#595=ORIENTED_EDGE('',*,*,#1781,.T.);
#596=ORIENTED_EDGE('',*,*,#1782,.F.);
#597=ORIENTED_EDGE('',*,*,#1783,.F.);
#598=ORIENTED_EDGE('',*,*,#1784,.F.);
#599=ORIENTED_EDGE('',*,*,#1785,.F.);
#600=ORIENTED_EDGE('',*,*,#1786,.F.);
#601=ORIENTED_EDGE('',*,*,#1787,.F.);
#602=ORIENTED_EDGE('',*,*,#1788,.F.);
#603=ORIENTED_EDGE('',*,*,#1789,.F.);
#604=ORIENTED_EDGE('',*,*,#1790,.F.);
#605=ORIENTED_EDGE('',*,*,#1791,.F.);
#606=ORIENTED_EDGE('',*,*,#1792,.T.);
#607=ORIENTED_EDGE('',*,*,#1793,.F.);
#608=ORIENTED_EDGE('',*,*,#1794,.F.);
#609=ORIENTED_EDGE('',*,*,#1795,.F.);
#610=ORIENTED_EDGE('',*,*,#1796,.T.);
#611=ORIENTED_EDGE('',*,*,#1797,.F.);
#612=ORIENTED_EDGE('',*,*,#1798,.F.);
#613=ORIENTED_EDGE('',*,*,#1799,.F.);
#614=ORIENTED_EDGE('',*,*,#1800,.F.);
#615=ORIENTED_EDGE('',*,*,#1801,.F.);
#616=ORIENTED_EDGE('',*,*,#1802,.F.);
#617=ORIENTED_EDGE('',*,*,#1803,.F.);
#618=ORIENTED_EDGE('',*,*,#1804,.F.);
#619=ORIENTED_EDGE('',*,*,#1805,.F.);
#620=ORIENTED_EDGE('',*,*,#1806,.F.);
#621=ORIENTED_EDGE('',*,*,#1807,.F.);
#622=ORIENTED_EDGE('',*,*,#1808,.F.);
#623=ORIENTED_EDGE('',*,*,#1809,.F.);
#624=ORIENTED_EDGE('',*,*,#1810,.F.);
#625=ORIENTED_EDGE('',*,*,#1811,.F.);
#626=ORIENTED_EDGE('',*,*,#1812,.F.);
#627=ORIENTED_EDGE('',*,*,#1813,.F.);
#628=ORIENTED_EDGE('',*,*,#1814,.F.);
#629=ORIENTED_EDGE('',*,*,#1815,.F.);
#630=ORIENTED_EDGE('',*,*,#1816,.F.);
#631=ORIENTED_EDGE('',*,*,#1817,.F.);
#632=ORIENTED_EDGE('',*,*,#1818,.F.);
#633=ORIENTED_EDGE('',*,*,#1819,.T.);
#634=ORIENTED_EDGE('',*,*,#1820,.F.);
#635=ORIENTED_EDGE('',*,*,#1821,.F.);
#636=ORIENTED_EDGE('',*,*,#1822,.T.);
#637=ORIENTED_EDGE('',*,*,#1823,.F.);
#638=ORIENTED_EDGE('',*,*,#1640,.F.);
#639=ORIENTED_EDGE('',*,*,#1824,.T.);
#640=ORIENTED_EDGE('',*,*,#1825,.F.);
#641=ORIENTED_EDGE('',*,*,#1826,.T.);
#642=ORIENTED_EDGE('',*,*,#1777,.F.);
#643=ORIENTED_EDGE('',*,*,#1827,.T.);
#644=ORIENTED_EDGE('',*,*,#1828,.F.);
#645=ORIENTED_EDGE('',*,*,#1829,.T.);
#646=ORIENTED_EDGE('',*,*,#1830,.T.);
#647=ORIENTED_EDGE('',*,*,#1831,.T.);
#648=ORIENTED_EDGE('',*,*,#1832,.T.);
#649=ORIENTED_EDGE('',*,*,#1833,.T.);
#650=ORIENTED_EDGE('',*,*,#1773,.F.);
#651=ORIENTED_EDGE('',*,*,#1834,.T.);
#652=ORIENTED_EDGE('',*,*,#1835,.F.);
#653=ORIENTED_EDGE('',*,*,#1836,.T.);
#654=ORIENTED_EDGE('',*,*,#1822,.F.);
#655=ORIENTED_EDGE('',*,*,#1837,.T.);
#656=ORIENTED_EDGE('',*,*,#1838,.F.);
#657=ORIENTED_EDGE('',*,*,#1839,.T.);
#658=ORIENTED_EDGE('',*,*,#1761,.F.);
#659=ORIENTED_EDGE('',*,*,#1840,.T.);
#660=ORIENTED_EDGE('',*,*,#1841,.F.);
#661=ORIENTED_EDGE('',*,*,#1842,.T.);
#662=ORIENTED_EDGE('',*,*,#1819,.F.);
#663=ORIENTED_EDGE('',*,*,#1843,.T.);
#664=ORIENTED_EDGE('',*,*,#1844,.F.);
#665=ORIENTED_EDGE('',*,*,#1845,.T.);
#666=ORIENTED_EDGE('',*,*,#1727,.F.);
#667=ORIENTED_EDGE('',*,*,#1846,.T.);
#668=ORIENTED_EDGE('',*,*,#1847,.F.);
#669=ORIENTED_EDGE('',*,*,#1848,.T.);
#670=ORIENTED_EDGE('',*,*,#1713,.F.);
#671=ORIENTED_EDGE('',*,*,#1849,.T.);
#672=ORIENTED_EDGE('',*,*,#1850,.F.);
#673=ORIENTED_EDGE('',*,*,#1851,.T.);
#674=ORIENTED_EDGE('',*,*,#1796,.F.);
#675=ORIENTED_EDGE('',*,*,#1852,.T.);
#676=ORIENTED_EDGE('',*,*,#1853,.F.);
#677=ORIENTED_EDGE('',*,*,#1854,.T.);
#678=ORIENTED_EDGE('',*,*,#1700,.F.);
#679=ORIENTED_EDGE('',*,*,#1855,.T.);
#680=ORIENTED_EDGE('',*,*,#1856,.F.);
#681=ORIENTED_EDGE('',*,*,#1857,.T.);
#682=ORIENTED_EDGE('',*,*,#1695,.F.);
#683=ORIENTED_EDGE('',*,*,#1858,.T.);
#684=ORIENTED_EDGE('',*,*,#1859,.F.);
#685=ORIENTED_EDGE('',*,*,#1860,.T.);
#686=ORIENTED_EDGE('',*,*,#1676,.F.);
#687=ORIENTED_EDGE('',*,*,#1861,.T.);
#688=ORIENTED_EDGE('',*,*,#1862,.F.);
#689=ORIENTED_EDGE('',*,*,#1863,.T.);
#690=ORIENTED_EDGE('',*,*,#1781,.F.);
#691=ORIENTED_EDGE('',*,*,#1864,.T.);
#692=ORIENTED_EDGE('',*,*,#1865,.F.);
#693=ORIENTED_EDGE('',*,*,#1866,.T.);
#694=ORIENTED_EDGE('',*,*,#1654,.F.);
#695=ORIENTED_EDGE('',*,*,#1867,.T.);
#696=ORIENTED_EDGE('',*,*,#1868,.F.);
#697=ORIENTED_EDGE('',*,*,#1869,.T.);
#698=ORIENTED_EDGE('',*,*,#1651,.F.);
#699=ORIENTED_EDGE('',*,*,#1870,.T.);
#700=ORIENTED_EDGE('',*,*,#1871,.F.);
#701=ORIENTED_EDGE('',*,*,#1872,.T.);
#702=ORIENTED_EDGE('',*,*,#1792,.F.);
#703=ORIENTED_EDGE('',*,*,#1873,.T.);
#704=ORIENTED_EDGE('',*,*,#1874,.F.);
#705=ORIENTED_EDGE('',*,*,#1875,.T.);
#706=ORIENTED_EDGE('',*,*,#1876,.T.);
#707=ORIENTED_EDGE('',*,*,#1877,.F.);
#708=ORIENTED_EDGE('',*,*,#1878,.T.);
#709=ORIENTED_EDGE('',*,*,#1879,.T.);
#710=ORIENTED_EDGE('',*,*,#1880,.F.);
#711=ORIENTED_EDGE('',*,*,#1881,.F.);
#712=ORIENTED_EDGE('',*,*,#1882,.F.);
#713=ORIENTED_EDGE('',*,*,#1883,.T.);
#714=ORIENTED_EDGE('',*,*,#1884,.T.);
#715=ORIENTED_EDGE('',*,*,#1885,.F.);
#716=ORIENTED_EDGE('',*,*,#1886,.F.);
#717=ORIENTED_EDGE('',*,*,#1887,.T.);
#718=ORIENTED_EDGE('',*,*,#1888,.F.);
#719=ORIENTED_EDGE('',*,*,#1889,.T.);
#720=ORIENTED_EDGE('',*,*,#1775,.T.);
#721=ORIENTED_EDGE('',*,*,#1890,.T.);
#722=ORIENTED_EDGE('',*,*,#1891,.T.);
#723=ORIENTED_EDGE('',*,*,#1892,.T.);
#724=ORIENTED_EDGE('',*,*,#1893,.F.);
#725=ORIENTED_EDGE('',*,*,#1894,.T.);
#726=ORIENTED_EDGE('',*,*,#1895,.F.);
#727=ORIENTED_EDGE('',*,*,#1878,.F.);
#728=ORIENTED_EDGE('',*,*,#1879,.F.);
#729=ORIENTED_EDGE('',*,*,#1896,.F.);
#730=ORIENTED_EDGE('',*,*,#1830,.F.);
#731=ORIENTED_EDGE('',*,*,#1897,.T.);
#732=ORIENTED_EDGE('',*,*,#1886,.T.);
#733=ORIENTED_EDGE('',*,*,#1898,.T.);
#734=ORIENTED_EDGE('',*,*,#1888,.T.);
#735=ORIENTED_EDGE('',*,*,#1899,.T.);
#736=ORIENTED_EDGE('',*,*,#1828,.T.);
#737=ORIENTED_EDGE('',*,*,#1900,.T.);
#738=ORIENTED_EDGE('',*,*,#1832,.F.);
#739=ORIENTED_EDGE('',*,*,#1901,.T.);
#740=ORIENTED_EDGE('',*,*,#1891,.F.);
#741=ORIENTED_EDGE('',*,*,#1902,.T.);
#742=ORIENTED_EDGE('',*,*,#1895,.T.);
#743=ORIENTED_EDGE('',*,*,#1903,.F.);
#744=ORIENTED_EDGE('',*,*,#1903,.T.);
#745=ORIENTED_EDGE('',*,*,#1896,.T.);
#746=ORIENTED_EDGE('',*,*,#1904,.F.);
#747=ORIENTED_EDGE('',*,*,#1904,.T.);
#748=ORIENTED_EDGE('',*,*,#1905,.F.);
#749=ORIENTED_EDGE('',*,*,#1881,.T.);
#750=ORIENTED_EDGE('',*,*,#1905,.T.);
#751=ORIENTED_EDGE('',*,*,#1906,.F.);
#752=ORIENTED_EDGE('',*,*,#1880,.T.);
#753=ORIENTED_EDGE('',*,*,#1906,.T.);
#754=ORIENTED_EDGE('',*,*,#1907,.F.);
#755=ORIENTED_EDGE('',*,*,#1885,.T.);
#756=ORIENTED_EDGE('',*,*,#1907,.T.);
#757=ORIENTED_EDGE('',*,*,#1908,.F.);
#758=ORIENTED_EDGE('',*,*,#1909,.T.);
#759=ORIENTED_EDGE('',*,*,#1884,.F.);
#760=ORIENTED_EDGE('',*,*,#1910,.T.);
#761=ORIENTED_EDGE('',*,*,#1909,.F.);
#762=ORIENTED_EDGE('',*,*,#1911,.F.);
#763=ORIENTED_EDGE('',*,*,#1893,.T.);
#764=ORIENTED_EDGE('',*,*,#1911,.T.);
#765=ORIENTED_EDGE('',*,*,#1912,.F.);
#766=ORIENTED_EDGE('',*,*,#1913,.T.);
#767=ORIENTED_EDGE('',*,*,#1894,.F.);
#768=ORIENTED_EDGE('',*,*,#1914,.T.);
#769=ORIENTED_EDGE('',*,*,#1913,.F.);
#770=ORIENTED_EDGE('',*,*,#1914,.F.);
#771=ORIENTED_EDGE('',*,*,#1883,.F.);
#772=ORIENTED_EDGE('',*,*,#1912,.T.);
#773=ORIENTED_EDGE('',*,*,#1877,.T.);
#774=ORIENTED_EDGE('',*,*,#1910,.F.);
#775=ORIENTED_EDGE('',*,*,#1876,.F.);
#776=ORIENTED_EDGE('',*,*,#1908,.T.);
#777=ORIENTED_EDGE('',*,*,#1882,.T.);
#778=ORIENTED_EDGE('',*,*,#1887,.F.);
#779=ORIENTED_EDGE('',*,*,#1897,.F.);
#780=ORIENTED_EDGE('',*,*,#1829,.F.);
#781=ORIENTED_EDGE('',*,*,#1899,.F.);
#782=ORIENTED_EDGE('',*,*,#1892,.F.);
#783=ORIENTED_EDGE('',*,*,#1901,.F.);
#784=ORIENTED_EDGE('',*,*,#1831,.F.);
#785=ORIENTED_EDGE('',*,*,#1898,.F.);
#786=ORIENTED_EDGE('',*,*,#1827,.F.);
#787=ORIENTED_EDGE('',*,*,#1776,.F.);
#788=ORIENTED_EDGE('',*,*,#1889,.F.);
#789=ORIENTED_EDGE('',*,*,#1900,.F.);
#790=ORIENTED_EDGE('',*,*,#1833,.F.);
#791=ORIENTED_EDGE('',*,*,#1902,.F.);
#792=ORIENTED_EDGE('',*,*,#1890,.F.);
#793=ORIENTED_EDGE('',*,*,#1774,.F.);
#794=ORIENTED_EDGE('',*,*,#1838,.T.);
#795=ORIENTED_EDGE('',*,*,#1915,.T.);
#796=ORIENTED_EDGE('',*,*,#1916,.T.);
#797=ORIENTED_EDGE('',*,*,#1835,.T.);
#798=ORIENTED_EDGE('',*,*,#1917,.T.);
#799=ORIENTED_EDGE('',*,*,#1918,.T.);
#800=ORIENTED_EDGE('',*,*,#1919,.T.);
#801=ORIENTED_EDGE('',*,*,#1920,.T.);
#802=ORIENTED_EDGE('',*,*,#1921,.T.);
#803=ORIENTED_EDGE('',*,*,#1922,.T.);
#804=ORIENTED_EDGE('',*,*,#1923,.T.);
#805=ORIENTED_EDGE('',*,*,#1924,.T.);
#806=ORIENTED_EDGE('',*,*,#1925,.T.);
#807=ORIENTED_EDGE('',*,*,#1926,.T.);
#808=ORIENTED_EDGE('',*,*,#1927,.T.);
#809=ORIENTED_EDGE('',*,*,#1772,.T.);
#810=ORIENTED_EDGE('',*,*,#1928,.F.);
#811=ORIENTED_EDGE('',*,*,#1917,.F.);
#812=ORIENTED_EDGE('',*,*,#1834,.F.);
#813=ORIENTED_EDGE('',*,*,#1927,.F.);
#814=ORIENTED_EDGE('',*,*,#1929,.T.);
#815=ORIENTED_EDGE('',*,*,#1762,.T.);
#816=ORIENTED_EDGE('',*,*,#1839,.F.);
#817=ORIENTED_EDGE('',*,*,#1821,.T.);
#818=ORIENTED_EDGE('',*,*,#1930,.F.);
#819=ORIENTED_EDGE('',*,*,#1915,.F.);
#820=ORIENTED_EDGE('',*,*,#1837,.F.);
#821=ORIENTED_EDGE('',*,*,#1916,.F.);
#822=ORIENTED_EDGE('',*,*,#1930,.T.);
#823=ORIENTED_EDGE('',*,*,#1823,.T.);
#824=ORIENTED_EDGE('',*,*,#1836,.F.);
#825=ORIENTED_EDGE('',*,*,#1771,.T.);
#826=ORIENTED_EDGE('',*,*,#1931,.F.);
#827=ORIENTED_EDGE('',*,*,#1918,.F.);
#828=ORIENTED_EDGE('',*,*,#1928,.T.);
#829=ORIENTED_EDGE('',*,*,#1770,.T.);
#830=ORIENTED_EDGE('',*,*,#1932,.F.);
#831=ORIENTED_EDGE('',*,*,#1919,.F.);
#832=ORIENTED_EDGE('',*,*,#1931,.T.);
#833=ORIENTED_EDGE('',*,*,#1769,.T.);
#834=ORIENTED_EDGE('',*,*,#1933,.F.);
#835=ORIENTED_EDGE('',*,*,#1920,.F.);
#836=ORIENTED_EDGE('',*,*,#1932,.T.);
#837=ORIENTED_EDGE('',*,*,#1768,.T.);
#838=ORIENTED_EDGE('',*,*,#1934,.F.);
#839=ORIENTED_EDGE('',*,*,#1921,.F.);
#840=ORIENTED_EDGE('',*,*,#1933,.T.);
#841=ORIENTED_EDGE('',*,*,#1767,.T.);
#842=ORIENTED_EDGE('',*,*,#1935,.F.);
#843=ORIENTED_EDGE('',*,*,#1922,.F.);
#844=ORIENTED_EDGE('',*,*,#1934,.T.);
#845=ORIENTED_EDGE('',*,*,#1766,.T.);
#846=ORIENTED_EDGE('',*,*,#1936,.F.);
#847=ORIENTED_EDGE('',*,*,#1923,.F.);
#848=ORIENTED_EDGE('',*,*,#1935,.T.);
#849=ORIENTED_EDGE('',*,*,#1765,.T.);
#850=ORIENTED_EDGE('',*,*,#1937,.F.);
#851=ORIENTED_EDGE('',*,*,#1924,.F.);
#852=ORIENTED_EDGE('',*,*,#1936,.T.);
#853=ORIENTED_EDGE('',*,*,#1764,.T.);
#854=ORIENTED_EDGE('',*,*,#1938,.F.);
#855=ORIENTED_EDGE('',*,*,#1925,.F.);
#856=ORIENTED_EDGE('',*,*,#1937,.T.);
#857=ORIENTED_EDGE('',*,*,#1763,.T.);
#858=ORIENTED_EDGE('',*,*,#1929,.F.);
#859=ORIENTED_EDGE('',*,*,#1926,.F.);
#860=ORIENTED_EDGE('',*,*,#1938,.T.);
#861=ORIENTED_EDGE('',*,*,#1844,.T.);
#862=ORIENTED_EDGE('',*,*,#1939,.T.);
#863=ORIENTED_EDGE('',*,*,#1940,.T.);
#864=ORIENTED_EDGE('',*,*,#1941,.T.);
#865=ORIENTED_EDGE('',*,*,#1942,.T.);
#866=ORIENTED_EDGE('',*,*,#1943,.T.);
#867=ORIENTED_EDGE('',*,*,#1841,.T.);
#868=ORIENTED_EDGE('',*,*,#1944,.T.);
#869=ORIENTED_EDGE('',*,*,#1945,.T.);
#870=ORIENTED_EDGE('',*,*,#1946,.T.);
#871=ORIENTED_EDGE('',*,*,#1947,.T.);
#872=ORIENTED_EDGE('',*,*,#1948,.T.);
#873=ORIENTED_EDGE('',*,*,#1949,.T.);
#874=ORIENTED_EDGE('',*,*,#1950,.T.);
#875=ORIENTED_EDGE('',*,*,#1951,.T.);
#876=ORIENTED_EDGE('',*,*,#1952,.T.);
#877=ORIENTED_EDGE('',*,*,#1953,.T.);
#878=ORIENTED_EDGE('',*,*,#1954,.T.);
#879=ORIENTED_EDGE('',*,*,#1955,.T.);
#880=ORIENTED_EDGE('',*,*,#1956,.T.);
#881=ORIENTED_EDGE('',*,*,#1957,.T.);
#882=ORIENTED_EDGE('',*,*,#1958,.T.);
#883=ORIENTED_EDGE('',*,*,#1959,.T.);
#884=ORIENTED_EDGE('',*,*,#1960,.T.);
#885=ORIENTED_EDGE('',*,*,#1961,.T.);
#886=ORIENTED_EDGE('',*,*,#1962,.T.);
#887=ORIENTED_EDGE('',*,*,#1963,.T.);
#888=ORIENTED_EDGE('',*,*,#1964,.T.);
#889=ORIENTED_EDGE('',*,*,#1965,.T.);
#890=ORIENTED_EDGE('',*,*,#1966,.T.);
#891=ORIENTED_EDGE('',*,*,#1967,.T.);
#892=ORIENTED_EDGE('',*,*,#1968,.T.);
#893=ORIENTED_EDGE('',*,*,#1969,.T.);
#894=ORIENTED_EDGE('',*,*,#1970,.T.);
#895=ORIENTED_EDGE('',*,*,#1971,.T.);
#896=ORIENTED_EDGE('',*,*,#1972,.T.);
#897=ORIENTED_EDGE('',*,*,#1973,.T.);
#898=ORIENTED_EDGE('',*,*,#1974,.T.);
#899=ORIENTED_EDGE('',*,*,#1975,.T.);
#900=ORIENTED_EDGE('',*,*,#1976,.T.);
#901=ORIENTED_EDGE('',*,*,#1760,.T.);
#902=ORIENTED_EDGE('',*,*,#1977,.F.);
#903=ORIENTED_EDGE('',*,*,#1944,.F.);
#904=ORIENTED_EDGE('',*,*,#1840,.F.);
#905=ORIENTED_EDGE('',*,*,#1976,.F.);
#906=ORIENTED_EDGE('',*,*,#1978,.T.);
#907=ORIENTED_EDGE('',*,*,#1728,.T.);
#908=ORIENTED_EDGE('',*,*,#1845,.F.);
#909=ORIENTED_EDGE('',*,*,#1943,.F.);
#910=ORIENTED_EDGE('',*,*,#1979,.T.);
#911=ORIENTED_EDGE('',*,*,#1820,.T.);
#912=ORIENTED_EDGE('',*,*,#1842,.F.);
#913=ORIENTED_EDGE('',*,*,#1818,.T.);
#914=ORIENTED_EDGE('',*,*,#1980,.F.);
#915=ORIENTED_EDGE('',*,*,#1939,.F.);
#916=ORIENTED_EDGE('',*,*,#1843,.F.);
#917=ORIENTED_EDGE('',*,*,#1759,.T.);
#918=ORIENTED_EDGE('',*,*,#1981,.F.);
#919=ORIENTED_EDGE('',*,*,#1945,.F.);
#920=ORIENTED_EDGE('',*,*,#1977,.T.);
#921=ORIENTED_EDGE('',*,*,#1758,.T.);
#922=ORIENTED_EDGE('',*,*,#1982,.F.);
#923=ORIENTED_EDGE('',*,*,#1946,.F.);
#924=ORIENTED_EDGE('',*,*,#1981,.T.);
#925=ORIENTED_EDGE('',*,*,#1757,.T.);
#926=ORIENTED_EDGE('',*,*,#1983,.F.);
#927=ORIENTED_EDGE('',*,*,#1947,.F.);
#928=ORIENTED_EDGE('',*,*,#1982,.T.);
#929=ORIENTED_EDGE('',*,*,#1756,.T.);
#930=ORIENTED_EDGE('',*,*,#1984,.F.);
#931=ORIENTED_EDGE('',*,*,#1948,.F.);
#932=ORIENTED_EDGE('',*,*,#1983,.T.);
#933=ORIENTED_EDGE('',*,*,#1755,.T.);
#934=ORIENTED_EDGE('',*,*,#1985,.F.);
#935=ORIENTED_EDGE('',*,*,#1949,.F.);
#936=ORIENTED_EDGE('',*,*,#1984,.T.);
#937=ORIENTED_EDGE('',*,*,#1754,.T.);
#938=ORIENTED_EDGE('',*,*,#1986,.F.);
#939=ORIENTED_EDGE('',*,*,#1950,.F.);
#940=ORIENTED_EDGE('',*,*,#1985,.T.);
#941=ORIENTED_EDGE('',*,*,#1753,.T.);
#942=ORIENTED_EDGE('',*,*,#1987,.F.);
#943=ORIENTED_EDGE('',*,*,#1951,.F.);
#944=ORIENTED_EDGE('',*,*,#1986,.T.);
#945=ORIENTED_EDGE('',*,*,#1752,.T.);
#946=ORIENTED_EDGE('',*,*,#1988,.F.);
#947=ORIENTED_EDGE('',*,*,#1952,.F.);
#948=ORIENTED_EDGE('',*,*,#1987,.T.);
#949=ORIENTED_EDGE('',*,*,#1751,.T.);
#950=ORIENTED_EDGE('',*,*,#1989,.F.);
#951=ORIENTED_EDGE('',*,*,#1953,.F.);
#952=ORIENTED_EDGE('',*,*,#1988,.T.);
#953=ORIENTED_EDGE('',*,*,#1750,.T.);
#954=ORIENTED_EDGE('',*,*,#1990,.F.);
#955=ORIENTED_EDGE('',*,*,#1954,.F.);
#956=ORIENTED_EDGE('',*,*,#1989,.T.);
#957=ORIENTED_EDGE('',*,*,#1749,.T.);
#958=ORIENTED_EDGE('',*,*,#1991,.F.);
#959=ORIENTED_EDGE('',*,*,#1955,.F.);
#960=ORIENTED_EDGE('',*,*,#1990,.T.);
#961=ORIENTED_EDGE('',*,*,#1748,.T.);
#962=ORIENTED_EDGE('',*,*,#1992,.F.);
#963=ORIENTED_EDGE('',*,*,#1956,.F.);
#964=ORIENTED_EDGE('',*,*,#1991,.T.);
#965=ORIENTED_EDGE('',*,*,#1747,.T.);
#966=ORIENTED_EDGE('',*,*,#1993,.F.);
#967=ORIENTED_EDGE('',*,*,#1957,.F.);
#968=ORIENTED_EDGE('',*,*,#1992,.T.);
#969=ORIENTED_EDGE('',*,*,#1746,.T.);
#970=ORIENTED_EDGE('',*,*,#1994,.F.);
#971=ORIENTED_EDGE('',*,*,#1958,.F.);
#972=ORIENTED_EDGE('',*,*,#1993,.T.);
#973=ORIENTED_EDGE('',*,*,#1745,.T.);
#974=ORIENTED_EDGE('',*,*,#1995,.F.);
#975=ORIENTED_EDGE('',*,*,#1959,.F.);
#976=ORIENTED_EDGE('',*,*,#1994,.T.);
#977=ORIENTED_EDGE('',*,*,#1744,.T.);
#978=ORIENTED_EDGE('',*,*,#1996,.F.);
#979=ORIENTED_EDGE('',*,*,#1960,.F.);
#980=ORIENTED_EDGE('',*,*,#1995,.T.);
#981=ORIENTED_EDGE('',*,*,#1743,.T.);
#982=ORIENTED_EDGE('',*,*,#1997,.F.);
#983=ORIENTED_EDGE('',*,*,#1961,.F.);
#984=ORIENTED_EDGE('',*,*,#1996,.T.);
#985=ORIENTED_EDGE('',*,*,#1742,.T.);
#986=ORIENTED_EDGE('',*,*,#1998,.F.);
#987=ORIENTED_EDGE('',*,*,#1962,.F.);
#988=ORIENTED_EDGE('',*,*,#1997,.T.);
#989=ORIENTED_EDGE('',*,*,#1741,.T.);
#990=ORIENTED_EDGE('',*,*,#1999,.F.);
#991=ORIENTED_EDGE('',*,*,#1963,.F.);
#992=ORIENTED_EDGE('',*,*,#1998,.T.);
#993=ORIENTED_EDGE('',*,*,#1740,.T.);
#994=ORIENTED_EDGE('',*,*,#2000,.F.);
#995=ORIENTED_EDGE('',*,*,#1964,.F.);
#996=ORIENTED_EDGE('',*,*,#1999,.T.);
#997=ORIENTED_EDGE('',*,*,#1739,.T.);
#998=ORIENTED_EDGE('',*,*,#2001,.F.);
#999=ORIENTED_EDGE('',*,*,#1965,.F.);
#1000=ORIENTED_EDGE('',*,*,#2000,.T.);
#1001=ORIENTED_EDGE('',*,*,#1738,.T.);
#1002=ORIENTED_EDGE('',*,*,#2002,.F.);
#1003=ORIENTED_EDGE('',*,*,#1966,.F.);
#1004=ORIENTED_EDGE('',*,*,#2001,.T.);
#1005=ORIENTED_EDGE('',*,*,#1737,.T.);
#1006=ORIENTED_EDGE('',*,*,#2003,.F.);
#1007=ORIENTED_EDGE('',*,*,#1967,.F.);
#1008=ORIENTED_EDGE('',*,*,#2002,.T.);
#1009=ORIENTED_EDGE('',*,*,#1736,.T.);
#1010=ORIENTED_EDGE('',*,*,#2004,.F.);
#1011=ORIENTED_EDGE('',*,*,#1968,.F.);
#1012=ORIENTED_EDGE('',*,*,#2003,.T.);
#1013=ORIENTED_EDGE('',*,*,#1735,.T.);
#1014=ORIENTED_EDGE('',*,*,#2005,.F.);
#1015=ORIENTED_EDGE('',*,*,#1969,.F.);
#1016=ORIENTED_EDGE('',*,*,#2004,.T.);
#1017=ORIENTED_EDGE('',*,*,#1734,.T.);
#1018=ORIENTED_EDGE('',*,*,#2006,.F.);
#1019=ORIENTED_EDGE('',*,*,#1970,.F.);
#1020=ORIENTED_EDGE('',*,*,#2005,.T.);
#1021=ORIENTED_EDGE('',*,*,#1733,.T.);
#1022=ORIENTED_EDGE('',*,*,#2007,.F.);
#1023=ORIENTED_EDGE('',*,*,#1971,.F.);
#1024=ORIENTED_EDGE('',*,*,#2006,.T.);
#1025=ORIENTED_EDGE('',*,*,#1732,.T.);
#1026=ORIENTED_EDGE('',*,*,#2008,.F.);
#1027=ORIENTED_EDGE('',*,*,#1972,.F.);
#1028=ORIENTED_EDGE('',*,*,#2007,.T.);
#1029=ORIENTED_EDGE('',*,*,#1731,.T.);
#1030=ORIENTED_EDGE('',*,*,#2009,.F.);
#1031=ORIENTED_EDGE('',*,*,#1973,.F.);
#1032=ORIENTED_EDGE('',*,*,#2008,.T.);
#1033=ORIENTED_EDGE('',*,*,#1730,.T.);
#1034=ORIENTED_EDGE('',*,*,#2010,.F.);
#1035=ORIENTED_EDGE('',*,*,#1974,.F.);
#1036=ORIENTED_EDGE('',*,*,#2009,.T.);
#1037=ORIENTED_EDGE('',*,*,#1729,.T.);
#1038=ORIENTED_EDGE('',*,*,#1978,.F.);
#1039=ORIENTED_EDGE('',*,*,#1975,.F.);
#1040=ORIENTED_EDGE('',*,*,#2010,.T.);
#1041=ORIENTED_EDGE('',*,*,#1815,.T.);
#1042=ORIENTED_EDGE('',*,*,#1979,.F.);
#1043=ORIENTED_EDGE('',*,*,#1942,.F.);
#1044=ORIENTED_EDGE('',*,*,#2011,.T.);
#1045=ORIENTED_EDGE('',*,*,#1817,.T.);
#1046=ORIENTED_EDGE('',*,*,#2012,.F.);
#1047=ORIENTED_EDGE('',*,*,#1940,.F.);
#1048=ORIENTED_EDGE('',*,*,#1980,.T.);
#1049=ORIENTED_EDGE('',*,*,#1816,.T.);
#1050=ORIENTED_EDGE('',*,*,#2011,.F.);
#1051=ORIENTED_EDGE('',*,*,#1941,.F.);
#1052=ORIENTED_EDGE('',*,*,#2012,.T.);
#1053=ORIENTED_EDGE('',*,*,#1847,.T.);
#1054=ORIENTED_EDGE('',*,*,#2013,.T.);
#1055=ORIENTED_EDGE('',*,*,#2014,.T.);
#1056=ORIENTED_EDGE('',*,*,#2015,.T.);
#1057=ORIENTED_EDGE('',*,*,#2016,.T.);
#1058=ORIENTED_EDGE('',*,*,#2017,.T.);
#1059=ORIENTED_EDGE('',*,*,#2018,.T.);
#1060=ORIENTED_EDGE('',*,*,#2019,.T.);
#1061=ORIENTED_EDGE('',*,*,#2020,.T.);
#1062=ORIENTED_EDGE('',*,*,#2021,.T.);
#1063=ORIENTED_EDGE('',*,*,#2022,.T.);
#1064=ORIENTED_EDGE('',*,*,#2023,.T.);
#1065=ORIENTED_EDGE('',*,*,#2024,.T.);
#1066=ORIENTED_EDGE('',*,*,#2025,.T.);
#1067=ORIENTED_EDGE('',*,*,#1726,.T.);
#1068=ORIENTED_EDGE('',*,*,#2026,.F.);
#1069=ORIENTED_EDGE('',*,*,#2013,.F.);
#1070=ORIENTED_EDGE('',*,*,#1846,.F.);
#1071=ORIENTED_EDGE('',*,*,#2025,.F.);
#1072=ORIENTED_EDGE('',*,*,#2027,.T.);
#1073=ORIENTED_EDGE('',*,*,#1714,.T.);
#1074=ORIENTED_EDGE('',*,*,#1848,.F.);
#1075=ORIENTED_EDGE('',*,*,#1725,.T.);
#1076=ORIENTED_EDGE('',*,*,#2028,.F.);
#1077=ORIENTED_EDGE('',*,*,#2014,.F.);
#1078=ORIENTED_EDGE('',*,*,#2026,.T.);
#1079=ORIENTED_EDGE('',*,*,#1724,.T.);
#1080=ORIENTED_EDGE('',*,*,#2029,.F.);
#1081=ORIENTED_EDGE('',*,*,#2015,.F.);
#1082=ORIENTED_EDGE('',*,*,#2028,.T.);
#1083=ORIENTED_EDGE('',*,*,#1723,.T.);
#1084=ORIENTED_EDGE('',*,*,#2030,.F.);
#1085=ORIENTED_EDGE('',*,*,#2016,.F.);
#1086=ORIENTED_EDGE('',*,*,#2029,.T.);
#1087=ORIENTED_EDGE('',*,*,#1722,.T.);
#1088=ORIENTED_EDGE('',*,*,#2031,.F.);
#1089=ORIENTED_EDGE('',*,*,#2017,.F.);
#1090=ORIENTED_EDGE('',*,*,#2030,.T.);
#1091=ORIENTED_EDGE('',*,*,#1721,.T.);
#1092=ORIENTED_EDGE('',*,*,#2032,.F.);
#1093=ORIENTED_EDGE('',*,*,#2018,.F.);
#1094=ORIENTED_EDGE('',*,*,#2031,.T.);
#1095=ORIENTED_EDGE('',*,*,#1720,.T.);
#1096=ORIENTED_EDGE('',*,*,#2033,.F.);
#1097=ORIENTED_EDGE('',*,*,#2019,.F.);
#1098=ORIENTED_EDGE('',*,*,#2032,.T.);
#1099=ORIENTED_EDGE('',*,*,#1719,.T.);
#1100=ORIENTED_EDGE('',*,*,#2034,.F.);
#1101=ORIENTED_EDGE('',*,*,#2020,.F.);
#1102=ORIENTED_EDGE('',*,*,#2033,.T.);
#1103=ORIENTED_EDGE('',*,*,#1718,.T.);
#1104=ORIENTED_EDGE('',*,*,#2035,.F.);
#1105=ORIENTED_EDGE('',*,*,#2021,.F.);
#1106=ORIENTED_EDGE('',*,*,#2034,.T.);
#1107=ORIENTED_EDGE('',*,*,#1717,.T.);
#1108=ORIENTED_EDGE('',*,*,#2036,.F.);
#1109=ORIENTED_EDGE('',*,*,#2022,.F.);
#1110=ORIENTED_EDGE('',*,*,#2035,.T.);
#1111=ORIENTED_EDGE('',*,*,#1716,.T.);
#1112=ORIENTED_EDGE('',*,*,#2037,.F.);
#1113=ORIENTED_EDGE('',*,*,#2023,.F.);
#1114=ORIENTED_EDGE('',*,*,#2036,.T.);
#1115=ORIENTED_EDGE('',*,*,#1715,.T.);
#1116=ORIENTED_EDGE('',*,*,#2027,.F.);
#1117=ORIENTED_EDGE('',*,*,#2024,.F.);
#1118=ORIENTED_EDGE('',*,*,#2037,.T.);
#1119=ORIENTED_EDGE('',*,*,#1690,.T.);
#1120=ORIENTED_EDGE('',*,*,#2038,.F.);
#1121=ORIENTED_EDGE('',*,*,#2039,.F.);
#1122=ORIENTED_EDGE('',*,*,#2040,.T.);
#1123=ORIENTED_EDGE('',*,*,#1691,.T.);
#1124=ORIENTED_EDGE('',*,*,#2040,.F.);
#1125=ORIENTED_EDGE('',*,*,#2041,.F.);
#1126=ORIENTED_EDGE('',*,*,#2042,.T.);
#1127=ORIENTED_EDGE('',*,*,#1859,.T.);
#1128=ORIENTED_EDGE('',*,*,#2043,.T.);
#1129=ORIENTED_EDGE('',*,*,#2044,.T.);
#1130=ORIENTED_EDGE('',*,*,#2045,.T.);
#1131=ORIENTED_EDGE('',*,*,#2041,.T.);
#1132=ORIENTED_EDGE('',*,*,#2039,.T.);
#1133=ORIENTED_EDGE('',*,*,#2046,.T.);
#1134=ORIENTED_EDGE('',*,*,#2047,.T.);
#1135=ORIENTED_EDGE('',*,*,#2048,.T.);
#1136=ORIENTED_EDGE('',*,*,#2049,.T.);
#1137=ORIENTED_EDGE('',*,*,#2050,.T.);
#1138=ORIENTED_EDGE('',*,*,#2051,.T.);
#1139=ORIENTED_EDGE('',*,*,#2052,.T.);
#1140=ORIENTED_EDGE('',*,*,#2053,.T.);
#1141=ORIENTED_EDGE('',*,*,#2054,.T.);
#1142=ORIENTED_EDGE('',*,*,#2055,.T.);
#1143=ORIENTED_EDGE('',*,*,#2056,.T.);
#1144=ORIENTED_EDGE('',*,*,#2057,.T.);
#1145=ORIENTED_EDGE('',*,*,#2058,.T.);
#1146=ORIENTED_EDGE('',*,*,#2058,.F.);
#1147=ORIENTED_EDGE('',*,*,#2059,.T.);
#1148=ORIENTED_EDGE('',*,*,#1677,.T.);
#1149=ORIENTED_EDGE('',*,*,#1860,.F.);
#1150=ORIENTED_EDGE('',*,*,#1694,.T.);
#1151=ORIENTED_EDGE('',*,*,#2060,.F.);
#1152=ORIENTED_EDGE('',*,*,#2043,.F.);
#1153=ORIENTED_EDGE('',*,*,#1858,.F.);
#1154=ORIENTED_EDGE('',*,*,#1678,.T.);
#1155=ORIENTED_EDGE('',*,*,#2059,.F.);
#1156=ORIENTED_EDGE('',*,*,#2057,.F.);
#1157=ORIENTED_EDGE('',*,*,#2061,.T.);
#1158=ORIENTED_EDGE('',*,*,#1679,.T.);
#1159=ORIENTED_EDGE('',*,*,#2061,.F.);
#1160=ORIENTED_EDGE('',*,*,#2056,.F.);
#1161=ORIENTED_EDGE('',*,*,#2062,.T.);
#1162=ORIENTED_EDGE('',*,*,#1680,.T.);
#1163=ORIENTED_EDGE('',*,*,#2062,.F.);
#1164=ORIENTED_EDGE('',*,*,#2055,.F.);
#1165=ORIENTED_EDGE('',*,*,#2063,.T.);
#1166=ORIENTED_EDGE('',*,*,#1681,.T.);
#1167=ORIENTED_EDGE('',*,*,#2063,.F.);
#1168=ORIENTED_EDGE('',*,*,#2054,.F.);
#1169=ORIENTED_EDGE('',*,*,#2064,.T.);
#1170=ORIENTED_EDGE('',*,*,#1682,.T.);
#1171=ORIENTED_EDGE('',*,*,#2064,.F.);
#1172=ORIENTED_EDGE('',*,*,#2053,.F.);
#1173=ORIENTED_EDGE('',*,*,#2065,.T.);
#1174=ORIENTED_EDGE('',*,*,#1683,.T.);
#1175=ORIENTED_EDGE('',*,*,#2065,.F.);
#1176=ORIENTED_EDGE('',*,*,#2052,.F.);
#1177=ORIENTED_EDGE('',*,*,#2066,.T.);
#1178=ORIENTED_EDGE('',*,*,#1684,.T.);
#1179=ORIENTED_EDGE('',*,*,#2066,.F.);
#1180=ORIENTED_EDGE('',*,*,#2051,.F.);
#1181=ORIENTED_EDGE('',*,*,#2067,.T.);
#1182=ORIENTED_EDGE('',*,*,#1685,.T.);
#1183=ORIENTED_EDGE('',*,*,#2067,.F.);
#1184=ORIENTED_EDGE('',*,*,#2050,.F.);
#1185=ORIENTED_EDGE('',*,*,#2068,.T.);
#1186=ORIENTED_EDGE('',*,*,#1686,.T.);
#1187=ORIENTED_EDGE('',*,*,#2068,.F.);
#1188=ORIENTED_EDGE('',*,*,#2049,.F.);
#1189=ORIENTED_EDGE('',*,*,#2069,.T.);
#1190=ORIENTED_EDGE('',*,*,#1687,.T.);
#1191=ORIENTED_EDGE('',*,*,#2069,.F.);
#1192=ORIENTED_EDGE('',*,*,#2048,.F.);
#1193=ORIENTED_EDGE('',*,*,#2070,.T.);
#1194=ORIENTED_EDGE('',*,*,#1688,.T.);
#1195=ORIENTED_EDGE('',*,*,#2070,.F.);
#1196=ORIENTED_EDGE('',*,*,#2047,.F.);
#1197=ORIENTED_EDGE('',*,*,#2071,.T.);
#1198=ORIENTED_EDGE('',*,*,#1689,.T.);
#1199=ORIENTED_EDGE('',*,*,#2071,.F.);
#1200=ORIENTED_EDGE('',*,*,#2046,.F.);
#1201=ORIENTED_EDGE('',*,*,#2038,.T.);
#1202=ORIENTED_EDGE('',*,*,#1692,.T.);
#1203=ORIENTED_EDGE('',*,*,#2042,.F.);
#1204=ORIENTED_EDGE('',*,*,#2045,.F.);
#1205=ORIENTED_EDGE('',*,*,#2072,.T.);
#1206=ORIENTED_EDGE('',*,*,#1693,.T.);
#1207=ORIENTED_EDGE('',*,*,#2072,.F.);
#1208=ORIENTED_EDGE('',*,*,#2044,.F.);
#1209=ORIENTED_EDGE('',*,*,#2060,.T.);
#1210=ORIENTED_EDGE('',*,*,#1856,.T.);
#1211=ORIENTED_EDGE('',*,*,#2073,.T.);
#1212=ORIENTED_EDGE('',*,*,#2074,.T.);
#1213=ORIENTED_EDGE('',*,*,#2075,.T.);
#1214=ORIENTED_EDGE('',*,*,#2076,.T.);
#1215=ORIENTED_EDGE('',*,*,#1699,.T.);
#1216=ORIENTED_EDGE('',*,*,#2077,.F.);
#1217=ORIENTED_EDGE('',*,*,#2073,.F.);
#1218=ORIENTED_EDGE('',*,*,#1855,.F.);
#1219=ORIENTED_EDGE('',*,*,#2076,.F.);
#1220=ORIENTED_EDGE('',*,*,#2078,.T.);
#1221=ORIENTED_EDGE('',*,*,#1696,.T.);
#1222=ORIENTED_EDGE('',*,*,#1857,.F.);
#1223=ORIENTED_EDGE('',*,*,#1698,.T.);
#1224=ORIENTED_EDGE('',*,*,#2079,.F.);
#1225=ORIENTED_EDGE('',*,*,#2074,.F.);
#1226=ORIENTED_EDGE('',*,*,#2077,.T.);
#1227=ORIENTED_EDGE('',*,*,#1697,.T.);
#1228=ORIENTED_EDGE('',*,*,#2078,.F.);
#1229=ORIENTED_EDGE('',*,*,#2075,.F.);
#1230=ORIENTED_EDGE('',*,*,#2079,.T.);
#1231=ORIENTED_EDGE('',*,*,#1794,.T.);
#1232=ORIENTED_EDGE('',*,*,#2080,.F.);
#1233=ORIENTED_EDGE('',*,*,#2081,.F.);
#1234=ORIENTED_EDGE('',*,*,#2082,.T.);
#1235=ORIENTED_EDGE('',*,*,#1642,.T.);
#1236=ORIENTED_EDGE('',*,*,#2083,.F.);
#1237=ORIENTED_EDGE('',*,*,#2084,.F.);
#1238=ORIENTED_EDGE('',*,*,#2085,.T.);
#1239=ORIENTED_EDGE('',*,*,#1643,.T.);
#1240=ORIENTED_EDGE('',*,*,#2085,.F.);
#1241=ORIENTED_EDGE('',*,*,#2086,.F.);
#1242=ORIENTED_EDGE('',*,*,#2087,.T.);
#1243=ORIENTED_EDGE('',*,*,#1874,.T.);
#1244=ORIENTED_EDGE('',*,*,#2088,.T.);
#1245=ORIENTED_EDGE('',*,*,#2081,.T.);
#1246=ORIENTED_EDGE('',*,*,#2089,.T.);
#1247=ORIENTED_EDGE('',*,*,#1871,.T.);
#1248=ORIENTED_EDGE('',*,*,#2090,.T.);
#1249=ORIENTED_EDGE('',*,*,#2091,.T.);
#1250=ORIENTED_EDGE('',*,*,#2092,.T.);
#1251=ORIENTED_EDGE('',*,*,#2093,.T.);
#1252=ORIENTED_EDGE('',*,*,#2094,.T.);
#1253=ORIENTED_EDGE('',*,*,#2095,.T.);
#1254=ORIENTED_EDGE('',*,*,#2096,.T.);
#1255=ORIENTED_EDGE('',*,*,#2086,.T.);
#1256=ORIENTED_EDGE('',*,*,#2084,.T.);
#1257=ORIENTED_EDGE('',*,*,#2097,.T.);
#1258=ORIENTED_EDGE('',*,*,#2089,.F.);
#1259=ORIENTED_EDGE('',*,*,#2080,.T.);
#1260=ORIENTED_EDGE('',*,*,#1793,.T.);
#1261=ORIENTED_EDGE('',*,*,#1872,.F.);
#1262=ORIENTED_EDGE('',*,*,#1791,.T.);
#1263=ORIENTED_EDGE('',*,*,#2082,.F.);
#1264=ORIENTED_EDGE('',*,*,#2088,.F.);
#1265=ORIENTED_EDGE('',*,*,#1873,.F.);
#1266=ORIENTED_EDGE('',*,*,#2097,.F.);
#1267=ORIENTED_EDGE('',*,*,#2083,.T.);
#1268=ORIENTED_EDGE('',*,*,#1641,.T.);
#1269=ORIENTED_EDGE('',*,*,#1875,.F.);
#1270=ORIENTED_EDGE('',*,*,#1650,.T.);
#1271=ORIENTED_EDGE('',*,*,#2098,.F.);
#1272=ORIENTED_EDGE('',*,*,#2090,.F.);
#1273=ORIENTED_EDGE('',*,*,#1870,.F.);
#1274=ORIENTED_EDGE('',*,*,#1644,.T.);
#1275=ORIENTED_EDGE('',*,*,#2087,.F.);
#1276=ORIENTED_EDGE('',*,*,#2096,.F.);
#1277=ORIENTED_EDGE('',*,*,#2099,.T.);
#1278=ORIENTED_EDGE('',*,*,#1645,.T.);
#1279=ORIENTED_EDGE('',*,*,#2099,.F.);
#1280=ORIENTED_EDGE('',*,*,#2095,.F.);
#1281=ORIENTED_EDGE('',*,*,#2100,.T.);
#1282=ORIENTED_EDGE('',*,*,#1646,.T.);
#1283=ORIENTED_EDGE('',*,*,#2100,.F.);
#1284=ORIENTED_EDGE('',*,*,#2094,.F.);
#1285=ORIENTED_EDGE('',*,*,#2101,.T.);
#1286=ORIENTED_EDGE('',*,*,#1647,.T.);
#1287=ORIENTED_EDGE('',*,*,#2101,.F.);
#1288=ORIENTED_EDGE('',*,*,#2093,.F.);
#1289=ORIENTED_EDGE('',*,*,#2102,.T.);
#1290=ORIENTED_EDGE('',*,*,#1648,.T.);
#1291=ORIENTED_EDGE('',*,*,#2102,.F.);
#1292=ORIENTED_EDGE('',*,*,#2092,.F.);
#1293=ORIENTED_EDGE('',*,*,#2103,.T.);
#1294=ORIENTED_EDGE('',*,*,#1649,.T.);
#1295=ORIENTED_EDGE('',*,*,#2103,.F.);
#1296=ORIENTED_EDGE('',*,*,#2091,.F.);
#1297=ORIENTED_EDGE('',*,*,#2098,.T.);
#1298=ORIENTED_EDGE('',*,*,#1865,.T.);
#1299=ORIENTED_EDGE('',*,*,#2104,.T.);
#1300=ORIENTED_EDGE('',*,*,#2105,.T.);
#1301=ORIENTED_EDGE('',*,*,#2106,.T.);
#1302=ORIENTED_EDGE('',*,*,#2107,.T.);
#1303=ORIENTED_EDGE('',*,*,#2108,.T.);
#1304=ORIENTED_EDGE('',*,*,#2109,.T.);
#1305=ORIENTED_EDGE('',*,*,#2110,.T.);
#1306=ORIENTED_EDGE('',*,*,#2111,.T.);
#1307=ORIENTED_EDGE('',*,*,#2112,.T.);
#1308=ORIENTED_EDGE('',*,*,#2113,.T.);
#1309=ORIENTED_EDGE('',*,*,#1862,.T.);
#1310=ORIENTED_EDGE('',*,*,#2114,.T.);
#1311=ORIENTED_EDGE('',*,*,#2115,.T.);
#1312=ORIENTED_EDGE('',*,*,#2116,.T.);
#1313=ORIENTED_EDGE('',*,*,#2117,.T.);
#1314=ORIENTED_EDGE('',*,*,#2118,.T.);
#1315=ORIENTED_EDGE('',*,*,#2119,.T.);
#1316=ORIENTED_EDGE('',*,*,#2120,.T.);
#1317=ORIENTED_EDGE('',*,*,#2121,.T.);
#1318=ORIENTED_EDGE('',*,*,#2122,.T.);
#1319=ORIENTED_EDGE('',*,*,#2123,.T.);
#1320=ORIENTED_EDGE('',*,*,#2124,.T.);
#1321=ORIENTED_EDGE('',*,*,#2125,.T.);
#1322=ORIENTED_EDGE('',*,*,#2126,.T.);
#1323=ORIENTED_EDGE('',*,*,#2127,.T.);
#1324=ORIENTED_EDGE('',*,*,#2128,.T.);
#1325=ORIENTED_EDGE('',*,*,#2129,.T.);
#1326=ORIENTED_EDGE('',*,*,#2130,.T.);
#1327=ORIENTED_EDGE('',*,*,#2131,.T.);
#1328=ORIENTED_EDGE('',*,*,#2132,.T.);
#1329=ORIENTED_EDGE('',*,*,#2133,.T.);
#1330=ORIENTED_EDGE('',*,*,#2134,.T.);
#1331=ORIENTED_EDGE('',*,*,#1780,.T.);
#1332=ORIENTED_EDGE('',*,*,#2135,.F.);
#1333=ORIENTED_EDGE('',*,*,#2104,.F.);
#1334=ORIENTED_EDGE('',*,*,#1864,.F.);
#1335=ORIENTED_EDGE('',*,*,#2113,.F.);
#1336=ORIENTED_EDGE('',*,*,#2136,.T.);
#1337=ORIENTED_EDGE('',*,*,#1782,.T.);
#1338=ORIENTED_EDGE('',*,*,#1863,.F.);
#1339=ORIENTED_EDGE('',*,*,#2134,.F.);
#1340=ORIENTED_EDGE('',*,*,#2137,.T.);
#1341=ORIENTED_EDGE('',*,*,#1655,.T.);
#1342=ORIENTED_EDGE('',*,*,#1866,.F.);
#1343=ORIENTED_EDGE('',*,*,#1675,.T.);
#1344=ORIENTED_EDGE('',*,*,#2138,.F.);
#1345=ORIENTED_EDGE('',*,*,#2114,.F.);
#1346=ORIENTED_EDGE('',*,*,#1861,.F.);
#1347=ORIENTED_EDGE('',*,*,#1790,.T.);
#1348=ORIENTED_EDGE('',*,*,#2139,.F.);
#1349=ORIENTED_EDGE('',*,*,#2105,.F.);
#1350=ORIENTED_EDGE('',*,*,#2135,.T.);
#1351=ORIENTED_EDGE('',*,*,#1789,.T.);
#1352=ORIENTED_EDGE('',*,*,#2140,.F.);
#1353=ORIENTED_EDGE('',*,*,#2106,.F.);
#1354=ORIENTED_EDGE('',*,*,#2139,.T.);
#1355=ORIENTED_EDGE('',*,*,#1788,.T.);
#1356=ORIENTED_EDGE('',*,*,#2141,.F.);
#1357=ORIENTED_EDGE('',*,*,#2107,.F.);
#1358=ORIENTED_EDGE('',*,*,#2140,.T.);
#1359=ORIENTED_EDGE('',*,*,#1787,.T.);
#1360=ORIENTED_EDGE('',*,*,#2142,.F.);
#1361=ORIENTED_EDGE('',*,*,#2108,.F.);
#1362=ORIENTED_EDGE('',*,*,#2141,.T.);
#1363=ORIENTED_EDGE('',*,*,#1786,.T.);
#1364=ORIENTED_EDGE('',*,*,#2143,.F.);
#1365=ORIENTED_EDGE('',*,*,#2109,.F.);
#1366=ORIENTED_EDGE('',*,*,#2142,.T.);
#1367=ORIENTED_EDGE('',*,*,#1785,.T.);
#1368=ORIENTED_EDGE('',*,*,#2144,.F.);
#1369=ORIENTED_EDGE('',*,*,#2110,.F.);
#1370=ORIENTED_EDGE('',*,*,#2143,.T.);
#1371=ORIENTED_EDGE('',*,*,#1784,.T.);
#1372=ORIENTED_EDGE('',*,*,#2145,.F.);
#1373=ORIENTED_EDGE('',*,*,#2111,.F.);
#1374=ORIENTED_EDGE('',*,*,#2144,.T.);
#1375=ORIENTED_EDGE('',*,*,#1783,.T.);
#1376=ORIENTED_EDGE('',*,*,#2136,.F.);
#1377=ORIENTED_EDGE('',*,*,#2112,.F.);
#1378=ORIENTED_EDGE('',*,*,#2145,.T.);
#1379=ORIENTED_EDGE('',*,*,#1656,.T.);
#1380=ORIENTED_EDGE('',*,*,#2137,.F.);
#1381=ORIENTED_EDGE('',*,*,#2133,.F.);
#1382=ORIENTED_EDGE('',*,*,#2146,.T.);
#1383=ORIENTED_EDGE('',*,*,#1674,.T.);
#1384=ORIENTED_EDGE('',*,*,#2147,.F.);
#1385=ORIENTED_EDGE('',*,*,#2115,.F.);
#1386=ORIENTED_EDGE('',*,*,#2138,.T.);
#1387=ORIENTED_EDGE('',*,*,#1673,.T.);
#1388=ORIENTED_EDGE('',*,*,#2148,.F.);
#1389=ORIENTED_EDGE('',*,*,#2116,.F.);
#1390=ORIENTED_EDGE('',*,*,#2147,.T.);
#1391=ORIENTED_EDGE('',*,*,#1672,.T.);
#1392=ORIENTED_EDGE('',*,*,#2149,.F.);
#1393=ORIENTED_EDGE('',*,*,#2117,.F.);
#1394=ORIENTED_EDGE('',*,*,#2148,.T.);
#1395=ORIENTED_EDGE('',*,*,#1671,.T.);
#1396=ORIENTED_EDGE('',*,*,#2150,.F.);
#1397=ORIENTED_EDGE('',*,*,#2118,.F.);
#1398=ORIENTED_EDGE('',*,*,#2149,.T.);
#1399=ORIENTED_EDGE('',*,*,#1670,.T.);
#1400=ORIENTED_EDGE('',*,*,#2151,.F.);
#1401=ORIENTED_EDGE('',*,*,#2119,.F.);
#1402=ORIENTED_EDGE('',*,*,#2150,.T.);
#1403=ORIENTED_EDGE('',*,*,#1669,.T.);
#1404=ORIENTED_EDGE('',*,*,#2152,.F.);
#1405=ORIENTED_EDGE('',*,*,#2120,.F.);
#1406=ORIENTED_EDGE('',*,*,#2151,.T.);
#1407=ORIENTED_EDGE('',*,*,#1668,.T.);
#1408=ORIENTED_EDGE('',*,*,#2153,.F.);
#1409=ORIENTED_EDGE('',*,*,#2121,.F.);
#1410=ORIENTED_EDGE('',*,*,#2152,.T.);
#1411=ORIENTED_EDGE('',*,*,#1667,.T.);
#1412=ORIENTED_EDGE('',*,*,#2154,.F.);
#1413=ORIENTED_EDGE('',*,*,#2122,.F.);
#1414=ORIENTED_EDGE('',*,*,#2153,.T.);
#1415=ORIENTED_EDGE('',*,*,#1666,.T.);
#1416=ORIENTED_EDGE('',*,*,#2155,.F.);
#1417=ORIENTED_EDGE('',*,*,#2123,.F.);
#1418=ORIENTED_EDGE('',*,*,#2154,.T.);
#1419=ORIENTED_EDGE('',*,*,#1665,.T.);
#1420=ORIENTED_EDGE('',*,*,#2156,.F.);
#1421=ORIENTED_EDGE('',*,*,#2124,.F.);
#1422=ORIENTED_EDGE('',*,*,#2155,.T.);
#1423=ORIENTED_EDGE('',*,*,#1664,.T.);
#1424=ORIENTED_EDGE('',*,*,#2157,.F.);
#1425=ORIENTED_EDGE('',*,*,#2125,.F.);
#1426=ORIENTED_EDGE('',*,*,#2156,.T.);
#1427=ORIENTED_EDGE('',*,*,#1663,.T.);
#1428=ORIENTED_EDGE('',*,*,#2158,.F.);
#1429=ORIENTED_EDGE('',*,*,#2126,.F.);
#1430=ORIENTED_EDGE('',*,*,#2157,.T.);
#1431=ORIENTED_EDGE('',*,*,#1662,.T.);
#1432=ORIENTED_EDGE('',*,*,#2159,.F.);
#1433=ORIENTED_EDGE('',*,*,#2127,.F.);
#1434=ORIENTED_EDGE('',*,*,#2158,.T.);
#1435=ORIENTED_EDGE('',*,*,#1661,.T.);
#1436=ORIENTED_EDGE('',*,*,#2160,.F.);
#1437=ORIENTED_EDGE('',*,*,#2128,.F.);
#1438=ORIENTED_EDGE('',*,*,#2159,.T.);
#1439=ORIENTED_EDGE('',*,*,#1660,.T.);
#1440=ORIENTED_EDGE('',*,*,#2161,.F.);
#1441=ORIENTED_EDGE('',*,*,#2129,.F.);
#1442=ORIENTED_EDGE('',*,*,#2160,.T.);
#1443=ORIENTED_EDGE('',*,*,#1659,.T.);
#1444=ORIENTED_EDGE('',*,*,#2162,.F.);
#1445=ORIENTED_EDGE('',*,*,#2130,.F.);
#1446=ORIENTED_EDGE('',*,*,#2161,.T.);
#1447=ORIENTED_EDGE('',*,*,#1658,.T.);
#1448=ORIENTED_EDGE('',*,*,#2163,.F.);
#1449=ORIENTED_EDGE('',*,*,#2131,.F.);
#1450=ORIENTED_EDGE('',*,*,#2162,.T.);
#1451=ORIENTED_EDGE('',*,*,#1657,.T.);
#1452=ORIENTED_EDGE('',*,*,#2146,.F.);
#1453=ORIENTED_EDGE('',*,*,#2132,.F.);
#1454=ORIENTED_EDGE('',*,*,#2163,.T.);
#1455=ORIENTED_EDGE('',*,*,#1825,.T.);
#1456=ORIENTED_EDGE('',*,*,#2164,.T.);
#1457=ORIENTED_EDGE('',*,*,#2165,.T.);
#1458=ORIENTED_EDGE('',*,*,#2166,.T.);
#1459=ORIENTED_EDGE('',*,*,#1639,.T.);
#1460=ORIENTED_EDGE('',*,*,#2167,.F.);
#1461=ORIENTED_EDGE('',*,*,#2164,.F.);
#1462=ORIENTED_EDGE('',*,*,#1824,.F.);
#1463=ORIENTED_EDGE('',*,*,#2166,.F.);
#1464=ORIENTED_EDGE('',*,*,#2168,.T.);
#1465=ORIENTED_EDGE('',*,*,#1778,.T.);
#1466=ORIENTED_EDGE('',*,*,#1826,.F.);
#1467=ORIENTED_EDGE('',*,*,#1779,.T.);
#1468=ORIENTED_EDGE('',*,*,#2168,.F.);
#1469=ORIENTED_EDGE('',*,*,#2165,.F.);
#1470=ORIENTED_EDGE('',*,*,#2167,.T.);
#1471=ORIENTED_EDGE('',*,*,#1853,.T.);
#1472=ORIENTED_EDGE('',*,*,#2169,.T.);
#1473=ORIENTED_EDGE('',*,*,#2170,.T.);
#1474=ORIENTED_EDGE('',*,*,#2171,.T.);
#1475=ORIENTED_EDGE('',*,*,#2172,.T.);
#1476=ORIENTED_EDGE('',*,*,#2173,.T.);
#1477=ORIENTED_EDGE('',*,*,#2174,.T.);
#1478=ORIENTED_EDGE('',*,*,#2175,.T.);
#1479=ORIENTED_EDGE('',*,*,#2176,.T.);
#1480=ORIENTED_EDGE('',*,*,#2177,.T.);
#1481=ORIENTED_EDGE('',*,*,#2178,.T.);
#1482=ORIENTED_EDGE('',*,*,#2179,.T.);
#1483=ORIENTED_EDGE('',*,*,#2180,.T.);
#1484=ORIENTED_EDGE('',*,*,#2181,.T.);
#1485=ORIENTED_EDGE('',*,*,#2182,.T.);
#1486=ORIENTED_EDGE('',*,*,#2183,.T.);
#1487=ORIENTED_EDGE('',*,*,#2184,.T.);
#1488=ORIENTED_EDGE('',*,*,#2185,.T.);
#1489=ORIENTED_EDGE('',*,*,#2186,.T.);
#1490=ORIENTED_EDGE('',*,*,#2187,.T.);
#1491=ORIENTED_EDGE('',*,*,#1850,.T.);
#1492=ORIENTED_EDGE('',*,*,#2188,.T.);
#1493=ORIENTED_EDGE('',*,*,#2189,.T.);
#1494=ORIENTED_EDGE('',*,*,#2190,.T.);
#1495=ORIENTED_EDGE('',*,*,#2191,.T.);
#1496=ORIENTED_EDGE('',*,*,#2192,.T.);
#1497=ORIENTED_EDGE('',*,*,#2193,.T.);
#1498=ORIENTED_EDGE('',*,*,#2194,.T.);
#1499=ORIENTED_EDGE('',*,*,#2195,.T.);
#1500=ORIENTED_EDGE('',*,*,#2196,.T.);
#1501=ORIENTED_EDGE('',*,*,#2197,.T.);
#1502=ORIENTED_EDGE('',*,*,#2198,.T.);
#1503=ORIENTED_EDGE('',*,*,#2199,.T.);
#1504=ORIENTED_EDGE('',*,*,#1795,.T.);
#1505=ORIENTED_EDGE('',*,*,#2200,.F.);
#1506=ORIENTED_EDGE('',*,*,#2169,.F.);
#1507=ORIENTED_EDGE('',*,*,#1852,.F.);
#1508=ORIENTED_EDGE('',*,*,#2187,.F.);
#1509=ORIENTED_EDGE('',*,*,#2201,.T.);
#1510=ORIENTED_EDGE('',*,*,#1797,.T.);
#1511=ORIENTED_EDGE('',*,*,#1851,.F.);
#1512=ORIENTED_EDGE('',*,*,#2199,.F.);
#1513=ORIENTED_EDGE('',*,*,#2202,.T.);
#1514=ORIENTED_EDGE('',*,*,#1701,.T.);
#1515=ORIENTED_EDGE('',*,*,#1854,.F.);
#1516=ORIENTED_EDGE('',*,*,#1712,.T.);
#1517=ORIENTED_EDGE('',*,*,#2203,.F.);
#1518=ORIENTED_EDGE('',*,*,#2188,.F.);
#1519=ORIENTED_EDGE('',*,*,#1849,.F.);
#1520=ORIENTED_EDGE('',*,*,#1814,.T.);
#1521=ORIENTED_EDGE('',*,*,#2204,.F.);
#1522=ORIENTED_EDGE('',*,*,#2170,.F.);
#1523=ORIENTED_EDGE('',*,*,#2200,.T.);
#1524=ORIENTED_EDGE('',*,*,#1813,.T.);
#1525=ORIENTED_EDGE('',*,*,#2205,.F.);
#1526=ORIENTED_EDGE('',*,*,#2171,.F.);
#1527=ORIENTED_EDGE('',*,*,#2204,.T.);
#1528=ORIENTED_EDGE('',*,*,#1812,.T.);
#1529=ORIENTED_EDGE('',*,*,#2206,.F.);
#1530=ORIENTED_EDGE('',*,*,#2172,.F.);
#1531=ORIENTED_EDGE('',*,*,#2205,.T.);
#1532=ORIENTED_EDGE('',*,*,#1811,.T.);
#1533=ORIENTED_EDGE('',*,*,#2207,.F.);
#1534=ORIENTED_EDGE('',*,*,#2173,.F.);
#1535=ORIENTED_EDGE('',*,*,#2206,.T.);
#1536=ORIENTED_EDGE('',*,*,#1810,.T.);
#1537=ORIENTED_EDGE('',*,*,#2208,.F.);
#1538=ORIENTED_EDGE('',*,*,#2174,.F.);
#1539=ORIENTED_EDGE('',*,*,#2207,.T.);
#1540=ORIENTED_EDGE('',*,*,#1809,.T.);
#1541=ORIENTED_EDGE('',*,*,#2209,.F.);
#1542=ORIENTED_EDGE('',*,*,#2175,.F.);
#1543=ORIENTED_EDGE('',*,*,#2208,.T.);
#1544=ORIENTED_EDGE('',*,*,#1808,.T.);
#1545=ORIENTED_EDGE('',*,*,#2210,.F.);
#1546=ORIENTED_EDGE('',*,*,#2176,.F.);
#1547=ORIENTED_EDGE('',*,*,#2209,.T.);
#1548=ORIENTED_EDGE('',*,*,#1807,.T.);
#1549=ORIENTED_EDGE('',*,*,#2211,.F.);
#1550=ORIENTED_EDGE('',*,*,#2177,.F.);
#1551=ORIENTED_EDGE('',*,*,#2210,.T.);
#1552=ORIENTED_EDGE('',*,*,#1806,.T.);
#1553=ORIENTED_EDGE('',*,*,#2212,.F.);
#1554=ORIENTED_EDGE('',*,*,#2178,.F.);
#1555=ORIENTED_EDGE('',*,*,#2211,.T.);
#1556=ORIENTED_EDGE('',*,*,#1805,.T.);
#1557=ORIENTED_EDGE('',*,*,#2213,.F.);
#1558=ORIENTED_EDGE('',*,*,#2179,.F.);
#1559=ORIENTED_EDGE('',*,*,#2212,.T.);
#1560=ORIENTED_EDGE('',*,*,#1804,.T.);
#1561=ORIENTED_EDGE('',*,*,#2214,.F.);
#1562=ORIENTED_EDGE('',*,*,#2180,.F.);
#1563=ORIENTED_EDGE('',*,*,#2213,.T.);
#1564=ORIENTED_EDGE('',*,*,#1803,.T.);
#1565=ORIENTED_EDGE('',*,*,#2215,.F.);
#1566=ORIENTED_EDGE('',*,*,#2181,.F.);
#1567=ORIENTED_EDGE('',*,*,#2214,.T.);
#1568=ORIENTED_EDGE('',*,*,#1802,.T.);
#1569=ORIENTED_EDGE('',*,*,#2216,.F.);
#1570=ORIENTED_EDGE('',*,*,#2182,.F.);
#1571=ORIENTED_EDGE('',*,*,#2215,.T.);
#1572=ORIENTED_EDGE('',*,*,#1801,.T.);
#1573=ORIENTED_EDGE('',*,*,#2217,.F.);
#1574=ORIENTED_EDGE('',*,*,#2183,.F.);
#1575=ORIENTED_EDGE('',*,*,#2216,.T.);
#1576=ORIENTED_EDGE('',*,*,#1800,.T.);
#1577=ORIENTED_EDGE('',*,*,#2218,.F.);
#1578=ORIENTED_EDGE('',*,*,#2184,.F.);
#1579=ORIENTED_EDGE('',*,*,#2217,.T.);
#1580=ORIENTED_EDGE('',*,*,#1799,.T.);
#1581=ORIENTED_EDGE('',*,*,#2219,.F.);
#1582=ORIENTED_EDGE('',*,*,#2185,.F.);
#1583=ORIENTED_EDGE('',*,*,#2218,.T.);
#1584=ORIENTED_EDGE('',*,*,#1798,.T.);
#1585=ORIENTED_EDGE('',*,*,#2201,.F.);
#1586=ORIENTED_EDGE('',*,*,#2186,.F.);
#1587=ORIENTED_EDGE('',*,*,#2219,.T.);
#1588=ORIENTED_EDGE('',*,*,#1702,.T.);
#1589=ORIENTED_EDGE('',*,*,#2202,.F.);
#1590=ORIENTED_EDGE('',*,*,#2198,.F.);
#1591=ORIENTED_EDGE('',*,*,#2220,.T.);
#1592=ORIENTED_EDGE('',*,*,#1711,.T.);
#1593=ORIENTED_EDGE('',*,*,#2221,.F.);
#1594=ORIENTED_EDGE('',*,*,#2189,.F.);
#1595=ORIENTED_EDGE('',*,*,#2203,.T.);
#1596=ORIENTED_EDGE('',*,*,#1710,.T.);
#1597=ORIENTED_EDGE('',*,*,#2222,.F.);
#1598=ORIENTED_EDGE('',*,*,#2190,.F.);
#1599=ORIENTED_EDGE('',*,*,#2221,.T.);
#1600=ORIENTED_EDGE('',*,*,#1709,.T.);
#1601=ORIENTED_EDGE('',*,*,#2223,.F.);
#1602=ORIENTED_EDGE('',*,*,#2191,.F.);
#1603=ORIENTED_EDGE('',*,*,#2222,.T.);
#1604=ORIENTED_EDGE('',*,*,#1708,.T.);
#1605=ORIENTED_EDGE('',*,*,#2224,.F.);
#1606=ORIENTED_EDGE('',*,*,#2192,.F.);
#1607=ORIENTED_EDGE('',*,*,#2223,.T.);
#1608=ORIENTED_EDGE('',*,*,#1707,.T.);
#1609=ORIENTED_EDGE('',*,*,#2225,.F.);
#1610=ORIENTED_EDGE('',*,*,#2193,.F.);
#1611=ORIENTED_EDGE('',*,*,#2224,.T.);
#1612=ORIENTED_EDGE('',*,*,#1706,.T.);
#1613=ORIENTED_EDGE('',*,*,#2226,.F.);
#1614=ORIENTED_EDGE('',*,*,#2194,.F.);
#1615=ORIENTED_EDGE('',*,*,#2225,.T.);
#1616=ORIENTED_EDGE('',*,*,#1705,.T.);
#1617=ORIENTED_EDGE('',*,*,#2227,.F.);
#1618=ORIENTED_EDGE('',*,*,#2195,.F.);
#1619=ORIENTED_EDGE('',*,*,#2226,.T.);
#1620=ORIENTED_EDGE('',*,*,#1704,.T.);
#1621=ORIENTED_EDGE('',*,*,#2228,.F.);
#1622=ORIENTED_EDGE('',*,*,#2196,.F.);
#1623=ORIENTED_EDGE('',*,*,#2227,.T.);
#1624=ORIENTED_EDGE('',*,*,#1703,.T.);
#1625=ORIENTED_EDGE('',*,*,#2220,.F.);
#1626=ORIENTED_EDGE('',*,*,#2197,.F.);
#1627=ORIENTED_EDGE('',*,*,#2228,.T.);
#1628=ORIENTED_EDGE('',*,*,#1868,.T.);
#1629=ORIENTED_EDGE('',*,*,#2229,.T.);
#1630=ORIENTED_EDGE('',*,*,#2230,.T.);
#1631=ORIENTED_EDGE('',*,*,#1653,.T.);
#1632=ORIENTED_EDGE('',*,*,#2231,.F.);
#1633=ORIENTED_EDGE('',*,*,#2229,.F.);
#1634=ORIENTED_EDGE('',*,*,#1867,.F.);
#1635=ORIENTED_EDGE('',*,*,#2230,.F.);
#1636=ORIENTED_EDGE('',*,*,#2231,.T.);
#1637=ORIENTED_EDGE('',*,*,#1652,.T.);
#1638=ORIENTED_EDGE('',*,*,#1869,.F.);
#1639=EDGE_CURVE('',#2232,#2233,#2636,.T.);
#1640=EDGE_CURVE('',#2232,#2234,#2637,.T.);
#1641=EDGE_CURVE('',#2235,#2234,#2638,.T.);
#1642=EDGE_CURVE('',#2236,#2235,#2639,.T.);
#1643=EDGE_CURVE('',#2237,#2236,#2640,.T.);
#1644=EDGE_CURVE('',#2238,#2237,#177,.T.);
#1645=EDGE_CURVE('',#2239,#2238,#178,.T.);
#1646=EDGE_CURVE('',#2240,#2239,#179,.T.);
#1647=EDGE_CURVE('',#2241,#2240,#180,.T.);
#1648=EDGE_CURVE('',#2242,#2241,#181,.T.);
#1649=EDGE_CURVE('',#2243,#2242,#182,.T.);
#1650=EDGE_CURVE('',#2244,#2243,#183,.T.);
#1651=EDGE_CURVE('',#2244,#2245,#2641,.T.);
#1652=EDGE_CURVE('',#2246,#2245,#2642,.T.);
#1653=EDGE_CURVE('',#2247,#2246,#2643,.T.);
#1654=EDGE_CURVE('',#2247,#2248,#2644,.T.);
#1655=EDGE_CURVE('',#2249,#2248,#184,.T.);
#1656=EDGE_CURVE('',#2250,#2249,#185,.T.);
#1657=EDGE_CURVE('',#2251,#2250,#186,.T.);
#1658=EDGE_CURVE('',#2252,#2251,#187,.T.);
#1659=EDGE_CURVE('',#2253,#2252,#188,.T.);
#1660=EDGE_CURVE('',#2254,#2253,#189,.T.);
#1661=EDGE_CURVE('',#2255,#2254,#190,.T.);
#1662=EDGE_CURVE('',#2256,#2255,#191,.T.);
#1663=EDGE_CURVE('',#2257,#2256,#192,.T.);
#1664=EDGE_CURVE('',#2258,#2257,#193,.T.);
#1665=EDGE_CURVE('',#2259,#2258,#194,.T.);
#1666=EDGE_CURVE('',#2260,#2259,#2645,.T.);
#1667=EDGE_CURVE('',#2261,#2260,#2646,.T.);
#1668=EDGE_CURVE('',#2262,#2261,#195,.T.);
#1669=EDGE_CURVE('',#2263,#2262,#196,.T.);
#1670=EDGE_CURVE('',#2264,#2263,#197,.T.);
#1671=EDGE_CURVE('',#2265,#2264,#198,.T.);
#1672=EDGE_CURVE('',#2266,#2265,#2647,.T.);
#1673=EDGE_CURVE('',#2267,#2266,#2648,.T.);
#1674=EDGE_CURVE('',#2268,#2267,#2649,.T.);
#1675=EDGE_CURVE('',#2269,#2268,#2650,.T.);
#1676=EDGE_CURVE('',#2269,#2270,#2651,.T.);
#1677=EDGE_CURVE('',#2271,#2270,#2652,.T.);
#1678=EDGE_CURVE('',#2272,#2271,#199,.T.);
#1679=EDGE_CURVE('',#2273,#2272,#200,.T.);
#1680=EDGE_CURVE('',#2274,#2273,#201,.T.);
#1681=EDGE_CURVE('',#2275,#2274,#202,.T.);
#1682=EDGE_CURVE('',#2276,#2275,#203,.T.);
#1683=EDGE_CURVE('',#2277,#2276,#204,.T.);
#1684=EDGE_CURVE('',#2278,#2277,#205,.T.);
#1685=EDGE_CURVE('',#2279,#2278,#206,.T.);
#1686=EDGE_CURVE('',#2280,#2279,#207,.T.);
#1687=EDGE_CURVE('',#2281,#2280,#208,.T.);
#1688=EDGE_CURVE('',#2282,#2281,#209,.T.);
#1689=EDGE_CURVE('',#2283,#2282,#210,.T.);
#1690=EDGE_CURVE('',#2284,#2283,#2653,.T.);
#1691=EDGE_CURVE('',#2285,#2284,#2654,.T.);
#1692=EDGE_CURVE('',#2286,#2285,#211,.T.);
#1693=EDGE_CURVE('',#2287,#2286,#212,.T.);
#1694=EDGE_CURVE('',#2288,#2287,#213,.T.);
#1695=EDGE_CURVE('',#2288,#2289,#2655,.T.);
#1696=EDGE_CURVE('',#2290,#2289,#214,.T.);
#1697=EDGE_CURVE('',#2291,#2290,#2656,.T.);
#1698=EDGE_CURVE('',#2292,#2291,#2657,.T.);
#1699=EDGE_CURVE('',#2293,#2292,#2658,.T.);
#1700=EDGE_CURVE('',#2293,#2294,#2659,.T.);
#1701=EDGE_CURVE('',#2295,#2294,#215,.T.);
#1702=EDGE_CURVE('',#2296,#2295,#216,.T.);
#1703=EDGE_CURVE('',#2297,#2296,#217,.T.);
#1704=EDGE_CURVE('',#2298,#2297,#218,.T.);
#1705=EDGE_CURVE('',#2299,#2298,#219,.T.);
#1706=EDGE_CURVE('',#2300,#2299,#220,.T.);
#1707=EDGE_CURVE('',#2301,#2300,#221,.T.);
#1708=EDGE_CURVE('',#2302,#2301,#222,.T.);
#1709=EDGE_CURVE('',#2303,#2302,#223,.T.);
#1710=EDGE_CURVE('',#2304,#2303,#224,.T.);
#1711=EDGE_CURVE('',#2305,#2304,#225,.T.);
#1712=EDGE_CURVE('',#2306,#2305,#226,.T.);
#1713=EDGE_CURVE('',#2306,#2307,#2660,.T.);
#1714=EDGE_CURVE('',#2308,#2307,#2661,.T.);
#1715=EDGE_CURVE('',#2309,#2308,#2662,.T.);
#1716=EDGE_CURVE('',#2310,#2309,#227,.T.);
#1717=EDGE_CURVE('',#2311,#2310,#228,.T.);
#1718=EDGE_CURVE('',#2312,#2311,#229,.T.);
#1719=EDGE_CURVE('',#2313,#2312,#230,.T.);
#1720=EDGE_CURVE('',#2314,#2313,#231,.T.);
#1721=EDGE_CURVE('',#2315,#2314,#232,.T.);
#1722=EDGE_CURVE('',#2316,#2315,#233,.T.);
#1723=EDGE_CURVE('',#2317,#2316,#234,.T.);
#1724=EDGE_CURVE('',#2318,#2317,#2663,.T.);
#1725=EDGE_CURVE('',#2319,#2318,#2664,.T.);
#1726=EDGE_CURVE('',#2320,#2319,#2665,.T.);
#1727=EDGE_CURVE('',#2320,#2321,#2666,.T.);
#1728=EDGE_CURVE('',#2322,#2321,#2667,.T.);
#1729=EDGE_CURVE('',#2323,#2322,#2668,.T.);
#1730=EDGE_CURVE('',#2324,#2323,#2669,.T.);
#1731=EDGE_CURVE('',#2325,#2324,#235,.T.);
#1732=EDGE_CURVE('',#2326,#2325,#236,.T.);
#1733=EDGE_CURVE('',#2327,#2326,#237,.T.);
#1734=EDGE_CURVE('',#2328,#2327,#238,.T.);
#1735=EDGE_CURVE('',#2329,#2328,#239,.T.);
#1736=EDGE_CURVE('',#2330,#2329,#240,.T.);
#1737=EDGE_CURVE('',#2331,#2330,#241,.T.);
#1738=EDGE_CURVE('',#2332,#2331,#242,.T.);
#1739=EDGE_CURVE('',#2333,#2332,#243,.T.);
#1740=EDGE_CURVE('',#2334,#2333,#244,.T.);
#1741=EDGE_CURVE('',#2335,#2334,#245,.T.);
#1742=EDGE_CURVE('',#2336,#2335,#246,.T.);
#1743=EDGE_CURVE('',#2337,#2336,#247,.T.);
#1744=EDGE_CURVE('',#2338,#2337,#248,.T.);
#1745=EDGE_CURVE('',#2339,#2338,#249,.T.);
#1746=EDGE_CURVE('',#2340,#2339,#250,.T.);
#1747=EDGE_CURVE('',#2341,#2340,#2670,.T.);
#1748=EDGE_CURVE('',#2342,#2341,#2671,.T.);
#1749=EDGE_CURVE('',#2343,#2342,#251,.T.);
#1750=EDGE_CURVE('',#2344,#2343,#252,.T.);
#1751=EDGE_CURVE('',#2345,#2344,#253,.T.);
#1752=EDGE_CURVE('',#2346,#2345,#254,.T.);
#1753=EDGE_CURVE('',#2347,#2346,#255,.T.);
#1754=EDGE_CURVE('',#2348,#2347,#256,.T.);
#1755=EDGE_CURVE('',#2349,#2348,#257,.T.);
#1756=EDGE_CURVE('',#2350,#2349,#258,.T.);
#1757=EDGE_CURVE('',#2351,#2350,#259,.T.);
#1758=EDGE_CURVE('',#2352,#2351,#260,.T.);
#1759=EDGE_CURVE('',#2353,#2352,#261,.T.);
#1760=EDGE_CURVE('',#2354,#2353,#262,.T.);
#1761=EDGE_CURVE('',#2354,#2355,#2672,.T.);
#1762=EDGE_CURVE('',#2356,#2355,#263,.T.);
#1763=EDGE_CURVE('',#2357,#2356,#264,.T.);
#1764=EDGE_CURVE('',#2358,#2357,#265,.T.);
#1765=EDGE_CURVE('',#2359,#2358,#266,.T.);
#1766=EDGE_CURVE('',#2360,#2359,#267,.T.);
#1767=EDGE_CURVE('',#2361,#2360,#268,.T.);
#1768=EDGE_CURVE('',#2362,#2361,#269,.T.);
#1769=EDGE_CURVE('',#2363,#2362,#270,.T.);
#1770=EDGE_CURVE('',#2364,#2363,#2673,.T.);
#1771=EDGE_CURVE('',#2365,#2364,#2674,.T.);
#1772=EDGE_CURVE('',#2366,#2365,#2675,.T.);
#1773=EDGE_CURVE('',#2366,#2367,#2676,.T.);
#1774=EDGE_CURVE('',#2367,#2368,#161,.T.);
#1775=EDGE_CURVE('',#2369,#2368,#2677,.T.);
#1776=EDGE_CURVE('',#2369,#2370,#162,.T.);
#1777=EDGE_CURVE('',#2370,#2371,#2678,.T.);
#1778=EDGE_CURVE('',#2372,#2371,#2679,.T.);
#1779=EDGE_CURVE('',#2233,#2372,#2680,.T.);
#1780=EDGE_CURVE('',#2373,#2374,#271,.T.);
#1781=EDGE_CURVE('',#2373,#2375,#2681,.T.);
#1782=EDGE_CURVE('',#2376,#2375,#272,.T.);
#1783=EDGE_CURVE('',#2377,#2376,#273,.T.);
#1784=EDGE_CURVE('',#2378,#2377,#274,.T.);
#1785=EDGE_CURVE('',#2379,#2378,#275,.T.);
#1786=EDGE_CURVE('',#2380,#2379,#276,.T.);
#1787=EDGE_CURVE('',#2381,#2380,#277,.T.);
#1788=EDGE_CURVE('',#2382,#2381,#278,.T.);
#1789=EDGE_CURVE('',#2383,#2382,#279,.T.);
#1790=EDGE_CURVE('',#2374,#2383,#280,.T.);
#1791=EDGE_CURVE('',#2384,#2385,#281,.T.);
#1792=EDGE_CURVE('',#2384,#2386,#2682,.T.);
#1793=EDGE_CURVE('',#2387,#2386,#2683,.T.);
#1794=EDGE_CURVE('',#2385,#2387,#2684,.T.);
#1795=EDGE_CURVE('',#2388,#2389,#282,.T.);
#1796=EDGE_CURVE('',#2388,#2390,#2685,.T.);
#1797=EDGE_CURVE('',#2391,#2390,#283,.T.);
#1798=EDGE_CURVE('',#2392,#2391,#284,.T.);
#1799=EDGE_CURVE('',#2393,#2392,#285,.T.);
#1800=EDGE_CURVE('',#2394,#2393,#286,.T.);
#1801=EDGE_CURVE('',#2395,#2394,#287,.T.);
#1802=EDGE_CURVE('',#2396,#2395,#288,.T.);
#1803=EDGE_CURVE('',#2397,#2396,#289,.T.);
#1804=EDGE_CURVE('',#2398,#2397,#290,.T.);
#1805=EDGE_CURVE('',#2399,#2398,#291,.T.);
#1806=EDGE_CURVE('',#2400,#2399,#292,.T.);
#1807=EDGE_CURVE('',#2401,#2400,#293,.T.);
#1808=EDGE_CURVE('',#2402,#2401,#294,.T.);
#1809=EDGE_CURVE('',#2403,#2402,#295,.T.);
#1810=EDGE_CURVE('',#2404,#2403,#296,.T.);
#1811=EDGE_CURVE('',#2405,#2404,#297,.T.);
#1812=EDGE_CURVE('',#2406,#2405,#298,.T.);
#1813=EDGE_CURVE('',#2407,#2406,#299,.T.);
#1814=EDGE_CURVE('',#2389,#2407,#300,.T.);
#1815=EDGE_CURVE('',#2408,#2409,#301,.T.);
#1816=EDGE_CURVE('',#2410,#2408,#2686,.T.);
#1817=EDGE_CURVE('',#2411,#2410,#2687,.T.);
#1818=EDGE_CURVE('',#2412,#2411,#302,.T.);
#1819=EDGE_CURVE('',#2412,#2413,#2688,.T.);
#1820=EDGE_CURVE('',#2409,#2413,#303,.T.);
#1821=EDGE_CURVE('',#2414,#2415,#2689,.T.);
#1822=EDGE_CURVE('',#2414,#2416,#2690,.T.);
#1823=EDGE_CURVE('',#2415,#2416,#2691,.T.);
#1824=EDGE_CURVE('',#2232,#2417,#2692,.T.);
#1825=EDGE_CURVE('',#2418,#2417,#2693,.T.);
#1826=EDGE_CURVE('',#2418,#2371,#2694,.T.);
#1827=EDGE_CURVE('',#2370,#2419,#163,.T.);
#1828=EDGE_CURVE('',#2420,#2419,#2695,.T.);
#1829=EDGE_CURVE('',#2420,#2421,#164,.T.);
#1830=EDGE_CURVE('',#2421,#2422,#2696,.T.);
#1831=EDGE_CURVE('',#2422,#2423,#165,.T.);
#1832=EDGE_CURVE('',#2423,#2424,#2697,.T.);
#1833=EDGE_CURVE('',#2424,#2367,#166,.T.);
#1834=EDGE_CURVE('',#2366,#2425,#2698,.T.);
#1835=EDGE_CURVE('',#2426,#2425,#2699,.T.);
#1836=EDGE_CURVE('',#2426,#2416,#2700,.T.);
#1837=EDGE_CURVE('',#2414,#2427,#2701,.T.);
#1838=EDGE_CURVE('',#2428,#2427,#2702,.T.);
#1839=EDGE_CURVE('',#2428,#2355,#2703,.T.);
#1840=EDGE_CURVE('',#2354,#2429,#2704,.F.);
#1841=EDGE_CURVE('',#2430,#2429,#2705,.T.);
#1842=EDGE_CURVE('',#2430,#2413,#2706,.T.);
#1843=EDGE_CURVE('',#2412,#2431,#2707,.F.);
#1844=EDGE_CURVE('',#2432,#2431,#2708,.T.);
#1845=EDGE_CURVE('',#2432,#2321,#2709,.T.);
#1846=EDGE_CURVE('',#2320,#2433,#2710,.T.);
#1847=EDGE_CURVE('',#2434,#2433,#2711,.T.);
#1848=EDGE_CURVE('',#2434,#2307,#2712,.T.);
#1849=EDGE_CURVE('',#2306,#2435,#2713,.F.);
#1850=EDGE_CURVE('',#2436,#2435,#2714,.T.);
#1851=EDGE_CURVE('',#2436,#2390,#2715,.T.);
#1852=EDGE_CURVE('',#2388,#2437,#2716,.F.);
#1853=EDGE_CURVE('',#2438,#2437,#2717,.T.);
#1854=EDGE_CURVE('',#2438,#2294,#2718,.T.);
#1855=EDGE_CURVE('',#2293,#2439,#2719,.T.);
#1856=EDGE_CURVE('',#2440,#2439,#2720,.T.);
#1857=EDGE_CURVE('',#2440,#2289,#2721,.T.);
#1858=EDGE_CURVE('',#2288,#2441,#2722,.F.);
#1859=EDGE_CURVE('',#2442,#2441,#2723,.T.);
#1860=EDGE_CURVE('',#2442,#2270,#2724,.T.);
#1861=EDGE_CURVE('',#2269,#2443,#2725,.T.);
#1862=EDGE_CURVE('',#2444,#2443,#2726,.T.);
#1863=EDGE_CURVE('',#2444,#2375,#2727,.T.);
#1864=EDGE_CURVE('',#2373,#2445,#2728,.F.);
#1865=EDGE_CURVE('',#2446,#2445,#2729,.T.);
#1866=EDGE_CURVE('',#2446,#2248,#2730,.T.);
#1867=EDGE_CURVE('',#2247,#2447,#2731,.T.);
#1868=EDGE_CURVE('',#2448,#2447,#2732,.T.);
#1869=EDGE_CURVE('',#2448,#2245,#2733,.T.);
#1870=EDGE_CURVE('',#2244,#2449,#2734,.F.);
#1871=EDGE_CURVE('',#2450,#2449,#2735,.T.);
#1872=EDGE_CURVE('',#2450,#2386,#2736,.T.);
#1873=EDGE_CURVE('',#2384,#2451,#2737,.F.);
#1874=EDGE_CURVE('',#2452,#2451,#2738,.T.);
#1875=EDGE_CURVE('',#2452,#2234,#2739,.T.);
#1876=EDGE_CURVE('',#2453,#2453,#304,.T.);
#1877=EDGE_CURVE('',#2454,#2454,#305,.F.);
#1878=EDGE_CURVE('',#2455,#2455,#306,.T.);
#1879=EDGE_CURVE('',#2456,#2456,#307,.T.);
#1880=EDGE_CURVE('',#2457,#2457,#308,.T.);
#1881=EDGE_CURVE('',#2458,#2458,#309,.T.);
#1882=EDGE_CURVE('',#2459,#2459,#310,.F.);
#1883=EDGE_CURVE('',#2460,#2460,#311,.T.);
#1884=EDGE_CURVE('',#2461,#2461,#157,.T.);
#1885=EDGE_CURVE('',#2462,#2462,#158,.F.);
#1886=EDGE_CURVE('',#2463,#2464,#2740,.T.);
#1887=EDGE_CURVE('',#2463,#2465,#167,.T.);
#1888=EDGE_CURVE('',#2466,#2465,#2741,.T.);
#1889=EDGE_CURVE('',#2466,#2369,#168,.T.);
#1890=EDGE_CURVE('',#2368,#2467,#169,.T.);
#1891=EDGE_CURVE('',#2467,#2468,#2742,.T.);
#1892=EDGE_CURVE('',#2468,#2464,#170,.T.);
#1893=EDGE_CURVE('',#2469,#2469,#159,.F.);
#1894=EDGE_CURVE('',#2470,#2470,#160,.T.);
#1895=EDGE_CURVE('',#2471,#2471,#312,.F.);
#1896=EDGE_CURVE('',#2472,#2472,#313,.F.);
#1897=EDGE_CURVE('',#2421,#2463,#171,.T.);
#1898=EDGE_CURVE('',#2464,#2422,#172,.T.);
#1899=EDGE_CURVE('',#2465,#2420,#173,.T.);
#1900=EDGE_CURVE('',#2419,#2466,#174,.T.);
#1901=EDGE_CURVE('',#2423,#2468,#175,.T.);
#1902=EDGE_CURVE('',#2467,#2424,#176,.T.);
#1903=EDGE_CURVE('',#2473,#2473,#314,.T.);
#1904=EDGE_CURVE('',#2474,#2474,#315,.T.);
#1905=EDGE_CURVE('',#2475,#2475,#316,.T.);
#1906=EDGE_CURVE('',#2476,#2476,#317,.T.);
#1907=EDGE_CURVE('',#2477,#2477,#318,.T.);
#1908=EDGE_CURVE('',#2478,#2478,#319,.F.);
#1909=EDGE_CURVE('',#2479,#2479,#320,.T.);
#1910=EDGE_CURVE('',#2480,#2480,#321,.T.);
#1911=EDGE_CURVE('',#2481,#2481,#322,.T.);
#1912=EDGE_CURVE('',#2482,#2482,#323,.F.);
#1913=EDGE_CURVE('',#2483,#2483,#324,.T.);
#1914=EDGE_CURVE('',#2484,#2484,#325,.T.);
#1915=EDGE_CURVE('',#2427,#2485,#2743,.T.);
#1916=EDGE_CURVE('',#2485,#2426,#2744,.T.);
#1917=EDGE_CURVE('',#2425,#2486,#2745,.T.);
#1918=EDGE_CURVE('',#2486,#2487,#2746,.T.);
#1919=EDGE_CURVE('',#2487,#2488,#2747,.T.);
#1920=EDGE_CURVE('',#2488,#2489,#326,.T.);
#1921=EDGE_CURVE('',#2489,#2490,#327,.T.);
#1922=EDGE_CURVE('',#2490,#2491,#328,.T.);
#1923=EDGE_CURVE('',#2491,#2492,#329,.T.);
#1924=EDGE_CURVE('',#2492,#2493,#330,.T.);
#1925=EDGE_CURVE('',#2493,#2494,#331,.T.);
#1926=EDGE_CURVE('',#2494,#2495,#332,.T.);
#1927=EDGE_CURVE('',#2495,#2428,#333,.T.);
#1928=EDGE_CURVE('',#2486,#2365,#2748,.T.);
#1929=EDGE_CURVE('',#2495,#2356,#2749,.T.);
#1930=EDGE_CURVE('',#2485,#2415,#2750,.T.);
#1931=EDGE_CURVE('',#2487,#2364,#2751,.T.);
#1932=EDGE_CURVE('',#2488,#2363,#2752,.T.);
#1933=EDGE_CURVE('',#2489,#2362,#2753,.T.);
#1934=EDGE_CURVE('',#2490,#2361,#2754,.T.);
#1935=EDGE_CURVE('',#2491,#2360,#2755,.T.);
#1936=EDGE_CURVE('',#2492,#2359,#2756,.T.);
#1937=EDGE_CURVE('',#2493,#2358,#2757,.T.);
#1938=EDGE_CURVE('',#2494,#2357,#2758,.T.);
#1939=EDGE_CURVE('',#2431,#2496,#334,.T.);
#1940=EDGE_CURVE('',#2496,#2497,#2759,.T.);
#1941=EDGE_CURVE('',#2497,#2498,#2760,.T.);
#1942=EDGE_CURVE('',#2498,#2499,#335,.T.);
#1943=EDGE_CURVE('',#2499,#2430,#336,.T.);
#1944=EDGE_CURVE('',#2429,#2500,#337,.T.);
#1945=EDGE_CURVE('',#2500,#2501,#338,.T.);
#1946=EDGE_CURVE('',#2501,#2502,#339,.T.);
#1947=EDGE_CURVE('',#2502,#2503,#340,.T.);
#1948=EDGE_CURVE('',#2503,#2504,#341,.T.);
#1949=EDGE_CURVE('',#2504,#2505,#342,.T.);
#1950=EDGE_CURVE('',#2505,#2506,#343,.T.);
#1951=EDGE_CURVE('',#2506,#2507,#344,.T.);
#1952=EDGE_CURVE('',#2507,#2508,#345,.T.);
#1953=EDGE_CURVE('',#2508,#2509,#346,.T.);
#1954=EDGE_CURVE('',#2509,#2510,#347,.T.);
#1955=EDGE_CURVE('',#2510,#2511,#348,.T.);
#1956=EDGE_CURVE('',#2511,#2512,#2761,.T.);
#1957=EDGE_CURVE('',#2512,#2513,#2762,.T.);
#1958=EDGE_CURVE('',#2513,#2514,#349,.T.);
#1959=EDGE_CURVE('',#2514,#2515,#350,.T.);
#1960=EDGE_CURVE('',#2515,#2516,#351,.T.);
#1961=EDGE_CURVE('',#2516,#2517,#352,.T.);
#1962=EDGE_CURVE('',#2517,#2518,#353,.T.);
#1963=EDGE_CURVE('',#2518,#2519,#354,.T.);
#1964=EDGE_CURVE('',#2519,#2520,#355,.T.);
#1965=EDGE_CURVE('',#2520,#2521,#356,.T.);
#1966=EDGE_CURVE('',#2521,#2522,#357,.T.);
#1967=EDGE_CURVE('',#2522,#2523,#358,.T.);
#1968=EDGE_CURVE('',#2523,#2524,#359,.T.);
#1969=EDGE_CURVE('',#2524,#2525,#360,.T.);
#1970=EDGE_CURVE('',#2525,#2526,#361,.T.);
#1971=EDGE_CURVE('',#2526,#2527,#362,.T.);
#1972=EDGE_CURVE('',#2527,#2528,#363,.T.);
#1973=EDGE_CURVE('',#2528,#2529,#364,.T.);
#1974=EDGE_CURVE('',#2529,#2530,#2763,.T.);
#1975=EDGE_CURVE('',#2530,#2531,#2764,.T.);
#1976=EDGE_CURVE('',#2531,#2432,#2765,.T.);
#1977=EDGE_CURVE('',#2500,#2353,#2766,.T.);
#1978=EDGE_CURVE('',#2531,#2322,#2767,.T.);
#1979=EDGE_CURVE('',#2499,#2409,#2768,.T.);
#1980=EDGE_CURVE('',#2496,#2411,#2769,.T.);
#1981=EDGE_CURVE('',#2501,#2352,#2770,.T.);
#1982=EDGE_CURVE('',#2502,#2351,#2771,.T.);
#1983=EDGE_CURVE('',#2503,#2350,#2772,.T.);
#1984=EDGE_CURVE('',#2504,#2349,#2773,.T.);
#1985=EDGE_CURVE('',#2505,#2348,#2774,.T.);
#1986=EDGE_CURVE('',#2506,#2347,#2775,.T.);
#1987=EDGE_CURVE('',#2507,#2346,#2776,.T.);
#1988=EDGE_CURVE('',#2508,#2345,#2777,.T.);
#1989=EDGE_CURVE('',#2509,#2344,#2778,.T.);
#1990=EDGE_CURVE('',#2510,#2343,#2779,.T.);
#1991=EDGE_CURVE('',#2511,#2342,#2780,.T.);
#1992=EDGE_CURVE('',#2512,#2341,#2781,.T.);
#1993=EDGE_CURVE('',#2513,#2340,#2782,.T.);
#1994=EDGE_CURVE('',#2514,#2339,#2783,.T.);
#1995=EDGE_CURVE('',#2515,#2338,#2784,.T.);
#1996=EDGE_CURVE('',#2516,#2337,#2785,.T.);
#1997=EDGE_CURVE('',#2517,#2336,#2786,.T.);
#1998=EDGE_CURVE('',#2518,#2335,#2787,.T.);
#1999=EDGE_CURVE('',#2519,#2334,#2788,.T.);
#2000=EDGE_CURVE('',#2520,#2333,#2789,.T.);
#2001=EDGE_CURVE('',#2521,#2332,#2790,.T.);
#2002=EDGE_CURVE('',#2522,#2331,#2791,.T.);
#2003=EDGE_CURVE('',#2523,#2330,#2792,.T.);
#2004=EDGE_CURVE('',#2524,#2329,#2793,.T.);
#2005=EDGE_CURVE('',#2525,#2328,#2794,.T.);
#2006=EDGE_CURVE('',#2526,#2327,#2795,.T.);
#2007=EDGE_CURVE('',#2527,#2326,#2796,.T.);
#2008=EDGE_CURVE('',#2528,#2325,#2797,.T.);
#2009=EDGE_CURVE('',#2529,#2324,#2798,.T.);
#2010=EDGE_CURVE('',#2530,#2323,#2799,.T.);
#2011=EDGE_CURVE('',#2498,#2408,#2800,.T.);
#2012=EDGE_CURVE('',#2497,#2410,#2801,.T.);
#2013=EDGE_CURVE('',#2433,#2532,#2802,.T.);
#2014=EDGE_CURVE('',#2532,#2533,#2803,.T.);
#2015=EDGE_CURVE('',#2533,#2534,#2804,.T.);
#2016=EDGE_CURVE('',#2534,#2535,#365,.T.);
#2017=EDGE_CURVE('',#2535,#2536,#366,.T.);
#2018=EDGE_CURVE('',#2536,#2537,#367,.T.);
#2019=EDGE_CURVE('',#2537,#2538,#368,.T.);
#2020=EDGE_CURVE('',#2538,#2539,#369,.T.);
#2021=EDGE_CURVE('',#2539,#2540,#370,.T.);
#2022=EDGE_CURVE('',#2540,#2541,#371,.T.);
#2023=EDGE_CURVE('',#2541,#2542,#372,.T.);
#2024=EDGE_CURVE('',#2542,#2543,#2805,.T.);
#2025=EDGE_CURVE('',#2543,#2434,#2806,.T.);
#2026=EDGE_CURVE('',#2532,#2319,#2807,.T.);
#2027=EDGE_CURVE('',#2543,#2308,#2808,.T.);
#2028=EDGE_CURVE('',#2533,#2318,#2809,.T.);
#2029=EDGE_CURVE('',#2534,#2317,#2810,.T.);
#2030=EDGE_CURVE('',#2535,#2316,#2811,.T.);
#2031=EDGE_CURVE('',#2536,#2315,#2812,.T.);
#2032=EDGE_CURVE('',#2537,#2314,#2813,.T.);
#2033=EDGE_CURVE('',#2538,#2313,#2814,.T.);
#2034=EDGE_CURVE('',#2539,#2312,#2815,.T.);
#2035=EDGE_CURVE('',#2540,#2311,#2816,.T.);
#2036=EDGE_CURVE('',#2541,#2310,#2817,.T.);
#2037=EDGE_CURVE('',#2542,#2309,#2818,.T.);
#2038=EDGE_CURVE('',#2544,#2283,#2819,.T.);
#2039=EDGE_CURVE('',#2545,#2544,#2820,.T.);
#2040=EDGE_CURVE('',#2545,#2284,#2821,.T.);
#2041=EDGE_CURVE('',#2546,#2545,#2822,.T.);
#2042=EDGE_CURVE('',#2546,#2285,#2823,.T.);
#2043=EDGE_CURVE('',#2441,#2547,#373,.T.);
#2044=EDGE_CURVE('',#2547,#2548,#374,.T.);
#2045=EDGE_CURVE('',#2548,#2546,#375,.T.);
#2046=EDGE_CURVE('',#2544,#2549,#376,.T.);
#2047=EDGE_CURVE('',#2549,#2550,#377,.T.);
#2048=EDGE_CURVE('',#2550,#2551,#378,.T.);
#2049=EDGE_CURVE('',#2551,#2552,#379,.T.);
#2050=EDGE_CURVE('',#2552,#2553,#380,.T.);
#2051=EDGE_CURVE('',#2553,#2554,#381,.T.);
#2052=EDGE_CURVE('',#2554,#2555,#382,.T.);
#2053=EDGE_CURVE('',#2555,#2556,#383,.T.);
#2054=EDGE_CURVE('',#2556,#2557,#384,.T.);
#2055=EDGE_CURVE('',#2557,#2558,#385,.T.);
#2056=EDGE_CURVE('',#2558,#2559,#386,.T.);
#2057=EDGE_CURVE('',#2559,#2560,#387,.T.);
#2058=EDGE_CURVE('',#2560,#2442,#2824,.T.);
#2059=EDGE_CURVE('',#2560,#2271,#2825,.T.);
#2060=EDGE_CURVE('',#2547,#2287,#2826,.T.);
#2061=EDGE_CURVE('',#2559,#2272,#2827,.T.);
#2062=EDGE_CURVE('',#2558,#2273,#2828,.T.);
#2063=EDGE_CURVE('',#2557,#2274,#2829,.T.);
#2064=EDGE_CURVE('',#2556,#2275,#2830,.T.);
#2065=EDGE_CURVE('',#2555,#2276,#2831,.T.);
#2066=EDGE_CURVE('',#2554,#2277,#2832,.T.);
#2067=EDGE_CURVE('',#2553,#2278,#2833,.T.);
#2068=EDGE_CURVE('',#2552,#2279,#2834,.T.);
#2069=EDGE_CURVE('',#2551,#2280,#2835,.T.);
#2070=EDGE_CURVE('',#2550,#2281,#2836,.T.);
#2071=EDGE_CURVE('',#2549,#2282,#2837,.T.);
#2072=EDGE_CURVE('',#2548,#2286,#2838,.T.);
#2073=EDGE_CURVE('',#2439,#2561,#2839,.T.);
#2074=EDGE_CURVE('',#2561,#2562,#2840,.T.);
#2075=EDGE_CURVE('',#2562,#2563,#2841,.T.);
#2076=EDGE_CURVE('',#2563,#2440,#388,.T.);
#2077=EDGE_CURVE('',#2561,#2292,#2842,.T.);
#2078=EDGE_CURVE('',#2563,#2290,#2843,.T.);
#2079=EDGE_CURVE('',#2562,#2291,#2844,.T.);
#2080=EDGE_CURVE('',#2564,#2387,#2845,.T.);
#2081=EDGE_CURVE('',#2565,#2564,#2846,.T.);
#2082=EDGE_CURVE('',#2565,#2385,#2847,.T.);
#2083=EDGE_CURVE('',#2566,#2235,#2848,.T.);
#2084=EDGE_CURVE('',#2567,#2566,#2849,.T.);
#2085=EDGE_CURVE('',#2567,#2236,#2850,.T.);
#2086=EDGE_CURVE('',#2568,#2567,#2851,.T.);
#2087=EDGE_CURVE('',#2568,#2237,#2852,.T.);
#2088=EDGE_CURVE('',#2451,#2565,#389,.T.);
#2089=EDGE_CURVE('',#2564,#2450,#2853,.T.);
#2090=EDGE_CURVE('',#2449,#2569,#390,.T.);
#2091=EDGE_CURVE('',#2569,#2570,#391,.T.);
#2092=EDGE_CURVE('',#2570,#2571,#392,.T.);
#2093=EDGE_CURVE('',#2571,#2572,#393,.T.);
#2094=EDGE_CURVE('',#2572,#2573,#394,.T.);
#2095=EDGE_CURVE('',#2573,#2574,#395,.T.);
#2096=EDGE_CURVE('',#2574,#2568,#396,.T.);
#2097=EDGE_CURVE('',#2566,#2452,#2854,.T.);
#2098=EDGE_CURVE('',#2569,#2243,#2855,.T.);
#2099=EDGE_CURVE('',#2574,#2238,#2856,.T.);
#2100=EDGE_CURVE('',#2573,#2239,#2857,.T.);
#2101=EDGE_CURVE('',#2572,#2240,#2858,.T.);
#2102=EDGE_CURVE('',#2571,#2241,#2859,.T.);
#2103=EDGE_CURVE('',#2570,#2242,#2860,.T.);
#2104=EDGE_CURVE('',#2445,#2575,#397,.T.);
#2105=EDGE_CURVE('',#2575,#2576,#398,.T.);
#2106=EDGE_CURVE('',#2576,#2577,#399,.T.);
#2107=EDGE_CURVE('',#2577,#2578,#400,.T.);
#2108=EDGE_CURVE('',#2578,#2579,#401,.T.);
#2109=EDGE_CURVE('',#2579,#2580,#402,.T.);
#2110=EDGE_CURVE('',#2580,#2581,#403,.T.);
#2111=EDGE_CURVE('',#2581,#2582,#404,.T.);
#2112=EDGE_CURVE('',#2582,#2583,#405,.T.);
#2113=EDGE_CURVE('',#2583,#2444,#406,.T.);
#2114=EDGE_CURVE('',#2443,#2584,#2861,.T.);
#2115=EDGE_CURVE('',#2584,#2585,#2862,.T.);
#2116=EDGE_CURVE('',#2585,#2586,#2863,.T.);
#2117=EDGE_CURVE('',#2586,#2587,#2864,.T.);
#2118=EDGE_CURVE('',#2587,#2588,#407,.T.);
#2119=EDGE_CURVE('',#2588,#2589,#408,.T.);
#2120=EDGE_CURVE('',#2589,#2590,#409,.T.);
#2121=EDGE_CURVE('',#2590,#2591,#410,.T.);
#2122=EDGE_CURVE('',#2591,#2592,#2865,.T.);
#2123=EDGE_CURVE('',#2592,#2593,#2866,.T.);
#2124=EDGE_CURVE('',#2593,#2594,#411,.T.);
#2125=EDGE_CURVE('',#2594,#2595,#412,.T.);
#2126=EDGE_CURVE('',#2595,#2596,#413,.T.);
#2127=EDGE_CURVE('',#2596,#2597,#414,.T.);
#2128=EDGE_CURVE('',#2597,#2598,#415,.T.);
#2129=EDGE_CURVE('',#2598,#2599,#416,.T.);
#2130=EDGE_CURVE('',#2599,#2600,#417,.T.);
#2131=EDGE_CURVE('',#2600,#2601,#418,.T.);
#2132=EDGE_CURVE('',#2601,#2602,#419,.T.);
#2133=EDGE_CURVE('',#2602,#2603,#420,.T.);
#2134=EDGE_CURVE('',#2603,#2446,#421,.T.);
#2135=EDGE_CURVE('',#2575,#2374,#2867,.T.);
#2136=EDGE_CURVE('',#2583,#2376,#2868,.T.);
#2137=EDGE_CURVE('',#2603,#2249,#2869,.T.);
#2138=EDGE_CURVE('',#2584,#2268,#2870,.T.);
#2139=EDGE_CURVE('',#2576,#2383,#2871,.T.);
#2140=EDGE_CURVE('',#2577,#2382,#2872,.T.);
#2141=EDGE_CURVE('',#2578,#2381,#2873,.T.);
#2142=EDGE_CURVE('',#2579,#2380,#2874,.T.);
#2143=EDGE_CURVE('',#2580,#2379,#2875,.T.);
#2144=EDGE_CURVE('',#2581,#2378,#2876,.T.);
#2145=EDGE_CURVE('',#2582,#2377,#2877,.T.);
#2146=EDGE_CURVE('',#2602,#2250,#2878,.T.);
#2147=EDGE_CURVE('',#2585,#2267,#2879,.T.);
#2148=EDGE_CURVE('',#2586,#2266,#2880,.T.);
#2149=EDGE_CURVE('',#2587,#2265,#2881,.T.);
#2150=EDGE_CURVE('',#2588,#2264,#2882,.T.);
#2151=EDGE_CURVE('',#2589,#2263,#2883,.T.);
#2152=EDGE_CURVE('',#2590,#2262,#2884,.T.);
#2153=EDGE_CURVE('',#2591,#2261,#2885,.T.);
#2154=EDGE_CURVE('',#2592,#2260,#2886,.T.);
#2155=EDGE_CURVE('',#2593,#2259,#2887,.T.);
#2156=EDGE_CURVE('',#2594,#2258,#2888,.T.);
#2157=EDGE_CURVE('',#2595,#2257,#2889,.T.);
#2158=EDGE_CURVE('',#2596,#2256,#2890,.T.);
#2159=EDGE_CURVE('',#2597,#2255,#2891,.T.);
#2160=EDGE_CURVE('',#2598,#2254,#2892,.T.);
#2161=EDGE_CURVE('',#2599,#2253,#2893,.T.);
#2162=EDGE_CURVE('',#2600,#2252,#2894,.T.);
#2163=EDGE_CURVE('',#2601,#2251,#2895,.T.);
#2164=EDGE_CURVE('',#2417,#2604,#2896,.T.);
#2165=EDGE_CURVE('',#2604,#2605,#2897,.T.);
#2166=EDGE_CURVE('',#2605,#2418,#2898,.T.);
#2167=EDGE_CURVE('',#2604,#2233,#2899,.T.);
#2168=EDGE_CURVE('',#2605,#2372,#2900,.T.);
#2169=EDGE_CURVE('',#2437,#2606,#422,.T.);
#2170=EDGE_CURVE('',#2606,#2607,#423,.T.);
#2171=EDGE_CURVE('',#2607,#2608,#424,.T.);
#2172=EDGE_CURVE('',#2608,#2609,#425,.T.);
#2173=EDGE_CURVE('',#2609,#2610,#426,.T.);
#2174=EDGE_CURVE('',#2610,#2611,#427,.T.);
#2175=EDGE_CURVE('',#2611,#2612,#428,.T.);
#2176=EDGE_CURVE('',#2612,#2613,#429,.T.);
#2177=EDGE_CURVE('',#2613,#2614,#430,.T.);
#2178=EDGE_CURVE('',#2614,#2615,#431,.T.);
#2179=EDGE_CURVE('',#2615,#2616,#432,.T.);
#2180=EDGE_CURVE('',#2616,#2617,#433,.T.);
#2181=EDGE_CURVE('',#2617,#2618,#434,.T.);
#2182=EDGE_CURVE('',#2618,#2619,#435,.T.);
#2183=EDGE_CURVE('',#2619,#2620,#436,.T.);
#2184=EDGE_CURVE('',#2620,#2621,#437,.T.);
#2185=EDGE_CURVE('',#2621,#2622,#438,.T.);
#2186=EDGE_CURVE('',#2622,#2623,#439,.T.);
#2187=EDGE_CURVE('',#2623,#2436,#440,.T.);
#2188=EDGE_CURVE('',#2435,#2624,#441,.T.);
#2189=EDGE_CURVE('',#2624,#2625,#442,.T.);
#2190=EDGE_CURVE('',#2625,#2626,#443,.T.);
#2191=EDGE_CURVE('',#2626,#2627,#444,.T.);
#2192=EDGE_CURVE('',#2627,#2628,#445,.T.);
#2193=EDGE_CURVE('',#2628,#2629,#446,.T.);
#2194=EDGE_CURVE('',#2629,#2630,#447,.T.);
#2195=EDGE_CURVE('',#2630,#2631,#448,.T.);
#2196=EDGE_CURVE('',#2631,#2632,#449,.T.);
#2197=EDGE_CURVE('',#2632,#2633,#450,.T.);
#2198=EDGE_CURVE('',#2633,#2634,#451,.T.);
#2199=EDGE_CURVE('',#2634,#2438,#452,.T.);
#2200=EDGE_CURVE('',#2606,#2389,#2901,.T.);
#2201=EDGE_CURVE('',#2623,#2391,#2902,.T.);
#2202=EDGE_CURVE('',#2634,#2295,#2903,.T.);
#2203=EDGE_CURVE('',#2624,#2305,#2904,.T.);
#2204=EDGE_CURVE('',#2607,#2407,#2905,.T.);
#2205=EDGE_CURVE('',#2608,#2406,#2906,.T.);
#2206=EDGE_CURVE('',#2609,#2405,#2907,.T.);
#2207=EDGE_CURVE('',#2610,#2404,#2908,.T.);
#2208=EDGE_CURVE('',#2611,#2403,#2909,.T.);
#2209=EDGE_CURVE('',#2612,#2402,#2910,.T.);
#2210=EDGE_CURVE('',#2613,#2401,#2911,.T.);
#2211=EDGE_CURVE('',#2614,#2400,#2912,.T.);
#2212=EDGE_CURVE('',#2615,#2399,#2913,.T.);
#2213=EDGE_CURVE('',#2616,#2398,#2914,.T.);
#2214=EDGE_CURVE('',#2617,#2397,#2915,.T.);
#2215=EDGE_CURVE('',#2618,#2396,#2916,.T.);
#2216=EDGE_CURVE('',#2619,#2395,#2917,.T.);
#2217=EDGE_CURVE('',#2620,#2394,#2918,.T.);
#2218=EDGE_CURVE('',#2621,#2393,#2919,.T.);
#2219=EDGE_CURVE('',#2622,#2392,#2920,.T.);
#2220=EDGE_CURVE('',#2633,#2296,#2921,.T.);
#2221=EDGE_CURVE('',#2625,#2304,#2922,.T.);
#2222=EDGE_CURVE('',#2626,#2303,#2923,.T.);
#2223=EDGE_CURVE('',#2627,#2302,#2924,.T.);
#2224=EDGE_CURVE('',#2628,#2301,#2925,.T.);
#2225=EDGE_CURVE('',#2629,#2300,#2926,.T.);
#2226=EDGE_CURVE('',#2630,#2299,#2927,.T.);
#2227=EDGE_CURVE('',#2631,#2298,#2928,.T.);
#2228=EDGE_CURVE('',#2632,#2297,#2929,.T.);
#2229=EDGE_CURVE('',#2447,#2635,#2930,.T.);
#2230=EDGE_CURVE('',#2635,#2448,#2931,.T.);
#2231=EDGE_CURVE('',#2635,#2246,#2932,.T.);
#2232=VERTEX_POINT('',#5779);
#2233=VERTEX_POINT('',#5780);
#2234=VERTEX_POINT('',#5782);
#2235=VERTEX_POINT('',#5784);
#2236=VERTEX_POINT('',#5786);
#2237=VERTEX_POINT('',#5788);
#2238=VERTEX_POINT('',#5790);
#2239=VERTEX_POINT('',#5792);
#2240=VERTEX_POINT('',#5794);
#2241=VERTEX_POINT('',#5796);
#2242=VERTEX_POINT('',#5798);
#2243=VERTEX_POINT('',#5800);
#2244=VERTEX_POINT('',#5802);
#2245=VERTEX_POINT('',#5804);
#2246=VERTEX_POINT('',#5806);
#2247=VERTEX_POINT('',#5808);
#2248=VERTEX_POINT('',#5810);
#2249=VERTEX_POINT('',#5812);
#2250=VERTEX_POINT('',#5814);
#2251=VERTEX_POINT('',#5816);
#2252=VERTEX_POINT('',#5818);
#2253=VERTEX_POINT('',#5820);
#2254=VERTEX_POINT('',#5822);
#2255=VERTEX_POINT('',#5824);
#2256=VERTEX_POINT('',#5826);
#2257=VERTEX_POINT('',#5828);
#2258=VERTEX_POINT('',#5830);
#2259=VERTEX_POINT('',#5832);
#2260=VERTEX_POINT('',#5834);
#2261=VERTEX_POINT('',#5836);
#2262=VERTEX_POINT('',#5838);
#2263=VERTEX_POINT('',#5840);
#2264=VERTEX_POINT('',#5842);
#2265=VERTEX_POINT('',#5844);
#2266=VERTEX_POINT('',#5846);
#2267=VERTEX_POINT('',#5848);
#2268=VERTEX_POINT('',#5850);
#2269=VERTEX_POINT('',#5852);
#2270=VERTEX_POINT('',#5854);
#2271=VERTEX_POINT('',#5856);
#2272=VERTEX_POINT('',#5858);
#2273=VERTEX_POINT('',#5860);
#2274=VERTEX_POINT('',#5862);
#2275=VERTEX_POINT('',#5864);
#2276=VERTEX_POINT('',#5866);
#2277=VERTEX_POINT('',#5868);
#2278=VERTEX_POINT('',#5870);
#2279=VERTEX_POINT('',#5872);
#2280=VERTEX_POINT('',#5874);
#2281=VERTEX_POINT('',#5876);
#2282=VERTEX_POINT('',#5878);
#2283=VERTEX_POINT('',#5880);
#2284=VERTEX_POINT('',#5882);
#2285=VERTEX_POINT('',#5884);
#2286=VERTEX_POINT('',#5886);
#2287=VERTEX_POINT('',#5888);
#2288=VERTEX_POINT('',#5890);
#2289=VERTEX_POINT('',#5892);
#2290=VERTEX_POINT('',#5894);
#2291=VERTEX_POINT('',#5896);
#2292=VERTEX_POINT('',#5898);
#2293=VERTEX_POINT('',#5900);
#2294=VERTEX_POINT('',#5902);
#2295=VERTEX_POINT('',#5904);
#2296=VERTEX_POINT('',#5906);
#2297=VERTEX_POINT('',#5908);
#2298=VERTEX_POINT('',#5910);
#2299=VERTEX_POINT('',#5912);
#2300=VERTEX_POINT('',#5914);
#2301=VERTEX_POINT('',#5916);
#2302=VERTEX_POINT('',#5918);
#2303=VERTEX_POINT('',#5920);
#2304=VERTEX_POINT('',#5922);
#2305=VERTEX_POINT('',#5924);
#2306=VERTEX_POINT('',#5926);
#2307=VERTEX_POINT('',#5928);
#2308=VERTEX_POINT('',#5930);
#2309=VERTEX_POINT('',#5932);
#2310=VERTEX_POINT('',#5934);
#2311=VERTEX_POINT('',#5936);
#2312=VERTEX_POINT('',#5938);
#2313=VERTEX_POINT('',#5940);
#2314=VERTEX_POINT('',#5942);
#2315=VERTEX_POINT('',#5944);
#2316=VERTEX_POINT('',#5946);
#2317=VERTEX_POINT('',#5948);
#2318=VERTEX_POINT('',#5950);
#2319=VERTEX_POINT('',#5952);
#2320=VERTEX_POINT('',#5954);
#2321=VERTEX_POINT('',#5956);
#2322=VERTEX_POINT('',#5958);
#2323=VERTEX_POINT('',#5960);
#2324=VERTEX_POINT('',#5962);
#2325=VERTEX_POINT('',#5964);
#2326=VERTEX_POINT('',#5966);
#2327=VERTEX_POINT('',#5968);
#2328=VERTEX_POINT('',#5970);
#2329=VERTEX_POINT('',#5972);
#2330=VERTEX_POINT('',#5974);
#2331=VERTEX_POINT('',#5976);
#2332=VERTEX_POINT('',#5978);
#2333=VERTEX_POINT('',#5980);
#2334=VERTEX_POINT('',#5982);
#2335=VERTEX_POINT('',#5984);
#2336=VERTEX_POINT('',#5986);
#2337=VERTEX_POINT('',#5988);
#2338=VERTEX_POINT('',#5990);
#2339=VERTEX_POINT('',#5992);
#2340=VERTEX_POINT('',#5994);
#2341=VERTEX_POINT('',#5996);
#2342=VERTEX_POINT('',#5998);
#2343=VERTEX_POINT('',#6000);
#2344=VERTEX_POINT('',#6002);
#2345=VERTEX_POINT('',#6004);
#2346=VERTEX_POINT('',#6006);
#2347=VERTEX_POINT('',#6008);
#2348=VERTEX_POINT('',#6010);
#2349=VERTEX_POINT('',#6012);
#2350=VERTEX_POINT('',#6014);
#2351=VERTEX_POINT('',#6016);
#2352=VERTEX_POINT('',#6018);
#2353=VERTEX_POINT('',#6020);
#2354=VERTEX_POINT('',#6022);
#2355=VERTEX_POINT('',#6024);
#2356=VERTEX_POINT('',#6026);
#2357=VERTEX_POINT('',#6028);
#2358=VERTEX_POINT('',#6030);
#2359=VERTEX_POINT('',#6032);
#2360=VERTEX_POINT('',#6034);
#2361=VERTEX_POINT('',#6036);
#2362=VERTEX_POINT('',#6038);
#2363=VERTEX_POINT('',#6040);
#2364=VERTEX_POINT('',#6042);
#2365=VERTEX_POINT('',#6044);
#2366=VERTEX_POINT('',#6046);
#2367=VERTEX_POINT('',#6048);
#2368=VERTEX_POINT('',#6053);
#2369=VERTEX_POINT('',#6055);
#2370=VERTEX_POINT('',#6060);
#2371=VERTEX_POINT('',#6062);
#2372=VERTEX_POINT('',#6064);
#2373=VERTEX_POINT('',#6068);
#2374=VERTEX_POINT('',#6069);
#2375=VERTEX_POINT('',#6071);
#2376=VERTEX_POINT('',#6073);
#2377=VERTEX_POINT('',#6075);
#2378=VERTEX_POINT('',#6077);
#2379=VERTEX_POINT('',#6079);
#2380=VERTEX_POINT('',#6081);
#2381=VERTEX_POINT('',#6083);
#2382=VERTEX_POINT('',#6085);
#2383=VERTEX_POINT('',#6087);
#2384=VERTEX_POINT('',#6091);
#2385=VERTEX_POINT('',#6092);
#2386=VERTEX_POINT('',#6094);
#2387=VERTEX_POINT('',#6096);
#2388=VERTEX_POINT('',#6100);
#2389=VERTEX_POINT('',#6101);
#2390=VERTEX_POINT('',#6103);
#2391=VERTEX_POINT('',#6105);
#2392=VERTEX_POINT('',#6107);
#2393=VERTEX_POINT('',#6109);
#2394=VERTEX_POINT('',#6111);
#2395=VERTEX_POINT('',#6113);
#2396=VERTEX_POINT('',#6115);
#2397=VERTEX_POINT('',#6117);
#2398=VERTEX_POINT('',#6119);
#2399=VERTEX_POINT('',#6121);
#2400=VERTEX_POINT('',#6123);
#2401=VERTEX_POINT('',#6125);
#2402=VERTEX_POINT('',#6127);
#2403=VERTEX_POINT('',#6129);
#2404=VERTEX_POINT('',#6131);
#2405=VERTEX_POINT('',#6133);
#2406=VERTEX_POINT('',#6135);
#2407=VERTEX_POINT('',#6137);
#2408=VERTEX_POINT('',#6141);
#2409=VERTEX_POINT('',#6142);
#2410=VERTEX_POINT('',#6144);
#2411=VERTEX_POINT('',#6146);
#2412=VERTEX_POINT('',#6148);
#2413=VERTEX_POINT('',#6150);
#2414=VERTEX_POINT('',#6154);
#2415=VERTEX_POINT('',#6155);
#2416=VERTEX_POINT('',#6157);
#2417=VERTEX_POINT('',#6161);
#2418=VERTEX_POINT('',#6163);
#2419=VERTEX_POINT('',#6182);
#2420=VERTEX_POINT('',#6184);
#2421=VERTEX_POINT('',#6202);
#2422=VERTEX_POINT('',#6204);
#2423=VERTEX_POINT('',#6222);
#2424=VERTEX_POINT('',#6224);
#2425=VERTEX_POINT('',#6243);
#2426=VERTEX_POINT('',#6245);
#2427=VERTEX_POINT('',#6248);
#2428=VERTEX_POINT('',#6250);
#2429=VERTEX_POINT('',#6253);
#2430=VERTEX_POINT('',#6255);
#2431=VERTEX_POINT('',#6258);
#2432=VERTEX_POINT('',#6260);
#2433=VERTEX_POINT('',#6263);
#2434=VERTEX_POINT('',#6265);
#2435=VERTEX_POINT('',#6268);
#2436=VERTEX_POINT('',#6270);
#2437=VERTEX_POINT('',#6273);
#2438=VERTEX_POINT('',#6275);
#2439=VERTEX_POINT('',#6278);
#2440=VERTEX_POINT('',#6280);
#2441=VERTEX_POINT('',#6283);
#2442=VERTEX_POINT('',#6285);
#2443=VERTEX_POINT('',#6288);
#2444=VERTEX_POINT('',#6290);
#2445=VERTEX_POINT('',#6293);
#2446=VERTEX_POINT('',#6295);
#2447=VERTEX_POINT('',#6298);
#2448=VERTEX_POINT('',#6300);
#2449=VERTEX_POINT('',#6303);
#2450=VERTEX_POINT('',#6305);
#2451=VERTEX_POINT('',#6308);
#2452=VERTEX_POINT('',#6310);
#2453=VERTEX_POINT('',#6313);
#2454=VERTEX_POINT('',#6315);
#2455=VERTEX_POINT('',#6317);
#2456=VERTEX_POINT('',#6319);
#2457=VERTEX_POINT('',#6321);
#2458=VERTEX_POINT('',#6323);
#2459=VERTEX_POINT('',#6325);
#2460=VERTEX_POINT('',#6327);
#2461=VERTEX_POINT('',#6330);
#2462=VERTEX_POINT('',#6332);
#2463=VERTEX_POINT('',#6334);
#2464=VERTEX_POINT('',#6335);
#2465=VERTEX_POINT('',#6353);
#2466=VERTEX_POINT('',#6355);
#2467=VERTEX_POINT('',#6390);
#2468=VERTEX_POINT('',#6392);
#2469=VERTEX_POINT('',#6411);
#2470=VERTEX_POINT('',#6413);
#2471=VERTEX_POINT('',#6416);
#2472=VERTEX_POINT('',#6419);
#2473=VERTEX_POINT('',#6449);
#2474=VERTEX_POINT('',#6453);
#2475=VERTEX_POINT('',#6457);
#2476=VERTEX_POINT('',#6461);
#2477=VERTEX_POINT('',#6465);
#2478=VERTEX_POINT('',#6468);
#2479=VERTEX_POINT('',#6471);
#2480=VERTEX_POINT('',#6474);
#2481=VERTEX_POINT('',#6477);
#2482=VERTEX_POINT('',#6480);
#2483=VERTEX_POINT('',#6483);
#2484=VERTEX_POINT('',#6486);
#2485=VERTEX_POINT('',#6557);
#2486=VERTEX_POINT('',#6560);
#2487=VERTEX_POINT('',#6562);
#2488=VERTEX_POINT('',#6564);
#2489=VERTEX_POINT('',#6566);
#2490=VERTEX_POINT('',#6568);
#2491=VERTEX_POINT('',#6570);
#2492=VERTEX_POINT('',#6572);
#2493=VERTEX_POINT('',#6574);
#2494=VERTEX_POINT('',#6576);
#2495=VERTEX_POINT('',#6578);
#2496=VERTEX_POINT('',#6606);
#2497=VERTEX_POINT('',#6608);
#2498=VERTEX_POINT('',#6610);
#2499=VERTEX_POINT('',#6612);
#2500=VERTEX_POINT('',#6615);
#2501=VERTEX_POINT('',#6617);
#2502=VERTEX_POINT('',#6619);
#2503=VERTEX_POINT('',#6621);
#2504=VERTEX_POINT('',#6623);
#2505=VERTEX_POINT('',#6625);
#2506=VERTEX_POINT('',#6627);
#2507=VERTEX_POINT('',#6629);
#2508=VERTEX_POINT('',#6631);
#2509=VERTEX_POINT('',#6633);
#2510=VERTEX_POINT('',#6635);
#2511=VERTEX_POINT('',#6637);
#2512=VERTEX_POINT('',#6639);
#2513=VERTEX_POINT('',#6641);
#2514=VERTEX_POINT('',#6643);
#2515=VERTEX_POINT('',#6645);
#2516=VERTEX_POINT('',#6647);
#2517=VERTEX_POINT('',#6649);
#2518=VERTEX_POINT('',#6651);
#2519=VERTEX_POINT('',#6653);
#2520=VERTEX_POINT('',#6655);
#2521=VERTEX_POINT('',#6657);
#2522=VERTEX_POINT('',#6659);
#2523=VERTEX_POINT('',#6661);
#2524=VERTEX_POINT('',#6663);
#2525=VERTEX_POINT('',#6665);
#2526=VERTEX_POINT('',#6667);
#2527=VERTEX_POINT('',#6669);
#2528=VERTEX_POINT('',#6671);
#2529=VERTEX_POINT('',#6673);
#2530=VERTEX_POINT('',#6675);
#2531=VERTEX_POINT('',#6677);
#2532=VERTEX_POINT('',#6755);
#2533=VERTEX_POINT('',#6757);
#2534=VERTEX_POINT('',#6759);
#2535=VERTEX_POINT('',#6761);
#2536=VERTEX_POINT('',#6763);
#2537=VERTEX_POINT('',#6765);
#2538=VERTEX_POINT('',#6767);
#2539=VERTEX_POINT('',#6769);
#2540=VERTEX_POINT('',#6771);
#2541=VERTEX_POINT('',#6773);
#2542=VERTEX_POINT('',#6775);
#2543=VERTEX_POINT('',#6777);
#2544=VERTEX_POINT('',#6806);
#2545=VERTEX_POINT('',#6808);
#2546=VERTEX_POINT('',#6812);
#2547=VERTEX_POINT('',#6816);
#2548=VERTEX_POINT('',#6818);
#2549=VERTEX_POINT('',#6821);
#2550=VERTEX_POINT('',#6823);
#2551=VERTEX_POINT('',#6825);
#2552=VERTEX_POINT('',#6827);
#2553=VERTEX_POINT('',#6829);
#2554=VERTEX_POINT('',#6831);
#2555=VERTEX_POINT('',#6833);
#2556=VERTEX_POINT('',#6835);
#2557=VERTEX_POINT('',#6837);
#2558=VERTEX_POINT('',#6839);
#2559=VERTEX_POINT('',#6841);
#2560=VERTEX_POINT('',#6843);
#2561=VERTEX_POINT('',#6877);
#2562=VERTEX_POINT('',#6879);
#2563=VERTEX_POINT('',#6881);
#2564=VERTEX_POINT('',#6892);
#2565=VERTEX_POINT('',#6894);
#2566=VERTEX_POINT('',#6898);
#2567=VERTEX_POINT('',#6900);
#2568=VERTEX_POINT('',#6904);
#2569=VERTEX_POINT('',#6910);
#2570=VERTEX_POINT('',#6912);
#2571=VERTEX_POINT('',#6914);
#2572=VERTEX_POINT('',#6916);
#2573=VERTEX_POINT('',#6918);
#2574=VERTEX_POINT('',#6920);
#2575=VERTEX_POINT('',#6941);
#2576=VERTEX_POINT('',#6943);
#2577=VERTEX_POINT('',#6945);
#2578=VERTEX_POINT('',#6947);
#2579=VERTEX_POINT('',#6949);
#2580=VERTEX_POINT('',#6951);
#2581=VERTEX_POINT('',#6953);
#2582=VERTEX_POINT('',#6955);
#2583=VERTEX_POINT('',#6957);
#2584=VERTEX_POINT('',#6960);
#2585=VERTEX_POINT('',#6962);
#2586=VERTEX_POINT('',#6964);
#2587=VERTEX_POINT('',#6966);
#2588=VERTEX_POINT('',#6968);
#2589=VERTEX_POINT('',#6970);
#2590=VERTEX_POINT('',#6972);
#2591=VERTEX_POINT('',#6974);
#2592=VERTEX_POINT('',#6976);
#2593=VERTEX_POINT('',#6978);
#2594=VERTEX_POINT('',#6980);
#2595=VERTEX_POINT('',#6982);
#2596=VERTEX_POINT('',#6984);
#2597=VERTEX_POINT('',#6986);
#2598=VERTEX_POINT('',#6988);
#2599=VERTEX_POINT('',#6990);
#2600=VERTEX_POINT('',#6992);
#2601=VERTEX_POINT('',#6994);
#2602=VERTEX_POINT('',#6996);
#2603=VERTEX_POINT('',#6998);
#2604=VERTEX_POINT('',#7062);
#2605=VERTEX_POINT('',#7064);
#2606=VERTEX_POINT('',#7073);
#2607=VERTEX_POINT('',#7075);
#2608=VERTEX_POINT('',#7077);
#2609=VERTEX_POINT('',#7079);
#2610=VERTEX_POINT('',#7081);
#2611=VERTEX_POINT('',#7083);
#2612=VERTEX_POINT('',#7085);
#2613=VERTEX_POINT('',#7087);
#2614=VERTEX_POINT('',#7089);
#2615=VERTEX_POINT('',#7091);
#2616=VERTEX_POINT('',#7093);
#2617=VERTEX_POINT('',#7095);
#2618=VERTEX_POINT('',#7097);
#2619=VERTEX_POINT('',#7099);
#2620=VERTEX_POINT('',#7101);
#2621=VERTEX_POINT('',#7103);
#2622=VERTEX_POINT('',#7105);
#2623=VERTEX_POINT('',#7107);
#2624=VERTEX_POINT('',#7110);
#2625=VERTEX_POINT('',#7112);
#2626=VERTEX_POINT('',#7114);
#2627=VERTEX_POINT('',#7116);
#2628=VERTEX_POINT('',#7118);
#2629=VERTEX_POINT('',#7120);
#2630=VERTEX_POINT('',#7122);
#2631=VERTEX_POINT('',#7124);
#2632=VERTEX_POINT('',#7126);
#2633=VERTEX_POINT('',#7128);
#2634=VERTEX_POINT('',#7130);
#2635=VERTEX_POINT('',#7194);
#2636=LINE('',#5778,#2933);
#2637=LINE('',#5781,#2934);
#2638=LINE('',#5783,#2935);
#2639=LINE('',#5785,#2936);
#2640=LINE('',#5787,#2937);
#2641=LINE('',#5803,#2938);
#2642=LINE('',#5805,#2939);
#2643=LINE('',#5807,#2940);
#2644=LINE('',#5809,#2941);
#2645=LINE('',#5833,#2942);
#2646=LINE('',#5835,#2943);
#2647=LINE('',#5845,#2944);
#2648=LINE('',#5847,#2945);
#2649=LINE('',#5849,#2946);
#2650=LINE('',#5851,#2947);
#2651=LINE('',#5853,#2948);
#2652=LINE('',#5855,#2949);
#2653=LINE('',#5881,#2950);
#2654=LINE('',#5883,#2951);
#2655=LINE('',#5891,#2952);
#2656=LINE('',#5895,#2953);
#2657=LINE('',#5897,#2954);
#2658=LINE('',#5899,#2955);
#2659=LINE('',#5901,#2956);
#2660=LINE('',#5927,#2957);
#2661=LINE('',#5929,#2958);
#2662=LINE('',#5931,#2959);
#2663=LINE('',#5949,#2960);
#2664=LINE('',#5951,#2961);
#2665=LINE('',#5953,#2962);
#2666=LINE('',#5955,#2963);
#2667=LINE('',#5957,#2964);
#2668=LINE('',#5959,#2965);
#2669=LINE('',#5961,#2966);
#2670=LINE('',#5995,#2967);
#2671=LINE('',#5997,#2968);
#2672=LINE('',#6023,#2969);
#2673=LINE('',#6041,#2970);
#2674=LINE('',#6043,#2971);
#2675=LINE('',#6045,#2972);
#2676=LINE('',#6047,#2973);
#2677=LINE('',#6054,#2974);
#2678=LINE('',#6061,#2975);
#2679=LINE('',#6063,#2976);
#2680=LINE('',#6065,#2977);
#2681=LINE('',#6070,#2978);
#2682=LINE('',#6093,#2979);
#2683=LINE('',#6095,#2980);
#2684=LINE('',#6097,#2981);
#2685=LINE('',#6102,#2982);
#2686=LINE('',#6143,#2983);
#2687=LINE('',#6145,#2984);
#2688=LINE('',#6149,#2985);
#2689=LINE('',#6153,#2986);
#2690=LINE('',#6156,#2987);
#2691=LINE('',#6158,#2988);
#2692=LINE('',#6160,#2989);
#2693=LINE('',#6162,#2990);
#2694=LINE('',#6164,#2991);
#2695=LINE('',#6183,#2992);
#2696=LINE('',#6203,#2993);
#2697=LINE('',#6223,#2994);
#2698=LINE('',#6242,#2995);
#2699=LINE('',#6244,#2996);
#2700=LINE('',#6246,#2997);
#2701=LINE('',#6247,#2998);
#2702=LINE('',#6249,#2999);
#2703=LINE('',#6251,#3000);
#2704=LINE('',#6252,#3001);
#2705=LINE('',#6254,#3002);
#2706=LINE('',#6256,#3003);
#2707=LINE('',#6257,#3004);
#2708=LINE('',#6259,#3005);
#2709=LINE('',#6261,#3006);
#2710=LINE('',#6262,#3007);
#2711=LINE('',#6264,#3008);
#2712=LINE('',#6266,#3009);
#2713=LINE('',#6267,#3010);
#2714=LINE('',#6269,#3011);
#2715=LINE('',#6271,#3012);
#2716=LINE('',#6272,#3013);
#2717=LINE('',#6274,#3014);
#2718=LINE('',#6276,#3015);
#2719=LINE('',#6277,#3016);
#2720=LINE('',#6279,#3017);
#2721=LINE('',#6281,#3018);
#2722=LINE('',#6282,#3019);
#2723=LINE('',#6284,#3020);
#2724=LINE('',#6286,#3021);
#2725=LINE('',#6287,#3022);
#2726=LINE('',#6289,#3023);
#2727=LINE('',#6291,#3024);
#2728=LINE('',#6292,#3025);
#2729=LINE('',#6294,#3026);
#2730=LINE('',#6296,#3027);
#2731=LINE('',#6297,#3028);
#2732=LINE('',#6299,#3029);
#2733=LINE('',#6301,#3030);
#2734=LINE('',#6302,#3031);
#2735=LINE('',#6304,#3032);
#2736=LINE('',#6306,#3033);
#2737=LINE('',#6307,#3034);
#2738=LINE('',#6309,#3035);
#2739=LINE('',#6311,#3036);
#2740=LINE('',#6333,#3037);
#2741=LINE('',#6354,#3038);
#2742=LINE('',#6391,#3039);
#2743=LINE('',#6556,#3040);
#2744=LINE('',#6558,#3041);
#2745=LINE('',#6559,#3042);
#2746=LINE('',#6561,#3043);
#2747=LINE('',#6563,#3044);
#2748=LINE('',#6581,#3045);
#2749=LINE('',#6583,#3046);
#2750=LINE('',#6585,#3047);
#2751=LINE('',#6588,#3048);
#2752=LINE('',#6590,#3049);
#2753=LINE('',#6592,#3050);
#2754=LINE('',#6594,#3051);
#2755=LINE('',#6596,#3052);
#2756=LINE('',#6598,#3053);
#2757=LINE('',#6600,#3054);
#2758=LINE('',#6602,#3055);
#2759=LINE('',#6607,#3056);
#2760=LINE('',#6609,#3057);
#2761=LINE('',#6638,#3058);
#2762=LINE('',#6640,#3059);
#2763=LINE('',#6674,#3060);
#2764=LINE('',#6676,#3061);
#2765=LINE('',#6678,#3062);
#2766=LINE('',#6680,#3063);
#2767=LINE('',#6682,#3064);
#2768=LINE('',#6684,#3065);
#2769=LINE('',#6686,#3066);
#2770=LINE('',#6688,#3067);
#2771=LINE('',#6690,#3068);
#2772=LINE('',#6692,#3069);
#2773=LINE('',#6694,#3070);
#2774=LINE('',#6696,#3071);
#2775=LINE('',#6698,#3072);
#2776=LINE('',#6700,#3073);
#2777=LINE('',#6702,#3074);
#2778=LINE('',#6704,#3075);
#2779=LINE('',#6706,#3076);
#2780=LINE('',#6708,#3077);
#2781=LINE('',#6710,#3078);
#2782=LINE('',#6712,#3079);
#2783=LINE('',#6714,#3080);
#2784=LINE('',#6716,#3081);
#2785=LINE('',#6718,#3082);
#2786=LINE('',#6720,#3083);
#2787=LINE('',#6722,#3084);
#2788=LINE('',#6724,#3085);
#2789=LINE('',#6726,#3086);
#2790=LINE('',#6728,#3087);
#2791=LINE('',#6730,#3088);
#2792=LINE('',#6732,#3089);
#2793=LINE('',#6734,#3090);
#2794=LINE('',#6736,#3091);
#2795=LINE('',#6738,#3092);
#2796=LINE('',#6740,#3093);
#2797=LINE('',#6742,#3094);
#2798=LINE('',#6744,#3095);
#2799=LINE('',#6746,#3096);
#2800=LINE('',#6749,#3097);
#2801=LINE('',#6751,#3098);
#2802=LINE('',#6754,#3099);
#2803=LINE('',#6756,#3100);
#2804=LINE('',#6758,#3101);
#2805=LINE('',#6776,#3102);
#2806=LINE('',#6778,#3103);
#2807=LINE('',#6780,#3104);
#2808=LINE('',#6782,#3105);
#2809=LINE('',#6784,#3106);
#2810=LINE('',#6786,#3107);
#2811=LINE('',#6788,#3108);
#2812=LINE('',#6790,#3109);
#2813=LINE('',#6792,#3110);
#2814=LINE('',#6794,#3111);
#2815=LINE('',#6796,#3112);
#2816=LINE('',#6798,#3113);
#2817=LINE('',#6800,#3114);
#2818=LINE('',#6802,#3115);
#2819=LINE('',#6805,#3116);
#2820=LINE('',#6807,#3117);
#2821=LINE('',#6809,#3118);
#2822=LINE('',#6811,#3119);
#2823=LINE('',#6813,#3120);
#2824=LINE('',#6844,#3121);
#2825=LINE('',#6846,#3122);
#2826=LINE('',#6848,#3123);
#2827=LINE('',#6850,#3124);
#2828=LINE('',#6852,#3125);
#2829=LINE('',#6854,#3126);
#2830=LINE('',#6856,#3127);
#2831=LINE('',#6858,#3128);
#2832=LINE('',#6860,#3129);
#2833=LINE('',#6862,#3130);
#2834=LINE('',#6864,#3131);
#2835=LINE('',#6866,#3132);
#2836=LINE('',#6868,#3133);
#2837=LINE('',#6870,#3134);
#2838=LINE('',#6873,#3135);
#2839=LINE('',#6876,#3136);
#2840=LINE('',#6878,#3137);
#2841=LINE('',#6880,#3138);
#2842=LINE('',#6884,#3139);
#2843=LINE('',#6886,#3140);
#2844=LINE('',#6888,#3141);
#2845=LINE('',#6891,#3142);
#2846=LINE('',#6893,#3143);
#2847=LINE('',#6895,#3144);
#2848=LINE('',#6897,#3145);
#2849=LINE('',#6899,#3146);
#2850=LINE('',#6901,#3147);
#2851=LINE('',#6903,#3148);
#2852=LINE('',#6905,#3149);
#2853=LINE('',#6908,#3150);
#2854=LINE('',#6922,#3151);
#2855=LINE('',#6927,#3152);
#2856=LINE('',#6929,#3153);
#2857=LINE('',#6931,#3154);
#2858=LINE('',#6933,#3155);
#2859=LINE('',#6935,#3156);
#2860=LINE('',#6937,#3157);
#2861=LINE('',#6959,#3158);
#2862=LINE('',#6961,#3159);
#2863=LINE('',#6963,#3160);
#2864=LINE('',#6965,#3161);
#2865=LINE('',#6975,#3162);
#2866=LINE('',#6977,#3163);
#2867=LINE('',#7001,#3164);
#2868=LINE('',#7003,#3165);
#2869=LINE('',#7005,#3166);
#2870=LINE('',#7007,#3167);
#2871=LINE('',#7009,#3168);
#2872=LINE('',#7011,#3169);
#2873=LINE('',#7013,#3170);
#2874=LINE('',#7015,#3171);
#2875=LINE('',#7017,#3172);
#2876=LINE('',#7019,#3173);
#2877=LINE('',#7021,#3174);
#2878=LINE('',#7024,#3175);
#2879=LINE('',#7026,#3176);
#2880=LINE('',#7028,#3177);
#2881=LINE('',#7030,#3178);
#2882=LINE('',#7032,#3179);
#2883=LINE('',#7034,#3180);
#2884=LINE('',#7036,#3181);
#2885=LINE('',#7038,#3182);
#2886=LINE('',#7040,#3183);
#2887=LINE('',#7042,#3184);
#2888=LINE('',#7044,#3185);
#2889=LINE('',#7046,#3186);
#2890=LINE('',#7048,#3187);
#2891=LINE('',#7050,#3188);
#2892=LINE('',#7052,#3189);
#2893=LINE('',#7054,#3190);
#2894=LINE('',#7056,#3191);
#2895=LINE('',#7058,#3192);
#2896=LINE('',#7061,#3193);
#2897=LINE('',#7063,#3194);
#2898=LINE('',#7065,#3195);
#2899=LINE('',#7067,#3196);
#2900=LINE('',#7069,#3197);
#2901=LINE('',#7133,#3198);
#2902=LINE('',#7135,#3199);
#2903=LINE('',#7137,#3200);
#2904=LINE('',#7139,#3201);
#2905=LINE('',#7141,#3202);
#2906=LINE('',#7143,#3203);
#2907=LINE('',#7145,#3204);
#2908=LINE('',#7147,#3205);
#2909=LINE('',#7149,#3206);
#2910=LINE('',#7151,#3207);
#2911=LINE('',#7153,#3208);
#2912=LINE('',#7155,#3209);
#2913=LINE('',#7157,#3210);
#2914=LINE('',#7159,#3211);
#2915=LINE('',#7161,#3212);
#2916=LINE('',#7163,#3213);
#2917=LINE('',#7165,#3214);
#2918=LINE('',#7167,#3215);
#2919=LINE('',#7169,#3216);
#2920=LINE('',#7171,#3217);
#2921=LINE('',#7174,#3218);
#2922=LINE('',#7176,#3219);
#2923=LINE('',#7178,#3220);
#2924=LINE('',#7180,#3221);
#2925=LINE('',#7182,#3222);
#2926=LINE('',#7184,#3223);
#2927=LINE('',#7186,#3224);
#2928=LINE('',#7188,#3225);
#2929=LINE('',#7190,#3226);
#2930=LINE('',#7193,#3227);
#2931=LINE('',#7195,#3228);
#2932=LINE('',#7197,#3229);
#2933=VECTOR('',#4503,1.);
#2934=VECTOR('',#4504,1.);
#2935=VECTOR('',#4505,1.);
#2936=VECTOR('',#4506,1.);
#2937=VECTOR('',#4507,1.);
#2938=VECTOR('',#4522,1.);
#2939=VECTOR('',#4523,1.);
#2940=VECTOR('',#4524,1.);
#2941=VECTOR('',#4525,1.);
#2942=VECTOR('',#4548,1.);
#2943=VECTOR('',#4549,1.);
#2944=VECTOR('',#4558,1.);
#2945=VECTOR('',#4559,1.);
#2946=VECTOR('',#4560,1.);
#2947=VECTOR('',#4561,1.);
#2948=VECTOR('',#4562,1.);
#2949=VECTOR('',#4563,1.);
#2950=VECTOR('',#4588,1.);
#2951=VECTOR('',#4589,1.);
#2952=VECTOR('',#4596,1.);
#2953=VECTOR('',#4599,1.);
#2954=VECTOR('',#4600,1.);
#2955=VECTOR('',#4601,1.);
#2956=VECTOR('',#4602,1.);
#2957=VECTOR('',#4627,1.);
#2958=VECTOR('',#4628,1.);
#2959=VECTOR('',#4629,1.);
#2960=VECTOR('',#4646,1.);
#2961=VECTOR('',#4647,1.);
#2962=VECTOR('',#4648,1.);
#2963=VECTOR('',#4649,1.);
#2964=VECTOR('',#4650,1.);
#2965=VECTOR('',#4651,1.);
#2966=VECTOR('',#4652,1.);
#2967=VECTOR('',#4685,1.);
#2968=VECTOR('',#4686,1.);
#2969=VECTOR('',#4711,1.);
#2970=VECTOR('',#4728,1.);
#2971=VECTOR('',#4729,1.);
#2972=VECTOR('',#4730,1.);
#2973=VECTOR('',#4731,1.);
#2974=VECTOR('',#4732,1.);
#2975=VECTOR('',#4733,1.);
#2976=VECTOR('',#4734,1.);
#2977=VECTOR('',#4735,1.);
#2978=VECTOR('',#4740,1.);
#2979=VECTOR('',#4763,1.);
#2980=VECTOR('',#4764,1.);
#2981=VECTOR('',#4765,1.);
#2982=VECTOR('',#4770,1.);
#2983=VECTOR('',#4811,1.);
#2984=VECTOR('',#4812,1.);
#2985=VECTOR('',#4815,1.);
#2986=VECTOR('',#4820,1.);
#2987=VECTOR('',#4821,1.);
#2988=VECTOR('',#4822,1.);
#2989=VECTOR('',#4825,1.);
#2990=VECTOR('',#4826,1.);
#2991=VECTOR('',#4827,1.);
#2992=VECTOR('',#4828,1.);
#2993=VECTOR('',#4829,1.);
#2994=VECTOR('',#4830,1.);
#2995=VECTOR('',#4831,1.);
#2996=VECTOR('',#4832,1.);
#2997=VECTOR('',#4833,1.);
#2998=VECTOR('',#4834,1.);
#2999=VECTOR('',#4835,1.);
#3000=VECTOR('',#4836,1.);
#3001=VECTOR('',#4837,1.);
#3002=VECTOR('',#4838,1.);
#3003=VECTOR('',#4839,1.);
#3004=VECTOR('',#4840,1.);
#3005=VECTOR('',#4841,1.);
#3006=VECTOR('',#4842,1.);
#3007=VECTOR('',#4843,1.);
#3008=VECTOR('',#4844,1.);
#3009=VECTOR('',#4845,1.);
#3010=VECTOR('',#4846,1.);
#3011=VECTOR('',#4847,1.);
#3012=VECTOR('',#4848,1.);
#3013=VECTOR('',#4849,1.);
#3014=VECTOR('',#4850,1.);
#3015=VECTOR('',#4851,1.);
#3016=VECTOR('',#4852,1.);
#3017=VECTOR('',#4853,1.);
#3018=VECTOR('',#4854,1.);
#3019=VECTOR('',#4855,1.);
#3020=VECTOR('',#4856,1.);
#3021=VECTOR('',#4857,1.);
#3022=VECTOR('',#4858,1.);
#3023=VECTOR('',#4859,1.);
#3024=VECTOR('',#4860,1.);
#3025=VECTOR('',#4861,1.);
#3026=VECTOR('',#4862,1.);
#3027=VECTOR('',#4863,1.);
#3028=VECTOR('',#4864,1.);
#3029=VECTOR('',#4865,1.);
#3030=VECTOR('',#4866,1.);
#3031=VECTOR('',#4867,1.);
#3032=VECTOR('',#4868,1.);
#3033=VECTOR('',#4869,1.);
#3034=VECTOR('',#4870,1.);
#3035=VECTOR('',#4871,1.);
#3036=VECTOR('',#4872,1.);
#3037=VECTOR('',#4895,1.);
#3038=VECTOR('',#4896,1.);
#3039=VECTOR('',#4897,1.);
#3040=VECTOR('',#4982,1.);
#3041=VECTOR('',#4983,1.);
#3042=VECTOR('',#4984,1.);
#3043=VECTOR('',#4985,1.);
#3044=VECTOR('',#4986,1.);
#3045=VECTOR('',#5005,1.);
#3046=VECTOR('',#5008,1.);
#3047=VECTOR('',#5011,1.);
#3048=VECTOR('',#5016,1.);
#3049=VECTOR('',#5019,1.);
#3050=VECTOR('',#5022,1.);
#3051=VECTOR('',#5025,1.);
#3052=VECTOR('',#5028,1.);
#3053=VECTOR('',#5031,1.);
#3054=VECTOR('',#5034,1.);
#3055=VECTOR('',#5037,1.);
#3056=VECTOR('',#5044,1.);
#3057=VECTOR('',#5045,1.);
#3058=VECTOR('',#5074,1.);
#3059=VECTOR('',#5075,1.);
#3060=VECTOR('',#5108,1.);
#3061=VECTOR('',#5109,1.);
#3062=VECTOR('',#5110,1.);
#3063=VECTOR('',#5113,1.);
#3064=VECTOR('',#5116,1.);
#3065=VECTOR('',#5119,1.);
#3066=VECTOR('',#5122,1.);
#3067=VECTOR('',#5125,1.);
#3068=VECTOR('',#5128,1.);
#3069=VECTOR('',#5131,1.);
#3070=VECTOR('',#5134,1.);
#3071=VECTOR('',#5137,1.);
#3072=VECTOR('',#5140,1.);
#3073=VECTOR('',#5143,1.);
#3074=VECTOR('',#5146,1.);
#3075=VECTOR('',#5149,1.);
#3076=VECTOR('',#5152,1.);
#3077=VECTOR('',#5155,1.);
#3078=VECTOR('',#5158,1.);
#3079=VECTOR('',#5161,1.);
#3080=VECTOR('',#5164,1.);
#3081=VECTOR('',#5167,1.);
#3082=VECTOR('',#5170,1.);
#3083=VECTOR('',#5173,1.);
#3084=VECTOR('',#5176,1.);
#3085=VECTOR('',#5179,1.);
#3086=VECTOR('',#5182,1.);
#3087=VECTOR('',#5185,1.);
#3088=VECTOR('',#5188,1.);
#3089=VECTOR('',#5191,1.);
#3090=VECTOR('',#5194,1.);
#3091=VECTOR('',#5197,1.);
#3092=VECTOR('',#5200,1.);
#3093=VECTOR('',#5203,1.);
#3094=VECTOR('',#5206,1.);
#3095=VECTOR('',#5209,1.);
#3096=VECTOR('',#5212,1.);
#3097=VECTOR('',#5217,1.);
#3098=VECTOR('',#5220,1.);
#3099=VECTOR('',#5225,1.);
#3100=VECTOR('',#5226,1.);
#3101=VECTOR('',#5227,1.);
#3102=VECTOR('',#5244,1.);
#3103=VECTOR('',#5245,1.);
#3104=VECTOR('',#5248,1.);
#3105=VECTOR('',#5251,1.);
#3106=VECTOR('',#5254,1.);
#3107=VECTOR('',#5257,1.);
#3108=VECTOR('',#5260,1.);
#3109=VECTOR('',#5263,1.);
#3110=VECTOR('',#5266,1.);
#3111=VECTOR('',#5269,1.);
#3112=VECTOR('',#5272,1.);
#3113=VECTOR('',#5275,1.);
#3114=VECTOR('',#5278,1.);
#3115=VECTOR('',#5281,1.);
#3116=VECTOR('',#5286,1.);
#3117=VECTOR('',#5287,1.);
#3118=VECTOR('',#5288,1.);
#3119=VECTOR('',#5291,1.);
#3120=VECTOR('',#5292,1.);
#3121=VECTOR('',#5325,1.);
#3122=VECTOR('',#5328,1.);
#3123=VECTOR('',#5331,1.);
#3124=VECTOR('',#5334,1.);
#3125=VECTOR('',#5337,1.);
#3126=VECTOR('',#5340,1.);
#3127=VECTOR('',#5343,1.);
#3128=VECTOR('',#5346,1.);
#3129=VECTOR('',#5349,1.);
#3130=VECTOR('',#5352,1.);
#3131=VECTOR('',#5355,1.);
#3132=VECTOR('',#5358,1.);
#3133=VECTOR('',#5361,1.);
#3134=VECTOR('',#5364,1.);
#3135=VECTOR('',#5369,1.);
#3136=VECTOR('',#5374,1.);
#3137=VECTOR('',#5375,1.);
#3138=VECTOR('',#5376,1.);
#3139=VECTOR('',#5381,1.);
#3140=VECTOR('',#5384,1.);
#3141=VECTOR('',#5387,1.);
#3142=VECTOR('',#5392,1.);
#3143=VECTOR('',#5393,1.);
#3144=VECTOR('',#5394,1.);
#3145=VECTOR('',#5397,1.);
#3146=VECTOR('',#5398,1.);
#3147=VECTOR('',#5399,1.);
#3148=VECTOR('',#5402,1.);
#3149=VECTOR('',#5403,1.);
#3150=VECTOR('',#5408,1.);
#3151=VECTOR('',#5423,1.);
#3152=VECTOR('',#5432,1.);
#3153=VECTOR('',#5435,1.);
#3154=VECTOR('',#5438,1.);
#3155=VECTOR('',#5441,1.);
#3156=VECTOR('',#5444,1.);
#3157=VECTOR('',#5447,1.);
#3158=VECTOR('',#5472,1.);
#3159=VECTOR('',#5473,1.);
#3160=VECTOR('',#5474,1.);
#3161=VECTOR('',#5475,1.);
#3162=VECTOR('',#5484,1.);
#3163=VECTOR('',#5485,1.);
#3164=VECTOR('',#5510,1.);
#3165=VECTOR('',#5513,1.);
#3166=VECTOR('',#5516,1.);
#3167=VECTOR('',#5519,1.);
#3168=VECTOR('',#5522,1.);
#3169=VECTOR('',#5525,1.);
#3170=VECTOR('',#5528,1.);
#3171=VECTOR('',#5531,1.);
#3172=VECTOR('',#5534,1.);
#3173=VECTOR('',#5537,1.);
#3174=VECTOR('',#5540,1.);
#3175=VECTOR('',#5545,1.);
#3176=VECTOR('',#5548,1.);
#3177=VECTOR('',#5551,1.);
#3178=VECTOR('',#5554,1.);
#3179=VECTOR('',#5557,1.);
#3180=VECTOR('',#5560,1.);
#3181=VECTOR('',#5563,1.);
#3182=VECTOR('',#5566,1.);
#3183=VECTOR('',#5569,1.);
#3184=VECTOR('',#5572,1.);
#3185=VECTOR('',#5575,1.);
#3186=VECTOR('',#5578,1.);
#3187=VECTOR('',#5581,1.);
#3188=VECTOR('',#5584,1.);
#3189=VECTOR('',#5587,1.);
#3190=VECTOR('',#5590,1.);
#3191=VECTOR('',#5593,1.);
#3192=VECTOR('',#5596,1.);
#3193=VECTOR('',#5601,1.);
#3194=VECTOR('',#5602,1.);
#3195=VECTOR('',#5603,1.);
#3196=VECTOR('',#5606,1.);
#3197=VECTOR('',#5609,1.);
#3198=VECTOR('',#5678,1.);
#3199=VECTOR('',#5681,1.);
#3200=VECTOR('',#5684,1.);
#3201=VECTOR('',#5687,1.);
#3202=VECTOR('',#5690,1.);
#3203=VECTOR('',#5693,1.);
#3204=VECTOR('',#5696,1.);
#3205=VECTOR('',#5699,1.);
#3206=VECTOR('',#5702,1.);
#3207=VECTOR('',#5705,1.);
#3208=VECTOR('',#5708,1.);
#3209=VECTOR('',#5711,1.);
#3210=VECTOR('',#5714,1.);
#3211=VECTOR('',#5717,1.);
#3212=VECTOR('',#5720,1.);
#3213=VECTOR('',#5723,1.);
#3214=VECTOR('',#5726,1.);
#3215=VECTOR('',#5729,1.);
#3216=VECTOR('',#5732,1.);
#3217=VECTOR('',#5735,1.);
#3218=VECTOR('',#5740,1.);
#3219=VECTOR('',#5743,1.);
#3220=VECTOR('',#5746,1.);
#3221=VECTOR('',#5749,1.);
#3222=VECTOR('',#5752,1.);
#3223=VECTOR('',#5755,1.);
#3224=VECTOR('',#5758,1.);
#3225=VECTOR('',#5761,1.);
#3226=VECTOR('',#5764,1.);
#3227=VECTOR('',#5769,1.);
#3228=VECTOR('',#5770,1.);
#3229=VECTOR('',#5773,1.);
#3230=EDGE_LOOP('',(#453,#454,#455,#456,#457,#458,#459,#460,#461,#462,#463,
#464,#465,#466,#467,#468,#469,#470,#471,#472,#473,#474,#475,#476,#477,#478,
#479,#480,#481,#482,#483,#484,#485,#486,#487,#488,#489,#490,#491,#492,#493,
#494,#495,#496,#497,#498,#499,#500,#501,#502,#503,#504,#505,#506,#507,#508,
#509,#510,#511,#512,#513,#514,#515,#516,#517,#518,#519,#520,#521,#522,#523,
#524,#525,#526,#527,#528,#529,#530,#531,#532,#533,#534,#535,#536,#537,#538,
#539,#540,#541,#542,#543,#544,#545,#546,#547,#548,#549,#550,#551,#552,#553,
#554,#555,#556,#557,#558,#559,#560,#561,#562,#563,#564,#565,#566,#567,#568,
#569,#570,#571,#572,#573,#574,#575,#576,#577,#578,#579,#580,#581,#582,#583,
#584,#585,#586,#587,#588,#589,#590,#591,#592,#593));
#3231=EDGE_LOOP('',(#594,#595,#596,#597,#598,#599,#600,#601,#602,#603,#604));
#3232=EDGE_LOOP('',(#605,#606,#607,#608));
#3233=EDGE_LOOP('',(#609,#610,#611,#612,#613,#614,#615,#616,#617,#618,#619,
#620,#621,#622,#623,#624,#625,#626,#627,#628));
#3234=EDGE_LOOP('',(#629,#630,#631,#632,#633,#634));
#3235=EDGE_LOOP('',(#635,#636,#637));
#3236=EDGE_LOOP('',(#638,#639,#640,#641,#642,#643,#644,#645,#646,#647,#648,
#649,#650,#651,#652,#653,#654,#655,#656,#657,#658,#659,#660,#661,#662,#663,
#664,#665,#666,#667,#668,#669,#670,#671,#672,#673,#674,#675,#676,#677,#678,
#679,#680,#681,#682,#683,#684,#685,#686,#687,#688,#689,#690,#691,#692,#693,
#694,#695,#696,#697,#698,#699,#700,#701,#702,#703,#704,#705));
#3237=EDGE_LOOP('',(#706));
#3238=EDGE_LOOP('',(#707));
#3239=EDGE_LOOP('',(#708));
#3240=EDGE_LOOP('',(#709));
#3241=EDGE_LOOP('',(#710));
#3242=EDGE_LOOP('',(#711));
#3243=EDGE_LOOP('',(#712));
#3244=EDGE_LOOP('',(#713));
#3245=EDGE_LOOP('',(#714));
#3246=EDGE_LOOP('',(#715));
#3247=EDGE_LOOP('',(#716,#717,#718,#719,#720,#721,#722,#723));
#3248=EDGE_LOOP('',(#724));
#3249=EDGE_LOOP('',(#725));
#3250=EDGE_LOOP('',(#726));
#3251=EDGE_LOOP('',(#727));
#3252=EDGE_LOOP('',(#728));
#3253=EDGE_LOOP('',(#729));
#3254=EDGE_LOOP('',(#730,#731,#732,#733));
#3255=EDGE_LOOP('',(#734,#735,#736,#737));
#3256=EDGE_LOOP('',(#738,#739,#740,#741));
#3257=EDGE_LOOP('',(#742));
#3258=EDGE_LOOP('',(#743));
#3259=EDGE_LOOP('',(#744));
#3260=EDGE_LOOP('',(#745));
#3261=EDGE_LOOP('',(#746));
#3262=EDGE_LOOP('',(#747));
#3263=EDGE_LOOP('',(#748));
#3264=EDGE_LOOP('',(#749));
#3265=EDGE_LOOP('',(#750));
#3266=EDGE_LOOP('',(#751));
#3267=EDGE_LOOP('',(#752));
#3268=EDGE_LOOP('',(#753));
#3269=EDGE_LOOP('',(#754));
#3270=EDGE_LOOP('',(#755));
#3271=EDGE_LOOP('',(#756));
#3272=EDGE_LOOP('',(#757));
#3273=EDGE_LOOP('',(#758));
#3274=EDGE_LOOP('',(#759));
#3275=EDGE_LOOP('',(#760));
#3276=EDGE_LOOP('',(#761));
#3277=EDGE_LOOP('',(#762));
#3278=EDGE_LOOP('',(#763));
#3279=EDGE_LOOP('',(#764));
#3280=EDGE_LOOP('',(#765));
#3281=EDGE_LOOP('',(#766));
#3282=EDGE_LOOP('',(#767));
#3283=EDGE_LOOP('',(#768));
#3284=EDGE_LOOP('',(#769));
#3285=EDGE_LOOP('',(#770));
#3286=EDGE_LOOP('',(#771));
#3287=EDGE_LOOP('',(#772));
#3288=EDGE_LOOP('',(#773));
#3289=EDGE_LOOP('',(#774));
#3290=EDGE_LOOP('',(#775));
#3291=EDGE_LOOP('',(#776));
#3292=EDGE_LOOP('',(#777));
#3293=EDGE_LOOP('',(#778,#779,#780,#781));
#3294=EDGE_LOOP('',(#782,#783,#784,#785));
#3295=EDGE_LOOP('',(#786,#787,#788,#789));
#3296=EDGE_LOOP('',(#790,#791,#792,#793));
#3297=EDGE_LOOP('',(#794,#795,#796,#797,#798,#799,#800,#801,#802,#803,#804,
#805,#806,#807,#808));
#3298=EDGE_LOOP('',(#809,#810,#811,#812));
#3299=EDGE_LOOP('',(#813,#814,#815,#816));
#3300=EDGE_LOOP('',(#817,#818,#819,#820));
#3301=EDGE_LOOP('',(#821,#822,#823,#824));
#3302=EDGE_LOOP('',(#825,#826,#827,#828));
#3303=EDGE_LOOP('',(#829,#830,#831,#832));
#3304=EDGE_LOOP('',(#833,#834,#835,#836));
#3305=EDGE_LOOP('',(#837,#838,#839,#840));
#3306=EDGE_LOOP('',(#841,#842,#843,#844));
#3307=EDGE_LOOP('',(#845,#846,#847,#848));
#3308=EDGE_LOOP('',(#849,#850,#851,#852));
#3309=EDGE_LOOP('',(#853,#854,#855,#856));
#3310=EDGE_LOOP('',(#857,#858,#859,#860));
#3311=EDGE_LOOP('',(#861,#862,#863,#864,#865,#866,#867,#868,#869,#870,#871,
#872,#873,#874,#875,#876,#877,#878,#879,#880,#881,#882,#883,#884,#885,#886,
#887,#888,#889,#890,#891,#892,#893,#894,#895,#896,#897,#898,#899,#900));
#3312=EDGE_LOOP('',(#901,#902,#903,#904));
#3313=EDGE_LOOP('',(#905,#906,#907,#908));
#3314=EDGE_LOOP('',(#909,#910,#911,#912));
#3315=EDGE_LOOP('',(#913,#914,#915,#916));
#3316=EDGE_LOOP('',(#917,#918,#919,#920));
#3317=EDGE_LOOP('',(#921,#922,#923,#924));
#3318=EDGE_LOOP('',(#925,#926,#927,#928));
#3319=EDGE_LOOP('',(#929,#930,#931,#932));
#3320=EDGE_LOOP('',(#933,#934,#935,#936));
#3321=EDGE_LOOP('',(#937,#938,#939,#940));
#3322=EDGE_LOOP('',(#941,#942,#943,#944));
#3323=EDGE_LOOP('',(#945,#946,#947,#948));
#3324=EDGE_LOOP('',(#949,#950,#951,#952));
#3325=EDGE_LOOP('',(#953,#954,#955,#956));
#3326=EDGE_LOOP('',(#957,#958,#959,#960));
#3327=EDGE_LOOP('',(#961,#962,#963,#964));
#3328=EDGE_LOOP('',(#965,#966,#967,#968));
#3329=EDGE_LOOP('',(#969,#970,#971,#972));
#3330=EDGE_LOOP('',(#973,#974,#975,#976));
#3331=EDGE_LOOP('',(#977,#978,#979,#980));
#3332=EDGE_LOOP('',(#981,#982,#983,#984));
#3333=EDGE_LOOP('',(#985,#986,#987,#988));
#3334=EDGE_LOOP('',(#989,#990,#991,#992));
#3335=EDGE_LOOP('',(#993,#994,#995,#996));
#3336=EDGE_LOOP('',(#997,#998,#999,#1000));
#3337=EDGE_LOOP('',(#1001,#1002,#1003,#1004));
#3338=EDGE_LOOP('',(#1005,#1006,#1007,#1008));
#3339=EDGE_LOOP('',(#1009,#1010,#1011,#1012));
#3340=EDGE_LOOP('',(#1013,#1014,#1015,#1016));
#3341=EDGE_LOOP('',(#1017,#1018,#1019,#1020));
#3342=EDGE_LOOP('',(#1021,#1022,#1023,#1024));
#3343=EDGE_LOOP('',(#1025,#1026,#1027,#1028));
#3344=EDGE_LOOP('',(#1029,#1030,#1031,#1032));
#3345=EDGE_LOOP('',(#1033,#1034,#1035,#1036));
#3346=EDGE_LOOP('',(#1037,#1038,#1039,#1040));
#3347=EDGE_LOOP('',(#1041,#1042,#1043,#1044));
#3348=EDGE_LOOP('',(#1045,#1046,#1047,#1048));
#3349=EDGE_LOOP('',(#1049,#1050,#1051,#1052));
#3350=EDGE_LOOP('',(#1053,#1054,#1055,#1056,#1057,#1058,#1059,#1060,#1061,
#1062,#1063,#1064,#1065,#1066));
#3351=EDGE_LOOP('',(#1067,#1068,#1069,#1070));
#3352=EDGE_LOOP('',(#1071,#1072,#1073,#1074));
#3353=EDGE_LOOP('',(#1075,#1076,#1077,#1078));
#3354=EDGE_LOOP('',(#1079,#1080,#1081,#1082));
#3355=EDGE_LOOP('',(#1083,#1084,#1085,#1086));
#3356=EDGE_LOOP('',(#1087,#1088,#1089,#1090));
#3357=EDGE_LOOP('',(#1091,#1092,#1093,#1094));
#3358=EDGE_LOOP('',(#1095,#1096,#1097,#1098));
#3359=EDGE_LOOP('',(#1099,#1100,#1101,#1102));
#3360=EDGE_LOOP('',(#1103,#1104,#1105,#1106));
#3361=EDGE_LOOP('',(#1107,#1108,#1109,#1110));
#3362=EDGE_LOOP('',(#1111,#1112,#1113,#1114));
#3363=EDGE_LOOP('',(#1115,#1116,#1117,#1118));
#3364=EDGE_LOOP('',(#1119,#1120,#1121,#1122));
#3365=EDGE_LOOP('',(#1123,#1124,#1125,#1126));
#3366=EDGE_LOOP('',(#1127,#1128,#1129,#1130,#1131,#1132,#1133,#1134,#1135,
#1136,#1137,#1138,#1139,#1140,#1141,#1142,#1143,#1144,#1145));
#3367=EDGE_LOOP('',(#1146,#1147,#1148,#1149));
#3368=EDGE_LOOP('',(#1150,#1151,#1152,#1153));
#3369=EDGE_LOOP('',(#1154,#1155,#1156,#1157));
#3370=EDGE_LOOP('',(#1158,#1159,#1160,#1161));
#3371=EDGE_LOOP('',(#1162,#1163,#1164,#1165));
#3372=EDGE_LOOP('',(#1166,#1167,#1168,#1169));
#3373=EDGE_LOOP('',(#1170,#1171,#1172,#1173));
#3374=EDGE_LOOP('',(#1174,#1175,#1176,#1177));
#3375=EDGE_LOOP('',(#1178,#1179,#1180,#1181));
#3376=EDGE_LOOP('',(#1182,#1183,#1184,#1185));
#3377=EDGE_LOOP('',(#1186,#1187,#1188,#1189));
#3378=EDGE_LOOP('',(#1190,#1191,#1192,#1193));
#3379=EDGE_LOOP('',(#1194,#1195,#1196,#1197));
#3380=EDGE_LOOP('',(#1198,#1199,#1200,#1201));
#3381=EDGE_LOOP('',(#1202,#1203,#1204,#1205));
#3382=EDGE_LOOP('',(#1206,#1207,#1208,#1209));
#3383=EDGE_LOOP('',(#1210,#1211,#1212,#1213,#1214));
#3384=EDGE_LOOP('',(#1215,#1216,#1217,#1218));
#3385=EDGE_LOOP('',(#1219,#1220,#1221,#1222));
#3386=EDGE_LOOP('',(#1223,#1224,#1225,#1226));
#3387=EDGE_LOOP('',(#1227,#1228,#1229,#1230));
#3388=EDGE_LOOP('',(#1231,#1232,#1233,#1234));
#3389=EDGE_LOOP('',(#1235,#1236,#1237,#1238));
#3390=EDGE_LOOP('',(#1239,#1240,#1241,#1242));
#3391=EDGE_LOOP('',(#1243,#1244,#1245,#1246,#1247,#1248,#1249,#1250,#1251,
#1252,#1253,#1254,#1255,#1256,#1257));
#3392=EDGE_LOOP('',(#1258,#1259,#1260,#1261));
#3393=EDGE_LOOP('',(#1262,#1263,#1264,#1265));
#3394=EDGE_LOOP('',(#1266,#1267,#1268,#1269));
#3395=EDGE_LOOP('',(#1270,#1271,#1272,#1273));
#3396=EDGE_LOOP('',(#1274,#1275,#1276,#1277));
#3397=EDGE_LOOP('',(#1278,#1279,#1280,#1281));
#3398=EDGE_LOOP('',(#1282,#1283,#1284,#1285));
#3399=EDGE_LOOP('',(#1286,#1287,#1288,#1289));
#3400=EDGE_LOOP('',(#1290,#1291,#1292,#1293));
#3401=EDGE_LOOP('',(#1294,#1295,#1296,#1297));
#3402=EDGE_LOOP('',(#1298,#1299,#1300,#1301,#1302,#1303,#1304,#1305,#1306,
#1307,#1308,#1309,#1310,#1311,#1312,#1313,#1314,#1315,#1316,#1317,#1318,
#1319,#1320,#1321,#1322,#1323,#1324,#1325,#1326,#1327,#1328,#1329,#1330));
#3403=EDGE_LOOP('',(#1331,#1332,#1333,#1334));
#3404=EDGE_LOOP('',(#1335,#1336,#1337,#1338));
#3405=EDGE_LOOP('',(#1339,#1340,#1341,#1342));
#3406=EDGE_LOOP('',(#1343,#1344,#1345,#1346));
#3407=EDGE_LOOP('',(#1347,#1348,#1349,#1350));
#3408=EDGE_LOOP('',(#1351,#1352,#1353,#1354));
#3409=EDGE_LOOP('',(#1355,#1356,#1357,#1358));
#3410=EDGE_LOOP('',(#1359,#1360,#1361,#1362));
#3411=EDGE_LOOP('',(#1363,#1364,#1365,#1366));
#3412=EDGE_LOOP('',(#1367,#1368,#1369,#1370));
#3413=EDGE_LOOP('',(#1371,#1372,#1373,#1374));
#3414=EDGE_LOOP('',(#1375,#1376,#1377,#1378));
#3415=EDGE_LOOP('',(#1379,#1380,#1381,#1382));
#3416=EDGE_LOOP('',(#1383,#1384,#1385,#1386));
#3417=EDGE_LOOP('',(#1387,#1388,#1389,#1390));
#3418=EDGE_LOOP('',(#1391,#1392,#1393,#1394));
#3419=EDGE_LOOP('',(#1395,#1396,#1397,#1398));
#3420=EDGE_LOOP('',(#1399,#1400,#1401,#1402));
#3421=EDGE_LOOP('',(#1403,#1404,#1405,#1406));
#3422=EDGE_LOOP('',(#1407,#1408,#1409,#1410));
#3423=EDGE_LOOP('',(#1411,#1412,#1413,#1414));
#3424=EDGE_LOOP('',(#1415,#1416,#1417,#1418));
#3425=EDGE_LOOP('',(#1419,#1420,#1421,#1422));
#3426=EDGE_LOOP('',(#1423,#1424,#1425,#1426));
#3427=EDGE_LOOP('',(#1427,#1428,#1429,#1430));
#3428=EDGE_LOOP('',(#1431,#1432,#1433,#1434));
#3429=EDGE_LOOP('',(#1435,#1436,#1437,#1438));
#3430=EDGE_LOOP('',(#1439,#1440,#1441,#1442));
#3431=EDGE_LOOP('',(#1443,#1444,#1445,#1446));
#3432=EDGE_LOOP('',(#1447,#1448,#1449,#1450));
#3433=EDGE_LOOP('',(#1451,#1452,#1453,#1454));
#3434=EDGE_LOOP('',(#1455,#1456,#1457,#1458));
#3435=EDGE_LOOP('',(#1459,#1460,#1461,#1462));
#3436=EDGE_LOOP('',(#1463,#1464,#1465,#1466));
#3437=EDGE_LOOP('',(#1467,#1468,#1469,#1470));
#3438=EDGE_LOOP('',(#1471,#1472,#1473,#1474,#1475,#1476,#1477,#1478,#1479,
#1480,#1481,#1482,#1483,#1484,#1485,#1486,#1487,#1488,#1489,#1490,#1491,
#1492,#1493,#1494,#1495,#1496,#1497,#1498,#1499,#1500,#1501,#1502,#1503));
#3439=EDGE_LOOP('',(#1504,#1505,#1506,#1507));
#3440=EDGE_LOOP('',(#1508,#1509,#1510,#1511));
#3441=EDGE_LOOP('',(#1512,#1513,#1514,#1515));
#3442=EDGE_LOOP('',(#1516,#1517,#1518,#1519));
#3443=EDGE_LOOP('',(#1520,#1521,#1522,#1523));
#3444=EDGE_LOOP('',(#1524,#1525,#1526,#1527));
#3445=EDGE_LOOP('',(#1528,#1529,#1530,#1531));
#3446=EDGE_LOOP('',(#1532,#1533,#1534,#1535));
#3447=EDGE_LOOP('',(#1536,#1537,#1538,#1539));
#3448=EDGE_LOOP('',(#1540,#1541,#1542,#1543));
#3449=EDGE_LOOP('',(#1544,#1545,#1546,#1547));
#3450=EDGE_LOOP('',(#1548,#1549,#1550,#1551));
#3451=EDGE_LOOP('',(#1552,#1553,#1554,#1555));
#3452=EDGE_LOOP('',(#1556,#1557,#1558,#1559));
#3453=EDGE_LOOP('',(#1560,#1561,#1562,#1563));
#3454=EDGE_LOOP('',(#1564,#1565,#1566,#1567));
#3455=EDGE_LOOP('',(#1568,#1569,#1570,#1571));
#3456=EDGE_LOOP('',(#1572,#1573,#1574,#1575));
#3457=EDGE_LOOP('',(#1576,#1577,#1578,#1579));
#3458=EDGE_LOOP('',(#1580,#1581,#1582,#1583));
#3459=EDGE_LOOP('',(#1584,#1585,#1586,#1587));
#3460=EDGE_LOOP('',(#1588,#1589,#1590,#1591));
#3461=EDGE_LOOP('',(#1592,#1593,#1594,#1595));
#3462=EDGE_LOOP('',(#1596,#1597,#1598,#1599));
#3463=EDGE_LOOP('',(#1600,#1601,#1602,#1603));
#3464=EDGE_LOOP('',(#1604,#1605,#1606,#1607));
#3465=EDGE_LOOP('',(#1608,#1609,#1610,#1611));
#3466=EDGE_LOOP('',(#1612,#1613,#1614,#1615));
#3467=EDGE_LOOP('',(#1616,#1617,#1618,#1619));
#3468=EDGE_LOOP('',(#1620,#1621,#1622,#1623));
#3469=EDGE_LOOP('',(#1624,#1625,#1626,#1627));
#3470=EDGE_LOOP('',(#1628,#1629,#1630));
#3471=EDGE_LOOP('',(#1631,#1632,#1633,#1634));
#3472=EDGE_LOOP('',(#1635,#1636,#1637,#1638));
#3473=FACE_BOUND('',#3230,.T.);
#3474=FACE_BOUND('',#3231,.T.);
#3475=FACE_BOUND('',#3232,.T.);
#3476=FACE_BOUND('',#3233,.T.);
#3477=FACE_BOUND('',#3234,.T.);
#3478=FACE_BOUND('',#3235,.T.);
#3479=FACE_BOUND('',#3236,.T.);
#3480=FACE_BOUND('',#3237,.T.);
#3481=FACE_BOUND('',#3238,.T.);
#3482=FACE_BOUND('',#3239,.T.);
#3483=FACE_BOUND('',#3240,.T.);
#3484=FACE_BOUND('',#3241,.T.);
#3485=FACE_BOUND('',#3242,.T.);
#3486=FACE_BOUND('',#3243,.T.);
#3487=FACE_BOUND('',#3244,.T.);
#3488=FACE_BOUND('',#3245,.T.);
#3489=FACE_BOUND('',#3246,.T.);
#3490=FACE_BOUND('',#3247,.T.);
#3491=FACE_BOUND('',#3248,.T.);
#3492=FACE_BOUND('',#3249,.T.);
#3493=FACE_BOUND('',#3250,.T.);
#3494=FACE_BOUND('',#3251,.T.);
#3495=FACE_BOUND('',#3252,.T.);
#3496=FACE_BOUND('',#3253,.T.);
#3497=FACE_BOUND('',#3254,.T.);
#3498=FACE_BOUND('',#3255,.T.);
#3499=FACE_BOUND('',#3256,.T.);
#3500=FACE_BOUND('',#3257,.T.);
#3501=FACE_BOUND('',#3258,.T.);
#3502=FACE_BOUND('',#3259,.T.);
#3503=FACE_BOUND('',#3260,.T.);
#3504=FACE_BOUND('',#3261,.T.);
#3505=FACE_BOUND('',#3262,.T.);
#3506=FACE_BOUND('',#3263,.T.);
#3507=FACE_BOUND('',#3264,.T.);
#3508=FACE_BOUND('',#3265,.T.);
#3509=FACE_BOUND('',#3266,.T.);
#3510=FACE_BOUND('',#3267,.T.);
#3511=FACE_BOUND('',#3268,.T.);
#3512=FACE_BOUND('',#3269,.T.);
#3513=FACE_BOUND('',#3270,.T.);
#3514=FACE_BOUND('',#3271,.T.);
#3515=FACE_BOUND('',#3272,.T.);
#3516=FACE_BOUND('',#3273,.T.);
#3517=FACE_BOUND('',#3274,.T.);
#3518=FACE_BOUND('',#3275,.T.);
#3519=FACE_BOUND('',#3276,.T.);
#3520=FACE_BOUND('',#3277,.T.);
#3521=FACE_BOUND('',#3278,.T.);
#3522=FACE_BOUND('',#3279,.T.);
#3523=FACE_BOUND('',#3280,.T.);
#3524=FACE_BOUND('',#3281,.T.);
#3525=FACE_BOUND('',#3282,.T.);
#3526=FACE_BOUND('',#3283,.T.);
#3527=FACE_BOUND('',#3284,.T.);
#3528=FACE_BOUND('',#3285,.T.);
#3529=FACE_BOUND('',#3286,.T.);
#3530=FACE_BOUND('',#3287,.T.);
#3531=FACE_BOUND('',#3288,.T.);
#3532=FACE_BOUND('',#3289,.T.);
#3533=FACE_BOUND('',#3290,.T.);
#3534=FACE_BOUND('',#3291,.T.);
#3535=FACE_BOUND('',#3292,.T.);
#3536=FACE_BOUND('',#3293,.T.);
#3537=FACE_BOUND('',#3294,.T.);
#3538=FACE_BOUND('',#3295,.T.);
#3539=FACE_BOUND('',#3296,.T.);
#3540=FACE_BOUND('',#3297,.T.);
#3541=FACE_BOUND('',#3298,.T.);
#3542=FACE_BOUND('',#3299,.T.);
#3543=FACE_BOUND('',#3300,.T.);
#3544=FACE_BOUND('',#3301,.T.);
#3545=FACE_BOUND('',#3302,.T.);
#3546=FACE_BOUND('',#3303,.T.);
#3547=FACE_BOUND('',#3304,.T.);
#3548=FACE_BOUND('',#3305,.T.);
#3549=FACE_BOUND('',#3306,.T.);
#3550=FACE_BOUND('',#3307,.T.);
#3551=FACE_BOUND('',#3308,.T.);
#3552=FACE_BOUND('',#3309,.T.);
#3553=FACE_BOUND('',#3310,.T.);
#3554=FACE_BOUND('',#3311,.T.);
#3555=FACE_BOUND('',#3312,.T.);
#3556=FACE_BOUND('',#3313,.T.);
#3557=FACE_BOUND('',#3314,.T.);
#3558=FACE_BOUND('',#3315,.T.);
#3559=FACE_BOUND('',#3316,.T.);
#3560=FACE_BOUND('',#3317,.T.);
#3561=FACE_BOUND('',#3318,.T.);
#3562=FACE_BOUND('',#3319,.T.);
#3563=FACE_BOUND('',#3320,.T.);
#3564=FACE_BOUND('',#3321,.T.);
#3565=FACE_BOUND('',#3322,.T.);
#3566=FACE_BOUND('',#3323,.T.);
#3567=FACE_BOUND('',#3324,.T.);
#3568=FACE_BOUND('',#3325,.T.);
#3569=FACE_BOUND('',#3326,.T.);
#3570=FACE_BOUND('',#3327,.T.);
#3571=FACE_BOUND('',#3328,.T.);
#3572=FACE_BOUND('',#3329,.T.);
#3573=FACE_BOUND('',#3330,.T.);
#3574=FACE_BOUND('',#3331,.T.);
#3575=FACE_BOUND('',#3332,.T.);
#3576=FACE_BOUND('',#3333,.T.);
#3577=FACE_BOUND('',#3334,.T.);
#3578=FACE_BOUND('',#3335,.T.);
#3579=FACE_BOUND('',#3336,.T.);
#3580=FACE_BOUND('',#3337,.T.);
#3581=FACE_BOUND('',#3338,.T.);
#3582=FACE_BOUND('',#3339,.T.);
#3583=FACE_BOUND('',#3340,.T.);
#3584=FACE_BOUND('',#3341,.T.);
#3585=FACE_BOUND('',#3342,.T.);
#3586=FACE_BOUND('',#3343,.T.);
#3587=FACE_BOUND('',#3344,.T.);
#3588=FACE_BOUND('',#3345,.T.);
#3589=FACE_BOUND('',#3346,.T.);
#3590=FACE_BOUND('',#3347,.T.);
#3591=FACE_BOUND('',#3348,.T.);
#3592=FACE_BOUND('',#3349,.T.);
#3593=FACE_BOUND('',#3350,.T.);
#3594=FACE_BOUND('',#3351,.T.);
#3595=FACE_BOUND('',#3352,.T.);
#3596=FACE_BOUND('',#3353,.T.);
#3597=FACE_BOUND('',#3354,.T.);
#3598=FACE_BOUND('',#3355,.T.);
#3599=FACE_BOUND('',#3356,.T.);
#3600=FACE_BOUND('',#3357,.T.);
#3601=FACE_BOUND('',#3358,.T.);
#3602=FACE_BOUND('',#3359,.T.);
#3603=FACE_BOUND('',#3360,.T.);
#3604=FACE_BOUND('',#3361,.T.);
#3605=FACE_BOUND('',#3362,.T.);
#3606=FACE_BOUND('',#3363,.T.);
#3607=FACE_BOUND('',#3364,.T.);
#3608=FACE_BOUND('',#3365,.T.);
#3609=FACE_BOUND('',#3366,.T.);
#3610=FACE_BOUND('',#3367,.T.);
#3611=FACE_BOUND('',#3368,.T.);
#3612=FACE_BOUND('',#3369,.T.);
#3613=FACE_BOUND('',#3370,.T.);
#3614=FACE_BOUND('',#3371,.T.);
#3615=FACE_BOUND('',#3372,.T.);
#3616=FACE_BOUND('',#3373,.T.);
#3617=FACE_BOUND('',#3374,.T.);
#3618=FACE_BOUND('',#3375,.T.);
#3619=FACE_BOUND('',#3376,.T.);
#3620=FACE_BOUND('',#3377,.T.);
#3621=FACE_BOUND('',#3378,.T.);
#3622=FACE_BOUND('',#3379,.T.);
#3623=FACE_BOUND('',#3380,.T.);
#3624=FACE_BOUND('',#3381,.T.);
#3625=FACE_BOUND('',#3382,.T.);
#3626=FACE_BOUND('',#3383,.T.);
#3627=FACE_BOUND('',#3384,.T.);
#3628=FACE_BOUND('',#3385,.T.);
#3629=FACE_BOUND('',#3386,.T.);
#3630=FACE_BOUND('',#3387,.T.);
#3631=FACE_BOUND('',#3388,.T.);
#3632=FACE_BOUND('',#3389,.T.);
#3633=FACE_BOUND('',#3390,.T.);
#3634=FACE_BOUND('',#3391,.T.);
#3635=FACE_BOUND('',#3392,.T.);
#3636=FACE_BOUND('',#3393,.T.);
#3637=FACE_BOUND('',#3394,.T.);
#3638=FACE_BOUND('',#3395,.T.);
#3639=FACE_BOUND('',#3396,.T.);
#3640=FACE_BOUND('',#3397,.T.);
#3641=FACE_BOUND('',#3398,.T.);
#3642=FACE_BOUND('',#3399,.T.);
#3643=FACE_BOUND('',#3400,.T.);
#3644=FACE_BOUND('',#3401,.T.);
#3645=FACE_BOUND('',#3402,.T.);
#3646=FACE_BOUND('',#3403,.T.);
#3647=FACE_BOUND('',#3404,.T.);
#3648=FACE_BOUND('',#3405,.T.);
#3649=FACE_BOUND('',#3406,.T.);
#3650=FACE_BOUND('',#3407,.T.);
#3651=FACE_BOUND('',#3408,.T.);
#3652=FACE_BOUND('',#3409,.T.);
#3653=FACE_BOUND('',#3410,.T.);
#3654=FACE_BOUND('',#3411,.T.);
#3655=FACE_BOUND('',#3412,.T.);
#3656=FACE_BOUND('',#3413,.T.);
#3657=FACE_BOUND('',#3414,.T.);
#3658=FACE_BOUND('',#3415,.T.);
#3659=FACE_BOUND('',#3416,.T.);
#3660=FACE_BOUND('',#3417,.T.);
#3661=FACE_BOUND('',#3418,.T.);
#3662=FACE_BOUND('',#3419,.T.);
#3663=FACE_BOUND('',#3420,.T.);
#3664=FACE_BOUND('',#3421,.T.);
#3665=FACE_BOUND('',#3422,.T.);
#3666=FACE_BOUND('',#3423,.T.);
#3667=FACE_BOUND('',#3424,.T.);
#3668=FACE_BOUND('',#3425,.T.);
#3669=FACE_BOUND('',#3426,.T.);
#3670=FACE_BOUND('',#3427,.T.);
#3671=FACE_BOUND('',#3428,.T.);
#3672=FACE_BOUND('',#3429,.T.);
#3673=FACE_BOUND('',#3430,.T.);
#3674=FACE_BOUND('',#3431,.T.);
#3675=FACE_BOUND('',#3432,.T.);
#3676=FACE_BOUND('',#3433,.T.);
#3677=FACE_BOUND('',#3434,.T.);
#3678=FACE_BOUND('',#3435,.T.);
#3679=FACE_BOUND('',#3436,.T.);
#3680=FACE_BOUND('',#3437,.T.);
#3681=FACE_BOUND('',#3438,.T.);
#3682=FACE_BOUND('',#3439,.T.);
#3683=FACE_BOUND('',#3440,.T.);
#3684=FACE_BOUND('',#3441,.T.);
#3685=FACE_BOUND('',#3442,.T.);
#3686=FACE_BOUND('',#3443,.T.);
#3687=FACE_BOUND('',#3444,.T.);
#3688=FACE_BOUND('',#3445,.T.);
#3689=FACE_BOUND('',#3446,.T.);
#3690=FACE_BOUND('',#3447,.T.);
#3691=FACE_BOUND('',#3448,.T.);
#3692=FACE_BOUND('',#3449,.T.);
#3693=FACE_BOUND('',#3450,.T.);
#3694=FACE_BOUND('',#3451,.T.);
#3695=FACE_BOUND('',#3452,.T.);
#3696=FACE_BOUND('',#3453,.T.);
#3697=FACE_BOUND('',#3454,.T.);
#3698=FACE_BOUND('',#3455,.T.);
#3699=FACE_BOUND('',#3456,.T.);
#3700=FACE_BOUND('',#3457,.T.);
#3701=FACE_BOUND('',#3458,.T.);
#3702=FACE_BOUND('',#3459,.T.);
#3703=FACE_BOUND('',#3460,.T.);
#3704=FACE_BOUND('',#3461,.T.);
#3705=FACE_BOUND('',#3462,.T.);
#3706=FACE_BOUND('',#3463,.T.);
#3707=FACE_BOUND('',#3464,.T.);
#3708=FACE_BOUND('',#3465,.T.);
#3709=FACE_BOUND('',#3466,.T.);
#3710=FACE_BOUND('',#3467,.T.);
#3711=FACE_BOUND('',#3468,.T.);
#3712=FACE_BOUND('',#3469,.T.);
#3713=FACE_BOUND('',#3470,.T.);
#3714=FACE_BOUND('',#3471,.T.);
#3715=FACE_BOUND('',#3472,.T.);
#3716=PLANE('',#4010);
#3717=PLANE('',#4105);
#3718=PLANE('',#4116);
#3719=PLANE('',#4118);
#3720=PLANE('',#4138);
#3721=PLANE('',#4142);
#3722=PLANE('',#4143);
#3723=PLANE('',#4152);
#3724=PLANE('',#4161);
#3725=PLANE('',#4162);
#3726=PLANE('',#4163);
#3727=PLANE('',#4166);
#3728=PLANE('',#4169);
#3729=PLANE('',#4172);
#3730=PLANE('',#4175);
#3731=PLANE('',#4178);
#3732=PLANE('',#4182);
#3733=PLANE('',#4186);
#3734=PLANE('',#4190);
#3735=PLANE('',#4196);
#3736=PLANE('',#4205);
#3737=PLANE('',#4207);
#3738=PLANE('',#4208);
#3739=PLANE('',#4209);
#3740=PLANE('',#4210);
#3741=PLANE('',#4218);
#3742=PLANE('',#4251);
#3743=PLANE('',#4265);
#3744=PLANE('',#4266);
#3745=PLANE('',#4283);
#3746=PLANE('',#4284);
#3747=PLANE('',#4286);
#3748=PLANE('',#4287);
#3749=PLANE('',#4288);
#3750=PLANE('',#4297);
#3751=PLANE('',#4298);
#3752=PLANE('',#4299);
#3753=PLANE('',#4300);
#3754=PLANE('',#4309);
#3755=PLANE('',#4310);
#3756=PLANE('',#4311);
#3757=PLANE('',#4312);
#3758=PLANE('',#4328);
#3759=PLANE('',#4344);
#3760=PLANE('',#4346);
#3761=PLANE('',#4348);
#3762=PLANE('',#4349);
#3763=PLANE('',#4350);
#3764=PLANE('',#4351);
#3765=PLANE('',#4352);
#3766=PLANE('',#4353);
#3767=PLANE('',#4362);
#3768=PLANE('',#4364);
#3769=PLANE('',#4372);
#3770=PLANE('',#4401);
#3771=PLANE('',#4411);
#3772=PLANE('',#4412);
#3773=PLANE('',#4413);
#3774=PLANE('',#4418);
#3775=PLANE('',#4419);
#3776=PLANE('',#4429);
#3777=PLANE('',#4430);
#3778=PLANE('',#4431);
#3779=PLANE('',#4432);
#3780=PLANE('',#4433);
#3781=PLANE('',#4496);
#3782=PLANE('',#4497);
#3783=PLANE('',#4498);
#3784=ADVANCED_FACE('',(#3473),#3716,.F.);
#3785=ADVANCED_FACE('',(#3474),#3717,.F.);
#3786=ADVANCED_FACE('',(#3475),#3718,.F.);
#3787=ADVANCED_FACE('',(#3476),#3719,.F.);
#3788=ADVANCED_FACE('',(#3477),#3720,.F.);
#3789=ADVANCED_FACE('',(#3478),#3721,.F.);
#3790=ADVANCED_FACE('',(#3479,#3480,#3481,#3482,#3483,#3484,#3485,#3486,
#3487),#3722,.F.);
#3791=ADVANCED_FACE('',(#3488,#3489,#3490,#3491,#3492),#3723,.F.);
#3792=ADVANCED_FACE('',(#3493,#3494),#155,.F.);
#3793=ADVANCED_FACE('',(#3495,#3496),#156,.F.);
#3794=ADVANCED_FACE('',(#3497),#3724,.F.);
#3795=ADVANCED_FACE('',(#3498),#3725,.F.);
#3796=ADVANCED_FACE('',(#3499),#3726,.T.);
#3797=ADVANCED_FACE('',(#3500,#3501),#16,.T.);
#3798=ADVANCED_FACE('',(#3502),#3727,.T.);
#3799=ADVANCED_FACE('',(#3503,#3504),#17,.T.);
#3800=ADVANCED_FACE('',(#3505),#3728,.T.);
#3801=ADVANCED_FACE('',(#3506,#3507),#18,.T.);
#3802=ADVANCED_FACE('',(#3508),#3729,.T.);
#3803=ADVANCED_FACE('',(#3509,#3510),#19,.T.);
#3804=ADVANCED_FACE('',(#3511),#3730,.T.);
#3805=ADVANCED_FACE('',(#3512,#3513),#20,.F.);
#3806=ADVANCED_FACE('',(#3514,#3515),#3731,.F.);
#3807=ADVANCED_FACE('',(#3516,#3517),#21,.F.);
#3808=ADVANCED_FACE('',(#3518,#3519),#3732,.F.);
#3809=ADVANCED_FACE('',(#3520,#3521),#22,.F.);
#3810=ADVANCED_FACE('',(#3522,#3523),#3733,.F.);
#3811=ADVANCED_FACE('',(#3524,#3525),#23,.F.);
#3812=ADVANCED_FACE('',(#3526,#3527),#3734,.F.);
#3813=ADVANCED_FACE('',(#3528,#3529),#24,.F.);
#3814=ADVANCED_FACE('',(#3530,#3531),#25,.F.);
#3815=ADVANCED_FACE('',(#3532,#3533),#26,.F.);
#3816=ADVANCED_FACE('',(#3534,#3535),#27,.F.);
#3817=ADVANCED_FACE('',(#3536),#12,.T.);
#3818=ADVANCED_FACE('',(#3537),#13,.T.);
#3819=ADVANCED_FACE('',(#3538),#14,.T.);
#3820=ADVANCED_FACE('',(#3539),#15,.T.);
#3821=ADVANCED_FACE('',(#3540),#3735,.T.);
#3822=ADVANCED_FACE('',(#3541),#3736,.F.);
#3823=ADVANCED_FACE('',(#3542),#28,.F.);
#3824=ADVANCED_FACE('',(#3543),#3737,.F.);
#3825=ADVANCED_FACE('',(#3544),#3738,.F.);
#3826=ADVANCED_FACE('',(#3545),#3739,.F.);
#3827=ADVANCED_FACE('',(#3546),#3740,.F.);
#3828=ADVANCED_FACE('',(#3547),#29,.T.);
#3829=ADVANCED_FACE('',(#3548),#30,.T.);
#3830=ADVANCED_FACE('',(#3549),#31,.T.);
#3831=ADVANCED_FACE('',(#3550),#32,.T.);
#3832=ADVANCED_FACE('',(#3551),#33,.F.);
#3833=ADVANCED_FACE('',(#3552),#34,.F.);
#3834=ADVANCED_FACE('',(#3553),#35,.F.);
#3835=ADVANCED_FACE('',(#3554),#3741,.T.);
#3836=ADVANCED_FACE('',(#3555),#36,.T.);
#3837=ADVANCED_FACE('',(#3556),#3742,.F.);
#3838=ADVANCED_FACE('',(#3557),#37,.T.);
#3839=ADVANCED_FACE('',(#3558),#38,.T.);
#3840=ADVANCED_FACE('',(#3559),#39,.T.);
#3841=ADVANCED_FACE('',(#3560),#40,.T.);
#3842=ADVANCED_FACE('',(#3561),#41,.T.);
#3843=ADVANCED_FACE('',(#3562),#42,.F.);
#3844=ADVANCED_FACE('',(#3563),#43,.F.);
#3845=ADVANCED_FACE('',(#3564),#44,.F.);
#3846=ADVANCED_FACE('',(#3565),#45,.F.);
#3847=ADVANCED_FACE('',(#3566),#46,.F.);
#3848=ADVANCED_FACE('',(#3567),#47,.F.);
#3849=ADVANCED_FACE('',(#3568),#48,.F.);
#3850=ADVANCED_FACE('',(#3569),#49,.F.);
#3851=ADVANCED_FACE('',(#3570),#3743,.F.);
#3852=ADVANCED_FACE('',(#3571),#3744,.F.);
#3853=ADVANCED_FACE('',(#3572),#50,.T.);
#3854=ADVANCED_FACE('',(#3573),#51,.T.);
#3855=ADVANCED_FACE('',(#3574),#52,.T.);
#3856=ADVANCED_FACE('',(#3575),#53,.T.);
#3857=ADVANCED_FACE('',(#3576),#54,.T.);
#3858=ADVANCED_FACE('',(#3577),#55,.T.);
#3859=ADVANCED_FACE('',(#3578),#56,.T.);
#3860=ADVANCED_FACE('',(#3579),#57,.T.);
#3861=ADVANCED_FACE('',(#3580),#58,.F.);
#3862=ADVANCED_FACE('',(#3581),#59,.F.);
#3863=ADVANCED_FACE('',(#3582),#60,.F.);
#3864=ADVANCED_FACE('',(#3583),#61,.F.);
#3865=ADVANCED_FACE('',(#3584),#62,.T.);
#3866=ADVANCED_FACE('',(#3585),#63,.T.);
#3867=ADVANCED_FACE('',(#3586),#64,.T.);
#3868=ADVANCED_FACE('',(#3587),#65,.T.);
#3869=ADVANCED_FACE('',(#3588),#3745,.F.);
#3870=ADVANCED_FACE('',(#3589),#3746,.F.);
#3871=ADVANCED_FACE('',(#3590),#66,.T.);
#3872=ADVANCED_FACE('',(#3591),#3747,.F.);
#3873=ADVANCED_FACE('',(#3592),#3748,.F.);
#3874=ADVANCED_FACE('',(#3593),#3749,.T.);
#3875=ADVANCED_FACE('',(#3594),#3750,.F.);
#3876=ADVANCED_FACE('',(#3595),#3751,.F.);
#3877=ADVANCED_FACE('',(#3596),#3752,.F.);
#3878=ADVANCED_FACE('',(#3597),#3753,.F.);
#3879=ADVANCED_FACE('',(#3598),#67,.T.);
#3880=ADVANCED_FACE('',(#3599),#68,.T.);
#3881=ADVANCED_FACE('',(#3600),#69,.T.);
#3882=ADVANCED_FACE('',(#3601),#70,.T.);
#3883=ADVANCED_FACE('',(#3602),#71,.F.);
#3884=ADVANCED_FACE('',(#3603),#72,.F.);
#3885=ADVANCED_FACE('',(#3604),#73,.F.);
#3886=ADVANCED_FACE('',(#3605),#74,.F.);
#3887=ADVANCED_FACE('',(#3606),#3754,.F.);
#3888=ADVANCED_FACE('',(#3607),#3755,.F.);
#3889=ADVANCED_FACE('',(#3608),#3756,.F.);
#3890=ADVANCED_FACE('',(#3609),#3757,.T.);
#3891=ADVANCED_FACE('',(#3610),#3758,.F.);
#3892=ADVANCED_FACE('',(#3611),#75,.F.);
#3893=ADVANCED_FACE('',(#3612),#76,.T.);
#3894=ADVANCED_FACE('',(#3613),#77,.T.);
#3895=ADVANCED_FACE('',(#3614),#78,.T.);
#3896=ADVANCED_FACE('',(#3615),#79,.T.);
#3897=ADVANCED_FACE('',(#3616),#80,.F.);
#3898=ADVANCED_FACE('',(#3617),#81,.F.);
#3899=ADVANCED_FACE('',(#3618),#82,.F.);
#3900=ADVANCED_FACE('',(#3619),#83,.F.);
#3901=ADVANCED_FACE('',(#3620),#84,.F.);
#3902=ADVANCED_FACE('',(#3621),#85,.F.);
#3903=ADVANCED_FACE('',(#3622),#86,.F.);
#3904=ADVANCED_FACE('',(#3623),#87,.F.);
#3905=ADVANCED_FACE('',(#3624),#88,.F.);
#3906=ADVANCED_FACE('',(#3625),#89,.F.);
#3907=ADVANCED_FACE('',(#3626),#3759,.T.);
#3908=ADVANCED_FACE('',(#3627),#3760,.F.);
#3909=ADVANCED_FACE('',(#3628),#90,.T.);
#3910=ADVANCED_FACE('',(#3629),#3761,.F.);
#3911=ADVANCED_FACE('',(#3630),#3762,.F.);
#3912=ADVANCED_FACE('',(#3631),#3763,.F.);
#3913=ADVANCED_FACE('',(#3632),#3764,.F.);
#3914=ADVANCED_FACE('',(#3633),#3765,.F.);
#3915=ADVANCED_FACE('',(#3634),#3766,.T.);
#3916=ADVANCED_FACE('',(#3635),#3767,.F.);
#3917=ADVANCED_FACE('',(#3636),#91,.T.);
#3918=ADVANCED_FACE('',(#3637),#3768,.F.);
#3919=ADVANCED_FACE('',(#3638),#92,.F.);
#3920=ADVANCED_FACE('',(#3639),#93,.T.);
#3921=ADVANCED_FACE('',(#3640),#94,.T.);
#3922=ADVANCED_FACE('',(#3641),#95,.T.);
#3923=ADVANCED_FACE('',(#3642),#96,.T.);
#3924=ADVANCED_FACE('',(#3643),#97,.F.);
#3925=ADVANCED_FACE('',(#3644),#98,.F.);
#3926=ADVANCED_FACE('',(#3645),#3769,.T.);
#3927=ADVANCED_FACE('',(#3646),#99,.F.);
#3928=ADVANCED_FACE('',(#3647),#100,.T.);
#3929=ADVANCED_FACE('',(#3648),#101,.T.);
#3930=ADVANCED_FACE('',(#3649),#3770,.F.);
#3931=ADVANCED_FACE('',(#3650),#102,.F.);
#3932=ADVANCED_FACE('',(#3651),#103,.T.);
#3933=ADVANCED_FACE('',(#3652),#104,.T.);
#3934=ADVANCED_FACE('',(#3653),#105,.T.);
#3935=ADVANCED_FACE('',(#3654),#106,.T.);
#3936=ADVANCED_FACE('',(#3655),#107,.T.);
#3937=ADVANCED_FACE('',(#3656),#108,.T.);
#3938=ADVANCED_FACE('',(#3657),#109,.T.);
#3939=ADVANCED_FACE('',(#3658),#110,.T.);
#3940=ADVANCED_FACE('',(#3659),#3771,.F.);
#3941=ADVANCED_FACE('',(#3660),#3772,.F.);
#3942=ADVANCED_FACE('',(#3661),#3773,.F.);
#3943=ADVANCED_FACE('',(#3662),#111,.T.);
#3944=ADVANCED_FACE('',(#3663),#112,.T.);
#3945=ADVANCED_FACE('',(#3664),#113,.T.);
#3946=ADVANCED_FACE('',(#3665),#114,.T.);
#3947=ADVANCED_FACE('',(#3666),#3774,.F.);
#3948=ADVANCED_FACE('',(#3667),#3775,.F.);
#3949=ADVANCED_FACE('',(#3668),#115,.F.);
#3950=ADVANCED_FACE('',(#3669),#116,.F.);
#3951=ADVANCED_FACE('',(#3670),#117,.F.);
#3952=ADVANCED_FACE('',(#3671),#118,.F.);
#3953=ADVANCED_FACE('',(#3672),#119,.F.);
#3954=ADVANCED_FACE('',(#3673),#120,.F.);
#3955=ADVANCED_FACE('',(#3674),#121,.F.);
#3956=ADVANCED_FACE('',(#3675),#122,.F.);
#3957=ADVANCED_FACE('',(#3676),#123,.T.);
#3958=ADVANCED_FACE('',(#3677),#3776,.T.);
#3959=ADVANCED_FACE('',(#3678),#3777,.F.);
#3960=ADVANCED_FACE('',(#3679),#3778,.F.);
#3961=ADVANCED_FACE('',(#3680),#3779,.F.);
#3962=ADVANCED_FACE('',(#3681),#3780,.T.);
#3963=ADVANCED_FACE('',(#3682),#124,.T.);
#3964=ADVANCED_FACE('',(#3683),#125,.T.);
#3965=ADVANCED_FACE('',(#3684),#126,.F.);
#3966=ADVANCED_FACE('',(#3685),#127,.F.);
#3967=ADVANCED_FACE('',(#3686),#128,.T.);
#3968=ADVANCED_FACE('',(#3687),#129,.T.);
#3969=ADVANCED_FACE('',(#3688),#130,.T.);
#3970=ADVANCED_FACE('',(#3689),#131,.T.);
#3971=ADVANCED_FACE('',(#3690),#132,.T.);
#3972=ADVANCED_FACE('',(#3691),#133,.T.);
#3973=ADVANCED_FACE('',(#3692),#134,.T.);
#3974=ADVANCED_FACE('',(#3693),#135,.T.);
#3975=ADVANCED_FACE('',(#3694),#136,.T.);
#3976=ADVANCED_FACE('',(#3695),#137,.T.);
#3977=ADVANCED_FACE('',(#3696),#138,.T.);
#3978=ADVANCED_FACE('',(#3697),#139,.T.);
#3979=ADVANCED_FACE('',(#3698),#140,.T.);
#3980=ADVANCED_FACE('',(#3699),#141,.T.);
#3981=ADVANCED_FACE('',(#3700),#142,.T.);
#3982=ADVANCED_FACE('',(#3701),#143,.T.);
#3983=ADVANCED_FACE('',(#3702),#144,.T.);
#3984=ADVANCED_FACE('',(#3703),#145,.F.);
#3985=ADVANCED_FACE('',(#3704),#146,.F.);
#3986=ADVANCED_FACE('',(#3705),#147,.F.);
#3987=ADVANCED_FACE('',(#3706),#148,.F.);
#3988=ADVANCED_FACE('',(#3707),#149,.F.);
#3989=ADVANCED_FACE('',(#3708),#150,.F.);
#3990=ADVANCED_FACE('',(#3709),#151,.F.);
#3991=ADVANCED_FACE('',(#3710),#152,.F.);
#3992=ADVANCED_FACE('',(#3711),#153,.F.);
#3993=ADVANCED_FACE('',(#3712),#154,.F.);
#3994=ADVANCED_FACE('',(#3713),#3781,.T.);
#3995=ADVANCED_FACE('',(#3714),#3782,.F.);
#3996=ADVANCED_FACE('',(#3715),#3783,.F.);
#3997=CLOSED_SHELL('',(#3784,#3785,#3786,#3787,#3788,#3789,#3790,#3791,
#3792,#3793,#3794,#3795,#3796,#3797,#3798,#3799,#3800,#3801,#3802,#3803,
#3804,#3805,#3806,#3807,#3808,#3809,#3810,#3811,#3812,#3813,#3814,#3815,
#3816,#3817,#3818,#3819,#3820,#3821,#3822,#3823,#3824,#3825,#3826,#3827,
#3828,#3829,#3830,#3831,#3832,#3833,#3834,#3835,#3836,#3837,#3838,#3839,
#3840,#3841,#3842,#3843,#3844,#3845,#3846,#3847,#3848,#3849,#3850,#3851,
#3852,#3853,#3854,#3855,#3856,#3857,#3858,#3859,#3860,#3861,#3862,#3863,
#3864,#3865,#3866,#3867,#3868,#3869,#3870,#3871,#3872,#3873,#3874,#3875,
#3876,#3877,#3878,#3879,#3880,#3881,#3882,#3883,#3884,#3885,#3886,#3887,
#3888,#3889,#3890,#3891,#3892,#3893,#3894,#3895,#3896,#3897,#3898,#3899,
#3900,#3901,#3902,#3903,#3904,#3905,#3906,#3907,#3908,#3909,#3910,#3911,
#3912,#3913,#3914,#3915,#3916,#3917,#3918,#3919,#3920,#3921,#3922,#3923,
#3924,#3925,#3926,#3927,#3928,#3929,#3930,#3931,#3932,#3933,#3934,#3935,
#3936,#3937,#3938,#3939,#3940,#3941,#3942,#3943,#3944,#3945,#3946,#3947,
#3948,#3949,#3950,#3951,#3952,#3953,#3954,#3955,#3956,#3957,#3958,#3959,
#3960,#3961,#3962,#3963,#3964,#3965,#3966,#3967,#3968,#3969,#3970,#3971,
#3972,#3973,#3974,#3975,#3976,#3977,#3978,#3979,#3980,#3981,#3982,#3983,
#3984,#3985,#3986,#3987,#3988,#3989,#3990,#3991,#3992,#3993,#3994,#3995,
#3996));
#3998=STYLED_ITEM('',(#3999),#4006);
#3999=PRESENTATION_STYLE_ASSIGNMENT((#4000));
#4000=SURFACE_STYLE_USAGE(.BOTH.,#4001);
#4001=SURFACE_SIDE_STYLE('',(#4002));
#4002=SURFACE_STYLE_FILL_AREA(#4003);
#4003=FILL_AREA_STYLE('',(#4004));
#4004=FILL_AREA_STYLE_COLOUR('',#4005);
#4005=COLOUR_RGB('',0.247058823529412,0.219607843137255,0.207843137254902);
#4006=MANIFOLD_SOLID_BREP('Top Case',#3997);
#4007=SHAPE_DEFINITION_REPRESENTATION(#7205,#4008);
#4008=SHAPE_REPRESENTATION('Top Case',(#4009),#7200);
#4009=AXIS2_PLACEMENT_3D('',#5776,#4499,#4500);
#4010=AXIS2_PLACEMENT_3D('',#5777,#4501,#4502);
#4011=AXIS2_PLACEMENT_3D('',#5789,#4508,#4509);
#4012=AXIS2_PLACEMENT_3D('',#5791,#4510,#4511);
#4013=AXIS2_PLACEMENT_3D('',#5793,#4512,#4513);
#4014=AXIS2_PLACEMENT_3D('',#5795,#4514,#4515);
#4015=AXIS2_PLACEMENT_3D('',#5797,#4516,#4517);
#4016=AXIS2_PLACEMENT_3D('',#5799,#4518,#4519);
#4017=AXIS2_PLACEMENT_3D('',#5801,#4520,#4521);
#4018=AXIS2_PLACEMENT_3D('',#5811,#4526,#4527);
#4019=AXIS2_PLACEMENT_3D('',#5813,#4528,#4529);
#4020=AXIS2_PLACEMENT_3D('',#5815,#4530,#4531);
#4021=AXIS2_PLACEMENT_3D('',#5817,#4532,#4533);
#4022=AXIS2_PLACEMENT_3D('',#5819,#4534,#4535);
#4023=AXIS2_PLACEMENT_3D('',#5821,#4536,#4537);
#4024=AXIS2_PLACEMENT_3D('',#5823,#4538,#4539);
#4025=AXIS2_PLACEMENT_3D('',#5825,#4540,#4541);
#4026=AXIS2_PLACEMENT_3D('',#5827,#4542,#4543);
#4027=AXIS2_PLACEMENT_3D('',#5829,#4544,#4545);
#4028=AXIS2_PLACEMENT_3D('',#5831,#4546,#4547);
#4029=AXIS2_PLACEMENT_3D('',#5837,#4550,#4551);
#4030=AXIS2_PLACEMENT_3D('',#5839,#4552,#4553);
#4031=AXIS2_PLACEMENT_3D('',#5841,#4554,#4555);
#4032=AXIS2_PLACEMENT_3D('',#5843,#4556,#4557);
#4033=AXIS2_PLACEMENT_3D('',#5857,#4564,#4565);
#4034=AXIS2_PLACEMENT_3D('',#5859,#4566,#4567);
#4035=AXIS2_PLACEMENT_3D('',#5861,#4568,#4569);
#4036=AXIS2_PLACEMENT_3D('',#5863,#4570,#4571);
#4037=AXIS2_PLACEMENT_3D('',#5865,#4572,#4573);
#4038=AXIS2_PLACEMENT_3D('',#5867,#4574,#4575);
#4039=AXIS2_PLACEMENT_3D('',#5869,#4576,#4577);
#4040=AXIS2_PLACEMENT_3D('',#5871,#4578,#4579);
#4041=AXIS2_PLACEMENT_3D('',#5873,#4580,#4581);
#4042=AXIS2_PLACEMENT_3D('',#5875,#4582,#4583);
#4043=AXIS2_PLACEMENT_3D('',#5877,#4584,#4585);
#4044=AXIS2_PLACEMENT_3D('',#5879,#4586,#4587);
#4045=AXIS2_PLACEMENT_3D('',#5885,#4590,#4591);
#4046=AXIS2_PLACEMENT_3D('',#5887,#4592,#4593);
#4047=AXIS2_PLACEMENT_3D('',#5889,#4594,#4595);
#4048=AXIS2_PLACEMENT_3D('',#5893,#4597,#4598);
#4049=AXIS2_PLACEMENT_3D('',#5903,#4603,#4604);
#4050=AXIS2_PLACEMENT_3D('',#5905,#4605,#4606);
#4051=AXIS2_PLACEMENT_3D('',#5907,#4607,#4608);
#4052=AXIS2_PLACEMENT_3D('',#5909,#4609,#4610);
#4053=AXIS2_PLACEMENT_3D('',#5911,#4611,#4612);
#4054=AXIS2_PLACEMENT_3D('',#5913,#4613,#4614);
#4055=AXIS2_PLACEMENT_3D('',#5915,#4615,#4616);
#4056=AXIS2_PLACEMENT_3D('',#5917,#4617,#4618);
#4057=AXIS2_PLACEMENT_3D('',#5919,#4619,#4620);
#4058=AXIS2_PLACEMENT_3D('',#5921,#4621,#4622);
#4059=AXIS2_PLACEMENT_3D('',#5923,#4623,#4624);
#4060=AXIS2_PLACEMENT_3D('',#5925,#4625,#4626);
#4061=AXIS2_PLACEMENT_3D('',#5933,#4630,#4631);
#4062=AXIS2_PLACEMENT_3D('',#5935,#4632,#4633);
#4063=AXIS2_PLACEMENT_3D('',#5937,#4634,#4635);
#4064=AXIS2_PLACEMENT_3D('',#5939,#4636,#4637);
#4065=AXIS2_PLACEMENT_3D('',#5941,#4638,#4639);
#4066=AXIS2_PLACEMENT_3D('',#5943,#4640,#4641);
#4067=AXIS2_PLACEMENT_3D('',#5945,#4642,#4643);
#4068=AXIS2_PLACEMENT_3D('',#5947,#4644,#4645);
#4069=AXIS2_PLACEMENT_3D('',#5963,#4653,#4654);
#4070=AXIS2_PLACEMENT_3D('',#5965,#4655,#4656);
#4071=AXIS2_PLACEMENT_3D('',#5967,#4657,#4658);
#4072=AXIS2_PLACEMENT_3D('',#5969,#4659,#4660);
#4073=AXIS2_PLACEMENT_3D('',#5971,#4661,#4662);
#4074=AXIS2_PLACEMENT_3D('',#5973,#4663,#4664);
#4075=AXIS2_PLACEMENT_3D('',#5975,#4665,#4666);
#4076=AXIS2_PLACEMENT_3D('',#5977,#4667,#4668);
#4077=AXIS2_PLACEMENT_3D('',#5979,#4669,#4670);
#4078=AXIS2_PLACEMENT_3D('',#5981,#4671,#4672);
#4079=AXIS2_PLACEMENT_3D('',#5983,#4673,#4674);
#4080=AXIS2_PLACEMENT_3D('',#5985,#4675,#4676);
#4081=AXIS2_PLACEMENT_3D('',#5987,#4677,#4678);
#4082=AXIS2_PLACEMENT_3D('',#5989,#4679,#4680);
#4083=AXIS2_PLACEMENT_3D('',#5991,#4681,#4682);
#4084=AXIS2_PLACEMENT_3D('',#5993,#4683,#4684);
#4085=AXIS2_PLACEMENT_3D('',#5999,#4687,#4688);
#4086=AXIS2_PLACEMENT_3D('',#6001,#4689,#4690);
#4087=AXIS2_PLACEMENT_3D('',#6003,#4691,#4692);
#4088=AXIS2_PLACEMENT_3D('',#6005,#4693,#4694);
#4089=AXIS2_PLACEMENT_3D('',#6007,#4695,#4696);
#4090=AXIS2_PLACEMENT_3D('',#6009,#4697,#4698);
#4091=AXIS2_PLACEMENT_3D('',#6011,#4699,#4700);
#4092=AXIS2_PLACEMENT_3D('',#6013,#4701,#4702);
#4093=AXIS2_PLACEMENT_3D('',#6015,#4703,#4704);
#4094=AXIS2_PLACEMENT_3D('',#6017,#4705,#4706);
#4095=AXIS2_PLACEMENT_3D('',#6019,#4707,#4708);
#4096=AXIS2_PLACEMENT_3D('',#6021,#4709,#4710);
#4097=AXIS2_PLACEMENT_3D('',#6025,#4712,#4713);
#4098=AXIS2_PLACEMENT_3D('',#6027,#4714,#4715);
#4099=AXIS2_PLACEMENT_3D('',#6029,#4716,#4717);
#4100=AXIS2_PLACEMENT_3D('',#6031,#4718,#4719);
#4101=AXIS2_PLACEMENT_3D('',#6033,#4720,#4721);
#4102=AXIS2_PLACEMENT_3D('',#6035,#4722,#4723);
#4103=AXIS2_PLACEMENT_3D('',#6037,#4724,#4725);
#4104=AXIS2_PLACEMENT_3D('',#6039,#4726,#4727);
#4105=AXIS2_PLACEMENT_3D('',#6066,#4736,#4737);
#4106=AXIS2_PLACEMENT_3D('',#6067,#4738,#4739);
#4107=AXIS2_PLACEMENT_3D('',#6072,#4741,#4742);
#4108=AXIS2_PLACEMENT_3D('',#6074,#4743,#4744);
#4109=AXIS2_PLACEMENT_3D('',#6076,#4745,#4746);
#4110=AXIS2_PLACEMENT_3D('',#6078,#4747,#4748);
#4111=AXIS2_PLACEMENT_3D('',#6080,#4749,#4750);
#4112=AXIS2_PLACEMENT_3D('',#6082,#4751,#4752);
#4113=AXIS2_PLACEMENT_3D('',#6084,#4753,#4754);
#4114=AXIS2_PLACEMENT_3D('',#6086,#4755,#4756);
#4115=AXIS2_PLACEMENT_3D('',#6088,#4757,#4758);
#4116=AXIS2_PLACEMENT_3D('',#6089,#4759,#4760);
#4117=AXIS2_PLACEMENT_3D('',#6090,#4761,#4762);
#4118=AXIS2_PLACEMENT_3D('',#6098,#4766,#4767);
#4119=AXIS2_PLACEMENT_3D('',#6099,#4768,#4769);
#4120=AXIS2_PLACEMENT_3D('',#6104,#4771,#4772);
#4121=AXIS2_PLACEMENT_3D('',#6106,#4773,#4774);
#4122=AXIS2_PLACEMENT_3D('',#6108,#4775,#4776);
#4123=AXIS2_PLACEMENT_3D('',#6110,#4777,#4778);
#4124=AXIS2_PLACEMENT_3D('',#6112,#4779,#4780);
#4125=AXIS2_PLACEMENT_3D('',#6114,#4781,#4782);
#4126=AXIS2_PLACEMENT_3D('',#6116,#4783,#4784);
#4127=AXIS2_PLACEMENT_3D('',#6118,#4785,#4786);
#4128=AXIS2_PLACEMENT_3D('',#6120,#4787,#4788);
#4129=AXIS2_PLACEMENT_3D('',#6122,#4789,#4790);
#4130=AXIS2_PLACEMENT_3D('',#6124,#4791,#4792);
#4131=AXIS2_PLACEMENT_3D('',#6126,#4793,#4794);
#4132=AXIS2_PLACEMENT_3D('',#6128,#4795,#4796);
#4133=AXIS2_PLACEMENT_3D('',#6130,#4797,#4798);
#4134=AXIS2_PLACEMENT_3D('',#6132,#4799,#4800);
#4135=AXIS2_PLACEMENT_3D('',#6134,#4801,#4802);
#4136=AXIS2_PLACEMENT_3D('',#6136,#4803,#4804);
#4137=AXIS2_PLACEMENT_3D('',#6138,#4805,#4806);
#4138=AXIS2_PLACEMENT_3D('',#6139,#4807,#4808);
#4139=AXIS2_PLACEMENT_3D('',#6140,#4809,#4810);
#4140=AXIS2_PLACEMENT_3D('',#6147,#4813,#4814);
#4141=AXIS2_PLACEMENT_3D('',#6151,#4816,#4817);
#4142=AXIS2_PLACEMENT_3D('',#6152,#4818,#4819);
#4143=AXIS2_PLACEMENT_3D('',#6159,#4823,#4824);
#4144=AXIS2_PLACEMENT_3D('',#6312,#4873,#4874);
#4145=AXIS2_PLACEMENT_3D('',#6314,#4875,#4876);
#4146=AXIS2_PLACEMENT_3D('',#6316,#4877,#4878);
#4147=AXIS2_PLACEMENT_3D('',#6318,#4879,#4880);
#4148=AXIS2_PLACEMENT_3D('',#6320,#4881,#4882);
#4149=AXIS2_PLACEMENT_3D('',#6322,#4883,#4884);
#4150=AXIS2_PLACEMENT_3D('',#6324,#4885,#4886);
#4151=AXIS2_PLACEMENT_3D('',#6326,#4887,#4888);
#4152=AXIS2_PLACEMENT_3D('',#6328,#4889,#4890);
#4153=AXIS2_PLACEMENT_3D('',#6329,#4891,#4892);
#4154=AXIS2_PLACEMENT_3D('',#6331,#4893,#4894);
#4155=AXIS2_PLACEMENT_3D('',#6410,#4898,#4899);
#4156=AXIS2_PLACEMENT_3D('',#6412,#4900,#4901);
#4157=AXIS2_PLACEMENT_3D('',#6414,#4902,#4903);
#4158=AXIS2_PLACEMENT_3D('',#6415,#4904,#4905);
#4159=AXIS2_PLACEMENT_3D('',#6417,#4906,#4907);
#4160=AXIS2_PLACEMENT_3D('',#6418,#4908,#4909);
#4161=AXIS2_PLACEMENT_3D('',#6420,#4910,#4911);
#4162=AXIS2_PLACEMENT_3D('',#6429,#4912,#4913);
#4163=AXIS2_PLACEMENT_3D('',#6438,#4914,#4915);
#4164=AXIS2_PLACEMENT_3D('',#6447,#4916,#4917);
#4165=AXIS2_PLACEMENT_3D('',#6448,#4918,#4919);
#4166=AXIS2_PLACEMENT_3D('',#6450,#4920,#4921);
#4167=AXIS2_PLACEMENT_3D('',#6451,#4922,#4923);
#4168=AXIS2_PLACEMENT_3D('',#6452,#4924,#4925);
#4169=AXIS2_PLACEMENT_3D('',#6454,#4926,#4927);
#4170=AXIS2_PLACEMENT_3D('',#6455,#4928,#4929);
#4171=AXIS2_PLACEMENT_3D('',#6456,#4930,#4931);
#4172=AXIS2_PLACEMENT_3D('',#6458,#4932,#4933);
#4173=AXIS2_PLACEMENT_3D('',#6459,#4934,#4935);
#4174=AXIS2_PLACEMENT_3D('',#6460,#4936,#4937);
#4175=AXIS2_PLACEMENT_3D('',#6462,#4938,#4939);
#4176=AXIS2_PLACEMENT_3D('',#6463,#4940,#4941);
#4177=AXIS2_PLACEMENT_3D('',#6464,#4942,#4943);
#4178=AXIS2_PLACEMENT_3D('',#6466,#4944,#4945);
#4179=AXIS2_PLACEMENT_3D('',#6467,#4946,#4947);
#4180=AXIS2_PLACEMENT_3D('',#6469,#4948,#4949);
#4181=AXIS2_PLACEMENT_3D('',#6470,#4950,#4951);
#4182=AXIS2_PLACEMENT_3D('',#6472,#4952,#4953);
#4183=AXIS2_PLACEMENT_3D('',#6473,#4954,#4955);
#4184=AXIS2_PLACEMENT_3D('',#6475,#4956,#4957);
#4185=AXIS2_PLACEMENT_3D('',#6476,#4958,#4959);
#4186=AXIS2_PLACEMENT_3D('',#6478,#4960,#4961);
#4187=AXIS2_PLACEMENT_3D('',#6479,#4962,#4963);
#4188=AXIS2_PLACEMENT_3D('',#6481,#4964,#4965);
#4189=AXIS2_PLACEMENT_3D('',#6482,#4966,#4967);
#4190=AXIS2_PLACEMENT_3D('',#6484,#4968,#4969);
#4191=AXIS2_PLACEMENT_3D('',#6485,#4970,#4971);
#4192=AXIS2_PLACEMENT_3D('',#6487,#4972,#4973);
#4193=AXIS2_PLACEMENT_3D('',#6488,#4974,#4975);
#4194=AXIS2_PLACEMENT_3D('',#6489,#4976,#4977);
#4195=AXIS2_PLACEMENT_3D('',#6490,#4978,#4979);
#4196=AXIS2_PLACEMENT_3D('',#6555,#4980,#4981);
#4197=AXIS2_PLACEMENT_3D('',#6565,#4987,#4988);
#4198=AXIS2_PLACEMENT_3D('',#6567,#4989,#4990);
#4199=AXIS2_PLACEMENT_3D('',#6569,#4991,#4992);
#4200=AXIS2_PLACEMENT_3D('',#6571,#4993,#4994);
#4201=AXIS2_PLACEMENT_3D('',#6573,#4995,#4996);
#4202=AXIS2_PLACEMENT_3D('',#6575,#4997,#4998);
#4203=AXIS2_PLACEMENT_3D('',#6577,#4999,#5000);
#4204=AXIS2_PLACEMENT_3D('',#6579,#5001,#5002);
#4205=AXIS2_PLACEMENT_3D('',#6580,#5003,#5004);
#4206=AXIS2_PLACEMENT_3D('',#6582,#5006,#5007);
#4207=AXIS2_PLACEMENT_3D('',#6584,#5009,#5010);
#4208=AXIS2_PLACEMENT_3D('',#6586,#5012,#5013);
#4209=AXIS2_PLACEMENT_3D('',#6587,#5014,#5015);
#4210=AXIS2_PLACEMENT_3D('',#6589,#5017,#5018);
#4211=AXIS2_PLACEMENT_3D('',#6591,#5020,#5021);
#4212=AXIS2_PLACEMENT_3D('',#6593,#5023,#5024);
#4213=AXIS2_PLACEMENT_3D('',#6595,#5026,#5027);
#4214=AXIS2_PLACEMENT_3D('',#6597,#5029,#5030);
#4215=AXIS2_PLACEMENT_3D('',#6599,#5032,#5033);
#4216=AXIS2_PLACEMENT_3D('',#6601,#5035,#5036);
#4217=AXIS2_PLACEMENT_3D('',#6603,#5038,#5039);
#4218=AXIS2_PLACEMENT_3D('',#6604,#5040,#5041);
#4219=AXIS2_PLACEMENT_3D('',#6605,#5042,#5043);
#4220=AXIS2_PLACEMENT_3D('',#6611,#5046,#5047);
#4221=AXIS2_PLACEMENT_3D('',#6613,#5048,#5049);
#4222=AXIS2_PLACEMENT_3D('',#6614,#5050,#5051);
#4223=AXIS2_PLACEMENT_3D('',#6616,#5052,#5053);
#4224=AXIS2_PLACEMENT_3D('',#6618,#5054,#5055);
#4225=AXIS2_PLACEMENT_3D('',#6620,#5056,#5057);
#4226=AXIS2_PLACEMENT_3D('',#6622,#5058,#5059);
#4227=AXIS2_PLACEMENT_3D('',#6624,#5060,#5061);
#4228=AXIS2_PLACEMENT_3D('',#6626,#5062,#5063);
#4229=AXIS2_PLACEMENT_3D('',#6628,#5064,#5065);
#4230=AXIS2_PLACEMENT_3D('',#6630,#5066,#5067);
#4231=AXIS2_PLACEMENT_3D('',#6632,#5068,#5069);
#4232=AXIS2_PLACEMENT_3D('',#6634,#5070,#5071);
#4233=AXIS2_PLACEMENT_3D('',#6636,#5072,#5073);
#4234=AXIS2_PLACEMENT_3D('',#6642,#5076,#5077);
#4235=AXIS2_PLACEMENT_3D('',#6644,#5078,#5079);
#4236=AXIS2_PLACEMENT_3D('',#6646,#5080,#5081);
#4237=AXIS2_PLACEMENT_3D('',#6648,#5082,#5083);
#4238=AXIS2_PLACEMENT_3D('',#6650,#5084,#5085);
#4239=AXIS2_PLACEMENT_3D('',#6652,#5086,#5087);
#4240=AXIS2_PLACEMENT_3D('',#6654,#5088,#5089);
#4241=AXIS2_PLACEMENT_3D('',#6656,#5090,#5091);
#4242=AXIS2_PLACEMENT_3D('',#6658,#5092,#5093);
#4243=AXIS2_PLACEMENT_3D('',#6660,#5094,#5095);
#4244=AXIS2_PLACEMENT_3D('',#6662,#5096,#5097);
#4245=AXIS2_PLACEMENT_3D('',#6664,#5098,#5099);
#4246=AXIS2_PLACEMENT_3D('',#6666,#5100,#5101);
#4247=AXIS2_PLACEMENT_3D('',#6668,#5102,#5103);
#4248=AXIS2_PLACEMENT_3D('',#6670,#5104,#5105);
#4249=AXIS2_PLACEMENT_3D('',#6672,#5106,#5107);
#4250=AXIS2_PLACEMENT_3D('',#6679,#5111,#5112);
#4251=AXIS2_PLACEMENT_3D('',#6681,#5114,#5115);
#4252=AXIS2_PLACEMENT_3D('',#6683,#5117,#5118);
#4253=AXIS2_PLACEMENT_3D('',#6685,#5120,#5121);
#4254=AXIS2_PLACEMENT_3D('',#6687,#5123,#5124);
#4255=AXIS2_PLACEMENT_3D('',#6689,#5126,#5127);
#4256=AXIS2_PLACEMENT_3D('',#6691,#5129,#5130);
#4257=AXIS2_PLACEMENT_3D('',#6693,#5132,#5133);
#4258=AXIS2_PLACEMENT_3D('',#6695,#5135,#5136);
#4259=AXIS2_PLACEMENT_3D('',#6697,#5138,#5139);
#4260=AXIS2_PLACEMENT_3D('',#6699,#5141,#5142);
#4261=AXIS2_PLACEMENT_3D('',#6701,#5144,#5145);
#4262=AXIS2_PLACEMENT_3D('',#6703,#5147,#5148);
#4263=AXIS2_PLACEMENT_3D('',#6705,#5150,#5151);
#4264=AXIS2_PLACEMENT_3D('',#6707,#5153,#5154);
#4265=AXIS2_PLACEMENT_3D('',#6709,#5156,#5157);
#4266=AXIS2_PLACEMENT_3D('',#6711,#5159,#5160);
#4267=AXIS2_PLACEMENT_3D('',#6713,#5162,#5163);
#4268=AXIS2_PLACEMENT_3D('',#6715,#5165,#5166);
#4269=AXIS2_PLACEMENT_3D('',#6717,#5168,#5169);
#4270=AXIS2_PLACEMENT_3D('',#6719,#5171,#5172);
#4271=AXIS2_PLACEMENT_3D('',#6721,#5174,#5175);
#4272=AXIS2_PLACEMENT_3D('',#6723,#5177,#5178);
#4273=AXIS2_PLACEMENT_3D('',#6725,#5180,#5181);
#4274=AXIS2_PLACEMENT_3D('',#6727,#5183,#5184);
#4275=AXIS2_PLACEMENT_3D('',#6729,#5186,#5187);
#4276=AXIS2_PLACEMENT_3D('',#6731,#5189,#5190);
#4277=AXIS2_PLACEMENT_3D('',#6733,#5192,#5193);
#4278=AXIS2_PLACEMENT_3D('',#6735,#5195,#5196);
#4279=AXIS2_PLACEMENT_3D('',#6737,#5198,#5199);
#4280=AXIS2_PLACEMENT_3D('',#6739,#5201,#5202);
#4281=AXIS2_PLACEMENT_3D('',#6741,#5204,#5205);
#4282=AXIS2_PLACEMENT_3D('',#6743,#5207,#5208);
#4283=AXIS2_PLACEMENT_3D('',#6745,#5210,#5211);
#4284=AXIS2_PLACEMENT_3D('',#6747,#5213,#5214);
#4285=AXIS2_PLACEMENT_3D('',#6748,#5215,#5216);
#4286=AXIS2_PLACEMENT_3D('',#6750,#5218,#5219);
#4287=AXIS2_PLACEMENT_3D('',#6752,#5221,#5222);
#4288=AXIS2_PLACEMENT_3D('',#6753,#5223,#5224);
#4289=AXIS2_PLACEMENT_3D('',#6760,#5228,#5229);
#4290=AXIS2_PLACEMENT_3D('',#6762,#5230,#5231);
#4291=AXIS2_PLACEMENT_3D('',#6764,#5232,#5233);
#4292=AXIS2_PLACEMENT_3D('',#6766,#5234,#5235);
#4293=AXIS2_PLACEMENT_3D('',#6768,#5236,#5237);
#4294=AXIS2_PLACEMENT_3D('',#6770,#5238,#5239);
#4295=AXIS2_PLACEMENT_3D('',#6772,#5240,#5241);
#4296=AXIS2_PLACEMENT_3D('',#6774,#5242,#5243);
#4297=AXIS2_PLACEMENT_3D('',#6779,#5246,#5247);
#4298=AXIS2_PLACEMENT_3D('',#6781,#5249,#5250);
#4299=AXIS2_PLACEMENT_3D('',#6783,#5252,#5253);
#4300=AXIS2_PLACEMENT_3D('',#6785,#5255,#5256);
#4301=AXIS2_PLACEMENT_3D('',#6787,#5258,#5259);
#4302=AXIS2_PLACEMENT_3D('',#6789,#5261,#5262);
#4303=AXIS2_PLACEMENT_3D('',#6791,#5264,#5265);
#4304=AXIS2_PLACEMENT_3D('',#6793,#5267,#5268);
#4305=AXIS2_PLACEMENT_3D('',#6795,#5270,#5271);
#4306=AXIS2_PLACEMENT_3D('',#6797,#5273,#5274);
#4307=AXIS2_PLACEMENT_3D('',#6799,#5276,#5277);
#4308=AXIS2_PLACEMENT_3D('',#6801,#5279,#5280);
#4309=AXIS2_PLACEMENT_3D('',#6803,#5282,#5283);
#4310=AXIS2_PLACEMENT_3D('',#6804,#5284,#5285);
#4311=AXIS2_PLACEMENT_3D('',#6810,#5289,#5290);
#4312=AXIS2_PLACEMENT_3D('',#6814,#5293,#5294);
#4313=AXIS2_PLACEMENT_3D('',#6815,#5295,#5296);
#4314=AXIS2_PLACEMENT_3D('',#6817,#5297,#5298);
#4315=AXIS2_PLACEMENT_3D('',#6819,#5299,#5300);
#4316=AXIS2_PLACEMENT_3D('',#6820,#5301,#5302);
#4317=AXIS2_PLACEMENT_3D('',#6822,#5303,#5304);
#4318=AXIS2_PLACEMENT_3D('',#6824,#5305,#5306);
#4319=AXIS2_PLACEMENT_3D('',#6826,#5307,#5308);
#4320=AXIS2_PLACEMENT_3D('',#6828,#5309,#5310);
#4321=AXIS2_PLACEMENT_3D('',#6830,#5311,#5312);
#4322=AXIS2_PLACEMENT_3D('',#6832,#5313,#5314);
#4323=AXIS2_PLACEMENT_3D('',#6834,#5315,#5316);
#4324=AXIS2_PLACEMENT_3D('',#6836,#5317,#5318);
#4325=AXIS2_PLACEMENT_3D('',#6838,#5319,#5320);
#4326=AXIS2_PLACEMENT_3D('',#6840,#5321,#5322);
#4327=AXIS2_PLACEMENT_3D('',#6842,#5323,#5324);
#4328=AXIS2_PLACEMENT_3D('',#6845,#5326,#5327);
#4329=AXIS2_PLACEMENT_3D('',#6847,#5329,#5330);
#4330=AXIS2_PLACEMENT_3D('',#6849,#5332,#5333);
#4331=AXIS2_PLACEMENT_3D('',#6851,#5335,#5336);
#4332=AXIS2_PLACEMENT_3D('',#6853,#5338,#5339);
#4333=AXIS2_PLACEMENT_3D('',#6855,#5341,#5342);
#4334=AXIS2_PLACEMENT_3D('',#6857,#5344,#5345);
#4335=AXIS2_PLACEMENT_3D('',#6859,#5347,#5348);
#4336=AXIS2_PLACEMENT_3D('',#6861,#5350,#5351);
#4337=AXIS2_PLACEMENT_3D('',#6863,#5353,#5354);
#4338=AXIS2_PLACEMENT_3D('',#6865,#5356,#5357);
#4339=AXIS2_PLACEMENT_3D('',#6867,#5359,#5360);
#4340=AXIS2_PLACEMENT_3D('',#6869,#5362,#5363);
#4341=AXIS2_PLACEMENT_3D('',#6871,#5365,#5366);
#4342=AXIS2_PLACEMENT_3D('',#6872,#5367,#5368);
#4343=AXIS2_PLACEMENT_3D('',#6874,#5370,#5371);
#4344=AXIS2_PLACEMENT_3D('',#6875,#5372,#5373);
#4345=AXIS2_PLACEMENT_3D('',#6882,#5377,#5378);
#4346=AXIS2_PLACEMENT_3D('',#6883,#5379,#5380);
#4347=AXIS2_PLACEMENT_3D('',#6885,#5382,#5383);
#4348=AXIS2_PLACEMENT_3D('',#6887,#5385,#5386);
#4349=AXIS2_PLACEMENT_3D('',#6889,#5388,#5389);
#4350=AXIS2_PLACEMENT_3D('',#6890,#5390,#5391);
#4351=AXIS2_PLACEMENT_3D('',#6896,#5395,#5396);
#4352=AXIS2_PLACEMENT_3D('',#6902,#5400,#5401);
#4353=AXIS2_PLACEMENT_3D('',#6906,#5404,#5405);
#4354=AXIS2_PLACEMENT_3D('',#6907,#5406,#5407);
#4355=AXIS2_PLACEMENT_3D('',#6909,#5409,#5410);
#4356=AXIS2_PLACEMENT_3D('',#6911,#5411,#5412);
#4357=AXIS2_PLACEMENT_3D('',#6913,#5413,#5414);
#4358=AXIS2_PLACEMENT_3D('',#6915,#5415,#5416);
#4359=AXIS2_PLACEMENT_3D('',#6917,#5417,#5418);
#4360=AXIS2_PLACEMENT_3D('',#6919,#5419,#5420);
#4361=AXIS2_PLACEMENT_3D('',#6921,#5421,#5422);
#4362=AXIS2_PLACEMENT_3D('',#6923,#5424,#5425);
#4363=AXIS2_PLACEMENT_3D('',#6924,#5426,#5427);
#4364=AXIS2_PLACEMENT_3D('',#6925,#5428,#5429);
#4365=AXIS2_PLACEMENT_3D('',#6926,#5430,#5431);
#4366=AXIS2_PLACEMENT_3D('',#6928,#5433,#5434);
#4367=AXIS2_PLACEMENT_3D('',#6930,#5436,#5437);
#4368=AXIS2_PLACEMENT_3D('',#6932,#5439,#5440);
#4369=AXIS2_PLACEMENT_3D('',#6934,#5442,#5443);
#4370=AXIS2_PLACEMENT_3D('',#6936,#5445,#5446);
#4371=AXIS2_PLACEMENT_3D('',#6938,#5448,#5449);
#4372=AXIS2_PLACEMENT_3D('',#6939,#5450,#5451);
#4373=AXIS2_PLACEMENT_3D('',#6940,#5452,#5453);
#4374=AXIS2_PLACEMENT_3D('',#6942,#5454,#5455);
#4375=AXIS2_PLACEMENT_3D('',#6944,#5456,#5457);
#4376=AXIS2_PLACEMENT_3D('',#6946,#5458,#5459);
#4377=AXIS2_PLACEMENT_3D('',#6948,#5460,#5461);
#4378=AXIS2_PLACEMENT_3D('',#6950,#5462,#5463);
#4379=AXIS2_PLACEMENT_3D('',#6952,#5464,#5465);
#4380=AXIS2_PLACEMENT_3D('',#6954,#5466,#5467);
#4381=AXIS2_PLACEMENT_3D('',#6956,#5468,#5469);
#4382=AXIS2_PLACEMENT_3D('',#6958,#5470,#5471);
#4383=AXIS2_PLACEMENT_3D('',#6967,#5476,#5477);
#4384=AXIS2_PLACEMENT_3D('',#6969,#5478,#5479);
#4385=AXIS2_PLACEMENT_3D('',#6971,#5480,#5481);
#4386=AXIS2_PLACEMENT_3D('',#6973,#5482,#5483);
#4387=AXIS2_PLACEMENT_3D('',#6979,#5486,#5487);
#4388=AXIS2_PLACEMENT_3D('',#6981,#5488,#5489);
#4389=AXIS2_PLACEMENT_3D('',#6983,#5490,#5491);
#4390=AXIS2_PLACEMENT_3D('',#6985,#5492,#5493);
#4391=AXIS2_PLACEMENT_3D('',#6987,#5494,#5495);
#4392=AXIS2_PLACEMENT_3D('',#6989,#5496,#5497);
#4393=AXIS2_PLACEMENT_3D('',#6991,#5498,#5499);
#4394=AXIS2_PLACEMENT_3D('',#6993,#5500,#5501);
#4395=AXIS2_PLACEMENT_3D('',#6995,#5502,#5503);
#4396=AXIS2_PLACEMENT_3D('',#6997,#5504,#5505);
#4397=AXIS2_PLACEMENT_3D('',#6999,#5506,#5507);
#4398=AXIS2_PLACEMENT_3D('',#7000,#5508,#5509);
#4399=AXIS2_PLACEMENT_3D('',#7002,#5511,#5512);
#4400=AXIS2_PLACEMENT_3D('',#7004,#5514,#5515);
#4401=AXIS2_PLACEMENT_3D('',#7006,#5517,#5518);
#4402=AXIS2_PLACEMENT_3D('',#7008,#5520,#5521);
#4403=AXIS2_PLACEMENT_3D('',#7010,#5523,#5524);
#4404=AXIS2_PLACEMENT_3D('',#7012,#5526,#5527);
#4405=AXIS2_PLACEMENT_3D('',#7014,#5529,#5530);
#4406=AXIS2_PLACEMENT_3D('',#7016,#5532,#5533);
#4407=AXIS2_PLACEMENT_3D('',#7018,#5535,#5536);
#4408=AXIS2_PLACEMENT_3D('',#7020,#5538,#5539);
#4409=AXIS2_PLACEMENT_3D('',#7022,#5541,#5542);
#4410=AXIS2_PLACEMENT_3D('',#7023,#5543,#5544);
#4411=AXIS2_PLACEMENT_3D('',#7025,#5546,#5547);
#4412=AXIS2_PLACEMENT_3D('',#7027,#5549,#5550);
#4413=AXIS2_PLACEMENT_3D('',#7029,#5552,#5553);
#4414=AXIS2_PLACEMENT_3D('',#7031,#5555,#5556);
#4415=AXIS2_PLACEMENT_3D('',#7033,#5558,#5559);
#4416=AXIS2_PLACEMENT_3D('',#7035,#5561,#5562);
#4417=AXIS2_PLACEMENT_3D('',#7037,#5564,#5565);
#4418=AXIS2_PLACEMENT_3D('',#7039,#5567,#5568);
#4419=AXIS2_PLACEMENT_3D('',#7041,#5570,#5571);
#4420=AXIS2_PLACEMENT_3D('',#7043,#5573,#5574);
#4421=AXIS2_PLACEMENT_3D('',#7045,#5576,#5577);
#4422=AXIS2_PLACEMENT_3D('',#7047,#5579,#5580);
#4423=AXIS2_PLACEMENT_3D('',#7049,#5582,#5583);
#4424=AXIS2_PLACEMENT_3D('',#7051,#5585,#5586);
#4425=AXIS2_PLACEMENT_3D('',#7053,#5588,#5589);
#4426=AXIS2_PLACEMENT_3D('',#7055,#5591,#5592);
#4427=AXIS2_PLACEMENT_3D('',#7057,#5594,#5595);
#4428=AXIS2_PLACEMENT_3D('',#7059,#5597,#5598);
#4429=AXIS2_PLACEMENT_3D('',#7060,#5599,#5600);
#4430=AXIS2_PLACEMENT_3D('',#7066,#5604,#5605);
#4431=AXIS2_PLACEMENT_3D('',#7068,#5607,#5608);
#4432=AXIS2_PLACEMENT_3D('',#7070,#5610,#5611);
#4433=AXIS2_PLACEMENT_3D('',#7071,#5612,#5613);
#4434=AXIS2_PLACEMENT_3D('',#7072,#5614,#5615);
#4435=AXIS2_PLACEMENT_3D('',#7074,#5616,#5617);
#4436=AXIS2_PLACEMENT_3D('',#7076,#5618,#5619);
#4437=AXIS2_PLACEMENT_3D('',#7078,#5620,#5621);
#4438=AXIS2_PLACEMENT_3D('',#7080,#5622,#5623);
#4439=AXIS2_PLACEMENT_3D('',#7082,#5624,#5625);
#4440=AXIS2_PLACEMENT_3D('',#7084,#5626,#5627);
#4441=AXIS2_PLACEMENT_3D('',#7086,#5628,#5629);
#4442=AXIS2_PLACEMENT_3D('',#7088,#5630,#5631);
#4443=AXIS2_PLACEMENT_3D('',#7090,#5632,#5633);
#4444=AXIS2_PLACEMENT_3D('',#7092,#5634,#5635);
#4445=AXIS2_PLACEMENT_3D('',#7094,#5636,#5637);
#4446=AXIS2_PLACEMENT_3D('',#7096,#5638,#5639);
#4447=AXIS2_PLACEMENT_3D('',#7098,#5640,#5641);
#4448=AXIS2_PLACEMENT_3D('',#7100,#5642,#5643);
#4449=AXIS2_PLACEMENT_3D('',#7102,#5644,#5645);
#4450=AXIS2_PLACEMENT_3D('',#7104,#5646,#5647);
#4451=AXIS2_PLACEMENT_3D('',#7106,#5648,#5649);
#4452=AXIS2_PLACEMENT_3D('',#7108,#5650,#5651);
#4453=AXIS2_PLACEMENT_3D('',#7109,#5652,#5653);
#4454=AXIS2_PLACEMENT_3D('',#7111,#5654,#5655);
#4455=AXIS2_PLACEMENT_3D('',#7113,#5656,#5657);
#4456=AXIS2_PLACEMENT_3D('',#7115,#5658,#5659);
#4457=AXIS2_PLACEMENT_3D('',#7117,#5660,#5661);
#4458=AXIS2_PLACEMENT_3D('',#7119,#5662,#5663);
#4459=AXIS2_PLACEMENT_3D('',#7121,#5664,#5665);
#4460=AXIS2_PLACEMENT_3D('',#7123,#5666,#5667);
#4461=AXIS2_PLACEMENT_3D('',#7125,#5668,#5669);
#4462=AXIS2_PLACEMENT_3D('',#7127,#5670,#5671);
#4463=AXIS2_PLACEMENT_3D('',#7129,#5672,#5673);
#4464=AXIS2_PLACEMENT_3D('',#7131,#5674,#5675);
#4465=AXIS2_PLACEMENT_3D('',#7132,#5676,#5677);
#4466=AXIS2_PLACEMENT_3D('',#7134,#5679,#5680);
#4467=AXIS2_PLACEMENT_3D('',#7136,#5682,#5683);
#4468=AXIS2_PLACEMENT_3D('',#7138,#5685,#5686);
#4469=AXIS2_PLACEMENT_3D('',#7140,#5688,#5689);
#4470=AXIS2_PLACEMENT_3D('',#7142,#5691,#5692);
#4471=AXIS2_PLACEMENT_3D('',#7144,#5694,#5695);
#4472=AXIS2_PLACEMENT_3D('',#7146,#5697,#5698);
#4473=AXIS2_PLACEMENT_3D('',#7148,#5700,#5701);
#4474=AXIS2_PLACEMENT_3D('',#7150,#5703,#5704);
#4475=AXIS2_PLACEMENT_3D('',#7152,#5706,#5707);
#4476=AXIS2_PLACEMENT_3D('',#7154,#5709,#5710);
#4477=AXIS2_PLACEMENT_3D('',#7156,#5712,#5713);
#4478=AXIS2_PLACEMENT_3D('',#7158,#5715,#5716);
#4479=AXIS2_PLACEMENT_3D('',#7160,#5718,#5719);
#4480=AXIS2_PLACEMENT_3D('',#7162,#5721,#5722);
#4481=AXIS2_PLACEMENT_3D('',#7164,#5724,#5725);
#4482=AXIS2_PLACEMENT_3D('',#7166,#5727,#5728);
#4483=AXIS2_PLACEMENT_3D('',#7168,#5730,#5731);
#4484=AXIS2_PLACEMENT_3D('',#7170,#5733,#5734);
#4485=AXIS2_PLACEMENT_3D('',#7172,#5736,#5737);
#4486=AXIS2_PLACEMENT_3D('',#7173,#5738,#5739);
#4487=AXIS2_PLACEMENT_3D('',#7175,#5741,#5742);
#4488=AXIS2_PLACEMENT_3D('',#7177,#5744,#5745);
#4489=AXIS2_PLACEMENT_3D('',#7179,#5747,#5748);
#4490=AXIS2_PLACEMENT_3D('',#7181,#5750,#5751);
#4491=AXIS2_PLACEMENT_3D('',#7183,#5753,#5754);
#4492=AXIS2_PLACEMENT_3D('',#7185,#5756,#5757);
#4493=AXIS2_PLACEMENT_3D('',#7187,#5759,#5760);
#4494=AXIS2_PLACEMENT_3D('',#7189,#5762,#5763);
#4495=AXIS2_PLACEMENT_3D('',#7191,#5765,#5766);
#4496=AXIS2_PLACEMENT_3D('',#7192,#5767,#5768);
#4497=AXIS2_PLACEMENT_3D('',#7196,#5771,#5772);
#4498=AXIS2_PLACEMENT_3D('',#7198,#5774,#5775);
#4499=DIRECTION('',(0.,0.,1.));
#4500=DIRECTION('',(1.,0.,0.));
#4501=DIRECTION('',(0.,-1.,0.));
#4502=DIRECTION('',(0.,0.,-1.));
#4503=DIRECTION('',(-0.00675452978246908,-1.05323518047943E-18,-0.999977187903513));
#4504=DIRECTION('',(1.,0.,0.));
#4505=DIRECTION('',(0.,0.,1.));
#4506=DIRECTION('',(-0.99969262453317,-1.55882270969758E-16,0.02479226601146));
#4507=DIRECTION('',(-0.615071499235304,-9.59082219440658E-17,-0.788471337987904));
#4508=DIRECTION('',(1.55930200087803E-16,-1.,0.));
#4509=DIRECTION('',(-1.,-1.55930200087803E-16,0.));
#4510=DIRECTION('',(1.55930200087803E-16,-1.,0.));
#4511=DIRECTION('',(-1.,-1.55930200087803E-16,0.));
#4512=DIRECTION('',(1.55930200087803E-16,-1.,0.));
#4513=DIRECTION('',(-1.,-1.55930200087803E-16,0.));
#4514=DIRECTION('',(1.55930200087803E-16,-1.,0.));
#4515=DIRECTION('',(-1.,-1.55930200087803E-16,0.));
#4516=DIRECTION('',(-1.55930200087803E-16,1.,0.));
#4517=DIRECTION('',(-1.,-1.55930200087803E-16,0.));
#4518=DIRECTION('',(-1.55930200087803E-16,1.,0.));
#4519=DIRECTION('',(-1.,-1.55930200087803E-16,0.));
#4520=DIRECTION('',(-1.55930200087803E-16,1.,0.));
#4521=DIRECTION('',(-1.,-1.55930200087803E-16,0.));
#4522=DIRECTION('',(1.,0.,0.));
#4523=DIRECTION('',(-0.0252518582830143,-3.93752731465926E-18,0.999681120984714));
#4524=DIRECTION('',(-0.626656763536514,-9.77147145246236E-17,-0.779295387330082));
#4525=DIRECTION('',(1.,0.,0.));
#4526=DIRECTION('',(1.55930200087803E-16,-1.,0.));
#4527=DIRECTION('',(-1.,-1.55930200087803E-16,0.));
#4528=DIRECTION('',(1.55930200087803E-16,-1.,0.));
#4529=DIRECTION('',(-1.,-1.55930200087803E-16,0.));
#4530=DIRECTION('',(1.55930200087803E-16,-1.,0.));
#4531=DIRECTION('',(-1.,-1.55930200087803E-16,0.));
#4532=DIRECTION('',(-1.55930200087803E-16,1.,0.));
#4533=DIRECTION('',(-1.,-1.55930200087803E-16,0.));
#4534=DIRECTION('',(-1.55930200087803E-16,1.,0.));
#4535=DIRECTION('',(-1.,-1.55930200087803E-16,0.));
#4536=DIRECTION('',(-1.55930200087803E-16,1.,0.));
#4537=DIRECTION('',(-1.,-1.55930200087803E-16,0.));
#4538=DIRECTION('',(-1.55930200087803E-16,1.,0.));
#4539=DIRECTION('',(-1.,-1.55930200087803E-16,0.));
#4540=DIRECTION('',(-1.55930200087803E-16,1.,0.));
#4541=DIRECTION('',(-1.,-1.55930200087803E-16,0.));
#4542=DIRECTION('',(-1.55930200087803E-16,1.,0.));
#4543=DIRECTION('',(-1.,-1.55930200087803E-16,0.));
#4544=DIRECTION('',(-1.55930200087803E-16,1.,0.));
#4545=DIRECTION('',(-1.,-1.55930200087803E-16,0.));
#4546=DIRECTION('',(-1.55930200087803E-16,1.,0.));
#4547=DIRECTION('',(-1.,-1.55930200087803E-16,0.));
#4548=DIRECTION('',(-0.999999996194419,-1.55930199494398E-16,-8.72419755111807E-5));
#4549=DIRECTION('',(-0.619024373199859,-9.65245943722807E-17,-0.785371775266034));
#4550=DIRECTION('',(1.55930200087803E-16,-1.,0.));
#4551=DIRECTION('',(-1.,-1.55930200087803E-16,0.));
#4552=DIRECTION('',(1.55930200087803E-16,-1.,0.));
#4553=DIRECTION('',(-1.,-1.55930200087803E-16,0.));
#4554=DIRECTION('',(1.55930200087803E-16,-1.,0.));
#4555=DIRECTION('',(-1.,-1.55930200087803E-16,0.));
#4556=DIRECTION('',(1.55930200087803E-16,-1.,0.));
#4557=DIRECTION('',(-1.,-1.55930200087803E-16,0.));
#4558=DIRECTION('',(-0.632306647080345,-9.8595701996086E-17,-0.774718209452968));
#4559=DIRECTION('',(-0.62428057621468,-9.73441951600839E-17,0.781200206196253));
#4560=DIRECTION('',(-1.,-1.55930200087803E-16,0.));
#4561=DIRECTION('',(0.,0.,-1.));
#4562=DIRECTION('',(1.,0.,0.));
#4563=DIRECTION('',(0.584062528765531,9.10729869741974E-17,0.811708668483966));
#4564=DIRECTION('',(1.55930200087803E-16,-1.,0.));
#4565=DIRECTION('',(-1.,-1.55930200087803E-16,0.));
#4566=DIRECTION('',(1.55930200087803E-16,-1.,0.));
#4567=DIRECTION('',(-1.,-1.55930200087803E-16,0.));
#4568=DIRECTION('',(1.55930200087803E-16,-1.,0.));
#4569=DIRECTION('',(-1.,-1.55930200087803E-16,0.));
#4570=DIRECTION('',(1.55930200087803E-16,-1.,0.));
#4571=DIRECTION('',(-1.,-1.55930200087803E-16,0.));
#4572=DIRECTION('',(-1.55930200087803E-16,1.,0.));
#4573=DIRECTION('',(-1.,-1.55930200087803E-16,0.));
#4574=DIRECTION('',(-1.55930200087803E-16,1.,0.));
#4575=DIRECTION('',(-1.,-1.55930200087803E-16,0.));
#4576=DIRECTION('',(-1.55930200087803E-16,1.,0.));
#4577=DIRECTION('',(-1.,-1.55930200087803E-16,0.));
#4578=DIRECTION('',(-1.55930200087803E-16,1.,0.));
#4579=DIRECTION('',(-1.,-1.55930200087803E-16,0.));
#4580=DIRECTION('',(-1.55930200087803E-16,1.,0.));
#4581=DIRECTION('',(-1.,-1.55930200087803E-16,0.));
#4582=DIRECTION('',(-1.55930200087803E-16,1.,0.));
#4583=DIRECTION('',(-1.,-1.55930200087803E-16,0.));
#4584=DIRECTION('',(-1.55930200087803E-16,1.,0.));
#4585=DIRECTION('',(-1.,-1.55930200087803E-16,0.));
#4586=DIRECTION('',(-1.55930200087803E-16,1.,0.));
#4587=DIRECTION('',(-1.,-1.55930200087803E-16,0.));
#4588=DIRECTION('',(-0.999648247339045,-1.55875351224999E-16,-0.0265213421978379));
#4589=DIRECTION('',(-0.625224618185174,-9.74913998134344E-17,-0.780444858279689));
#4590=DIRECTION('',(-1.55930200087803E-16,1.,0.));
#4591=DIRECTION('',(-1.,-1.55930200087803E-16,0.));
#4592=DIRECTION('',(-1.55930200087803E-16,1.,0.));
#4593=DIRECTION('',(-1.,-1.55930200087803E-16,0.));
#4594=DIRECTION('',(-1.55930200087803E-16,1.,0.));
#4595=DIRECTION('',(-1.,-1.55930200087803E-16,0.));
#4596=DIRECTION('',(1.,0.,0.));
#4597=DIRECTION('',(1.55930200087803E-16,-1.,0.));
#4598=DIRECTION('',(-1.,-1.55930200087803E-16,0.));
#4599=DIRECTION('',(0.,0.,1.));
#4600=DIRECTION('',(-1.,-1.55930200087803E-16,0.));
#4601=DIRECTION('',(0.,0.,-1.));
#4602=DIRECTION('',(1.,0.,0.));
#4603=DIRECTION('',(-1.55930200087803E-16,1.,0.));
#4604=DIRECTION('',(-1.,-1.55930200087803E-16,0.));
#4605=DIRECTION('',(-1.55930200087803E-16,1.,0.));
#4606=DIRECTION('',(-1.,-1.55930200087803E-16,0.));
#4607=DIRECTION('',(-1.55930200087803E-16,1.,0.));
#4608=DIRECTION('',(-1.,-1.55930200087803E-16,0.));
#4609=DIRECTION('',(-1.55930200087803E-16,1.,0.));
#4610=DIRECTION('',(-1.,-1.55930200087803E-16,0.));
#4611=DIRECTION('',(-1.55930200087803E-16,1.,0.));
#4612=DIRECTION('',(-1.,-1.55930200087803E-16,0.));
#4613=DIRECTION('',(-1.55930200087803E-16,1.,0.));
#4614=DIRECTION('',(-1.,-1.55930200087803E-16,0.));
#4615=DIRECTION('',(-1.55930200087803E-16,1.,0.));
#4616=DIRECTION('',(-1.,-1.55930200087803E-16,0.));
#4617=DIRECTION('',(-1.55930200087803E-16,1.,0.));
#4618=DIRECTION('',(-1.,-1.55930200087803E-16,0.));
#4619=DIRECTION('',(-1.55930200087803E-16,1.,0.));
#4620=DIRECTION('',(-1.,-1.55930200087803E-16,0.));
#4621=DIRECTION('',(-1.55930200087803E-16,1.,0.));
#4622=DIRECTION('',(-1.,-1.55930200087803E-16,0.));
#4623=DIRECTION('',(-1.55930200087803E-16,1.,0.));
#4624=DIRECTION('',(-1.,-1.55930200087803E-16,0.));
#4625=DIRECTION('',(-1.55930200087803E-16,1.,0.));
#4626=DIRECTION('',(-1.,-1.55930200087803E-16,0.));
#4627=DIRECTION('',(1.,0.,0.));
#4628=DIRECTION('',(0.00675452978246739,1.05323518047916E-18,0.999977187903513));
#4629=DIRECTION('',(1.,1.55930200087803E-16,0.));
#4630=DIRECTION('',(-1.55930200087803E-16,1.,0.));
#4631=DIRECTION('',(-1.,-1.55930200087803E-16,0.));
#4632=DIRECTION('',(-1.55930200087803E-16,1.,0.));
#4633=DIRECTION('',(-1.,-1.55930200087803E-16,0.));
#4634=DIRECTION('',(-1.55930200087803E-16,1.,0.));
#4635=DIRECTION('',(-1.,-1.55930200087803E-16,0.));
#4636=DIRECTION('',(-1.55930200087803E-16,1.,0.));
#4637=DIRECTION('',(-1.,-1.55930200087803E-16,0.));
#4638=DIRECTION('',(1.55930200087803E-16,-1.,0.));
#4639=DIRECTION('',(-1.,-1.55930200087803E-16,0.));
#4640=DIRECTION('',(1.55930200087803E-16,-1.,0.));
#4641=DIRECTION('',(-1.,-1.55930200087803E-16,0.));
#4642=DIRECTION('',(1.55930200087803E-16,-1.,0.));
#4643=DIRECTION('',(-1.,-1.55930200087803E-16,0.));
#4644=DIRECTION('',(1.55930200087803E-16,-1.,0.));
#4645=DIRECTION('',(-1.,-1.55930200087803E-16,0.));
#4646=DIRECTION('',(-0.616038686245529,-9.60590356080925E-17,0.787715898689929));
#4647=DIRECTION('',(-1.,-1.55930200087803E-16,0.));
#4648=DIRECTION('',(0.,0.,-1.));
#4649=DIRECTION('',(1.,0.,0.));
#4650=DIRECTION('',(0.,0.,1.));
#4651=DIRECTION('',(-1.,-1.55930200087803E-16,0.));
#4652=DIRECTION('',(-0.616323002836932,-9.61033691510784E-17,-0.787493464210381));
#4653=DIRECTION('',(1.55930200087803E-16,-1.,0.));
#4654=DIRECTION('',(-1.,-1.55930200087803E-16,0.));
#4655=DIRECTION('',(1.55930200087803E-16,-1.,0.));
#4656=DIRECTION('',(-1.,-1.55930200087803E-16,0.));
#4657=DIRECTION('',(1.55930200087803E-16,-1.,0.));
#4658=DIRECTION('',(-1.,-1.55930200087803E-16,0.));
#4659=DIRECTION('',(1.55930200087803E-16,-1.,0.));
#4660=DIRECTION('',(-1.,-1.55930200087803E-16,0.));
#4661=DIRECTION('',(-1.55930200087803E-16,1.,0.));
#4662=DIRECTION('',(-1.,-1.55930200087803E-16,0.));
#4663=DIRECTION('',(-1.55930200087803E-16,1.,0.));
#4664=DIRECTION('',(-1.,-1.55930200087803E-16,0.));
#4665=DIRECTION('',(-1.55930200087803E-16,1.,0.));
#4666=DIRECTION('',(-1.,-1.55930200087803E-16,0.));
#4667=DIRECTION('',(-1.55930200087803E-16,1.,0.));
#4668=DIRECTION('',(-1.,-1.55930200087803E-16,0.));
#4669=DIRECTION('',(1.55930200087803E-16,-1.,0.));
#4670=DIRECTION('',(-1.,-1.55930200087803E-16,0.));
#4671=DIRECTION('',(1.55930200087803E-16,-1.,0.));
#4672=DIRECTION('',(-1.,-1.55930200087803E-16,0.));
#4673=DIRECTION('',(1.55930200087803E-16,-1.,0.));
#4674=DIRECTION('',(-1.,-1.55930200087803E-16,0.));
#4675=DIRECTION('',(1.55930200087803E-16,-1.,0.));
#4676=DIRECTION('',(-1.,-1.55930200087803E-16,0.));
#4677=DIRECTION('',(1.55930200087803E-16,-1.,0.));
#4678=DIRECTION('',(-1.,-1.55930200087803E-16,0.));
#4679=DIRECTION('',(1.55930200087803E-16,-1.,0.));
#4680=DIRECTION('',(-1.,-1.55930200087803E-16,0.));
#4681=DIRECTION('',(1.55930200087803E-16,-1.,0.));
#4682=DIRECTION('',(-1.,-1.55930200087803E-16,0.));
#4683=DIRECTION('',(1.55930200087803E-16,-1.,0.));
#4684=DIRECTION('',(-1.,-1.55930200087803E-16,0.));
#4685=DIRECTION('',(-0.621911487137785,-9.69747826262979E-17,0.783087544381896));
#4686=DIRECTION('',(-1.,-1.55930200087803E-16,0.));
#4687=DIRECTION('',(-1.55930200087803E-16,1.,0.));
#4688=DIRECTION('',(-1.,-1.55930200087803E-16,0.));
#4689=DIRECTION('',(-1.55930200087803E-16,1.,0.));
#4690=DIRECTION('',(-1.,-1.55930200087803E-16,0.));
#4691=DIRECTION('',(-1.55930200087803E-16,1.,0.));
#4692=DIRECTION('',(-1.,-1.55930200087803E-16,0.));
#4693=DIRECTION('',(-1.55930200087803E-16,1.,0.));
#4694=DIRECTION('',(-1.,-1.55930200087803E-16,0.));
#4695=DIRECTION('',(-1.55930200087803E-16,1.,0.));
#4696=DIRECTION('',(-1.,-1.55930200087803E-16,0.));
#4697=DIRECTION('',(-1.55930200087803E-16,1.,0.));
#4698=DIRECTION('',(-1.,-1.55930200087803E-16,0.));
#4699=DIRECTION('',(-1.55930200087803E-16,1.,0.));
#4700=DIRECTION('',(-1.,-1.55930200087803E-16,0.));
#4701=DIRECTION('',(-1.55930200087803E-16,1.,0.));
#4702=DIRECTION('',(-1.,-1.55930200087803E-16,0.));
#4703=DIRECTION('',(1.55930200087803E-16,-1.,0.));
#4704=DIRECTION('',(-1.,-1.55930200087803E-16,0.));
#4705=DIRECTION('',(1.55930200087803E-16,-1.,0.));
#4706=DIRECTION('',(-1.,-1.55930200087803E-16,0.));
#4707=DIRECTION('',(1.55930200087803E-16,-1.,0.));
#4708=DIRECTION('',(-1.,-1.55930200087803E-16,0.));
#4709=DIRECTION('',(1.55930200087803E-16,-1.,0.));
#4710=DIRECTION('',(-1.,-1.55930200087803E-16,0.));
#4711=DIRECTION('',(1.,0.,0.));
#4712=DIRECTION('',(-1.55930200087803E-16,1.,0.));
#4713=DIRECTION('',(-1.,-1.55930200087803E-16,0.));
#4714=DIRECTION('',(-1.55930200087803E-16,1.,0.));
#4715=DIRECTION('',(-1.,-1.55930200087803E-16,0.));
#4716=DIRECTION('',(-1.55930200087803E-16,1.,0.));
#4717=DIRECTION('',(-1.,-1.55930200087803E-16,0.));
#4718=DIRECTION('',(-1.55930200087803E-16,1.,0.));
#4719=DIRECTION('',(-1.,-1.55930200087803E-16,0.));
#4720=DIRECTION('',(1.55930200087803E-16,-1.,0.));
#4721=DIRECTION('',(-1.,-1.55930200087803E-16,0.));
#4722=DIRECTION('',(1.55930200087803E-16,-1.,0.));
#4723=DIRECTION('',(-1.,-1.55930200087803E-16,0.));
#4724=DIRECTION('',(1.55930200087803E-16,-1.,0.));
#4725=DIRECTION('',(-1.,-1.55930200087803E-16,0.));
#4726=DIRECTION('',(1.55930200087803E-16,-1.,0.));
#4727=DIRECTION('',(-1.,-1.55930200087803E-16,0.));
#4728=DIRECTION('',(-0.625200088571933,-9.74875749059335E-17,0.780464508641903));
#4729=DIRECTION('',(-0.999511552002312,-1.55854036293791E-16,0.0312515185859666));
#4730=DIRECTION('',(0.,0.,-1.));
#4731=DIRECTION('',(1.,0.,0.));
#4732=DIRECTION('',(1.,0.,0.));
#4733=DIRECTION('',(1.,0.,0.));
#4734=DIRECTION('',(0.,0.,1.));
#4735=DIRECTION('',(-0.999455255053975,-1.55845257899372E-16,-0.0330029263095424));
#4736=DIRECTION('',(0.,-1.,0.));
#4737=DIRECTION('',(0.,0.,-1.));
#4738=DIRECTION('',(-1.55930200087803E-16,1.,0.));
#4739=DIRECTION('',(-1.,-1.55930200087803E-16,0.));
#4740=DIRECTION('',(1.,0.,0.));
#4741=DIRECTION('',(1.55930200087803E-16,-1.,0.));
#4742=DIRECTION('',(-1.,-1.55930200087803E-16,0.));
#4743=DIRECTION('',(1.55930200087803E-16,-1.,0.));
#4744=DIRECTION('',(-1.,-1.55930200087803E-16,0.));
#4745=DIRECTION('',(1.55930200087803E-16,-1.,0.));
#4746=DIRECTION('',(-1.,-1.55930200087803E-16,0.));
#4747=DIRECTION('',(1.55930200087803E-16,-1.,0.));
#4748=DIRECTION('',(-1.,-1.55930200087803E-16,0.));
#4749=DIRECTION('',(1.55930200087803E-16,-1.,0.));
#4750=DIRECTION('',(-1.,-1.55930200087803E-16,0.));
#4751=DIRECTION('',(1.55930200087803E-16,-1.,0.));
#4752=DIRECTION('',(-1.,-1.55930200087803E-16,0.));
#4753=DIRECTION('',(1.55930200087803E-16,-1.,0.));
#4754=DIRECTION('',(-1.,-1.55930200087803E-16,0.));
#4755=DIRECTION('',(1.55930200087803E-16,-1.,0.));
#4756=DIRECTION('',(-1.,-1.55930200087803E-16,0.));
#4757=DIRECTION('',(-1.55930200087803E-16,1.,0.));
#4758=DIRECTION('',(-1.,-1.55930200087803E-16,0.));
#4759=DIRECTION('',(0.,-1.,0.));
#4760=DIRECTION('',(0.,0.,-1.));
#4761=DIRECTION('',(1.55930200087803E-16,-1.,0.));
#4762=DIRECTION('',(-1.,-1.55930200087803E-16,0.));
#4763=DIRECTION('',(1.,0.,0.));
#4764=DIRECTION('',(0.621355467964075,9.68880824452886E-17,0.783528801277366));
#4765=DIRECTION('',(0.0641108894778629,9.99682382409018E-18,-0.997942780849863));
#4766=DIRECTION('',(0.,-1.,0.));
#4767=DIRECTION('',(0.,0.,-1.));
#4768=DIRECTION('',(1.55930200087803E-16,-1.,0.));
#4769=DIRECTION('',(-1.,-1.55930200087803E-16,0.));
#4770=DIRECTION('',(1.,0.,0.));
#4771=DIRECTION('',(1.55930200087803E-16,-1.,0.));
#4772=DIRECTION('',(-1.,-1.55930200087803E-16,0.));
#4773=DIRECTION('',(1.55930200087803E-16,-1.,0.));
#4774=DIRECTION('',(-1.,-1.55930200087803E-16,0.));
#4775=DIRECTION('',(1.55930200087803E-16,-1.,0.));
#4776=DIRECTION('',(-1.,-1.55930200087803E-16,0.));
#4777=DIRECTION('',(1.55930200087803E-16,-1.,0.));
#4778=DIRECTION('',(-1.,-1.55930200087803E-16,0.));
#4779=DIRECTION('',(1.55930200087803E-16,-1.,0.));
#4780=DIRECTION('',(-1.,-1.55930200087803E-16,0.));
#4781=DIRECTION('',(1.55930200087803E-16,-1.,0.));
#4782=DIRECTION('',(-1.,-1.55930200087803E-16,0.));
#4783=DIRECTION('',(1.55930200087803E-16,-1.,0.));
#4784=DIRECTION('',(-1.,-1.55930200087803E-16,0.));
#4785=DIRECTION('',(1.55930200087803E-16,-1.,0.));
#4786=DIRECTION('',(-1.,-1.55930200087803E-16,0.));
#4787=DIRECTION('',(1.55930200087803E-16,-1.,0.));
#4788=DIRECTION('',(-1.,-1.55930200087803E-16,0.));
#4789=DIRECTION('',(1.55930200087803E-16,-1.,0.));
#4790=DIRECTION('',(-1.,-1.55930200087803E-16,0.));
#4791=DIRECTION('',(1.55930200087803E-16,-1.,0.));
#4792=DIRECTION('',(-1.,-1.55930200087803E-16,0.));
#4793=DIRECTION('',(1.55930200087803E-16,-1.,0.));
#4794=DIRECTION('',(-1.,-1.55930200087803E-16,0.));
#4795=DIRECTION('',(1.55930200087803E-16,-1.,0.));
#4796=DIRECTION('',(-1.,-1.55930200087803E-16,0.));
#4797=DIRECTION('',(1.55930200087803E-16,-1.,0.));
#4798=DIRECTION('',(-1.,-1.55930200087803E-16,0.));
#4799=DIRECTION('',(1.55930200087803E-16,-1.,0.));
#4800=DIRECTION('',(-1.,-1.55930200087803E-16,0.));
#4801=DIRECTION('',(1.55930200087803E-16,-1.,0.));
#4802=DIRECTION('',(-1.,-1.55930200087803E-16,0.));
#4803=DIRECTION('',(1.55930200087803E-16,-1.,0.));
#4804=DIRECTION('',(-1.,-1.55930200087803E-16,0.));
#4805=DIRECTION('',(1.55930200087803E-16,-1.,0.));
#4806=DIRECTION('',(-1.,-1.55930200087803E-16,0.));
#4807=DIRECTION('',(0.,-1.,0.));
#4808=DIRECTION('',(0.,0.,-1.));
#4809=DIRECTION('',(1.55930200087803E-16,-1.,0.));
#4810=DIRECTION('',(-1.,-1.55930200087803E-16,0.));
#4811=DIRECTION('',(0.628283841594101,9.79684251317017E-17,0.777984199320114));
#4812=DIRECTION('',(0.0267836162660364,4.17637464343799E-18,-0.999641254600726));
#4813=DIRECTION('',(1.55930200087803E-16,-1.,0.));
#4814=DIRECTION('',(-1.,-1.55930200087803E-16,0.));
#4815=DIRECTION('',(1.,0.,0.));
#4816=DIRECTION('',(1.55930200087803E-16,-1.,0.));
#4817=DIRECTION('',(-1.,-1.55930200087803E-16,0.));
#4818=DIRECTION('',(0.,-1.,0.));
#4819=DIRECTION('',(0.,0.,-1.));
#4820=DIRECTION('',(0.621419042076645,9.68979955693821E-17,-0.783478381414921));
#4821=DIRECTION('',(1.,0.,0.));
#4822=DIRECTION('',(0.0153015184390113,2.38596883184224E-18,0.999882924913442));
#4823=DIRECTION('',(0.,0.,-1.));
#4824=DIRECTION('',(-1.,0.,0.));
#4825=DIRECTION('',(1.55930200087803E-16,-1.,0.));
#4826=DIRECTION('',(1.,1.55930200087803E-16,0.));
#4827=DIRECTION('',(-1.55930200087803E-16,1.,0.));
#4828=DIRECTION('',(0.,1.,0.));
#4829=DIRECTION('',(1.,0.,0.));
#4830=DIRECTION('',(0.,1.,0.));
#4831=DIRECTION('',(1.55930200087803E-16,-1.,0.));
#4832=DIRECTION('',(1.,1.55930200087803E-16,0.));
#4833=DIRECTION('',(-1.55930200087803E-16,1.,0.));
#4834=DIRECTION('',(1.55930200087803E-16,-1.,0.));
#4835=DIRECTION('',(1.,1.55930200087803E-16,0.));
#4836=DIRECTION('',(-1.55930200087803E-16,1.,0.));
#4837=DIRECTION('',(-1.55930200087803E-16,1.,0.));
#4838=DIRECTION('',(1.,1.55930200087803E-16,0.));
#4839=DIRECTION('',(-1.55930200087803E-16,1.,0.));
#4840=DIRECTION('',(-1.55930200087803E-16,1.,0.));
#4841=DIRECTION('',(1.,1.55930200087803E-16,0.));
#4842=DIRECTION('',(-1.55930200087803E-16,1.,0.));
#4843=DIRECTION('',(1.55930200087803E-16,-1.,0.));
#4844=DIRECTION('',(1.,1.55930200087803E-16,0.));
#4845=DIRECTION('',(-1.55930200087803E-16,1.,0.));
#4846=DIRECTION('',(-1.55930200087803E-16,1.,0.));
#4847=DIRECTION('',(1.,1.55930200087803E-16,0.));
#4848=DIRECTION('',(-1.55930200087803E-16,1.,0.));
#4849=DIRECTION('',(-1.55930200087803E-16,1.,0.));
#4850=DIRECTION('',(1.,1.55930200087803E-16,0.));
#4851=DIRECTION('',(-1.55930200087803E-16,1.,0.));
#4852=DIRECTION('',(1.55930200087803E-16,-1.,0.));
#4853=DIRECTION('',(1.,1.55930200087803E-16,0.));
#4854=DIRECTION('',(-1.55930200087803E-16,1.,0.));
#4855=DIRECTION('',(-1.55930200087803E-16,1.,0.));
#4856=DIRECTION('',(1.,1.55930200087803E-16,0.));
#4857=DIRECTION('',(-1.55930200087803E-16,1.,0.));
#4858=DIRECTION('',(1.55930200087803E-16,-1.,0.));
#4859=DIRECTION('',(1.,1.55930200087803E-16,0.));
#4860=DIRECTION('',(-1.55930200087803E-16,1.,0.));
#4861=DIRECTION('',(-1.55930200087803E-16,1.,0.));
#4862=DIRECTION('',(1.,1.55930200087803E-16,0.));
#4863=DIRECTION('',(-1.55930200087803E-16,1.,0.));
#4864=DIRECTION('',(1.55930200087803E-16,-1.,0.));
#4865=DIRECTION('',(1.,1.55930200087803E-16,0.));
#4866=DIRECTION('',(-1.55930200087803E-16,1.,0.));
#4867=DIRECTION('',(-1.55930200087803E-16,1.,0.));
#4868=DIRECTION('',(1.,1.55930200087803E-16,0.));
#4869=DIRECTION('',(-1.55930200087803E-16,1.,0.));
#4870=DIRECTION('',(-1.55930200087803E-16,1.,0.));
#4871=DIRECTION('',(1.,1.55930200087803E-16,0.));
#4872=DIRECTION('',(-1.55930200087803E-16,1.,0.));
#4873=DIRECTION('',(0.,0.,-1.));
#4874=DIRECTION('',(-1.,0.,0.));
#4875=DIRECTION('',(0.,0.,-1.));
#4876=DIRECTION('',(-1.,0.,0.));
#4877=DIRECTION('',(0.,0.,-1.));
#4878=DIRECTION('',(-1.,0.,0.));
#4879=DIRECTION('',(0.,0.,-1.));
#4880=DIRECTION('',(-1.,0.,0.));
#4881=DIRECTION('',(0.,0.,1.));
#4882=DIRECTION('',(1.,0.,0.));
#4883=DIRECTION('',(0.,0.,1.));
#4884=DIRECTION('',(1.,0.,0.));
#4885=DIRECTION('',(0.,0.,-1.));
#4886=DIRECTION('',(-1.,0.,0.));
#4887=DIRECTION('',(0.,0.,-1.));
#4888=DIRECTION('',(-1.,0.,0.));
#4889=DIRECTION('',(0.,0.0523359562429436,0.998629534754574));
#4890=DIRECTION('',(0.,-0.998629534754574,0.0523359562429436));
#4891=DIRECTION('',(0.,0.0523359562429436,0.998629534754574));
#4892=DIRECTION('',(0.,-0.998629534754574,0.0523359562429436));
#4893=DIRECTION('',(0.,0.0523359562429436,0.998629534754574));
#4894=DIRECTION('',(0.,-0.998629534754574,0.0523359562429436));
#4895=DIRECTION('',(1.,0.,0.));
#4896=DIRECTION('',(0.,-0.998629534754574,0.0523359562429436));
#4897=DIRECTION('',(0.,-0.998629534754574,0.0523359562429436));
#4898=DIRECTION('',(0.,0.0523359562429436,0.998629534754574));
#4899=DIRECTION('',(0.,-0.998629534754574,0.0523359562429436));
#4900=DIRECTION('',(0.,0.0523359562429436,0.998629534754574));
#4901=DIRECTION('',(0.,-0.998629534754574,0.0523359562429436));
#4902=DIRECTION('',(0.,0.,-1.));
#4903=DIRECTION('',(-1.,0.,0.));
#4904=DIRECTION('',(0.,0.,-1.));
#4905=DIRECTION('',(-1.,0.,0.));
#4906=DIRECTION('',(0.,0.,-1.));
#4907=DIRECTION('',(-1.,0.,0.));
#4908=DIRECTION('',(0.,0.,-1.));
#4909=DIRECTION('',(-1.,0.,0.));
#4910=DIRECTION('',(0.,1.,0.));
#4911=DIRECTION('',(0.,0.,1.));
#4912=DIRECTION('',(1.,0.,0.));
#4913=DIRECTION('',(0.,1.,0.));
#4914=DIRECTION('',(1.,0.,0.));
#4915=DIRECTION('',(0.,1.,0.));
#4916=DIRECTION('',(0.,0.,-1.));
#4917=DIRECTION('',(-1.,0.,0.));
#4918=DIRECTION('',(0.,0.,1.));
#4919=DIRECTION('',(1.,0.,0.));
#4920=DIRECTION('',(0.,0.,1.));
#4921=DIRECTION('',(1.,0.,0.));
#4922=DIRECTION('',(0.,0.,-1.));
#4923=DIRECTION('',(-1.,0.,0.));
#4924=DIRECTION('',(0.,0.,1.));
#4925=DIRECTION('',(1.,0.,0.));
#4926=DIRECTION('',(0.,0.,1.));
#4927=DIRECTION('',(1.,0.,0.));
#4928=DIRECTION('',(0.,0.,-1.));
#4929=DIRECTION('',(-1.,0.,0.));
#4930=DIRECTION('',(0.,0.,1.));
#4931=DIRECTION('',(1.,0.,0.));
#4932=DIRECTION('',(0.,0.,1.));
#4933=DIRECTION('',(1.,0.,0.));
#4934=DIRECTION('',(0.,0.,-1.));
#4935=DIRECTION('',(-1.,0.,0.));
#4936=DIRECTION('',(0.,0.,1.));
#4937=DIRECTION('',(1.,0.,0.));
#4938=DIRECTION('',(0.,0.,1.));
#4939=DIRECTION('',(1.,0.,0.));
#4940=DIRECTION('',(0.,0.,1.));
#4941=DIRECTION('',(1.,0.,0.));
#4942=DIRECTION('',(0.,0.,-1.));
#4943=DIRECTION('',(1.,0.,0.));
#4944=DIRECTION('',(0.,0.,1.));
#4945=DIRECTION('',(1.,0.,0.));
#4946=DIRECTION('',(0.,0.,1.));
#4947=DIRECTION('',(1.,0.,0.));
#4948=DIRECTION('',(0.,0.,1.));
#4949=DIRECTION('',(1.,0.,0.));
#4950=DIRECTION('',(0.,0.,1.));
#4951=DIRECTION('',(1.,0.,0.));
#4952=DIRECTION('',(0.,0.,1.));
#4953=DIRECTION('',(1.,0.,0.));
#4954=DIRECTION('',(0.,0.,1.));
#4955=DIRECTION('',(1.,0.,0.));
#4956=DIRECTION('',(0.,0.,1.));
#4957=DIRECTION('',(1.,0.,0.));
#4958=DIRECTION('',(0.,0.,-1.));
#4959=DIRECTION('',(1.,0.,0.));
#4960=DIRECTION('',(0.,0.,1.));
#4961=DIRECTION('',(1.,0.,0.));
#4962=DIRECTION('',(0.,0.,1.));
#4963=DIRECTION('',(1.,0.,0.));
#4964=DIRECTION('',(0.,0.,1.));
#4965=DIRECTION('',(1.,0.,0.));
#4966=DIRECTION('',(0.,0.,1.));
#4967=DIRECTION('',(1.,0.,0.));
#4968=DIRECTION('',(0.,0.,1.));
#4969=DIRECTION('',(1.,0.,0.));
#4970=DIRECTION('',(0.,0.,1.));
#4971=DIRECTION('',(1.,0.,0.));
#4972=DIRECTION('',(0.,0.,1.));
#4973=DIRECTION('',(1.,0.,0.));
#4974=DIRECTION('',(0.,0.,1.));
#4975=DIRECTION('',(1.,0.,0.));
#4976=DIRECTION('',(0.,0.,1.));
#4977=DIRECTION('',(1.,0.,0.));
#4978=DIRECTION('',(0.,0.,1.));
#4979=DIRECTION('',(1.,0.,0.));
#4980=DIRECTION('',(-1.55930200087803E-16,1.,0.));
#4981=DIRECTION('',(-1.,-1.55930200087803E-16,0.));
#4982=DIRECTION('',(0.621419042076645,9.68979955693821E-17,-0.783478381414921));
#4983=DIRECTION('',(0.0153015184390113,2.38596883184224E-18,0.999882924913442));
#4984=DIRECTION('',(0.,0.,-1.));
#4985=DIRECTION('',(-0.999511552002312,-1.55854036293791E-16,0.0312515185859666));
#4986=DIRECTION('',(-0.625200088571933,-9.74875749059335E-17,0.780464508641903));
#4987=DIRECTION('',(1.55930200087803E-16,-1.,0.));
#4988=DIRECTION('',(-1.,-1.55930200087803E-16,0.));
#4989=DIRECTION('',(1.55930200087803E-16,-1.,0.));
#4990=DIRECTION('',(-1.,-1.55930200087803E-16,0.));
#4991=DIRECTION('',(1.55930200087803E-16,-1.,0.));
#4992=DIRECTION('',(-1.,-1.55930200087803E-16,0.));
#4993=DIRECTION('',(1.55930200087803E-16,-1.,0.));
#4994=DIRECTION('',(-1.,-1.55930200087803E-16,0.));
#4995=DIRECTION('',(-1.55930200087803E-16,1.,0.));
#4996=DIRECTION('',(-1.,-1.55930200087803E-16,0.));
#4997=DIRECTION('',(-1.55930200087803E-16,1.,0.));
#4998=DIRECTION('',(-1.,-1.55930200087803E-16,0.));
#4999=DIRECTION('',(-1.55930200087803E-16,1.,0.));
#5000=DIRECTION('',(-1.,-1.55930200087803E-16,0.));
#5001=DIRECTION('',(-1.55930200087803E-16,1.,0.));
#5002=DIRECTION('',(-1.,-1.55930200087803E-16,0.));
#5003=DIRECTION('',(1.,1.55930200087803E-16,0.));
#5004=DIRECTION('',(-1.55930200087803E-16,1.,0.));
#5005=DIRECTION('',(-1.55930200087803E-16,1.,0.));
#5006=DIRECTION('',(-1.55930200087803E-16,1.,0.));
#5007=DIRECTION('',(-1.,-1.55930200087803E-16,0.));
#5008=DIRECTION('',(-1.55930200087803E-16,1.,0.));
#5009=DIRECTION('',(0.783478381414921,1.22167940778497E-16,0.621419042076645));
#5010=DIRECTION('',(0.621419042076645,0.,-0.783478381414921));
#5011=DIRECTION('',(-1.55930200087803E-16,1.,0.));
#5012=DIRECTION('',(-0.999882924913442,-1.5591194454613E-16,0.0153015184390113));
#5013=DIRECTION('',(0.0153015184390113,0.,0.999882924913442));
#5014=DIRECTION('',(-0.0312515185859666,-4.87305554615746E-18,-0.999511552002312));
#5015=DIRECTION('',(-0.999511552002312,0.,0.0312515185859666));
#5016=DIRECTION('',(-1.55930200087803E-16,1.,0.));
#5017=DIRECTION('',(-0.780464508641903,-1.21697986993961E-16,-0.625200088571933));
#5018=DIRECTION('',(-0.625200088571933,0.,0.780464508641903));
#5019=DIRECTION('',(-1.55930200087803E-16,1.,0.));
#5020=DIRECTION('',(-1.55930200087803E-16,1.,0.));
#5021=DIRECTION('',(-1.,-1.55930200087803E-16,0.));
#5022=DIRECTION('',(-1.55930200087803E-16,1.,0.));
#5023=DIRECTION('',(-1.55930200087803E-16,1.,0.));
#5024=DIRECTION('',(-1.,-1.55930200087803E-16,0.));
#5025=DIRECTION('',(-1.55930200087803E-16,1.,0.));
#5026=DIRECTION('',(-1.55930200087803E-16,1.,0.));
#5027=DIRECTION('',(-1.,-1.55930200087803E-16,0.));
#5028=DIRECTION('',(-1.55930200087803E-16,1.,0.));
#5029=DIRECTION('',(-1.55930200087803E-16,1.,0.));
#5030=DIRECTION('',(-1.,-1.55930200087803E-16,0.));
#5031=DIRECTION('',(-1.55930200087803E-16,1.,0.));
#5032=DIRECTION('',(-1.55930200087803E-16,1.,0.));
#5033=DIRECTION('',(-1.,-1.55930200087803E-16,0.));
#5034=DIRECTION('',(-1.55930200087803E-16,1.,0.));
#5035=DIRECTION('',(-1.55930200087803E-16,1.,0.));
#5036=DIRECTION('',(-1.,-1.55930200087803E-16,0.));
#5037=DIRECTION('',(-1.55930200087803E-16,1.,0.));
#5038=DIRECTION('',(-1.55930200087803E-16,1.,0.));
#5039=DIRECTION('',(-1.,-1.55930200087803E-16,0.));
#5040=DIRECTION('',(-1.55930200087803E-16,1.,0.));
#5041=DIRECTION('',(-1.,-1.55930200087803E-16,0.));
#5042=DIRECTION('',(1.55930200087803E-16,-1.,0.));
#5043=DIRECTION('',(-1.,-1.55930200087803E-16,0.));
#5044=DIRECTION('',(0.0267836162660364,4.17637464343799E-18,-0.999641254600726));
#5045=DIRECTION('',(0.628283841594101,9.79684251317017E-17,0.777984199320114));
#5046=DIRECTION('',(1.55930200087803E-16,-1.,0.));
#5047=DIRECTION('',(-1.,-1.55930200087803E-16,0.));
#5048=DIRECTION('',(1.55930200087803E-16,-1.,0.));
#5049=DIRECTION('',(-1.,-1.55930200087803E-16,0.));
#5050=DIRECTION('',(1.55930200087803E-16,-1.,0.));
#5051=DIRECTION('',(-1.,-1.55930200087803E-16,0.));
#5052=DIRECTION('',(1.55930200087803E-16,-1.,0.));
#5053=DIRECTION('',(-1.,-1.55930200087803E-16,0.));
#5054=DIRECTION('',(1.55930200087803E-16,-1.,0.));
#5055=DIRECTION('',(-1.,-1.55930200087803E-16,0.));
#5056=DIRECTION('',(1.55930200087803E-16,-1.,0.));
#5057=DIRECTION('',(-1.,-1.55930200087803E-16,0.));
#5058=DIRECTION('',(-1.55930200087803E-16,1.,0.));
#5059=DIRECTION('',(-1.,-1.55930200087803E-16,0.));
#5060=DIRECTION('',(-1.55930200087803E-16,1.,0.));
#5061=DIRECTION('',(-1.,-1.55930200087803E-16,0.));
#5062=DIRECTION('',(-1.55930200087803E-16,1.,0.));
#5063=DIRECTION('',(-1.,-1.55930200087803E-16,0.));
#5064=DIRECTION('',(-1.55930200087803E-16,1.,0.));
#5065=DIRECTION('',(-1.,-1.55930200087803E-16,0.));
#5066=DIRECTION('',(-1.55930200087803E-16,1.,0.));
#5067=DIRECTION('',(-1.,-1.55930200087803E-16,0.));
#5068=DIRECTION('',(-1.55930200087803E-16,1.,0.));
#5069=DIRECTION('',(-1.,-1.55930200087803E-16,0.));
#5070=DIRECTION('',(-1.55930200087803E-16,1.,0.));
#5071=DIRECTION('',(-1.,-1.55930200087803E-16,0.));
#5072=DIRECTION('',(-1.55930200087803E-16,1.,0.));
#5073=DIRECTION('',(-1.,-1.55930200087803E-16,0.));
#5074=DIRECTION('',(-1.,-1.55930200087803E-16,0.));
#5075=DIRECTION('',(-0.621911487137785,-9.69747826262979E-17,0.783087544381896));
#5076=DIRECTION('',(1.55930200087803E-16,-1.,0.));
#5077=DIRECTION('',(-1.,-1.55930200087803E-16,0.));
#5078=DIRECTION('',(1.55930200087803E-16,-1.,0.));
#5079=DIRECTION('',(-1.,-1.55930200087803E-16,0.));
#5080=DIRECTION('',(1.55930200087803E-16,-1.,0.));
#5081=DIRECTION('',(-1.,-1.55930200087803E-16,0.));
#5082=DIRECTION('',(1.55930200087803E-16,-1.,0.));
#5083=DIRECTION('',(-1.,-1.55930200087803E-16,0.));
#5084=DIRECTION('',(1.55930200087803E-16,-1.,0.));
#5085=DIRECTION('',(-1.,-1.55930200087803E-16,0.));
#5086=DIRECTION('',(1.55930200087803E-16,-1.,0.));
#5087=DIRECTION('',(-1.,-1.55930200087803E-16,0.));
#5088=DIRECTION('',(1.55930200087803E-16,-1.,0.));
#5089=DIRECTION('',(-1.,-1.55930200087803E-16,0.));
#5090=DIRECTION('',(1.55930200087803E-16,-1.,0.));
#5091=DIRECTION('',(-1.,-1.55930200087803E-16,0.));
#5092=DIRECTION('',(-1.55930200087803E-16,1.,0.));
#5093=DIRECTION('',(-1.,-1.55930200087803E-16,0.));
#5094=DIRECTION('',(-1.55930200087803E-16,1.,0.));
#5095=DIRECTION('',(-1.,-1.55930200087803E-16,0.));
#5096=DIRECTION('',(-1.55930200087803E-16,1.,0.));
#5097=DIRECTION('',(-1.,-1.55930200087803E-16,0.));
#5098=DIRECTION('',(-1.55930200087803E-16,1.,0.));
#5099=DIRECTION('',(-1.,-1.55930200087803E-16,0.));
#5100=DIRECTION('',(1.55930200087803E-16,-1.,0.));
#5101=DIRECTION('',(-1.,-1.55930200087803E-16,0.));
#5102=DIRECTION('',(1.55930200087803E-16,-1.,0.));
#5103=DIRECTION('',(-1.,-1.55930200087803E-16,0.));
#5104=DIRECTION('',(1.55930200087803E-16,-1.,0.));
#5105=DIRECTION('',(-1.,-1.55930200087803E-16,0.));
#5106=DIRECTION('',(1.55930200087803E-16,-1.,0.));
#5107=DIRECTION('',(-1.,-1.55930200087803E-16,0.));
#5108=DIRECTION('',(-0.616323002836932,-9.61033691510784E-17,-0.787493464210381));
#5109=DIRECTION('',(-1.,-1.55930200087803E-16,0.));
#5110=DIRECTION('',(0.,0.,1.));
#5111=DIRECTION('',(-1.55930200087803E-16,1.,0.));
#5112=DIRECTION('',(-1.,-1.55930200087803E-16,0.));
#5113=DIRECTION('',(-1.55930200087803E-16,1.,0.));
#5114=DIRECTION('',(-1.,-1.55930200087803E-16,0.));
#5115=DIRECTION('',(1.55930200087803E-16,-1.,0.));
#5116=DIRECTION('',(-1.55930200087803E-16,1.,0.));
#5117=DIRECTION('',(-1.55930200087803E-16,1.,0.));
#5118=DIRECTION('',(-1.,-1.55930200087803E-16,0.));
#5119=DIRECTION('',(-1.55930200087803E-16,1.,0.));
#5120=DIRECTION('',(-1.55930200087803E-16,1.,0.));
#5121=DIRECTION('',(-1.,-1.55930200087803E-16,0.));
#5122=DIRECTION('',(-1.55930200087803E-16,1.,0.));
#5123=DIRECTION('',(-1.55930200087803E-16,1.,0.));
#5124=DIRECTION('',(-1.,-1.55930200087803E-16,0.));
#5125=DIRECTION('',(-1.55930200087803E-16,1.,0.));
#5126=DIRECTION('',(-1.55930200087803E-16,1.,0.));
#5127=DIRECTION('',(-1.,-1.55930200087803E-16,0.));
#5128=DIRECTION('',(-1.55930200087803E-16,1.,0.));
#5129=DIRECTION('',(-1.55930200087803E-16,1.,0.));
#5130=DIRECTION('',(-1.,-1.55930200087803E-16,0.));
#5131=DIRECTION('',(-1.55930200087803E-16,1.,0.));
#5132=DIRECTION('',(-1.55930200087803E-16,1.,0.));
#5133=DIRECTION('',(-1.,-1.55930200087803E-16,0.));
#5134=DIRECTION('',(-1.55930200087803E-16,1.,0.));
#5135=DIRECTION('',(-1.55930200087803E-16,1.,0.));
#5136=DIRECTION('',(-1.,-1.55930200087803E-16,0.));
#5137=DIRECTION('',(-1.55930200087803E-16,1.,0.));
#5138=DIRECTION('',(-1.55930200087803E-16,1.,0.));
#5139=DIRECTION('',(-1.,-1.55930200087803E-16,0.));
#5140=DIRECTION('',(-1.55930200087803E-16,1.,0.));
#5141=DIRECTION('',(-1.55930200087803E-16,1.,0.));
#5142=DIRECTION('',(-1.,-1.55930200087803E-16,0.));
#5143=DIRECTION('',(-1.55930200087803E-16,1.,0.));
#5144=DIRECTION('',(-1.55930200087803E-16,1.,0.));
#5145=DIRECTION('',(-1.,-1.55930200087803E-16,0.));
#5146=DIRECTION('',(-1.55930200087803E-16,1.,0.));
#5147=DIRECTION('',(-1.55930200087803E-16,1.,0.));
#5148=DIRECTION('',(-1.,-1.55930200087803E-16,0.));
#5149=DIRECTION('',(-1.55930200087803E-16,1.,0.));
#5150=DIRECTION('',(-1.55930200087803E-16,1.,0.));
#5151=DIRECTION('',(-1.,-1.55930200087803E-16,0.));
#5152=DIRECTION('',(-1.55930200087803E-16,1.,0.));
#5153=DIRECTION('',(-1.55930200087803E-16,1.,0.));
#5154=DIRECTION('',(-1.,-1.55930200087803E-16,0.));
#5155=DIRECTION('',(-1.55930200087803E-16,1.,0.));
#5156=DIRECTION('',(0.,0.,-1.));
#5157=DIRECTION('',(-1.,0.,0.));
#5158=DIRECTION('',(-1.55930200087803E-16,1.,0.));
#5159=DIRECTION('',(-0.783087544381896,-1.22106997481735E-16,-0.621911487137785));
#5160=DIRECTION('',(-0.621911487137785,0.,0.783087544381896));
#5161=DIRECTION('',(-1.55930200087803E-16,1.,0.));
#5162=DIRECTION('',(-1.55930200087803E-16,1.,0.));
#5163=DIRECTION('',(-1.,-1.55930200087803E-16,0.));
#5164=DIRECTION('',(-1.55930200087803E-16,1.,0.));
#5165=DIRECTION('',(-1.55930200087803E-16,1.,0.));
#5166=DIRECTION('',(-1.,-1.55930200087803E-16,0.));
#5167=DIRECTION('',(-1.55930200087803E-16,1.,0.));
#5168=DIRECTION('',(-1.55930200087803E-16,1.,0.));
#5169=DIRECTION('',(-1.,-1.55930200087803E-16,0.));
#5170=DIRECTION('',(-1.55930200087803E-16,1.,0.));
#5171=DIRECTION('',(-1.55930200087803E-16,1.,0.));
#5172=DIRECTION('',(-1.,-1.55930200087803E-16,0.));
#5173=DIRECTION('',(-1.55930200087803E-16,1.,0.));
#5174=DIRECTION('',(-1.55930200087803E-16,1.,0.));
#5175=DIRECTION('',(-1.,-1.55930200087803E-16,0.));
#5176=DIRECTION('',(-1.55930200087803E-16,1.,0.));
#5177=DIRECTION('',(-1.55930200087803E-16,1.,0.));
#5178=DIRECTION('',(-1.,-1.55930200087803E-16,0.));
#5179=DIRECTION('',(-1.55930200087803E-16,1.,0.));
#5180=DIRECTION('',(-1.55930200087803E-16,1.,0.));
#5181=DIRECTION('',(-1.,-1.55930200087803E-16,0.));
#5182=DIRECTION('',(-1.55930200087803E-16,1.,0.));
#5183=DIRECTION('',(-1.55930200087803E-16,1.,0.));
#5184=DIRECTION('',(-1.,-1.55930200087803E-16,0.));
#5185=DIRECTION('',(-1.55930200087803E-16,1.,0.));
#5186=DIRECTION('',(-1.55930200087803E-16,1.,0.));
#5187=DIRECTION('',(-1.,-1.55930200087803E-16,0.));
#5188=DIRECTION('',(-1.55930200087803E-16,1.,0.));
#5189=DIRECTION('',(-1.55930200087803E-16,1.,0.));
#5190=DIRECTION('',(-1.,-1.55930200087803E-16,0.));
#5191=DIRECTION('',(-1.55930200087803E-16,1.,0.));
#5192=DIRECTION('',(-1.55930200087803E-16,1.,0.));
#5193=DIRECTION('',(-1.,-1.55930200087803E-16,0.));
#5194=DIRECTION('',(-1.55930200087803E-16,1.,0.));
#5195=DIRECTION('',(-1.55930200087803E-16,1.,0.));
#5196=DIRECTION('',(-1.,-1.55930200087803E-16,0.));
#5197=DIRECTION('',(-1.55930200087803E-16,1.,0.));
#5198=DIRECTION('',(-1.55930200087803E-16,1.,0.));
#5199=DIRECTION('',(-1.,-1.55930200087803E-16,0.));
#5200=DIRECTION('',(-1.55930200087803E-16,1.,0.));
#5201=DIRECTION('',(-1.55930200087803E-16,1.,0.));
#5202=DIRECTION('',(-1.,-1.55930200087803E-16,0.));
#5203=DIRECTION('',(-1.55930200087803E-16,1.,0.));
#5204=DIRECTION('',(-1.55930200087803E-16,1.,0.));
#5205=DIRECTION('',(-1.,-1.55930200087803E-16,0.));
#5206=DIRECTION('',(-1.55930200087803E-16,1.,0.));
#5207=DIRECTION('',(-1.55930200087803E-16,1.,0.));
#5208=DIRECTION('',(-1.,-1.55930200087803E-16,0.));
#5209=DIRECTION('',(-1.55930200087803E-16,1.,0.));
#5210=DIRECTION('',(0.787493464210381,1.22794013442162E-16,-0.616323002836932));
#5211=DIRECTION('',(-0.616323002836932,0.,-0.787493464210381));
#5212=DIRECTION('',(-1.55930200087803E-16,1.,0.));
#5213=DIRECTION('',(0.,0.,-1.));
#5214=DIRECTION('',(-1.,0.,0.));
#5215=DIRECTION('',(-1.55930200087803E-16,1.,0.));
#5216=DIRECTION('',(-1.,-1.55930200087803E-16,0.));
#5217=DIRECTION('',(-1.55930200087803E-16,1.,0.));
#5218=DIRECTION('',(0.999641254600726,1.55874260845913E-16,0.0267836162660364));
#5219=DIRECTION('',(0.0267836162660364,0.,-0.999641254600726));
#5220=DIRECTION('',(-1.55930200087803E-16,1.,0.));
#5221=DIRECTION('',(-0.777984199320114,-1.21311231865134E-16,0.628283841594101));
#5222=DIRECTION('',(0.628283841594101,0.,0.777984199320114));
#5223=DIRECTION('',(-1.55930200087803E-16,1.,0.));
#5224=DIRECTION('',(-1.,-1.55930200087803E-16,0.));
#5225=DIRECTION('',(0.,0.,-1.));
#5226=DIRECTION('',(-1.,-1.55930200087803E-16,0.));
#5227=DIRECTION('',(-0.616038686245529,-9.60590356080925E-17,0.787715898689929));
#5228=DIRECTION('',(1.55930200087803E-16,-1.,0.));
#5229=DIRECTION('',(-1.,-1.55930200087803E-16,0.));
#5230=DIRECTION('',(1.55930200087803E-16,-1.,0.));
#5231=DIRECTION('',(-1.,-1.55930200087803E-16,0.));
#5232=DIRECTION('',(1.55930200087803E-16,-1.,0.));
#5233=DIRECTION('',(-1.,-1.55930200087803E-16,0.));
#5234=DIRECTION('',(1.55930200087803E-16,-1.,0.));
#5235=DIRECTION('',(-1.,-1.55930200087803E-16,0.));
#5236=DIRECTION('',(-1.55930200087803E-16,1.,0.));
#5237=DIRECTION('',(-1.,-1.55930200087803E-16,0.));
#5238=DIRECTION('',(-1.55930200087803E-16,1.,0.));
#5239=DIRECTION('',(-1.,-1.55930200087803E-16,0.));
#5240=DIRECTION('',(-1.55930200087803E-16,1.,0.));
#5241=DIRECTION('',(-1.,-1.55930200087803E-16,0.));
#5242=DIRECTION('',(-1.55930200087803E-16,1.,0.));
#5243=DIRECTION('',(-1.,-1.55930200087803E-16,0.));
#5244=DIRECTION('',(1.,1.55930200087803E-16,0.));
#5245=DIRECTION('',(0.00675452978246739,1.05323518047916E-18,0.999977187903513));
#5246=DIRECTION('',(1.,1.55930200087803E-16,0.));
#5247=DIRECTION('',(-1.55930200087803E-16,1.,0.));
#5248=DIRECTION('',(-1.55930200087803E-16,1.,0.));
#5249=DIRECTION('',(-0.999977187903513,-1.55926642993033E-16,0.00675452978246739));
#5250=DIRECTION('',(0.00675452978246739,0.,0.999977187903513));
#5251=DIRECTION('',(-1.55930200087803E-16,1.,0.));
#5252=DIRECTION('',(0.,0.,-1.));
#5253=DIRECTION('',(-1.,0.,0.));
#5254=DIRECTION('',(-1.55930200087803E-16,1.,0.));
#5255=DIRECTION('',(-0.787715898689929,-1.22828697695064E-16,-0.616038686245529));
#5256=DIRECTION('',(-0.616038686245529,0.,0.787715898689929));
#5257=DIRECTION('',(-1.55930200087803E-16,1.,0.));
#5258=DIRECTION('',(-1.55930200087803E-16,1.,0.));
#5259=DIRECTION('',(-1.,-1.55930200087803E-16,0.));
#5260=DIRECTION('',(-1.55930200087803E-16,1.,0.));
#5261=DIRECTION('',(-1.55930200087803E-16,1.,0.));
#5262=DIRECTION('',(-1.,-1.55930200087803E-16,0.));
#5263=DIRECTION('',(-1.55930200087803E-16,1.,0.));
#5264=DIRECTION('',(-1.55930200087803E-16,1.,0.));
#5265=DIRECTION('',(-1.,-1.55930200087803E-16,0.));
#5266=DIRECTION('',(-1.55930200087803E-16,1.,0.));
#5267=DIRECTION('',(-1.55930200087803E-16,1.,0.));
#5268=DIRECTION('',(-1.,-1.55930200087803E-16,0.));
#5269=DIRECTION('',(-1.55930200087803E-16,1.,0.));
#5270=DIRECTION('',(-1.55930200087803E-16,1.,0.));
#5271=DIRECTION('',(-1.,-1.55930200087803E-16,0.));
#5272=DIRECTION('',(-1.55930200087803E-16,1.,0.));
#5273=DIRECTION('',(-1.55930200087803E-16,1.,0.));
#5274=DIRECTION('',(-1.,-1.55930200087803E-16,0.));
#5275=DIRECTION('',(-1.55930200087803E-16,1.,0.));
#5276=DIRECTION('',(-1.55930200087803E-16,1.,0.));
#5277=DIRECTION('',(-1.,-1.55930200087803E-16,0.));
#5278=DIRECTION('',(-1.55930200087803E-16,1.,0.));
#5279=DIRECTION('',(-1.55930200087803E-16,1.,0.));
#5280=DIRECTION('',(-1.,-1.55930200087803E-16,0.));
#5281=DIRECTION('',(-1.55930200087803E-16,1.,0.));
#5282=DIRECTION('',(0.,0.,1.));
#5283=DIRECTION('',(1.,0.,0.));
#5284=DIRECTION('',(0.0265213421978379,4.13547819550594E-18,-0.999648247339045));
#5285=DIRECTION('',(-0.999648247339045,0.,-0.0265213421978379));
#5286=DIRECTION('',(-1.55930200087803E-16,1.,0.));
#5287=DIRECTION('',(-0.999648247339045,-1.55875351224999E-16,-0.0265213421978379));
#5288=DIRECTION('',(-1.55930200087803E-16,1.,0.));
#5289=DIRECTION('',(0.780444858279689,1.21694922909049E-16,-0.625224618185174));
#5290=DIRECTION('',(-0.625224618185174,0.,-0.780444858279689));
#5291=DIRECTION('',(-0.625224618185174,-9.74913998134344E-17,-0.780444858279689));
#5292=DIRECTION('',(-1.55930200087803E-16,1.,0.));
#5293=DIRECTION('',(-1.55930200087803E-16,1.,0.));
#5294=DIRECTION('',(-1.,-1.55930200087803E-16,0.));
#5295=DIRECTION('',(-1.55930200087803E-16,1.,0.));
#5296=DIRECTION('',(-1.,-1.55930200087803E-16,0.));
#5297=DIRECTION('',(-1.55930200087803E-16,1.,0.));
#5298=DIRECTION('',(-1.,-1.55930200087803E-16,0.));
#5299=DIRECTION('',(-1.55930200087803E-16,1.,0.));
#5300=DIRECTION('',(-1.,-1.55930200087803E-16,0.));
#5301=DIRECTION('',(-1.55930200087803E-16,1.,0.));
#5302=DIRECTION('',(-1.,-1.55930200087803E-16,0.));
#5303=DIRECTION('',(-1.55930200087803E-16,1.,0.));
#5304=DIRECTION('',(-1.,-1.55930200087803E-16,0.));
#5305=DIRECTION('',(-1.55930200087803E-16,1.,0.));
#5306=DIRECTION('',(-1.,-1.55930200087803E-16,0.));
#5307=DIRECTION('',(-1.55930200087803E-16,1.,0.));
#5308=DIRECTION('',(-1.,-1.55930200087803E-16,0.));
#5309=DIRECTION('',(-1.55930200087803E-16,1.,0.));
#5310=DIRECTION('',(-1.,-1.55930200087803E-16,0.));
#5311=DIRECTION('',(-1.55930200087803E-16,1.,0.));
#5312=DIRECTION('',(-1.,-1.55930200087803E-16,0.));
#5313=DIRECTION('',(-1.55930200087803E-16,1.,0.));
#5314=DIRECTION('',(-1.,-1.55930200087803E-16,0.));
#5315=DIRECTION('',(-1.55930200087803E-16,1.,0.));
#5316=DIRECTION('',(-1.,-1.55930200087803E-16,0.));
#5317=DIRECTION('',(1.55930200087803E-16,-1.,0.));
#5318=DIRECTION('',(-1.,-1.55930200087803E-16,0.));
#5319=DIRECTION('',(1.55930200087803E-16,-1.,0.));
#5320=DIRECTION('',(-1.,-1.55930200087803E-16,0.));
#5321=DIRECTION('',(1.55930200087803E-16,-1.,0.));
#5322=DIRECTION('',(-1.,-1.55930200087803E-16,0.));
#5323=DIRECTION('',(1.55930200087803E-16,-1.,0.));
#5324=DIRECTION('',(-1.,-1.55930200087803E-16,0.));
#5325=DIRECTION('',(0.584062528765531,9.10729869741974E-17,0.811708668483966));
#5326=DIRECTION('',(-0.811708668483966,-1.26569895089709E-16,0.584062528765531));
#5327=DIRECTION('',(0.584062528765531,0.,0.811708668483966));
#5328=DIRECTION('',(-1.55930200087803E-16,1.,0.));
#5329=DIRECTION('',(-1.55930200087803E-16,1.,0.));
#5330=DIRECTION('',(-1.,-1.55930200087803E-16,0.));
#5331=DIRECTION('',(-1.55930200087803E-16,1.,0.));
#5332=DIRECTION('',(-1.55930200087803E-16,1.,0.));
#5333=DIRECTION('',(-1.,-1.55930200087803E-16,0.));
#5334=DIRECTION('',(-1.55930200087803E-16,1.,0.));
#5335=DIRECTION('',(-1.55930200087803E-16,1.,0.));
#5336=DIRECTION('',(-1.,-1.55930200087803E-16,0.));
#5337=DIRECTION('',(-1.55930200087803E-16,1.,0.));
#5338=DIRECTION('',(-1.55930200087803E-16,1.,0.));
#5339=DIRECTION('',(-1.,-1.55930200087803E-16,0.));
#5340=DIRECTION('',(-1.55930200087803E-16,1.,0.));
#5341=DIRECTION('',(-1.55930200087803E-16,1.,0.));
#5342=DIRECTION('',(-1.,-1.55930200087803E-16,0.));
#5343=DIRECTION('',(-1.55930200087803E-16,1.,0.));
#5344=DIRECTION('',(-1.55930200087803E-16,1.,0.));
#5345=DIRECTION('',(-1.,-1.55930200087803E-16,0.));
#5346=DIRECTION('',(-1.55930200087803E-16,1.,0.));
#5347=DIRECTION('',(-1.55930200087803E-16,1.,0.));
#5348=DIRECTION('',(-1.,-1.55930200087803E-16,0.));
#5349=DIRECTION('',(-1.55930200087803E-16,1.,0.));
#5350=DIRECTION('',(-1.55930200087803E-16,1.,0.));
#5351=DIRECTION('',(-1.,-1.55930200087803E-16,0.));
#5352=DIRECTION('',(-1.55930200087803E-16,1.,0.));
#5353=DIRECTION('',(-1.55930200087803E-16,1.,0.));
#5354=DIRECTION('',(-1.,-1.55930200087803E-16,0.));
#5355=DIRECTION('',(-1.55930200087803E-16,1.,0.));
#5356=DIRECTION('',(-1.55930200087803E-16,1.,0.));
#5357=DIRECTION('',(-1.,-1.55930200087803E-16,0.));
#5358=DIRECTION('',(-1.55930200087803E-16,1.,0.));
#5359=DIRECTION('',(-1.55930200087803E-16,1.,0.));
#5360=DIRECTION('',(-1.,-1.55930200087803E-16,0.));
#5361=DIRECTION('',(-1.55930200087803E-16,1.,0.));
#5362=DIRECTION('',(-1.55930200087803E-16,1.,0.));
#5363=DIRECTION('',(-1.,-1.55930200087803E-16,0.));
#5364=DIRECTION('',(-1.55930200087803E-16,1.,0.));
#5365=DIRECTION('',(-1.55930200087803E-16,1.,0.));
#5366=DIRECTION('',(-1.,-1.55930200087803E-16,0.));
#5367=DIRECTION('',(-1.55930200087803E-16,1.,0.));
#5368=DIRECTION('',(-1.,-1.55930200087803E-16,0.));
#5369=DIRECTION('',(-1.55930200087803E-16,1.,0.));
#5370=DIRECTION('',(-1.55930200087803E-16,1.,0.));
#5371=DIRECTION('',(-1.,-1.55930200087803E-16,0.));
#5372=DIRECTION('',(-1.55930200087803E-16,1.,0.));
#5373=DIRECTION('',(-1.,-1.55930200087803E-16,0.));
#5374=DIRECTION('',(0.,0.,-1.));
#5375=DIRECTION('',(-1.,-1.55930200087803E-16,0.));
#5376=DIRECTION('',(0.,0.,1.));
#5377=DIRECTION('',(1.55930200087803E-16,-1.,0.));
#5378=DIRECTION('',(-1.,-1.55930200087803E-16,0.));
#5379=DIRECTION('',(1.,1.55930200087803E-16,0.));
#5380=DIRECTION('',(-1.55930200087803E-16,1.,0.));
#5381=DIRECTION('',(-1.55930200087803E-16,1.,0.));
#5382=DIRECTION('',(-1.55930200087803E-16,1.,0.));
#5383=DIRECTION('',(-1.,-1.55930200087803E-16,0.));
#5384=DIRECTION('',(-1.55930200087803E-16,1.,0.));
#5385=DIRECTION('',(0.,0.,-1.));
#5386=DIRECTION('',(-1.,0.,0.));
#5387=DIRECTION('',(-1.55930200087803E-16,1.,0.));
#5388=DIRECTION('',(-1.,-1.55930200087803E-16,0.));
#5389=DIRECTION('',(1.55930200087803E-16,-1.,0.));
#5390=DIRECTION('',(0.997942780849863,1.55609417494097E-16,0.0641108894778629));
#5391=DIRECTION('',(0.0641108894778629,0.,-0.997942780849863));
#5392=DIRECTION('',(-1.55930200087803E-16,1.,0.));
#5393=DIRECTION('',(0.0641108894778629,9.99682382409018E-18,-0.997942780849863));
#5394=DIRECTION('',(-1.55930200087803E-16,1.,0.));
#5395=DIRECTION('',(-0.02479226601146,-3.86586299979699E-18,-0.99969262453317));
#5396=DIRECTION('',(-0.99969262453317,0.,0.02479226601146));
#5397=DIRECTION('',(-1.55930200087803E-16,1.,0.));
#5398=DIRECTION('',(-0.99969262453317,-1.55882270969758E-16,0.02479226601146));
#5399=DIRECTION('',(-1.55930200087803E-16,1.,0.));
#5400=DIRECTION('',(0.788471337987904,1.22946493495952E-16,-0.615071499235304));
#5401=DIRECTION('',(-0.615071499235304,0.,-0.788471337987904));
#5402=DIRECTION('',(-0.615071499235304,-9.59082219440658E-17,-0.788471337987904));
#5403=DIRECTION('',(-1.55930200087803E-16,1.,0.));
#5404=DIRECTION('',(-1.55930200087803E-16,1.,0.));
#5405=DIRECTION('',(-1.,-1.55930200087803E-16,0.));
#5406=DIRECTION('',(1.55930200087803E-16,-1.,0.));
#5407=DIRECTION('',(-1.,-1.55930200087803E-16,0.));
#5408=DIRECTION('',(0.621355467964075,9.68880824452886E-17,0.783528801277366));
#5409=DIRECTION('',(-1.55930200087803E-16,1.,0.));
#5410=DIRECTION('',(-1.,-1.55930200087803E-16,0.));
#5411=DIRECTION('',(-1.55930200087803E-16,1.,0.));
#5412=DIRECTION('',(-1.,-1.55930200087803E-16,0.));
#5413=DIRECTION('',(-1.55930200087803E-16,1.,0.));
#5414=DIRECTION('',(-1.,-1.55930200087803E-16,0.));
#5415=DIRECTION('',(1.55930200087803E-16,-1.,0.));
#5416=DIRECTION('',(-1.,-1.55930200087803E-16,0.));
#5417=DIRECTION('',(1.55930200087803E-16,-1.,0.));
#5418=DIRECTION('',(-1.,-1.55930200087803E-16,0.));
#5419=DIRECTION('',(1.55930200087803E-16,-1.,0.));
#5420=DIRECTION('',(-1.,-1.55930200087803E-16,0.));
#5421=DIRECTION('',(1.55930200087803E-16,-1.,0.));
#5422=DIRECTION('',(-1.,-1.55930200087803E-16,0.));
#5423=DIRECTION('',(0.,0.,1.));
#5424=DIRECTION('',(-0.783528801277366,-1.22175802757736E-16,0.621355467964075));
#5425=DIRECTION('',(0.621355467964075,0.,0.783528801277366));
#5426=DIRECTION('',(-1.55930200087803E-16,1.,0.));
#5427=DIRECTION('',(-1.,-1.55930200087803E-16,0.));
#5428=DIRECTION('',(-1.,-1.55930200087803E-16,0.));
#5429=DIRECTION('',(1.55930200087803E-16,-1.,0.));
#5430=DIRECTION('',(-1.55930200087803E-16,1.,0.));
#5431=DIRECTION('',(-1.,-1.55930200087803E-16,0.));
#5432=DIRECTION('',(-1.55930200087803E-16,1.,0.));
#5433=DIRECTION('',(-1.55930200087803E-16,1.,0.));
#5434=DIRECTION('',(-1.,-1.55930200087803E-16,0.));
#5435=DIRECTION('',(-1.55930200087803E-16,1.,0.));
#5436=DIRECTION('',(-1.55930200087803E-16,1.,0.));
#5437=DIRECTION('',(-1.,-1.55930200087803E-16,0.));
#5438=DIRECTION('',(-1.55930200087803E-16,1.,0.));
#5439=DIRECTION('',(-1.55930200087803E-16,1.,0.));
#5440=DIRECTION('',(-1.,-1.55930200087803E-16,0.));
#5441=DIRECTION('',(-1.55930200087803E-16,1.,0.));
#5442=DIRECTION('',(-1.55930200087803E-16,1.,0.));
#5443=DIRECTION('',(-1.,-1.55930200087803E-16,0.));
#5444=DIRECTION('',(-1.55930200087803E-16,1.,0.));
#5445=DIRECTION('',(-1.55930200087803E-16,1.,0.));
#5446=DIRECTION('',(-1.,-1.55930200087803E-16,0.));
#5447=DIRECTION('',(-1.55930200087803E-16,1.,0.));
#5448=DIRECTION('',(-1.55930200087803E-16,1.,0.));
#5449=DIRECTION('',(-1.,-1.55930200087803E-16,0.));
#5450=DIRECTION('',(-1.55930200087803E-16,1.,0.));
#5451=DIRECTION('',(-1.,-1.55930200087803E-16,0.));
#5452=DIRECTION('',(-1.55930200087803E-16,1.,0.));
#5453=DIRECTION('',(-1.,-1.55930200087803E-16,0.));
#5454=DIRECTION('',(-1.55930200087803E-16,1.,0.));
#5455=DIRECTION('',(-1.,-1.55930200087803E-16,0.));
#5456=DIRECTION('',(1.55930200087803E-16,-1.,0.));
#5457=DIRECTION('',(-1.,-1.55930200087803E-16,0.));
#5458=DIRECTION('',(1.55930200087803E-16,-1.,0.));
#5459=DIRECTION('',(-1.,-1.55930200087803E-16,0.));
#5460=DIRECTION('',(1.55930200087803E-16,-1.,0.));
#5461=DIRECTION('',(-1.,-1.55930200087803E-16,0.));
#5462=DIRECTION('',(1.55930200087803E-16,-1.,0.));
#5463=DIRECTION('',(-1.,-1.55930200087803E-16,0.));
#5464=DIRECTION('',(1.55930200087803E-16,-1.,0.));
#5465=DIRECTION('',(-1.,-1.55930200087803E-16,0.));
#5466=DIRECTION('',(1.55930200087803E-16,-1.,0.));
#5467=DIRECTION('',(-1.,-1.55930200087803E-16,0.));
#5468=DIRECTION('',(1.55930200087803E-16,-1.,0.));
#5469=DIRECTION('',(-1.,-1.55930200087803E-16,0.));
#5470=DIRECTION('',(1.55930200087803E-16,-1.,0.));
#5471=DIRECTION('',(-1.,-1.55930200087803E-16,0.));
#5472=DIRECTION('',(0.,0.,-1.));
#5473=DIRECTION('',(-1.,-1.55930200087803E-16,0.));
#5474=DIRECTION('',(-0.62428057621468,-9.73441951600839E-17,0.781200206196253));
#5475=DIRECTION('',(-0.632306647080345,-9.8595701996086E-17,-0.774718209452968));
#5476=DIRECTION('',(1.55930200087803E-16,-1.,0.));
#5477=DIRECTION('',(-1.,-1.55930200087803E-16,0.));
#5478=DIRECTION('',(1.55930200087803E-16,-1.,0.));
#5479=DIRECTION('',(-1.,-1.55930200087803E-16,0.));
#5480=DIRECTION('',(1.55930200087803E-16,-1.,0.));
#5481=DIRECTION('',(-1.,-1.55930200087803E-16,0.));
#5482=DIRECTION('',(1.55930200087803E-16,-1.,0.));
#5483=DIRECTION('',(-1.,-1.55930200087803E-16,0.));
#5484=DIRECTION('',(-0.619024373199859,-9.65245943722807E-17,-0.785371775266034));
#5485=DIRECTION('',(-0.999999996194419,-1.55930199494398E-16,-8.72419755111807E-5));
#5486=DIRECTION('',(-1.55930200087803E-16,1.,0.));
#5487=DIRECTION('',(-1.,-1.55930200087803E-16,0.));
#5488=DIRECTION('',(-1.55930200087803E-16,1.,0.));
#5489=DIRECTION('',(-1.,-1.55930200087803E-16,0.));
#5490=DIRECTION('',(-1.55930200087803E-16,1.,0.));
#5491=DIRECTION('',(-1.,-1.55930200087803E-16,0.));
#5492=DIRECTION('',(-1.55930200087803E-16,1.,0.));
#5493=DIRECTION('',(-1.,-1.55930200087803E-16,0.));
#5494=DIRECTION('',(-1.55930200087803E-16,1.,0.));
#5495=DIRECTION('',(-1.,-1.55930200087803E-16,0.));
#5496=DIRECTION('',(-1.55930200087803E-16,1.,0.));
#5497=DIRECTION('',(-1.,-1.55930200087803E-16,0.));
#5498=DIRECTION('',(-1.55930200087803E-16,1.,0.));
#5499=DIRECTION('',(-1.,-1.55930200087803E-16,0.));
#5500=DIRECTION('',(-1.55930200087803E-16,1.,0.));
#5501=DIRECTION('',(-1.,-1.55930200087803E-16,0.));
#5502=DIRECTION('',(1.55930200087803E-16,-1.,0.));
#5503=DIRECTION('',(-1.,-1.55930200087803E-16,0.));
#5504=DIRECTION('',(1.55930200087803E-16,-1.,0.));
#5505=DIRECTION('',(-1.,-1.55930200087803E-16,0.));
#5506=DIRECTION('',(1.55930200087803E-16,-1.,0.));
#5507=DIRECTION('',(-1.,-1.55930200087803E-16,0.));
#5508=DIRECTION('',(-1.55930200087803E-16,1.,0.));
#5509=DIRECTION('',(-1.,-1.55930200087803E-16,0.));
#5510=DIRECTION('',(-1.55930200087803E-16,1.,0.));
#5511=DIRECTION('',(-1.55930200087803E-16,1.,0.));
#5512=DIRECTION('',(-1.,-1.55930200087803E-16,0.));
#5513=DIRECTION('',(-1.55930200087803E-16,1.,0.));
#5514=DIRECTION('',(-1.55930200087803E-16,1.,0.));
#5515=DIRECTION('',(-1.,-1.55930200087803E-16,0.));
#5516=DIRECTION('',(-1.55930200087803E-16,1.,0.));
#5517=DIRECTION('',(1.,1.55930200087803E-16,0.));
#5518=DIRECTION('',(-1.55930200087803E-16,1.,0.));
#5519=DIRECTION('',(-1.55930200087803E-16,1.,0.));
#5520=DIRECTION('',(-1.55930200087803E-16,1.,0.));
#5521=DIRECTION('',(-1.,-1.55930200087803E-16,0.));
#5522=DIRECTION('',(-1.55930200087803E-16,1.,0.));
#5523=DIRECTION('',(-1.55930200087803E-16,1.,0.));
#5524=DIRECTION('',(-1.,-1.55930200087803E-16,0.));
#5525=DIRECTION('',(-1.55930200087803E-16,1.,0.));
#5526=DIRECTION('',(-1.55930200087803E-16,1.,0.));
#5527=DIRECTION('',(-1.,-1.55930200087803E-16,0.));
#5528=DIRECTION('',(-1.55930200087803E-16,1.,0.));
#5529=DIRECTION('',(-1.55930200087803E-16,1.,0.));
#5530=DIRECTION('',(-1.,-1.55930200087803E-16,0.));
#5531=DIRECTION('',(-1.55930200087803E-16,1.,0.));
#5532=DIRECTION('',(-1.55930200087803E-16,1.,0.));
#5533=DIRECTION('',(-1.,-1.55930200087803E-16,0.));
#5534=DIRECTION('',(-1.55930200087803E-16,1.,0.));
#5535=DIRECTION('',(-1.55930200087803E-16,1.,0.));
#5536=DIRECTION('',(-1.,-1.55930200087803E-16,0.));
#5537=DIRECTION('',(-1.55930200087803E-16,1.,0.));
#5538=DIRECTION('',(-1.55930200087803E-16,1.,0.));
#5539=DIRECTION('',(-1.,-1.55930200087803E-16,0.));
#5540=DIRECTION('',(-1.55930200087803E-16,1.,0.));
#5541=DIRECTION('',(-1.55930200087803E-16,1.,0.));
#5542=DIRECTION('',(-1.,-1.55930200087803E-16,0.));
#5543=DIRECTION('',(-1.55930200087803E-16,1.,0.));
#5544=DIRECTION('',(-1.,-1.55930200087803E-16,0.));
#5545=DIRECTION('',(-1.55930200087803E-16,1.,0.));
#5546=DIRECTION('',(0.,0.,-1.));
#5547=DIRECTION('',(-1.,0.,0.));
#5548=DIRECTION('',(-1.55930200087803E-16,1.,0.));
#5549=DIRECTION('',(-0.781200206196253,-1.21812704460815E-16,-0.62428057621468));
#5550=DIRECTION('',(-0.62428057621468,0.,0.781200206196253));
#5551=DIRECTION('',(-1.55930200087803E-16,1.,0.));
#5552=DIRECTION('',(0.774718209452968,1.20801965411666E-16,-0.632306647080345));
#5553=DIRECTION('',(-0.632306647080345,0.,-0.774718209452968));
#5554=DIRECTION('',(-1.55930200087803E-16,1.,0.));
#5555=DIRECTION('',(-1.55930200087803E-16,1.,0.));
#5556=DIRECTION('',(-1.,-1.55930200087803E-16,0.));
#5557=DIRECTION('',(-1.55930200087803E-16,1.,0.));
#5558=DIRECTION('',(-1.55930200087803E-16,1.,0.));
#5559=DIRECTION('',(-1.,-1.55930200087803E-16,0.));
#5560=DIRECTION('',(-1.55930200087803E-16,1.,0.));
#5561=DIRECTION('',(-1.55930200087803E-16,1.,0.));
#5562=DIRECTION('',(-1.,-1.55930200087803E-16,0.));
#5563=DIRECTION('',(-1.55930200087803E-16,1.,0.));
#5564=DIRECTION('',(-1.55930200087803E-16,1.,0.));
#5565=DIRECTION('',(-1.,-1.55930200087803E-16,0.));
#5566=DIRECTION('',(-1.55930200087803E-16,1.,0.));
#5567=DIRECTION('',(0.785371775266034,1.22463178060546E-16,-0.619024373199859));
#5568=DIRECTION('',(-0.619024373199859,0.,-0.785371775266034));
#5569=DIRECTION('',(-1.55930200087803E-16,1.,0.));
#5570=DIRECTION('',(8.72419755111807E-5,1.36036586975136E-20,-0.999999996194419));
#5571=DIRECTION('',(-0.999999996194419,0.,-8.72419755111807E-5));
#5572=DIRECTION('',(-1.55930200087803E-16,1.,0.));
#5573=DIRECTION('',(-1.55930200087803E-16,1.,0.));
#5574=DIRECTION('',(-1.,-1.55930200087803E-16,0.));
#5575=DIRECTION('',(-1.55930200087803E-16,1.,0.));
#5576=DIRECTION('',(-1.55930200087803E-16,1.,0.));
#5577=DIRECTION('',(-1.,-1.55930200087803E-16,0.));
#5578=DIRECTION('',(-1.55930200087803E-16,1.,0.));
#5579=DIRECTION('',(-1.55930200087803E-16,1.,0.));
#5580=DIRECTION('',(-1.,-1.55930200087803E-16,0.));
#5581=DIRECTION('',(-1.55930200087803E-16,1.,0.));
#5582=DIRECTION('',(-1.55930200087803E-16,1.,0.));
#5583=DIRECTION('',(-1.,-1.55930200087803E-16,0.));
#5584=DIRECTION('',(-1.55930200087803E-16,1.,0.));
#5585=DIRECTION('',(-1.55930200087803E-16,1.,0.));
#5586=DIRECTION('',(-1.,-1.55930200087803E-16,0.));
#5587=DIRECTION('',(-1.55930200087803E-16,1.,0.));
#5588=DIRECTION('',(-1.55930200087803E-16,1.,0.));
#5589=DIRECTION('',(-1.,-1.55930200087803E-16,0.));
#5590=DIRECTION('',(-1.55930200087803E-16,1.,0.));
#5591=DIRECTION('',(-1.55930200087803E-16,1.,0.));
#5592=DIRECTION('',(-1.,-1.55930200087803E-16,0.));
#5593=DIRECTION('',(-1.55930200087803E-16,1.,0.));
#5594=DIRECTION('',(-1.55930200087803E-16,1.,0.));
#5595=DIRECTION('',(-1.,-1.55930200087803E-16,0.));
#5596=DIRECTION('',(-1.55930200087803E-16,1.,0.));
#5597=DIRECTION('',(-1.55930200087803E-16,1.,0.));
#5598=DIRECTION('',(-1.,-1.55930200087803E-16,0.));
#5599=DIRECTION('',(-1.55930200087803E-16,1.,0.));
#5600=DIRECTION('',(-1.,-1.55930200087803E-16,0.));
#5601=DIRECTION('',(-0.00675452978246908,-1.05323518047943E-18,-0.999977187903513));
#5602=DIRECTION('',(-0.999455255053975,-1.55845257899372E-16,-0.0330029263095424));
#5603=DIRECTION('',(0.,0.,1.));
#5604=DIRECTION('',(0.999977187903513,1.55926642993033E-16,-0.00675452978246908));
#5605=DIRECTION('',(-0.00675452978246908,0.,-0.999977187903513));
#5606=DIRECTION('',(-1.55930200087803E-16,1.,0.));
#5607=DIRECTION('',(-1.,-1.55930200087803E-16,0.));
#5608=DIRECTION('',(1.55930200087803E-16,-1.,0.));
#5609=DIRECTION('',(-1.55930200087803E-16,1.,0.));
#5610=DIRECTION('',(0.0330029263095424,5.14615290292996E-18,-0.999455255053975));
#5611=DIRECTION('',(-0.999455255053975,0.,-0.0330029263095424));
#5612=DIRECTION('',(-1.55930200087803E-16,1.,0.));
#5613=DIRECTION('',(-1.,-1.55930200087803E-16,0.));
#5614=DIRECTION('',(1.55930200087803E-16,-1.,0.));
#5615=DIRECTION('',(-1.,-1.55930200087803E-16,0.));
#5616=DIRECTION('',(1.55930200087803E-16,-1.,0.));
#5617=DIRECTION('',(-1.,-1.55930200087803E-16,0.));
#5618=DIRECTION('',(1.55930200087803E-16,-1.,0.));
#5619=DIRECTION('',(-1.,-1.55930200087803E-16,0.));
#5620=DIRECTION('',(1.55930200087803E-16,-1.,0.));
#5621=DIRECTION('',(-1.,-1.55930200087803E-16,0.));
#5622=DIRECTION('',(1.55930200087803E-16,-1.,0.));
#5623=DIRECTION('',(-1.,-1.55930200087803E-16,0.));
#5624=DIRECTION('',(1.55930200087803E-16,-1.,0.));
#5625=DIRECTION('',(-1.,-1.55930200087803E-16,0.));
#5626=DIRECTION('',(1.55930200087803E-16,-1.,0.));
#5627=DIRECTION('',(-1.,-1.55930200087803E-16,0.));
#5628=DIRECTION('',(1.55930200087803E-16,-1.,0.));
#5629=DIRECTION('',(-1.,-1.55930200087803E-16,0.));
#5630=DIRECTION('',(1.55930200087803E-16,-1.,0.));
#5631=DIRECTION('',(-1.,-1.55930200087803E-16,0.));
#5632=DIRECTION('',(1.55930200087803E-16,-1.,0.));
#5633=DIRECTION('',(-1.,-1.55930200087803E-16,0.));
#5634=DIRECTION('',(1.55930200087803E-16,-1.,0.));
#5635=DIRECTION('',(-1.,-1.55930200087803E-16,0.));
#5636=DIRECTION('',(1.55930200087803E-16,-1.,0.));
#5637=DIRECTION('',(-1.,-1.55930200087803E-16,0.));
#5638=DIRECTION('',(1.55930200087803E-16,-1.,0.));
#5639=DIRECTION('',(-1.,-1.55930200087803E-16,0.));
#5640=DIRECTION('',(1.55930200087803E-16,-1.,0.));
#5641=DIRECTION('',(-1.,-1.55930200087803E-16,0.));
#5642=DIRECTION('',(1.55930200087803E-16,-1.,0.));
#5643=DIRECTION('',(-1.,-1.55930200087803E-16,0.));
#5644=DIRECTION('',(1.55930200087803E-16,-1.,0.));
#5645=DIRECTION('',(-1.,-1.55930200087803E-16,0.));
#5646=DIRECTION('',(1.55930200087803E-16,-1.,0.));
#5647=DIRECTION('',(-1.,-1.55930200087803E-16,0.));
#5648=DIRECTION('',(1.55930200087803E-16,-1.,0.));
#5649=DIRECTION('',(-1.,-1.55930200087803E-16,0.));
#5650=DIRECTION('',(1.55930200087803E-16,-1.,0.));
#5651=DIRECTION('',(-1.,-1.55930200087803E-16,0.));
#5652=DIRECTION('',(-1.55930200087803E-16,1.,0.));
#5653=DIRECTION('',(-1.,-1.55930200087803E-16,0.));
#5654=DIRECTION('',(-1.55930200087803E-16,1.,0.));
#5655=DIRECTION('',(-1.,-1.55930200087803E-16,0.));
#5656=DIRECTION('',(-1.55930200087803E-16,1.,0.));
#5657=DIRECTION('',(-1.,-1.55930200087803E-16,0.));
#5658=DIRECTION('',(-1.55930200087803E-16,1.,0.));
#5659=DIRECTION('',(-1.,-1.55930200087803E-16,0.));
#5660=DIRECTION('',(-1.55930200087803E-16,1.,0.));
#5661=DIRECTION('',(-1.,-1.55930200087803E-16,0.));
#5662=DIRECTION('',(-1.55930200087803E-16,1.,0.));
#5663=DIRECTION('',(-1.,-1.55930200087803E-16,0.));
#5664=DIRECTION('',(-1.55930200087803E-16,1.,0.));
#5665=DIRECTION('',(-1.,-1.55930200087803E-16,0.));
#5666=DIRECTION('',(-1.55930200087803E-16,1.,0.));
#5667=DIRECTION('',(-1.,-1.55930200087803E-16,0.));
#5668=DIRECTION('',(-1.55930200087803E-16,1.,0.));
#5669=DIRECTION('',(-1.,-1.55930200087803E-16,0.));
#5670=DIRECTION('',(-1.55930200087803E-16,1.,0.));
#5671=DIRECTION('',(-1.,-1.55930200087803E-16,0.));
#5672=DIRECTION('',(-1.55930200087803E-16,1.,0.));
#5673=DIRECTION('',(-1.,-1.55930200087803E-16,0.));
#5674=DIRECTION('',(-1.55930200087803E-16,1.,0.));
#5675=DIRECTION('',(-1.,-1.55930200087803E-16,0.));
#5676=DIRECTION('',(-1.55930200087803E-16,1.,0.));
#5677=DIRECTION('',(-1.,-1.55930200087803E-16,0.));
#5678=DIRECTION('',(-1.55930200087803E-16,1.,0.));
#5679=DIRECTION('',(-1.55930200087803E-16,1.,0.));
#5680=DIRECTION('',(-1.,-1.55930200087803E-16,0.));
#5681=DIRECTION('',(-1.55930200087803E-16,1.,0.));
#5682=DIRECTION('',(-1.55930200087803E-16,1.,0.));
#5683=DIRECTION('',(-1.,-1.55930200087803E-16,0.));
#5684=DIRECTION('',(-1.55930200087803E-16,1.,0.));
#5685=DIRECTION('',(-1.55930200087803E-16,1.,0.));
#5686=DIRECTION('',(-1.,-1.55930200087803E-16,0.));
#5687=DIRECTION('',(-1.55930200087803E-16,1.,0.));
#5688=DIRECTION('',(-1.55930200087803E-16,1.,0.));
#5689=DIRECTION('',(-1.,-1.55930200087803E-16,0.));
#5690=DIRECTION('',(-1.55930200087803E-16,1.,0.));
#5691=DIRECTION('',(-1.55930200087803E-16,1.,0.));
#5692=DIRECTION('',(-1.,-1.55930200087803E-16,0.));
#5693=DIRECTION('',(-1.55930200087803E-16,1.,0.));
#5694=DIRECTION('',(-1.55930200087803E-16,1.,0.));
#5695=DIRECTION('',(-1.,-1.55930200087803E-16,0.));
#5696=DIRECTION('',(-1.55930200087803E-16,1.,0.));
#5697=DIRECTION('',(-1.55930200087803E-16,1.,0.));
#5698=DIRECTION('',(-1.,-1.55930200087803E-16,0.));
#5699=DIRECTION('',(-1.55930200087803E-16,1.,0.));
#5700=DIRECTION('',(-1.55930200087803E-16,1.,0.));
#5701=DIRECTION('',(-1.,-1.55930200087803E-16,0.));
#5702=DIRECTION('',(-1.55930200087803E-16,1.,0.));
#5703=DIRECTION('',(-1.55930200087803E-16,1.,0.));
#5704=DIRECTION('',(-1.,-1.55930200087803E-16,0.));
#5705=DIRECTION('',(-1.55930200087803E-16,1.,0.));
#5706=DIRECTION('',(-1.55930200087803E-16,1.,0.));
#5707=DIRECTION('',(-1.,-1.55930200087803E-16,0.));
#5708=DIRECTION('',(-1.55930200087803E-16,1.,0.));
#5709=DIRECTION('',(-1.55930200087803E-16,1.,0.));
#5710=DIRECTION('',(-1.,-1.55930200087803E-16,0.));
#5711=DIRECTION('',(-1.55930200087803E-16,1.,0.));
#5712=DIRECTION('',(-1.55930200087803E-16,1.,0.));
#5713=DIRECTION('',(-1.,-1.55930200087803E-16,0.));
#5714=DIRECTION('',(-1.55930200087803E-16,1.,0.));
#5715=DIRECTION('',(-1.55930200087803E-16,1.,0.));
#5716=DIRECTION('',(-1.,-1.55930200087803E-16,0.));
#5717=DIRECTION('',(-1.55930200087803E-16,1.,0.));
#5718=DIRECTION('',(-1.55930200087803E-16,1.,0.));
#5719=DIRECTION('',(-1.,-1.55930200087803E-16,0.));
#5720=DIRECTION('',(-1.55930200087803E-16,1.,0.));
#5721=DIRECTION('',(-1.55930200087803E-16,1.,0.));
#5722=DIRECTION('',(-1.,-1.55930200087803E-16,0.));
#5723=DIRECTION('',(-1.55930200087803E-16,1.,0.));
#5724=DIRECTION('',(-1.55930200087803E-16,1.,0.));
#5725=DIRECTION('',(-1.,-1.55930200087803E-16,0.));
#5726=DIRECTION('',(-1.55930200087803E-16,1.,0.));
#5727=DIRECTION('',(-1.55930200087803E-16,1.,0.));
#5728=DIRECTION('',(-1.,-1.55930200087803E-16,0.));
#5729=DIRECTION('',(-1.55930200087803E-16,1.,0.));
#5730=DIRECTION('',(-1.55930200087803E-16,1.,0.));
#5731=DIRECTION('',(-1.,-1.55930200087803E-16,0.));
#5732=DIRECTION('',(-1.55930200087803E-16,1.,0.));
#5733=DIRECTION('',(-1.55930200087803E-16,1.,0.));
#5734=DIRECTION('',(-1.,-1.55930200087803E-16,0.));
#5735=DIRECTION('',(-1.55930200087803E-16,1.,0.));
#5736=DIRECTION('',(-1.55930200087803E-16,1.,0.));
#5737=DIRECTION('',(-1.,-1.55930200087803E-16,0.));
#5738=DIRECTION('',(-1.55930200087803E-16,1.,0.));
#5739=DIRECTION('',(-1.,-1.55930200087803E-16,0.));
#5740=DIRECTION('',(-1.55930200087803E-16,1.,0.));
#5741=DIRECTION('',(-1.55930200087803E-16,1.,0.));
#5742=DIRECTION('',(-1.,-1.55930200087803E-16,0.));
#5743=DIRECTION('',(-1.55930200087803E-16,1.,0.));
#5744=DIRECTION('',(-1.55930200087803E-16,1.,0.));
#5745=DIRECTION('',(-1.,-1.55930200087803E-16,0.));
#5746=DIRECTION('',(-1.55930200087803E-16,1.,0.));
#5747=DIRECTION('',(-1.55930200087803E-16,1.,0.));
#5748=DIRECTION('',(-1.,-1.55930200087803E-16,0.));
#5749=DIRECTION('',(-1.55930200087803E-16,1.,0.));
#5750=DIRECTION('',(-1.55930200087803E-16,1.,0.));
#5751=DIRECTION('',(-1.,-1.55930200087803E-16,0.));
#5752=DIRECTION('',(-1.55930200087803E-16,1.,0.));
#5753=DIRECTION('',(-1.55930200087803E-16,1.,0.));
#5754=DIRECTION('',(-1.,-1.55930200087803E-16,0.));
#5755=DIRECTION('',(-1.55930200087803E-16,1.,0.));
#5756=DIRECTION('',(-1.55930200087803E-16,1.,0.));
#5757=DIRECTION('',(-1.,-1.55930200087803E-16,0.));
#5758=DIRECTION('',(-1.55930200087803E-16,1.,0.));
#5759=DIRECTION('',(-1.55930200087803E-16,1.,0.));
#5760=DIRECTION('',(-1.,-1.55930200087803E-16,0.));
#5761=DIRECTION('',(-1.55930200087803E-16,1.,0.));
#5762=DIRECTION('',(-1.55930200087803E-16,1.,0.));
#5763=DIRECTION('',(-1.,-1.55930200087803E-16,0.));
#5764=DIRECTION('',(-1.55930200087803E-16,1.,0.));
#5765=DIRECTION('',(-1.55930200087803E-16,1.,0.));
#5766=DIRECTION('',(-1.,-1.55930200087803E-16,0.));
#5767=DIRECTION('',(-1.55930200087803E-16,1.,0.));
#5768=DIRECTION('',(-1.,-1.55930200087803E-16,0.));
#5769=DIRECTION('',(-0.626656763536514,-9.77147145246236E-17,-0.779295387330082));
#5770=DIRECTION('',(-0.0252518582830143,-3.93752731465926E-18,0.999681120984714));
#5771=DIRECTION('',(0.779295387330081,1.21515685673881E-16,-0.626656763536514));
#5772=DIRECTION('',(-0.626656763536514,0.,-0.779295387330082));
#5773=DIRECTION('',(-1.55930200087803E-16,1.,0.));
#5774=DIRECTION('',(-0.999681120984714,-1.55880477219145E-16,-0.0252518582830144));
#5775=DIRECTION('',(-0.0252518582830144,0.,0.999681120984714));
#5776=CARTESIAN_POINT('',(0.,0.,0.));
#5777=CARTESIAN_POINT('',(-0.0445,0.06,-0.00464446675698246));
#5778=CARTESIAN_POINT('',(-0.0316645392767511,0.06,0.00195289503466232));
#5779=CARTESIAN_POINT('',(-0.0316777304653435,0.06,0.));
#5780=CARTESIAN_POINT('',(-0.0317061794205625,0.06,-0.00421175318059592));
#5781=CARTESIAN_POINT('',(-0.0445,0.06,0.));
#5782=CARTESIAN_POINT('',(-0.0274638408638256,0.06,0.));
#5783=CARTESIAN_POINT('',(-0.0274638408638256,0.06,-0.00174589389449263));
#5784=CARTESIAN_POINT('',(-0.0274638408638256,0.06,-0.00421175318059592));
#5785=CARTESIAN_POINT('',(-0.026032051600927,0.06,-0.00424726128916965));
#5786=CARTESIAN_POINT('',(-0.0255547885132941,0.06,-0.00425909736071371));
#5787=CARTESIAN_POINT('',(-0.0252631277375184,0.06,-0.0038852121093237));
#5788=CARTESIAN_POINT('',(-0.0249714669617427,0.06,-0.00351132685793369));
#5789=CARTESIAN_POINT('',(0.0659102413603405,0.06,-0.0744064816642886));
#5790=CARTESIAN_POINT('',(-0.0244449323995857,0.06,-0.00284147305413903));
#5791=CARTESIAN_POINT('',(0.287217529551172,0.06,-0.249691541369952));
#5792=CARTESIAN_POINT('',(-0.0237178474335499,0.06,-0.00192625373647834));
#5793=CARTESIAN_POINT('',(0.34206035352297,0.06,-0.2933924560387));
#5794=CARTESIAN_POINT('',(-0.0230090901124884,0.06,-0.00103900436903914));
#5795=CARTESIAN_POINT('',(0.00336177398222528,0.06,-0.0221571779592189));
#5796=CARTESIAN_POINT('',(-0.0226555167538742,0.06,-0.000604908667098066));
#5797=CARTESIAN_POINT('',(-0.0295628882337935,0.06,0.00511703773648714));
#5798=CARTESIAN_POINT('',(-0.0225415077232665,0.06,-0.000464419701628561));
#5799=CARTESIAN_POINT('',(-0.273389329475437,0.06,0.198940023733325));
#5800=CARTESIAN_POINT('',(-0.0222371107047343,0.06,-8.08916146991523E-5));
#5801=CARTESIAN_POINT('',(-0.239806042382952,0.06,0.17232724496871));
#5802=CARTESIAN_POINT('',(-0.0221730342402104,0.06,0.));
#5803=CARTESIAN_POINT('',(-0.0445,0.06,0.));
#5804=CARTESIAN_POINT('',(-0.0198642368983555,0.06,1.13841228110978E-18));
#5805=CARTESIAN_POINT('',(-0.0198541460776789,0.06,-0.00039947962690822));
#5806=CARTESIAN_POINT('',(-0.0198276314616993,0.06,-0.00144915132741832));
#5807=CARTESIAN_POINT('',(-0.0185151579707088,0.06,0.000183009365701336));
#5808=CARTESIAN_POINT('',(-0.01866232175311,0.06,-2.19550939928314E-18));
#5809=CARTESIAN_POINT('',(-0.0445,0.06,0.));
#5810=CARTESIAN_POINT('',(-0.0161251078974563,0.06,0.));
#5811=CARTESIAN_POINT('',(-0.973760137953607,0.06,0.766261647852366));
#5812=CARTESIAN_POINT('',(-0.0163847105918581,0.06,-0.000324325697878769));
#5813=CARTESIAN_POINT('',(-4.00285238953967,0.06,3.19170501182673));
#5814=CARTESIAN_POINT('',(-0.0172020007208009,0.06,-0.00134475681474067));
#5815=CARTESIAN_POINT('',(-0.0189836411232798,0.06,8.25807030987214E-5));
#5816=CARTESIAN_POINT('',(-0.0172833057755921,0.06,-0.00144070345259182));
#5817=CARTESIAN_POINT('',(-0.0125855375446416,0.06,-0.00564930776831351));
#5818=CARTESIAN_POINT('',(-0.0175394009060773,0.06,-0.00174538481386582));
#5819=CARTESIAN_POINT('',(0.365241657044857,0.06,-0.303397230937638));
#5820=CARTESIAN_POINT('',(-0.0183885358312213,0.06,-0.00282602521463548));
#5821=CARTESIAN_POINT('',(0.762355826476638,0.06,-0.614531246629099));
#5822=CARTESIAN_POINT('',(-0.0192759084385956,0.06,-0.00396031041068856));
#5823=CARTESIAN_POINT('',(-0.0180875130366136,0.06,-0.00488862337286755));
#5824=CARTESIAN_POINT('',(-0.01939207671347,0.06,-0.00413220933265711));
#5825=CARTESIAN_POINT('',(-0.0193529896775794,0.06,-0.00415487277113902));
#5826=CARTESIAN_POINT('',(-0.0193695772588174,0.06,-0.00419689990484109));
#5827=CARTESIAN_POINT('',(-0.0191333041564012,0.06,-0.00359826748376865));
#5828=CARTESIAN_POINT('',(-0.0192124145240599,0.06,-0.00423695935330617));
#5829=CARTESIAN_POINT('',(-0.01884305960214,0.06,-0.00125499940366901));
#5830=CARTESIAN_POINT('',(-0.0189003237063796,0.06,-0.00425920129800836));
#5831=CARTESIAN_POINT('',(-0.0183251979237692,0.06,0.0259110716999194));
#5832=CARTESIAN_POINT('',(-0.0183225576032269,0.06,-0.00426468239942366));
#5833=CARTESIAN_POINT('',(-0.0177493637334828,0.06,-0.00426463239285792));
#5834=CARTESIAN_POINT('',(-0.0171761698637387,0.06,-0.00426458238629218));
#5835=CARTESIAN_POINT('',(-0.016751936008065,0.06,-0.00372634623472336));
#5836=CARTESIAN_POINT('',(-0.0163277021523914,0.06,-0.00318811008315453));
#5837=CARTESIAN_POINT('',(0.109493363979348,0.06,-0.102359204872723));
#5838=CARTESIAN_POINT('',(-0.0159626985549453,0.06,-0.00272676488613726));
#5839=CARTESIAN_POINT('',(0.153716204167241,0.06,-0.137479006884645));
#5840=CARTESIAN_POINT('',(-0.0155674172811613,0.06,-0.00223052348485389));
#5841=CARTESIAN_POINT('',(0.139502724587551,0.06,-0.126122877003058));
#5842=CARTESIAN_POINT('',(-0.0152000171866645,0.06,-0.00177205936600898));
#5843=CARTESIAN_POINT('',(0.0293905366719867,0.06,-0.03761407075113));
#5844=CARTESIAN_POINT('',(-0.0149309637269992,0.06,-0.00143988277219802));
#5845=CARTESIAN_POINT('',(-0.0146568284230061,0.06,-0.00110400521525936));
#5846=CARTESIAN_POINT('',(-0.0143826931190129,0.06,-0.000768127658320708));
#5847=CARTESIAN_POINT('',(-0.0122869816900896,0.06,-0.00339061869748191));
#5848=CARTESIAN_POINT('',(-0.011588411178429,0.06,-0.00426478241255513));
#5849=CARTESIAN_POINT('',(-0.0101713889127248,0.06,-0.00426478241255513));
#5850=CARTESIAN_POINT('',(-0.00969904815749003,0.06,-0.00426478241255513));
#5851=CARTESIAN_POINT('',(-0.00969904815749003,0.06,0.00321233929369357));
#5852=CARTESIAN_POINT('',(-0.00969904815749003,0.06,0.));
#5853=CARTESIAN_POINT('',(-0.0445,0.06,0.));
#5854=CARTESIAN_POINT('',(-0.00473027544398668,0.06,-4.08608693755474E-18));
#5855=CARTESIAN_POINT('',(-0.00469881412065672,0.06,4.37237925926837E-5));
#5856=CARTESIAN_POINT('',(-0.00480371739578614,0.06,-0.000102066929429641));
#5857=CARTESIAN_POINT('',(-0.00926453359611496,0.06,0.00310769961934273));
#5858=CARTESIAN_POINT('',(-0.00494843724549828,0.06,-0.000294181443088398));
#5859=CARTESIAN_POINT('',(-0.210691968971538,0.06,0.161869548056177));
#5860=CARTESIAN_POINT('',(-0.00539028306363179,0.06,-0.000853203197562158));
#5861=CARTESIAN_POINT('',(-0.17073807764827,0.06,0.130202054811126));
#5862=CARTESIAN_POINT('',(-0.0059189865213759,0.06,-0.00151749964390591));
#5863=CARTESIAN_POINT('',(-0.251578250294007,0.06,0.194807946170365));
#5864=CARTESIAN_POINT('',(-0.00650591437887582,0.06,-0.00224967159810516));
#5865=CARTESIAN_POINT('',(0.0834368437373948,0.06,-0.0745707803361549));
#5866=CARTESIAN_POINT('',(-0.00707816130562484,0.06,-0.00296717450010134));
#5867=CARTESIAN_POINT('',(0.0412441449076432,0.06,-0.041193351313354));
#5868=CARTESIAN_POINT('',(-0.00756047436701721,0.06,-0.00358490799297253));
#5869=CARTESIAN_POINT('',(0.196668955044776,0.06,-0.160962264573584));
#5870=CARTESIAN_POINT('',(-0.00797962971920463,0.06,-0.00413035150654461));
#5871=CARTESIAN_POINT('',(-0.00790034110716,0.06,-0.00419111397023649));
#5872=CARTESIAN_POINT('',(-0.00800020866719257,0.06,-0.00418882673456761));
#5873=CARTESIAN_POINT('',(-0.00796829707040087,0.06,-0.00418955760884848));
#5874=CARTESIAN_POINT('',(-0.00797045099550326,0.06,-0.00422140481898789));
#5875=CARTESIAN_POINT('',(-0.00698598619089289,0.06,0.0103347360928908));
#5876=CARTESIAN_POINT('',(-0.00766825267498652,0.06,-0.00423869595459437));
#5877=CARTESIAN_POINT('',(-0.0072950418574461,0.06,0.00373332892170122));
#5878=CARTESIAN_POINT('',(-0.00730240739757078,0.06,-0.00424742371770714));
#5879=CARTESIAN_POINT('',(-0.00728777735464845,0.06,0.0116004123668869));
#5880=CARTESIAN_POINT('',(-0.00686747192471233,0.06,-0.00424185596652682));
#5881=CARTESIAN_POINT('',(-0.00630015151967085,0.06,-0.00422680457356138));
#5882=CARTESIAN_POINT('',(-0.00573283111462936,0.06,-0.00421175318059592));
#5883=CARTESIAN_POINT('',(-0.00486836225677216,0.06,-0.00313266855143349));
#5884=CARTESIAN_POINT('',(-0.00400389339891495,0.06,-0.00205358392227106));
#5885=CARTESIAN_POINT('',(-0.142494003592537,0.06,0.108892432406556));
#5886=CARTESIAN_POINT('',(-0.00334115505746457,0.06,-0.00122120846165404));
#5887=CARTESIAN_POINT('',(-0.0763248961844202,0.06,0.0565318135689375));
#5888=CARTESIAN_POINT('',(-0.00278325328036987,0.06,-0.000509090890280214));
#5889=CARTESIAN_POINT('',(-0.429434565155881,0.06,0.330414150981996));
#5890=CARTESIAN_POINT('',(-0.00238887349373773,0.06,5.55111512312578E-17));
#5891=CARTESIAN_POINT('',(-0.0445,0.06,0.));
#5892=CARTESIAN_POINT('',(-0.000790177672555514,0.06,0.));
#5893=CARTESIAN_POINT('',(-0.394643724291524,0.06,-0.000178577275999162));
#5894=CARTESIAN_POINT('',(-0.000790137188342532,0.06,-0.000178202906805831));
#5895=CARTESIAN_POINT('',(-0.000790137188342636,0.06,-0.00222149265968048));
#5896=CARTESIAN_POINT('',(-0.000790137188342636,0.06,-0.00426478241255513));
#5897=CARTESIAN_POINT('',(0.000562108226617238,0.06,-0.00426478241255513));
#5898=CARTESIAN_POINT('',(0.00101285669827053,0.06,-0.00426478241255513));
#5899=CARTESIAN_POINT('',(0.00101285669827053,0.06,-0.00180776134945479));
#5900=CARTESIAN_POINT('',(0.00101285669827053,0.06,0.));
#5901=CARTESIAN_POINT('',(-0.0445,0.06,0.));
#5902=CARTESIAN_POINT('',(0.00278632779927684,0.06,0.));
#5903=CARTESIAN_POINT('',(0.00718808674386607,0.06,0.000730825228219897));
#5904=CARTESIAN_POINT('',(0.00287278637430287,0.06,-0.000403974331579849));
#5905=CARTESIAN_POINT('',(0.00925434275819007,0.06,0.00127418815103678));
#5906=CARTESIAN_POINT('',(0.00329563351556083,0.06,-0.00156029158263539));
#5907=CARTESIAN_POINT('',(0.00837748984969985,0.06,0.000857077339638916));
#5908=CARTESIAN_POINT('',(0.00384041267891494,0.06,-0.00247216687692871));
#5909=CARTESIAN_POINT('',(0.00785698955848858,0.06,0.000475138189816974));
#5910=CARTESIAN_POINT('',(0.00453235867286073,0.06,-0.0032351618600873));
#5911=CARTESIAN_POINT('',(0.00781134835129794,0.06,0.000424207003886421));
#5912=CARTESIAN_POINT('',(0.00536151091070081,0.06,-0.00383502418361287));
#5913=CARTESIAN_POINT('',(0.00800590138991293,0.06,0.000762455220721602));
#5914=CARTESIAN_POINT('',(0.00631269815340552,0.06,-0.00426374420625184));
#5915=CARTESIAN_POINT('',(0.0079919651655998,0.06,0.000721084061513831));
#5916=CARTESIAN_POINT('',(0.00840268868272661,0.06,-0.00452293698629276));
#5917=CARTESIAN_POINT('',(0.00798791914665929,0.06,0.000772710260852475));
#5918=CARTESIAN_POINT('',(0.0104328664807363,0.06,-0.00394302362347946));
#5919=CARTESIAN_POINT('',(0.00799410609810594,0.06,0.000760773917764352));
#5920=CARTESIAN_POINT('',(0.012074539610514,0.06,-0.00261906718260055));
#5921=CARTESIAN_POINT('',(0.00805775401348313,0.06,0.000708058287428054));
#5922=CARTESIAN_POINT('',(0.0130612390450433,0.06,-0.000764853103247228));
#5923=CARTESIAN_POINT('',(0.00985753115327547,0.06,0.000178251519343157));
#5924=CARTESIAN_POINT('',(0.0131809739600009,0.06,-0.000150257986381822));
#5925=CARTESIAN_POINT('',(0.00297240714329196,0.06,0.000858827405656837));
#5926=CARTESIAN_POINT('',(0.0131947114464777,0.06,2.16840434497101E-19));
#5927=CARTESIAN_POINT('',(-0.0445,0.06,0.));
#5928=CARTESIAN_POINT('',(0.0177849479968846,0.06,4.33680868994202E-19));
#5929=CARTESIAN_POINT('',(0.017781483085529,0.06,-0.000512964251440976));
#5930=CARTESIAN_POINT('',(0.017767603002239,0.06,-0.00256784698986039));
#5931=CARTESIAN_POINT('',(0.016707641138355,0.06,-0.00256784698986039));
#5932=CARTESIAN_POINT('',(0.0156476792744709,0.06,-0.00256784698986039));
#5933=CARTESIAN_POINT('',(0.015647586120404,0.06,-0.130855507549816));
#5934=CARTESIAN_POINT('',(0.014115965544973,0.06,-0.00257699029003475));
#5935=CARTESIAN_POINT('',(0.0141361955249959,0.06,-0.00427137925460542));
#5936=CARTESIAN_POINT('',(0.0136753504292548,0.06,-0.00264073980546843));
#5937=CARTESIAN_POINT('',(0.013709469382146,0.06,-0.00276146515641693));
#5938=CARTESIAN_POINT('',(0.0135910699042589,0.06,-0.0028029413778467));
#5939=CARTESIAN_POINT('',(0.0144097537441859,0.06,-0.00251614932779673));
#5940=CARTESIAN_POINT('',(0.0137674781139375,0.06,-0.00309922301483682));
#5941=CARTESIAN_POINT('',(0.00975498247635838,0.06,-0.00674186855559772));
#5942=CARTESIAN_POINT('',(0.0138838201125759,0.06,-0.00323164241602062));
#5943=CARTESIAN_POINT('',(-0.00071677973456718,0.06,-0.0156446719731612));
#5944=CARTESIAN_POINT('',(0.0140403322847158,0.06,-0.00341812448283607));
#5945=CARTESIAN_POINT('',(-0.00210169116425583,0.06,-0.0167920755839329));
#5946=CARTESIAN_POINT('',(0.0142071889751923,0.06,-0.00362211287788127));
#5947=CARTESIAN_POINT('',(0.00199046162492795,0.06,-0.0134875042011473));
#5948=CARTESIAN_POINT('',(0.0143597116521534,0.06,-0.00381403394090184));
#5949=CARTESIAN_POINT('',(0.014535967137644,0.06,-0.00403940817672849));
#5950=CARTESIAN_POINT('',(0.0147122226231346,0.06,-0.00426478241255513));
#5951=CARTESIAN_POINT('',(0.0183578715422648,0.06,-0.00426478241255513));
#5952=CARTESIAN_POINT('',(0.0195730878839943,0.06,-0.00426478241255513));
#5953=CARTESIAN_POINT('',(0.0195730878839943,0.06,0.00321877317131949));
#5954=CARTESIAN_POINT('',(0.0195730878839943,0.06,0.));
#5955=CARTESIAN_POINT('',(-0.0445,0.06,0.));
#5956=CARTESIAN_POINT('',(0.022012432554118,0.06,0.));
#5957=CARTESIAN_POINT('',(0.022012432554118,0.06,-0.00177240851047224));
#5958=CARTESIAN_POINT('',(0.022012432554118,0.06,-0.00426478241255513));
#5959=CARTESIAN_POINT('',(0.0234207537304131,0.06,-0.00426478241255513));
#5960=CARTESIAN_POINT('',(0.0238901941578643,0.06,-0.00426478241255513));
#5961=CARTESIAN_POINT('',(0.0241495862747882,0.06,-0.00393334971281007));
#5962=CARTESIAN_POINT('',(0.024408978391712,0.06,-0.003601917013065));
#5963=CARTESIAN_POINT('',(0.179570424786305,0.06,-0.125037502817116));
#5964=CARTESIAN_POINT('',(0.0246171033850255,0.06,-0.00333645872320963));
#5965=CARTESIAN_POINT('',(0.1460296549091,0.06,-0.0986946201047335));
#5966=CARTESIAN_POINT('',(0.0248134162229784,0.06,-0.00308703626098179));
#5967=CARTESIAN_POINT('',(0.144135003876686,0.06,-0.0972002693353596));
#5968=CARTESIAN_POINT('',(0.0249792402221918,0.06,-0.0028771761511987));
#5969=CARTESIAN_POINT('',(0.0321077517752163,0.06,-0.00852004955836502));
#5970=CARTESIAN_POINT('',(0.0250572827065154,0.06,-0.00277996391769724));
#5971=CARTESIAN_POINT('',(0.0109146275294342,0.06,0.00873420142286879));
#5972=CARTESIAN_POINT('',(0.0251405020105213,0.06,-0.00267698581580487));
#5973=CARTESIAN_POINT('',(-0.410052689608975,0.06,0.346410909572606));
#5974=CARTESIAN_POINT('',(0.0253540622879938,0.06,-0.00241058222686075));
#5975=CARTESIAN_POINT('',(-0.366110539283388,0.06,0.311206532300067));
#5976=CARTESIAN_POINT('',(0.025608590298616,0.06,-0.00209260961888847));
#5977=CARTESIAN_POINT('',(-0.526347935554913,0.06,0.439364504431302));
#5978=CARTESIAN_POINT('',(0.0258857165043208,0.06,-0.0017458938944927));
#5979=CARTESIAN_POINT('',(0.0401723095044999,0.06,-0.0131576817561218));
#5980=CARTESIAN_POINT('',(0.0261601594308886,0.06,-0.00141054201633038));
#5981=CARTESIAN_POINT('',(0.0340072546225949,0.06,-0.0079891847936194));
#5982=CARTESIAN_POINT('',(0.0264060224650089,0.06,-0.00112793757278872));
#5983=CARTESIAN_POINT('',(0.0405000000000198,0.06,-0.0138498447312856));
#5984=CARTESIAN_POINT('',(0.0266196551804121,0.06,-0.000895187182913476));
#5985=CARTESIAN_POINT('',(0.0266755175631318,0.06,-0.000947323868332377));
#5986=CARTESIAN_POINT('',(0.0266755175521179,0.06,-0.000870911567165651));
#5987=CARTESIAN_POINT('',(0.0266755176125236,0.06,-0.000947499801922234));
#5988=CARTESIAN_POINT('',(0.0267336921043957,0.06,-0.000897685283972609));
#5989=CARTESIAN_POINT('',(-0.0682429925213481,0.06,-0.082225593001752));
#5990=CARTESIAN_POINT('',(0.0271355849567619,0.06,-0.00136938634758223));
#5991=CARTESIAN_POINT('',(-0.000444285866898924,0.06,-0.0247498761283889));
#5992=CARTESIAN_POINT('',(0.0275908869425051,0.06,-0.00191731905330249));
#5993=CARTESIAN_POINT('',(-0.0250698907462349,0.06,-0.0448054823714138));
#5994=CARTESIAN_POINT('',(0.02811407504195,0.06,-0.00256784698986039));
#5995=CARTESIAN_POINT('',(0.0287879100683633,0.06,-0.00341631470120776));
#5996=CARTESIAN_POINT('',(0.0294617450947765,0.06,-0.00426478241255513));
#5997=CARTESIAN_POINT('',(0.0300418912559181,0.06,-0.00426478241255513));
#5998=CARTESIAN_POINT('',(0.0306220374170597,0.06,-0.00426478241255513));
#5999=CARTESIAN_POINT('',(0.0306220647073909,0.06,0.0268203317491785));
#6000=CARTESIAN_POINT('',(0.0312075176825856,0.06,-0.00425926875119142));
#6001=CARTESIAN_POINT('',(0.0311497074829032,0.06,-0.00119021965170618));
#6002=CARTESIAN_POINT('',(0.0315230242191549,0.06,-0.00423702765495694));
#6003=CARTESIAN_POINT('',(0.0314434617408238,0.06,-0.00358768085213396));
#6004=CARTESIAN_POINT('',(0.0316816764389796,0.06,-0.00419697160036269));
#6005=CARTESIAN_POINT('',(0.0316652991524543,0.06,-0.00415508288247432));
#6006=CARTESIAN_POINT('',(0.0317040248663796,0.06,-0.00413220933265711));
#6007=CARTESIAN_POINT('',(0.0304953951139287,0.06,-0.00484609237770791));
#6008=CARTESIAN_POINT('',(0.0316086197630448,0.06,-0.00399102176008577));
#6009=CARTESIAN_POINT('',(-0.00903983377171557,0.06,-0.0352132516854183));
#6010=CARTESIAN_POINT('',(0.0313239560883678,0.06,-0.00362387238779767));
#6011=CARTESIAN_POINT('',(0.0012000484653938,0.06,-0.0271993772294468));
#6012=CARTESIAN_POINT('',(0.0310026649110594,0.06,-0.00321900417128471));
#6013=CARTESIAN_POINT('',(0.0060120838344399,0.06,-0.0233274655168775));
#6014=CARTESIAN_POINT('',(0.0306896352638566,0.06,-0.00283605717867905));
#6015=CARTESIAN_POINT('',(0.0401965102176196,0.06,0.00505811560683115));
#6016=CARTESIAN_POINT('',(0.030558949494324,0.06,-0.00267596860907742));
#6017=CARTESIAN_POINT('',(2.60139521170472,0.06,2.06040483469296));
#6018=CARTESIAN_POINT('',(0.0298906462652715,0.06,-0.00184290938954357));
#6019=CARTESIAN_POINT('',(1.27652678359528,0.06,0.997915090037542));
#6020=CARTESIAN_POINT('',(0.029111214341375,0.06,-0.000870229187008853));
#6021=CARTESIAN_POINT('',(2.16891872995558,0.06,1.712438006633));
#6022=CARTESIAN_POINT('',(0.0284147266314782,0.06,0.));
#6023=CARTESIAN_POINT('',(-0.0445,0.06,0.));
#6024=CARTESIAN_POINT('',(0.0315372651061434,0.06,0.));
#6025=CARTESIAN_POINT('',(3.41618017282667,0.06,2.70370583812391));
#6026=CARTESIAN_POINT('',(0.0315579158629067,0.06,-2.58515142634863E-5));
#6027=CARTESIAN_POINT('',(2.44424312439354,0.06,1.92729364844642));
#6028=CARTESIAN_POINT('',(0.0321439324660849,0.06,-0.000759218747351742));
#6029=CARTESIAN_POINT('',(2.72829020025119,0.06,2.15434378826677));
#6030=CARTESIAN_POINT('',(0.0326353660250822,0.06,-0.00137388407492089));
#6031=CARTESIAN_POINT('',(0.121675140290518,0.06,0.0698313125973708));
#6032=CARTESIAN_POINT('',(0.0328273727833414,0.06,-0.00161332081459461));
#6033=CARTESIAN_POINT('',(-0.147089826796826,0.06,-0.146288828246607));
#6034=CARTESIAN_POINT('',(0.0329962310091491,0.06,-0.00182356273484782));
#6035=CARTESIAN_POINT('',(-1.62933167548048,0.06,-1.33534520179382));
#6036=CARTESIAN_POINT('',(0.0333002307326758,0.06,-0.00220260815474105));
#6037=CARTESIAN_POINT('',(-1.80803340349185,0.06,-1.4786305738463));
#6038=CARTESIAN_POINT('',(0.0336545204101555,0.06,-0.0026445707432432));
#6039=CARTESIAN_POINT('',(-1.99102343389469,0.06,-1.62528034220238));
#6040=CARTESIAN_POINT('',(0.0340179400244421,0.06,-0.00309813930945202));
#6041=CARTESIAN_POINT('',(0.0344639766367193,0.06,-0.00365494624502421));
#6042=CARTESIAN_POINT('',(0.034910013248996,0.06,-0.00421175318059592));
#6043=CARTESIAN_POINT('',(0.0363729664657863,0.06,-0.00425749502944084));
#6044=CARTESIAN_POINT('',(0.036860617502697,0.06,-0.00427274231238915));
#6045=CARTESIAN_POINT('',(0.036860617502697,0.06,-0.00177631384825987));
#6046=CARTESIAN_POINT('',(0.036860617502697,0.06,0.));
#6047=CARTESIAN_POINT('',(-0.0445,0.06,0.));
#6048=CARTESIAN_POINT('',(0.0405,0.06,0.));
#6049=CARTESIAN_POINT('',(0.0405,0.06,3.20056481317721E-16));
#6050=CARTESIAN_POINT('',(0.0405,0.06,-0.00309631117132164));
#6051=CARTESIAN_POINT('',(0.0405,0.06,-0.00619262234264361));
#6052=CARTESIAN_POINT('',(0.0405,0.06,-0.00928893351396557));
#6053=CARTESIAN_POINT('',(0.0405,0.06,-0.00928893351396492));
#6054=CARTESIAN_POINT('',(-0.0445,0.06,-0.00928893351396492));
#6055=CARTESIAN_POINT('',(-0.0405,0.06,-0.00928893351396492));
#6056=CARTESIAN_POINT('',(-0.0405,0.06,-0.00928893351396524));
#6057=CARTESIAN_POINT('',(-0.0405,0.06,-0.00619262234264344));
#6058=CARTESIAN_POINT('',(-0.0405,0.06,-0.00309631117132164));
#6059=CARTESIAN_POINT('',(-0.0405,0.06,1.60461921527855E-16));
#6060=CARTESIAN_POINT('',(-0.0405,0.06,0.));
#6061=CARTESIAN_POINT('',(-0.0445,0.06,0.));
#6062=CARTESIAN_POINT('',(-0.0335622025391348,0.06,0.));
#6063=CARTESIAN_POINT('',(-0.0335622025391348,0.06,0.00193757313958465));
#6064=CARTESIAN_POINT('',(-0.0335622025391348,0.06,-0.0042730407609066));
#6065=CARTESIAN_POINT('',(-0.0321701852002056,0.06,-0.0042270750756736));
#6066=CARTESIAN_POINT('',(-0.0445,0.06,-0.00464446675698246));
#6067=CARTESIAN_POINT('',(-0.0486468242470373,0.06,-0.0282029584461075));
#6068=CARTESIAN_POINT('',(-0.0128107063164111,0.06,0.));
#6069=CARTESIAN_POINT('',(-0.0126272681504026,0.06,-0.000234658675617304));
#6070=CARTESIAN_POINT('',(-0.0445,0.06,0.));
#6071=CARTESIAN_POINT('',(-0.0115085509104898,0.06,-1.0842021724855E-19));
#6072=CARTESIAN_POINT('',(-0.0767878985060101,0.06,0.000649352299393228));
#6073=CARTESIAN_POINT('',(-0.011509823341484,0.06,-0.000117318242599573));
#6074=CARTESIAN_POINT('',(-0.0443242115563116,0.06,0.000268067812778806));
#6075=CARTESIAN_POINT('',(-0.0115263925371265,0.06,-0.000843536392809813));
#6076=CARTESIAN_POINT('',(-0.139083819565243,0.06,0.00347979203986713));
#6077=CARTESIAN_POINT('',(-0.0115492664842152,0.06,-0.00147259417210745));
#6078=CARTESIAN_POINT('',(-0.0115794108319083,0.06,-0.00147142362649191));
#6079=CARTESIAN_POINT('',(-0.011581585892042,0.06,-0.00150151217893791));
#6080=CARTESIAN_POINT('',(-0.0115764140236176,0.06,-0.00142996827857915));
#6081=CARTESIAN_POINT('',(-0.0116305732359413,0.06,-0.0014770007952248));
#6082=CARTESIAN_POINT('',(0.00825736653588359,0.06,0.0157939004285252));
#6083=CARTESIAN_POINT('',(-0.0118402690611638,0.06,-0.00123252670274801));
#6084=CARTESIAN_POINT('',(-0.0023855591598962,0.06,0.00677738874039649));
#6085=CARTESIAN_POINT('',(-0.0120805330568569,0.06,-0.000939979066097074));
#6086=CARTESIAN_POINT('',(0.00538768141621057,0.06,0.0129650166175315));
#6087=CARTESIAN_POINT('',(-0.0123505097554506,0.06,-0.000593891738100073));
#6088=CARTESIAN_POINT('',(-0.0598559473793925,0.06,-0.0369065484210949));
#6089=CARTESIAN_POINT('',(-0.0445,0.06,-0.00464446675698246));
#6090=CARTESIAN_POINT('',(-0.0105836988121123,0.06,0.000916658447323751));
#6091=CARTESIAN_POINT('',(-0.0256380765402555,0.06,-2.16840434497101E-19));
#6092=CARTESIAN_POINT('',(-0.0256349314854956,0.06,-5.02678695934191E-5));
#6093=CARTESIAN_POINT('',(-0.0445,0.06,0.));
#6094=CARTESIAN_POINT('',(-0.02452563311794,0.06,3.79470760369927E-19));
#6095=CARTESIAN_POINT('',(-0.0248123792658651,0.06,-0.000361586687714823));
#6096=CARTESIAN_POINT('',(-0.0255547885132941,0.06,-0.00129776421843041));
#6097=CARTESIAN_POINT('',(-0.0255948599993948,0.06,-0.000674016044011915));
#6098=CARTESIAN_POINT('',(-0.0445,0.06,-0.00464446675698246));
#6099=CARTESIAN_POINT('',(0.00715911949765647,0.06,0.000229833340412401));
#6100=CARTESIAN_POINT('',(0.00469172630928946,0.06,0.));
#6101=CARTESIAN_POINT('',(0.00472221339882877,0.06,-0.000219990153706617));
#6102=CARTESIAN_POINT('',(-0.0445,0.06,0.));
#6103=CARTESIAN_POINT('',(0.0113400442136513,0.06,1.0842021724855E-19));
#6104=CARTESIAN_POINT('',(0.00756238923257088,0.06,0.000703833005806295));
#6105=CARTESIAN_POINT('',(0.0112923283185119,0.06,-0.000220078500407062));
#6106=CARTESIAN_POINT('',(0.00810336680621028,0.06,0.000569833262831438));
#6107=CARTESIAN_POINT('',(0.0109570633022316,0.06,-0.00105800347014862));
#6108=CARTESIAN_POINT('',(0.00809048507986679,0.06,0.000577187777865042));
#6109=CARTESIAN_POINT('',(0.0104055693654099,0.06,-0.00177472758484427));
#6110=CARTESIAN_POINT('',(0.00766206269680217,0.06,0.00101243203843851));
#6111=CARTESIAN_POINT('',(0.00965758865475435,0.06,-0.00235104291426914));
#6112=CARTESIAN_POINT('',(0.00628119384375897,0.06,0.00333990909592757));
#6113=CARTESIAN_POINT('',(0.00925224285697836,0.06,-0.00257277595091254));
#6114=CARTESIAN_POINT('',(0.00869389048824252,0.06,-0.00146159859881669));
#6115=CARTESIAN_POINT('',(0.00897102788537249,0.06,-0.0026738969691017));
#6116=CARTESIAN_POINT('',(0.00858593200117494,0.06,-0.000989355877729833));
#6117=CARTESIAN_POINT('',(0.0086426472300436,0.06,-0.00271642301926214));
#6118=CARTESIAN_POINT('',(0.00802010629559394,0.06,0.0162402512180507));
#6119=CARTESIAN_POINT('',(0.0080145899002361,0.06,-0.00272664164620222));
#6120=CARTESIAN_POINT('',(0.00801912097063161,0.06,0.0128193983537358));
#6121=CARTESIAN_POINT('',(0.0074676234931806,0.06,-0.00271685701049651));
#6122=CARTESIAN_POINT('',(0.00756921750682955,0.06,0.000145031666399455));
#6123=CARTESIAN_POINT('',(0.0071168102000314,0.06,-0.00268269812467151));
#6124=CARTESIAN_POINT('',(0.00736554569379286,0.06,-0.00112801418311995));
#6125=CARTESIAN_POINT('',(0.00684609088007336,0.06,-0.00261431099078613));
#6126=CARTESIAN_POINT('',(0.00744855122316906,0.06,-0.00089051163343297));
#6127=CARTESIAN_POINT('',(0.00658092605398766,0.06,-0.00249726900628585));
#6128=CARTESIAN_POINT('',(0.00861092596463974,0.06,0.00126209719280933));
#6129=CARTESIAN_POINT('',(0.00607367048122634,0.06,-0.00217535367491743));
#6130=CARTESIAN_POINT('',(0.00846901696188528,0.06,0.00106983279092456));
#6131=CARTESIAN_POINT('',(0.00562434446569112,0.06,-0.00178967037394266));
#6132=CARTESIAN_POINT('',(0.0082758268804562,0.06,0.000875634521164981));
#6133=CARTESIAN_POINT('',(0.00525093976520112,0.06,-0.00135691270558232));
#6134=CARTESIAN_POINT('',(0.00768077354199185,0.06,0.000436455677418889));
#6135=CARTESIAN_POINT('',(0.00496999863654909,0.06,-0.000894694859523965));
#6136=CARTESIAN_POINT('',(0.00905198310779775,0.06,0.0011098051258046));
#6137=CARTESIAN_POINT('',(0.00480789601671765,0.06,-0.000523700973977293));
#6138=CARTESIAN_POINT('',(0.00640311645275033,0.06,9.02829123452622E-5));
#6139=CARTESIAN_POINT('',(-0.0445,0.06,-0.00464446675698246));
#6140=CARTESIAN_POINT('',(0.00641375136704409,0.06,0.0142810955182424));
#6141=CARTESIAN_POINT('',(0.0247053278000606,0.06,-0.000490806411100679));
#6142=CARTESIAN_POINT('',(0.0250268306700629,0.06,-8.35880450857484E-5));
#6143=CARTESIAN_POINT('',(0.0242868917363755,0.06,-0.00100894268076308));
#6144=CARTESIAN_POINT('',(0.0238684556726904,0.06,-0.00152707895042547));
#6145=CARTESIAN_POINT('',(0.0238534042797249,0.06,-0.000965317864916441));
#6146=CARTESIAN_POINT('',(0.0238383528867595,0.06,-0.000403556779407398));
#6147=CARTESIAN_POINT('',(0.0541608327704992,0.06,0.000408884573195022));
#6148=CARTESIAN_POINT('',(0.0238302267650627,0.06,0.));
#6149=CARTESIAN_POINT('',(-0.0445,0.06,0.));
#6150=CARTESIAN_POINT('',(0.0250908435946825,0.06,1.7347234759768E-18));
#6151=CARTESIAN_POINT('',(0.0138614091091635,0.06,0.00853335706812658));
#6152=CARTESIAN_POINT('',(-0.0445,0.06,-0.00464446675698246));
#6153=CARTESIAN_POINT('',(0.03397052436092,0.06,-0.000108715416357297));
#6154=CARTESIAN_POINT('',(0.0338842962894195,0.06,-2.03287907341032E-19));
#6155=CARTESIAN_POINT('',(0.0348985359202062,0.06,-0.00127874231475125));
#6156=CARTESIAN_POINT('',(-0.0445,0.06,0.));
#6157=CARTESIAN_POINT('',(0.0349181049103553,0.06,2.71050543121376E-19));
#6158=CARTESIAN_POINT('',(0.0349250505361858,0.06,0.000453864281405497));
#6159=CARTESIAN_POINT('',(-0.0445,-6.93889390390723E-18,0.));
#6160=CARTESIAN_POINT('',(-0.0316777304653435,-4.9395148497885E-18,0.));
#6161=CARTESIAN_POINT('',(-0.0316777304653435,0.059,1.0842021724855E-19));
#6162=CARTESIAN_POINT('',(-0.0445,0.059,0.));
#6163=CARTESIAN_POINT('',(-0.0335622025391348,0.059,0.));
#6164=CARTESIAN_POINT('',(-0.0335622025391348,-5.23336095731466E-18,0.));
#6165=CARTESIAN_POINT('',(-0.0405,0.06,0.));
#6166=CARTESIAN_POINT('',(-0.0406698710510943,0.06,0.));
#6167=CARTESIAN_POINT('',(-0.0409822705537464,0.0599939511228356,0.));
#6168=CARTESIAN_POINT('',(-0.0412798929021832,0.0599740801003988,0.));
#6169=CARTESIAN_POINT('',(-0.041506401518872,0.059945735246387,0.));
#6170=CARTESIAN_POINT('',(-0.0417910917398812,0.059896379166797,0.));
#6171=CARTESIAN_POINT('',(-0.0422355692158323,0.0597845753155664,0.));
#6172=CARTESIAN_POINT('',(-0.0429000249931634,0.0595053794180653,0.));
#6173=CARTESIAN_POINT('',(-0.0435313557695508,0.0590178397763402,0.));
#6174=CARTESIAN_POINT('',(-0.0440095099746779,0.058386910779418,0.));
#6175=CARTESIAN_POINT('',(-0.0442797380164801,0.05775405719256,0.));
#6176=CARTESIAN_POINT('',(-0.0444142276253424,0.0572189021336157,0.));
#6177=CARTESIAN_POINT('',(-0.0444647368841724,0.056875673101731,0.));
#6178=CARTESIAN_POINT('',(-0.0444855754198359,0.0566286407781321,0.));
#6179=CARTESIAN_POINT('',(-0.0444960818760191,0.0564058907029798,0.));
#6180=CARTESIAN_POINT('',(-0.0445,0.0561735839515679,0.));
#6181=CARTESIAN_POINT('',(-0.0445,0.056,0.));
#6182=CARTESIAN_POINT('',(-0.0445,0.056,0.));
#6183=CARTESIAN_POINT('',(-0.0445,-6.93889390390723E-18,0.));
#6184=CARTESIAN_POINT('',(-0.0445,-0.056,0.));
#6185=CARTESIAN_POINT('',(-0.0445,-0.056,0.));
#6186=CARTESIAN_POINT('',(-0.0445,-0.0561698710510869,0.));
#6187=CARTESIAN_POINT('',(-0.0444939511228358,-0.056482270553729,0.));
#6188=CARTESIAN_POINT('',(-0.0444740801003981,-0.0567798929021775,0.));
#6189=CARTESIAN_POINT('',(-0.0444457352463882,-0.0570064015188691,0.));
#6190=CARTESIAN_POINT('',(-0.0443963791668023,-0.0572910917398611,0.));
#6191=CARTESIAN_POINT('',(-0.0442845753155677,-0.0577355692158261,0.));
#6192=CARTESIAN_POINT('',(-0.0440053794180738,-0.0584000249931502,0.));
#6193=CARTESIAN_POINT('',(-0.0435178397763516,-0.0590313557695343,0.));
#6194=CARTESIAN_POINT('',(-0.0428869107794035,-0.0595095099746924,0.));
#6195=CARTESIAN_POINT('',(-0.0422540571925732,-0.0597797380164869,0.));
#6196=CARTESIAN_POINT('',(-0.0417189021335846,-0.0599142276253445,0.));
#6197=CARTESIAN_POINT('',(-0.0413756731017031,-0.0599647368841763,0.));
#6198=CARTESIAN_POINT('',(-0.0411286407781331,-0.0599855754198352,0.));
#6199=CARTESIAN_POINT('',(-0.0409058907029607,-0.0599960818760196,0.));
#6200=CARTESIAN_POINT('',(-0.0406735839515589,-0.06,0.));
#6201=CARTESIAN_POINT('',(-0.0405,-0.06,0.));
#6202=CARTESIAN_POINT('',(-0.0405,-0.06,0.));
#6203=CARTESIAN_POINT('',(-0.0445,-0.06,0.));
#6204=CARTESIAN_POINT('',(0.0405,-0.06,0.));
#6205=CARTESIAN_POINT('',(0.0405,-0.06,0.));
#6206=CARTESIAN_POINT('',(0.0406698710511018,-0.06,0.));
#6207=CARTESIAN_POINT('',(0.040982270553763,-0.0599939511228354,0.));
#6208=CARTESIAN_POINT('',(0.0412798929021911,-0.0599740801003992,0.));
#6209=CARTESIAN_POINT('',(0.0415064015188714,-0.0599457352463862,0.));
#6210=CARTESIAN_POINT('',(0.0417910917398857,-0.0598963791667938,0.));
#6211=CARTESIAN_POINT('',(0.0422355692158346,-0.0597845753155639,0.));
#6212=CARTESIAN_POINT('',(0.0429000249931536,-0.0595053794180735,0.));
#6213=CARTESIAN_POINT('',(0.0435313557695433,-0.0590178397763454,0.));
#6214=CARTESIAN_POINT('',(0.0440095099746812,-0.0583869107794181,0.));
#6215=CARTESIAN_POINT('',(0.0442797380164819,-0.0577540571925603,0.));
#6216=CARTESIAN_POINT('',(0.0444142276253411,-0.0572189021336174,0.));
#6217=CARTESIAN_POINT('',(0.0444647368841713,-0.0568756731017302,0.));
#6218=CARTESIAN_POINT('',(0.0444855754198361,-0.0566286407781354,0.));
#6219=CARTESIAN_POINT('',(0.044496081876019,-0.056405890702992,0.));
#6220=CARTESIAN_POINT('',(0.0445,-0.0561735839515749,0.));
#6221=CARTESIAN_POINT('',(0.0445,-0.056,0.));
#6222=CARTESIAN_POINT('',(0.0445,-0.056,0.));
#6223=CARTESIAN_POINT('',(0.0445,-6.93889390390723E-18,0.));
#6224=CARTESIAN_POINT('',(0.0445,0.056,0.));
#6225=CARTESIAN_POINT('',(0.0445,0.056,0.));
#6226=CARTESIAN_POINT('',(0.0445,0.0561698710510869,0.));
#6227=CARTESIAN_POINT('',(0.0444939511228357,0.0564822705537298,0.));
#6228=CARTESIAN_POINT('',(0.0444740801003984,0.0567798929021753,0.));
#6229=CARTESIAN_POINT('',(0.0444457352463877,0.057006401518873,0.));
#6230=CARTESIAN_POINT('',(0.0443963791668002,0.0572910917398775,0.));
#6231=CARTESIAN_POINT('',(0.0442845753155682,0.0577355692158327,0.));
#6232=CARTESIAN_POINT('',(0.0440053794180627,0.0584000249931551,0.));
#6233=CARTESIAN_POINT('',(0.0435178397763443,0.0590313557695393,0.));
#6234=CARTESIAN_POINT('',(0.042886910779401,0.0595095099746948,0.));
#6235=CARTESIAN_POINT('',(0.0422540571925667,0.0597797380164923,0.));
#6236=CARTESIAN_POINT('',(0.0417189021335877,0.059914227625342,0.));
#6237=CARTESIAN_POINT('',(0.0413756731017007,0.0599647368841748,0.));
#6238=CARTESIAN_POINT('',(0.0411286407781386,0.0599855754198354,0.));
#6239=CARTESIAN_POINT('',(0.0409058907029801,0.0599960818760194,0.));
#6240=CARTESIAN_POINT('',(0.04067358395157,0.06,0.));
#6241=CARTESIAN_POINT('',(0.0405,0.06,0.));
#6242=CARTESIAN_POINT('',(0.036860617502697,5.74768346255551E-18,0.));
#6243=CARTESIAN_POINT('',(0.036860617502697,0.059,0.));
#6244=CARTESIAN_POINT('',(-0.0445,0.059,0.));
#6245=CARTESIAN_POINT('',(0.0349181049103553,0.059,0.));
#6246=CARTESIAN_POINT('',(0.0349181049103553,5.4447870853586E-18,0.));
#6247=CARTESIAN_POINT('',(0.0338842962894195,5.28358510024359E-18,0.));
#6248=CARTESIAN_POINT('',(0.0338842962894195,0.059,-2.02610280983228E-18));
#6249=CARTESIAN_POINT('',(-0.0445,0.059,0.));
#6250=CARTESIAN_POINT('',(0.0315372651061434,0.059,0.));
#6251=CARTESIAN_POINT('',(0.0315372651061434,0.059,0.));
#6252=CARTESIAN_POINT('',(0.0284147266314782,0.059,0.));
#6253=CARTESIAN_POINT('',(0.0284147266314782,0.059,0.));
#6254=CARTESIAN_POINT('',(-0.0445,0.059,0.));
#6255=CARTESIAN_POINT('',(0.0250908435946825,0.059,0.));
#6256=CARTESIAN_POINT('',(0.0250908435946825,0.059,0.));
#6257=CARTESIAN_POINT('',(0.0238302267650627,0.059,0.));
#6258=CARTESIAN_POINT('',(0.0238302267650627,0.059,0.));
#6259=CARTESIAN_POINT('',(-0.0445,0.059,0.));
#6260=CARTESIAN_POINT('',(0.022012432554118,0.059,0.));
#6261=CARTESIAN_POINT('',(0.022012432554118,3.43240301258288E-18,0.));
#6262=CARTESIAN_POINT('',(0.0195730878839943,3.05203551008738E-18,0.));
#6263=CARTESIAN_POINT('',(0.0195730878839943,0.059,0.));
#6264=CARTESIAN_POINT('',(-0.0445,0.059,0.));
#6265=CARTESIAN_POINT('',(0.0177849479968846,0.059,-5.42101086242752E-20));
#6266=CARTESIAN_POINT('',(0.0177849479968846,2.77321049970538E-18,0.));
#6267=CARTESIAN_POINT('',(0.0131947114464777,0.059,0.));
#6268=CARTESIAN_POINT('',(0.0131947114464777,0.059,0.));
#6269=CARTESIAN_POINT('',(-0.0445,0.059,0.));
#6270=CARTESIAN_POINT('',(0.0113400442136513,0.059,0.));
#6271=CARTESIAN_POINT('',(0.0113400442136513,0.059,0.));
#6272=CARTESIAN_POINT('',(0.00469172630928946,0.059,0.));
#6273=CARTESIAN_POINT('',(0.00469172630928946,0.059,0.));
#6274=CARTESIAN_POINT('',(-0.0445,0.059,0.));
#6275=CARTESIAN_POINT('',(0.00278632779927684,0.059,0.));
#6276=CARTESIAN_POINT('',(0.00278632779927684,0.059,0.));
#6277=CARTESIAN_POINT('',(0.00101285669827054,1.57934947621597E-19,0.));
#6278=CARTESIAN_POINT('',(0.00101285669827053,0.059,0.));
#6279=CARTESIAN_POINT('',(-0.0445,0.059,0.));
#6280=CARTESIAN_POINT('',(-0.000790177672555514,0.059,0.));
#6281=CARTESIAN_POINT('',(-0.000790177672555514,0.059,0.));
#6282=CARTESIAN_POINT('',(-0.00238887349373762,0.059,0.));
#6283=CARTESIAN_POINT('',(-0.00238887349373762,0.059,0.));
#6284=CARTESIAN_POINT('',(-0.0445,0.059,0.));
#6285=CARTESIAN_POINT('',(-0.00473027544398667,0.059,-1.6940658945086E-19));
#6286=CARTESIAN_POINT('',(-0.00473027544398667,-7.37592796451262E-19,0.));
#6287=CARTESIAN_POINT('',(-0.00969904815749003,-1.51237451985866E-18,0.));
#6288=CARTESIAN_POINT('',(-0.00969904815749003,0.059,0.));
#6289=CARTESIAN_POINT('',(-0.0445,0.059,0.));
#6290=CARTESIAN_POINT('',(-0.0115085509104899,0.059,0.));
#6291=CARTESIAN_POINT('',(-0.0115085509104899,0.059,0.));
#6292=CARTESIAN_POINT('',(-0.0128107063164111,0.059,0.));
#6293=CARTESIAN_POINT('',(-0.0128107063164111,0.059,0.));
#6294=CARTESIAN_POINT('',(-0.0445,0.059,0.));
#6295=CARTESIAN_POINT('',(-0.0161251078974563,0.059,0.));
#6296=CARTESIAN_POINT('',(-0.0161251078974563,0.059,0.));
#6297=CARTESIAN_POINT('',(-0.0186623217531099,-2.91001956506539E-18,0.));
#6298=CARTESIAN_POINT('',(-0.01866232175311,0.059,7.9959910220806E-19));
#6299=CARTESIAN_POINT('',(-0.0445,0.059,0.));
#6300=CARTESIAN_POINT('',(-0.0198642368983555,0.059,2.71050543121376E-20));
#6301=CARTESIAN_POINT('',(-0.0198642368983555,-3.09743443415208E-18,0.));
#6302=CARTESIAN_POINT('',(-0.0221730342402104,0.059,0.));
#6303=CARTESIAN_POINT('',(-0.0221730342402104,0.059,0.));
#6304=CARTESIAN_POINT('',(-0.0445,0.059,0.));
#6305=CARTESIAN_POINT('',(-0.02452563311794,0.059,-3.79470760369927E-19));
#6306=CARTESIAN_POINT('',(-0.02452563311794,-3.82428687936043E-18,0.));
#6307=CARTESIAN_POINT('',(-0.0256380765402555,0.059,0.));
#6308=CARTESIAN_POINT('',(-0.0256380765402555,0.059,0.));
#6309=CARTESIAN_POINT('',(-0.0445,0.059,0.));
#6310=CARTESIAN_POINT('',(-0.0274638408638256,0.059,0.));
#6311=CARTESIAN_POINT('',(-0.0274638408638256,-4.28244220107591E-18,0.));
#6312=CARTESIAN_POINT('',(0.0395,-0.055,0.));
#6313=CARTESIAN_POINT('',(0.038,-0.055,0.));
#6314=CARTESIAN_POINT('',(0.0395,0.055,0.));
#6315=CARTESIAN_POINT('',(0.038,0.055,0.));
#6316=CARTESIAN_POINT('',(-0.0035,-0.046,0.));
#6317=CARTESIAN_POINT('',(-0.0075,-0.046,0.));
#6318=CARTESIAN_POINT('',(0.0305,0.046,0.));
#6319=CARTESIAN_POINT('',(0.0265,0.046,0.));
#6320=CARTESIAN_POINT('',(-0.0305,0.046,0.));
#6321=CARTESIAN_POINT('',(-0.028,0.046,0.));
#6322=CARTESIAN_POINT('',(0.0246151126921177,-0.046,0.));
#6323=CARTESIAN_POINT('',(0.0271151126921177,-0.046,0.));
#6324=CARTESIAN_POINT('',(-0.0395,-0.055,0.));
#6325=CARTESIAN_POINT('',(-0.041,-0.055,0.));
#6326=CARTESIAN_POINT('',(-0.0395,0.055,0.));
#6327=CARTESIAN_POINT('',(-0.041,0.055,0.));
#6328=CARTESIAN_POINT('',(-0.0445,-6.93889390390723E-18,-0.00614446675698246));
#6329=CARTESIAN_POINT('',(0.0395,-0.055,-0.00326203889641521));
#6330=CARTESIAN_POINT('',(0.0395,-0.0579,-0.00311005633649439));
#6331=CARTESIAN_POINT('',(-0.0395,-0.055,-0.00326203889641521));
#6332=CARTESIAN_POINT('',(-0.0395,-0.0579,-0.00311005633649439));
#6333=CARTESIAN_POINT('',(-0.0445,-0.06,-0.003));
#6334=CARTESIAN_POINT('',(-0.0405,-0.06,-0.003));
#6335=CARTESIAN_POINT('',(0.0405,-0.06,-0.003));
#6336=CARTESIAN_POINT('',(-0.0405,-0.0600000000000001,-0.003));
#6337=CARTESIAN_POINT('',(-0.040669977001159,-0.0600000000000001,-0.003));
#6338=CARTESIAN_POINT('',(-0.0409825747180254,-0.0599939403968151,-0.00300031757034626));
#6339=CARTESIAN_POINT('',(-0.0412804036007641,-0.0599740334651587,-0.00300136084842671));
#6340=CARTESIAN_POINT('',(-0.0415070653384354,-0.059945638618712,-0.00300284895927207));
#6341=CARTESIAN_POINT('',(-0.0417919113521323,-0.0598962069170541,-0.00300543956498214));
#6342=CARTESIAN_POINT('',(-0.0422366718830802,-0.0597842184791577,-0.00301130863031767));
#6343=CARTESIAN_POINT('',(-0.0429011269822436,-0.0595047561532687,-0.00302595463021078));
#6344=CARTESIAN_POINT('',(-0.0435324092877743,-0.0590167995797455,-0.00305152735061569));
#6345=CARTESIAN_POINT('',(-0.0440102445652123,-0.0583855757030448,-0.00308460839222401));
#6346=CARTESIAN_POINT('',(-0.0442800890028117,-0.0577529740704719,-0.00311776163895798));
#6347=CARTESIAN_POINT('',(-0.0444143811466605,-0.0572180862922744,-0.00314579391957895));
#6348=CARTESIAN_POINT('',(-0.044464801692487,-0.0568750845192805,-0.00316376988079171));
#6349=CARTESIAN_POINT('',(-0.04448560299003,-0.0566282136002202,-0.00317670783742922));
#6350=CARTESIAN_POINT('',(-0.044496089076943,-0.0564056249349394,-0.00318837321507016));
#6351=CARTESIAN_POINT('',(-0.0445,-0.0561734712434484,-0.00320053987449357));
#6352=CARTESIAN_POINT('',(-0.0445,-0.056,-0.00320963111713216));
#6353=CARTESIAN_POINT('',(-0.0445,-0.056,-0.00320963111713217));
#6354=CARTESIAN_POINT('',(-0.0445,-6.93889390390723E-18,-0.00614446675698246));
#6355=CARTESIAN_POINT('',(-0.0445,0.056,-0.00907930239683275));
#6356=CARTESIAN_POINT('',(-0.0445,0.056,-0.00907930239683276));
#6357=CARTESIAN_POINT('',(-0.0445,0.0561697690067787,-0.00908819961346911));
#6358=CARTESIAN_POINT('',(-0.0444939614558705,0.0564819774780761,-0.00910456176612316));
#6359=CARTESIAN_POINT('',(-0.0444741250136124,0.0567794007538992,-0.00912014905951614));
#6360=CARTESIAN_POINT('',(-0.0444458283257387,0.0570057612103467,-0.00913201210835605));
#6361=CARTESIAN_POINT('',(-0.0443965454282853,0.0572902997131471,-0.00914692413940834));
#6362=CARTESIAN_POINT('',(-0.0442849199966984,0.0577345026563766,-0.00917020382921399));
#6363=CARTESIAN_POINT('',(-0.0440059865127957,0.0583989477228308,-0.00920502591960242));
#6364=CARTESIAN_POINT('',(-0.0435188638627973,0.0590303163803079,-0.00923811454884972));
#6365=CARTESIAN_POINT('',(-0.0428882348202492,0.0595087791533189,-0.00926318972025283));
#6366=CARTESIAN_POINT('',(-0.0422551460027456,0.0597793840276599,-0.00927737152078021));
#6367=CARTESIAN_POINT('',(-0.0417197330610808,0.0599140707441932,-0.00928443015249264));
#6368=CARTESIAN_POINT('',(-0.0413762806192629,0.0599646697614929,-0.00928708193462322));
#6369=CARTESIAN_POINT('',(-0.0411290873138659,0.0599855465362473,-0.00928817604002669));
#6370=CARTESIAN_POINT('',(-0.0409061668328209,0.0599960744179436,-0.00928872778292695));
#6371=CARTESIAN_POINT('',(-0.0406737013047578,0.0599999999999999,-0.00928893351396491));
#6372=CARTESIAN_POINT('',(-0.0405,0.0599999999999999,-0.00928893351396491));
#6373=CARTESIAN_POINT('',(0.0405,0.06,-0.00928893351396492));
#6374=CARTESIAN_POINT('',(0.0406699770011712,0.06,-0.00928893351396492));
#6375=CARTESIAN_POINT('',(0.0409825747180527,0.0599939403968148,-0.00928861594361865));
#6376=CARTESIAN_POINT('',(0.0412804036007766,0.0599740334651594,-0.00928757266553825));
#6377=CARTESIAN_POINT('',(0.0415070653384348,0.0599456386187106,-0.00928608455469278));
#6378=CARTESIAN_POINT('',(0.0417919113521414,0.0598962069170488,-0.00928349394898251));
#6379=CARTESIAN_POINT('',(0.0422366718830856,0.0597842184791531,-0.00927762488364701));
#6380=CARTESIAN_POINT('',(0.0429011269822215,0.0595047561532854,-0.00926297888375501));
#6381=CARTESIAN_POINT('',(0.0435324092877633,0.0590167995797449,-0.0092374061633492));
#6382=CARTESIAN_POINT('',(0.0440102445652011,0.0583855757030805,-0.00920432512174278));
#6383=CARTESIAN_POINT('',(0.0442800890028041,0.0577529740704657,-0.00917117187500662));
#6384=CARTESIAN_POINT('',(0.0444143811466533,0.0572180862923256,-0.00914313959438865));
#6385=CARTESIAN_POINT('',(0.0444648016924772,0.0568750845193208,-0.00912516363317533));
#6386=CARTESIAN_POINT('',(0.0444856029900319,0.0566282136002304,-0.00911222567653623));
#6387=CARTESIAN_POINT('',(0.0444960890769419,0.0564056249350132,-0.00910056029889862));
#6388=CARTESIAN_POINT('',(0.0445,0.0561734712434874,-0.0090883936394734));
#6389=CARTESIAN_POINT('',(0.0445,0.056,-0.00907930239683276));
#6390=CARTESIAN_POINT('',(0.0445,0.056,-0.00907930239683275));
#6391=CARTESIAN_POINT('',(0.0445,-6.93889390390723E-18,-0.00614446675698246));
#6392=CARTESIAN_POINT('',(0.0445,-0.056,-0.00320963111713217));
#6393=CARTESIAN_POINT('',(0.0445,-0.056,-0.00320963111713216));
#6394=CARTESIAN_POINT('',(0.0445,-0.0561697690067569,-0.00320073390049695));
#6395=CARTESIAN_POINT('',(0.0444939614558712,-0.0564819774780254,-0.00318437174784441));
#6396=CARTESIAN_POINT('',(0.0444741250136104,-0.0567794007538824,-0.00316878445444966));
#6397=CARTESIAN_POINT('',(0.0444458283257423,-0.0570057612103381,-0.00315692140560932));
#6398=CARTESIAN_POINT('',(0.0443965454283006,-0.0572902997130891,-0.00314200937455962));
#6399=CARTESIAN_POINT('',(0.0442849199967043,-0.0577345026563516,-0.00311872968475224));
#6400=CARTESIAN_POINT('',(0.0440059865128027,-0.0583989477228461,-0.0030839075943617));
#6401=CARTESIAN_POINT('',(0.0435188638628021,-0.0590303163803152,-0.00305081896511482));
#6402=CARTESIAN_POINT('',(0.0428882348202563,-0.0595087791533055,-0.0030257437937128));
#6403=CARTESIAN_POINT('',(0.042255146002738,-0.0597793840276487,-0.0030115619931853));
#6404=CARTESIAN_POINT('',(0.0417197330611014,-0.0599140707441949,-0.00300450336147219));
#6405=CARTESIAN_POINT('',(0.0413762806192876,-0.0599646697614921,-0.00300185157934174));
#6406=CARTESIAN_POINT('',(0.0411290873138572,-0.0599855465362475,-0.00300075747393822));
#6407=CARTESIAN_POINT('',(0.0409061668328074,-0.0599960744179436,-0.00300020573103797));
#6408=CARTESIAN_POINT('',(0.0406737013047487,-0.0600000000000001,-0.003));
#6409=CARTESIAN_POINT('',(0.0405,-0.0600000000000001,-0.003));
#6410=CARTESIAN_POINT('',(0.0395,0.055,-0.00902689461754971));
#6411=CARTESIAN_POINT('',(0.0395,0.0521,-0.00887491205762889));
#6412=CARTESIAN_POINT('',(-0.0395,0.055,-0.00902689461754971));
#6413=CARTESIAN_POINT('',(-0.0395,0.0521,-0.00887491205762889));
#6414=CARTESIAN_POINT('',(-0.0035,-0.046,0.0015));
#6415=CARTESIAN_POINT('',(-0.0035,-0.046,0.0015));
#6416=CARTESIAN_POINT('',(-0.006,-0.046,0.0015));
#6417=CARTESIAN_POINT('',(0.0305,0.046,0.0015));
#6418=CARTESIAN_POINT('',(0.0305,0.046,0.0015));
#6419=CARTESIAN_POINT('',(0.028,0.046,0.0015));
#6420=CARTESIAN_POINT('',(-0.0445,-0.06,-0.0015));
#6421=CARTESIAN_POINT('',(-0.0405,-0.06,-2.60208521396521E-17));
#6422=CARTESIAN_POINT('',(-0.0405,-0.06,-0.000999999999999919));
#6423=CARTESIAN_POINT('',(-0.0405,-0.06,-0.00199999999999981));
#6424=CARTESIAN_POINT('',(-0.0405,-0.06,-0.00299999999999971));
#6425=CARTESIAN_POINT('',(0.0405,-0.06,-0.0030000000000003));
#6426=CARTESIAN_POINT('',(0.0405,-0.06,-0.00200000000000019));
#6427=CARTESIAN_POINT('',(0.0405,-0.06,-0.00100000000000008));
#6428=CARTESIAN_POINT('',(0.0405,-0.06,2.99239799605999E-17));
#6429=CARTESIAN_POINT('',(-0.0445,0.,-0.00464446675698246));
#6430=CARTESIAN_POINT('',(-0.0445,-0.056,-0.00320963111713211));
#6431=CARTESIAN_POINT('',(-0.0445,-0.056,-0.00213975407808808));
#6432=CARTESIAN_POINT('',(-0.0445,-0.056,-0.00106987703904406));
#6433=CARTESIAN_POINT('',(-0.0445,-0.056,-2.94902990916057E-17));
#6434=CARTESIAN_POINT('',(-0.0445,0.056,1.60461921527855E-16));
#6435=CARTESIAN_POINT('',(-0.0445,0.056,-0.00302643413227771));
#6436=CARTESIAN_POINT('',(-0.0445,0.056,-0.00605286826455557));
#6437=CARTESIAN_POINT('',(-0.0445,0.056,-0.00907930239683344));
#6438=CARTESIAN_POINT('',(0.0445,0.,-0.00464446675698246));
#6439=CARTESIAN_POINT('',(0.0445,-0.056,3.03576608295941E-17));
#6440=CARTESIAN_POINT('',(0.0445,-0.056,-0.00106987703904405));
#6441=CARTESIAN_POINT('',(0.0445,-0.056,-0.00213975407808814));
#6442=CARTESIAN_POINT('',(0.0445,-0.056,-0.00320963111713222));
#6443=CARTESIAN_POINT('',(0.0445,0.056,-0.00907930239683413));
#6444=CARTESIAN_POINT('',(0.0445,0.056,-0.00605286826455598));
#6445=CARTESIAN_POINT('',(0.0445,0.056,-0.00302643413227783));
#6446=CARTESIAN_POINT('',(0.0445,0.056,3.20056481317721E-16));
#6447=CARTESIAN_POINT('',(-0.0035,-0.046,0.002));
#6448=CARTESIAN_POINT('',(-0.0035,-0.046,0.002));
#6449=CARTESIAN_POINT('',(-0.001,-0.046,0.002));
#6450=CARTESIAN_POINT('',(0.,0.,0.002));
#6451=CARTESIAN_POINT('',(0.0305,0.046,0.002));
#6452=CARTESIAN_POINT('',(0.0305,0.046,0.002));
#6453=CARTESIAN_POINT('',(0.033,0.046,0.002));
#6454=CARTESIAN_POINT('',(0.,0.,0.002));
#6455=CARTESIAN_POINT('',(0.0246151126921177,-0.046,0.002));
#6456=CARTESIAN_POINT('',(0.0246151126921177,-0.046,0.002));
#6457=CARTESIAN_POINT('',(0.0271151126921177,-0.046,0.002));
#6458=CARTESIAN_POINT('',(0.,0.,0.002));
#6459=CARTESIAN_POINT('',(-0.0305,0.046,0.002));
#6460=CARTESIAN_POINT('',(-0.0305,0.046,0.002));
#6461=CARTESIAN_POINT('',(-0.028,0.046,0.002));
#6462=CARTESIAN_POINT('',(0.,0.,0.002));
#6463=CARTESIAN_POINT('',(-0.0395,-0.055,-0.01065));
#6464=CARTESIAN_POINT('',(-0.0395,-0.055,-0.002));
#6465=CARTESIAN_POINT('',(-0.0366,-0.055,-0.002));
#6466=CARTESIAN_POINT('',(6.93889390390723E-18,0.,-0.002));
#6467=CARTESIAN_POINT('',(-0.0395,-0.055,-0.002));
#6468=CARTESIAN_POINT('',(-0.038,-0.055,-0.002));
#6469=CARTESIAN_POINT('',(0.0395,-0.055,-0.01065));
#6470=CARTESIAN_POINT('',(0.0395,-0.055,-0.002));
#6471=CARTESIAN_POINT('',(0.0424,-0.055,-0.002));
#6472=CARTESIAN_POINT('',(6.93889390390723E-18,0.,-0.002));
#6473=CARTESIAN_POINT('',(0.0395,-0.055,-0.002));
#6474=CARTESIAN_POINT('',(0.041,-0.055,-0.002));
#6475=CARTESIAN_POINT('',(0.0395,0.055,-0.01065));
#6476=CARTESIAN_POINT('',(0.0395,0.055,-0.002));
#6477=CARTESIAN_POINT('',(0.0424,0.055,-0.002));
#6478=CARTESIAN_POINT('',(6.93889390390723E-18,0.,-0.002));
#6479=CARTESIAN_POINT('',(0.0395,0.055,-0.002));
#6480=CARTESIAN_POINT('',(0.041,0.055,-0.002));
#6481=CARTESIAN_POINT('',(-0.0395,0.055,-0.01065));
#6482=CARTESIAN_POINT('',(-0.0395,0.055,-0.002));
#6483=CARTESIAN_POINT('',(-0.0366,0.055,-0.002));
#6484=CARTESIAN_POINT('',(6.93889390390723E-18,0.,-0.002));
#6485=CARTESIAN_POINT('',(-0.0395,0.055,-0.002));
#6486=CARTESIAN_POINT('',(-0.038,0.055,-0.002));
#6487=CARTESIAN_POINT('',(-0.0395,0.055,-0.150569081970726));
#6488=CARTESIAN_POINT('',(0.0395,0.055,-0.150569081970726));
#6489=CARTESIAN_POINT('',(0.0395,-0.055,-0.150569081970726));
#6490=CARTESIAN_POINT('',(-0.0395,-0.055,-0.150569081970726));
#6491=CARTESIAN_POINT('',(-0.0445,-0.056,-0.00322888890383496));
#6492=CARTESIAN_POINT('',(-0.0445,-0.056,0.));
#6493=CARTESIAN_POINT('',(-0.0445,-0.0566,-0.00322888890383496));
#6494=CARTESIAN_POINT('',(-0.0445,-0.0566,0.));
#6495=CARTESIAN_POINT('',(-0.0445,-0.0572,-0.00322888890383496));
#6496=CARTESIAN_POINT('',(-0.0445,-0.0572,4.33680868994202E-19));
#6497=CARTESIAN_POINT('',(-0.0441,-0.0586666666666667,-0.00322888890383496));
#6498=CARTESIAN_POINT('',(-0.0441,-0.0586666666666667,4.33680868994202E-19));
#6499=CARTESIAN_POINT('',(-0.0431666666666667,-0.0596,-0.00322888890383496));
#6500=CARTESIAN_POINT('',(-0.0431666666666667,-0.0596,4.33680868994202E-19));
#6501=CARTESIAN_POINT('',(-0.0417,-0.06,-0.00322888890383496));
#6502=CARTESIAN_POINT('',(-0.0417,-0.06,0.));
#6503=CARTESIAN_POINT('',(-0.0411,-0.06,-0.00322888890383496));
#6504=CARTESIAN_POINT('',(-0.0411,-0.06,0.));
#6505=CARTESIAN_POINT('',(-0.0405,-0.06,-0.00322888890383496));
#6506=CARTESIAN_POINT('',(-0.0405,-0.06,0.));
#6507=CARTESIAN_POINT('',(0.0445,-0.056,3.03576608295941E-17));
#6508=CARTESIAN_POINT('',(0.0445,-0.056,-0.00322888890383501));
#6509=CARTESIAN_POINT('',(0.0445,-0.0566,3.03576608295941E-17));
#6510=CARTESIAN_POINT('',(0.0445,-0.0566,-0.00322888890383501));
#6511=CARTESIAN_POINT('',(0.0445,-0.0572,3.03576608295941E-17));
#6512=CARTESIAN_POINT('',(0.0445,-0.0572,-0.00322888890383501));
#6513=CARTESIAN_POINT('',(0.0441,-0.0586666666666667,3.03576608295941E-17));
#6514=CARTESIAN_POINT('',(0.0441,-0.0586666666666667,-0.00322888890383501));
#6515=CARTESIAN_POINT('',(0.0431666666666667,-0.0596,3.03576608295941E-17));
#6516=CARTESIAN_POINT('',(0.0431666666666667,-0.0596,-0.00322888890383501));
#6517=CARTESIAN_POINT('',(0.0417,-0.06,3.03576608295941E-17));
#6518=CARTESIAN_POINT('',(0.0417,-0.06,-0.00322888890383501));
#6519=CARTESIAN_POINT('',(0.0411,-0.06,3.03576608295941E-17));
#6520=CARTESIAN_POINT('',(0.0411,-0.06,-0.00322888890383501));
#6521=CARTESIAN_POINT('',(0.0405,-0.06,3.03576608295941E-17));
#6522=CARTESIAN_POINT('',(0.0405,-0.06,-0.00322888890383501));
#6523=CARTESIAN_POINT('',(-0.0445,0.056,1.60461921527855E-16));
#6524=CARTESIAN_POINT('',(-0.0445,0.056,-0.00934466711504903));
#6525=CARTESIAN_POINT('',(-0.0445,0.0566,1.60461921527855E-16));
#6526=CARTESIAN_POINT('',(-0.0445,0.0566,-0.00934466711504903));
#6527=CARTESIAN_POINT('',(-0.0445,0.0572,1.60461921527855E-16));
#6528=CARTESIAN_POINT('',(-0.0445,0.0572,-0.00934466711504903));
#6529=CARTESIAN_POINT('',(-0.0441,0.0586666666666667,1.60461921527855E-16));
#6530=CARTESIAN_POINT('',(-0.0441,0.0586666666666667,-0.00934466711504903));
#6531=CARTESIAN_POINT('',(-0.0431666666666666,0.0596,1.60461921527855E-16));
#6532=CARTESIAN_POINT('',(-0.0431666666666666,0.0596,-0.00934466711504903));
#6533=CARTESIAN_POINT('',(-0.0417,0.06,1.60461921527855E-16));
#6534=CARTESIAN_POINT('',(-0.0417,0.06,-0.00934466711504903));
#6535=CARTESIAN_POINT('',(-0.0411,0.06,1.60461921527855E-16));
#6536=CARTESIAN_POINT('',(-0.0411,0.06,-0.00934466711504903));
#6537=CARTESIAN_POINT('',(-0.0405,0.06,1.60461921527855E-16));
#6538=CARTESIAN_POINT('',(-0.0405,0.06,-0.00934466711504903));
#6539=CARTESIAN_POINT('',(0.0445,0.056,-0.00934466711504937));
#6540=CARTESIAN_POINT('',(0.0445,0.056,3.17454396103756E-16));
#6541=CARTESIAN_POINT('',(0.0445,0.0566,-0.00934466711504937));
#6542=CARTESIAN_POINT('',(0.0445,0.0566,3.17454396103756E-16));
#6543=CARTESIAN_POINT('',(0.0445,0.0572,-0.00934466711504937));
#6544=CARTESIAN_POINT('',(0.0445,0.0572,3.19189119579733E-16));
#6545=CARTESIAN_POINT('',(0.0441,0.0586666666666667,-0.00934466711504937));
#6546=CARTESIAN_POINT('',(0.0441,0.0586666666666667,3.19189119579733E-16));
#6547=CARTESIAN_POINT('',(0.0431666666666667,0.0596,-0.00934466711504937));
#6548=CARTESIAN_POINT('',(0.0431666666666667,0.0596,3.19189119579733E-16));
#6549=CARTESIAN_POINT('',(0.0417,0.06,-0.00934466711504937));
#6550=CARTESIAN_POINT('',(0.0417,0.06,3.19189119579733E-16));
#6551=CARTESIAN_POINT('',(0.0411,0.06,-0.00934466711504937));
#6552=CARTESIAN_POINT('',(0.0411,0.06,3.19189119579733E-16));
#6553=CARTESIAN_POINT('',(0.0405,0.06,-0.00934466711504937));
#6554=CARTESIAN_POINT('',(0.0405,0.06,3.19189119579733E-16));
#6555=CARTESIAN_POINT('',(-1.61387757090876E-17,0.059,0.0019255016053379));
#6556=CARTESIAN_POINT('',(0.03397052436092,0.059,-0.000108715416357297));
#6557=CARTESIAN_POINT('',(0.0348985359202062,0.059,-0.00127874231475125));
#6558=CARTESIAN_POINT('',(0.0349250505361858,0.059,0.000453864281405497));
#6559=CARTESIAN_POINT('',(0.036860617502697,0.059,-0.00177631384825987));
#6560=CARTESIAN_POINT('',(0.036860617502697,0.059,-0.00427274231238915));
#6561=CARTESIAN_POINT('',(0.0363729664657863,0.059,-0.00425749502944084));
#6562=CARTESIAN_POINT('',(0.034910013248996,0.059,-0.00421175318059592));
#6563=CARTESIAN_POINT('',(0.0344639766367193,0.059,-0.00365494624502421));
#6564=CARTESIAN_POINT('',(0.0340179400244421,0.059,-0.00309813930945202));
#6565=CARTESIAN_POINT('',(-1.99102343389469,0.059,-1.62528034220238));
#6566=CARTESIAN_POINT('',(0.0336545204101555,0.059,-0.0026445707432432));
#6567=CARTESIAN_POINT('',(-1.80803340349185,0.059,-1.4786305738463));
#6568=CARTESIAN_POINT('',(0.0333002307326758,0.059,-0.00220260815474105));
#6569=CARTESIAN_POINT('',(-1.62933167548048,0.059,-1.33534520179382));
#6570=CARTESIAN_POINT('',(0.0329962310091491,0.059,-0.00182356273484782));
#6571=CARTESIAN_POINT('',(-0.147089826796826,0.059,-0.146288828246607));
#6572=CARTESIAN_POINT('',(0.0328273727833414,0.059,-0.00161332081459461));
#6573=CARTESIAN_POINT('',(0.121675140290518,0.059,0.0698313125973708));
#6574=CARTESIAN_POINT('',(0.0326353660250822,0.059,-0.00137388407492089));
#6575=CARTESIAN_POINT('',(2.72829020025119,0.059,2.15434378826677));
#6576=CARTESIAN_POINT('',(0.0321439324660849,0.059,-0.000759218747351742));
#6577=CARTESIAN_POINT('',(2.44424312439354,0.059,1.92729364844642));
#6578=CARTESIAN_POINT('',(0.0315579158629067,0.059,-2.58515142634863E-5));
#6579=CARTESIAN_POINT('',(3.41618017282667,0.059,2.70370583812391));
#6580=CARTESIAN_POINT('',(0.036860617502697,0.059,-0.00177631384825987));
#6581=CARTESIAN_POINT('',(0.036860617502697,0.059,-0.00427274231238915));
#6582=CARTESIAN_POINT('',(3.41618017282667,0.059,2.70370583812391));
#6583=CARTESIAN_POINT('',(0.0315579158629067,0.059,-2.58515142634863E-5));
#6584=CARTESIAN_POINT('',(0.03397052436092,0.059,-0.000108715416357297));
#6585=CARTESIAN_POINT('',(0.0348985359202062,0.059,-0.00127874231475125));
#6586=CARTESIAN_POINT('',(0.0349250505361858,0.059,0.000453864281405497));
#6587=CARTESIAN_POINT('',(0.0363729664657863,0.059,-0.00425749502944084));
#6588=CARTESIAN_POINT('',(0.034910013248996,0.059,-0.00421175318059592));
#6589=CARTESIAN_POINT('',(0.0344639766367193,0.059,-0.00365494624502421));
#6590=CARTESIAN_POINT('',(0.0340179400244421,0.059,-0.00309813930945202));
#6591=CARTESIAN_POINT('',(-1.99102343389469,0.059,-1.62528034220238));
#6592=CARTESIAN_POINT('',(0.0336545204101555,0.059,-0.0026445707432432));
#6593=CARTESIAN_POINT('',(-1.80803340349185,0.059,-1.4786305738463));
#6594=CARTESIAN_POINT('',(0.0333002307326758,0.059,-0.00220260815474105));
#6595=CARTESIAN_POINT('',(-1.62933167548048,0.059,-1.33534520179382));
#6596=CARTESIAN_POINT('',(0.0329962310091491,0.059,-0.00182356273484782));
#6597=CARTESIAN_POINT('',(-0.147089826796826,0.059,-0.146288828246607));
#6598=CARTESIAN_POINT('',(0.0328273727833414,0.059,-0.00161332081459461));
#6599=CARTESIAN_POINT('',(0.121675140290518,0.059,0.0698313125973708));
#6600=CARTESIAN_POINT('',(0.0326353660250822,0.059,-0.00137388407492089));
#6601=CARTESIAN_POINT('',(2.72829020025119,0.059,2.15434378826677));
#6602=CARTESIAN_POINT('',(0.0321439324660849,0.059,-0.000759218747351742));
#6603=CARTESIAN_POINT('',(2.44424312439354,0.059,1.92729364844642));
#6604=CARTESIAN_POINT('',(-1.61387757090876E-17,0.059,0.0019255016053379));
#6605=CARTESIAN_POINT('',(0.0541608327704992,0.059,0.000408884573195022));
#6606=CARTESIAN_POINT('',(0.0238383528867595,0.059,-0.000403556779407398));
#6607=CARTESIAN_POINT('',(0.0238534042797249,0.059,-0.000965317864916441));
#6608=CARTESIAN_POINT('',(0.0238684556726904,0.059,-0.00152707895042548));
#6609=CARTESIAN_POINT('',(0.0242868917363755,0.059,-0.00100894268076308));
#6610=CARTESIAN_POINT('',(0.0247053278000606,0.059,-0.000490806411100679));
#6611=CARTESIAN_POINT('',(0.00641375136704409,0.059,0.0142810955182424));
#6612=CARTESIAN_POINT('',(0.0250268306700629,0.059,-8.35880450857484E-5));
#6613=CARTESIAN_POINT('',(0.0138614091091635,0.059,0.00853335706812658));
#6614=CARTESIAN_POINT('',(2.16891872995558,0.059,1.712438006633));
#6615=CARTESIAN_POINT('',(0.029111214341375,0.059,-0.000870229187008853));
#6616=CARTESIAN_POINT('',(1.27652678359528,0.059,0.997915090037542));
#6617=CARTESIAN_POINT('',(0.0298906462652715,0.059,-0.00184290938954357));
#6618=CARTESIAN_POINT('',(2.60139521170472,0.059,2.06040483469296));
#6619=CARTESIAN_POINT('',(0.030558949494324,0.059,-0.00267596860907742));
#6620=CARTESIAN_POINT('',(0.0401965102176196,0.059,0.00505811560683115));
#6621=CARTESIAN_POINT('',(0.0306896352638566,0.059,-0.00283605717867905));
#6622=CARTESIAN_POINT('',(0.0060120838344399,0.059,-0.0233274655168775));
#6623=CARTESIAN_POINT('',(0.0310026649110594,0.059,-0.00321900417128471));
#6624=CARTESIAN_POINT('',(0.0012000484653938,0.059,-0.0271993772294468));
#6625=CARTESIAN_POINT('',(0.0313239560883678,0.059,-0.00362387238779767));
#6626=CARTESIAN_POINT('',(-0.00903983377171557,0.059,-0.0352132516854183));
#6627=CARTESIAN_POINT('',(0.0316086197630448,0.059,-0.00399102176008577));
#6628=CARTESIAN_POINT('',(0.0304953951139287,0.059,-0.00484609237770791));
#6629=CARTESIAN_POINT('',(0.0317040248663796,0.059,-0.00413220933265711));
#6630=CARTESIAN_POINT('',(0.0316652991524543,0.059,-0.00415508288247432));
#6631=CARTESIAN_POINT('',(0.0316816764389796,0.059,-0.00419697160036269));
#6632=CARTESIAN_POINT('',(0.0314434617408238,0.059,-0.00358768085213396));
#6633=CARTESIAN_POINT('',(0.0315230242191549,0.059,-0.00423702765495694));
#6634=CARTESIAN_POINT('',(0.0311497074829032,0.059,-0.00119021965170618));
#6635=CARTESIAN_POINT('',(0.0312075176825856,0.059,-0.00425926875119142));
#6636=CARTESIAN_POINT('',(0.0306220647073909,0.059,0.0268203317491785));
#6637=CARTESIAN_POINT('',(0.0306220374170597,0.059,-0.00426478241255513));
#6638=CARTESIAN_POINT('',(0.0300418912559181,0.059,-0.00426478241255513));
#6639=CARTESIAN_POINT('',(0.0294617450947765,0.059,-0.00426478241255513));
#6640=CARTESIAN_POINT('',(0.0287879100683633,0.059,-0.00341631470120776));
#6641=CARTESIAN_POINT('',(0.02811407504195,0.059,-0.00256784698986039));
#6642=CARTESIAN_POINT('',(-0.0250698907462349,0.059,-0.0448054823714138));
#6643=CARTESIAN_POINT('',(0.0275908869425051,0.059,-0.00191731905330249));
#6644=CARTESIAN_POINT('',(-0.000444285866898923,0.059,-0.0247498761283889));
#6645=CARTESIAN_POINT('',(0.0271355849567619,0.059,-0.00136938634758223));
#6646=CARTESIAN_POINT('',(-0.0682429925213481,0.059,-0.082225593001752));
#6647=CARTESIAN_POINT('',(0.0267336921043957,0.059,-0.000897685283972609));
#6648=CARTESIAN_POINT('',(0.0266755176125236,0.059,-0.000947499801922234));
#6649=CARTESIAN_POINT('',(0.0266755175521179,0.059,-0.000870911567165651));
#6650=CARTESIAN_POINT('',(0.0266755175631318,0.059,-0.000947323868332377));
#6651=CARTESIAN_POINT('',(0.0266196551804121,0.059,-0.000895187182913476));
#6652=CARTESIAN_POINT('',(0.0405000000000198,0.059,-0.0138498447312856));
#6653=CARTESIAN_POINT('',(0.0264060224650089,0.059,-0.00112793757278872));
#6654=CARTESIAN_POINT('',(0.0340072546225949,0.059,-0.0079891847936194));
#6655=CARTESIAN_POINT('',(0.0261601594308886,0.059,-0.00141054201633038));
#6656=CARTESIAN_POINT('',(0.0401723095044999,0.059,-0.0131576817561218));
#6657=CARTESIAN_POINT('',(0.0258857165043208,0.059,-0.0017458938944927));
#6658=CARTESIAN_POINT('',(-0.526347935554913,0.059,0.439364504431302));
#6659=CARTESIAN_POINT('',(0.025608590298616,0.059,-0.00209260961888847));
#6660=CARTESIAN_POINT('',(-0.366110539283388,0.059,0.311206532300067));
#6661=CARTESIAN_POINT('',(0.0253540622879938,0.059,-0.00241058222686075));
#6662=CARTESIAN_POINT('',(-0.410052689608975,0.059,0.346410909572606));
#6663=CARTESIAN_POINT('',(0.0251405020105213,0.059,-0.00267698581580487));
#6664=CARTESIAN_POINT('',(0.0109146275294342,0.059,0.00873420142286879));
#6665=CARTESIAN_POINT('',(0.0250572827065154,0.059,-0.00277996391769724));
#6666=CARTESIAN_POINT('',(0.0321077517752163,0.059,-0.00852004955836502));
#6667=CARTESIAN_POINT('',(0.0249792402221918,0.059,-0.0028771761511987));
#6668=CARTESIAN_POINT('',(0.144135003876686,0.059,-0.0972002693353596));
#6669=CARTESIAN_POINT('',(0.0248134162229784,0.059,-0.00308703626098179));
#6670=CARTESIAN_POINT('',(0.1460296549091,0.059,-0.0986946201047335));
#6671=CARTESIAN_POINT('',(0.0246171033850255,0.059,-0.00333645872320963));
#6672=CARTESIAN_POINT('',(0.179570424786305,0.059,-0.125037502817116));
#6673=CARTESIAN_POINT('',(0.024408978391712,0.059,-0.003601917013065));
#6674=CARTESIAN_POINT('',(0.0241495862747882,0.059,-0.00393334971281007));
#6675=CARTESIAN_POINT('',(0.0238901941578643,0.059,-0.00426478241255513));
#6676=CARTESIAN_POINT('',(0.0234207537304131,0.059,-0.00426478241255513));
#6677=CARTESIAN_POINT('',(0.022012432554118,0.059,-0.00426478241255513));
#6678=CARTESIAN_POINT('',(0.022012432554118,0.059,-0.00177240851047224));
#6679=CARTESIAN_POINT('',(2.16891872995558,0.059,1.712438006633));
#6680=CARTESIAN_POINT('',(0.029111214341375,0.059,-0.000870229187008853));
#6681=CARTESIAN_POINT('',(0.022012432554118,0.059,-0.00177240851047224));
#6682=CARTESIAN_POINT('',(0.022012432554118,0.059,-0.00426478241255513));
#6683=CARTESIAN_POINT('',(0.0138614091091635,0.059,0.00853335706812658));
#6684=CARTESIAN_POINT('',(0.0250268306700629,0.059,-8.35880450857484E-5));
#6685=CARTESIAN_POINT('',(0.0541608327704992,0.059,0.000408884573195022));
#6686=CARTESIAN_POINT('',(0.0238383528867595,0.059,-0.000403556779407398));
#6687=CARTESIAN_POINT('',(1.27652678359528,0.059,0.997915090037542));
#6688=CARTESIAN_POINT('',(0.0298906462652715,0.059,-0.00184290938954357));
#6689=CARTESIAN_POINT('',(2.60139521170472,0.059,2.06040483469296));
#6690=CARTESIAN_POINT('',(0.030558949494324,0.059,-0.00267596860907742));
#6691=CARTESIAN_POINT('',(0.0401965102176196,0.059,0.00505811560683115));
#6692=CARTESIAN_POINT('',(0.0306896352638566,0.059,-0.00283605717867905));
#6693=CARTESIAN_POINT('',(0.0060120838344399,0.059,-0.0233274655168775));
#6694=CARTESIAN_POINT('',(0.0310026649110594,0.059,-0.00321900417128471));
#6695=CARTESIAN_POINT('',(0.0012000484653938,0.059,-0.0271993772294468));
#6696=CARTESIAN_POINT('',(0.0313239560883678,0.059,-0.00362387238779767));
#6697=CARTESIAN_POINT('',(-0.00903983377171557,0.059,-0.0352132516854183));
#6698=CARTESIAN_POINT('',(0.0316086197630448,0.059,-0.00399102176008577));
#6699=CARTESIAN_POINT('',(0.0304953951139287,0.059,-0.00484609237770791));
#6700=CARTESIAN_POINT('',(0.0317040248663796,0.059,-0.00413220933265711));
#6701=CARTESIAN_POINT('',(0.0316652991524543,0.059,-0.00415508288247432));
#6702=CARTESIAN_POINT('',(0.0316816764389796,0.059,-0.00419697160036269));
#6703=CARTESIAN_POINT('',(0.0314434617408238,0.059,-0.00358768085213396));
#6704=CARTESIAN_POINT('',(0.0315230242191549,0.059,-0.00423702765495694));
#6705=CARTESIAN_POINT('',(0.0311497074829032,0.059,-0.00119021965170618));
#6706=CARTESIAN_POINT('',(0.0312075176825856,0.059,-0.00425926875119142));
#6707=CARTESIAN_POINT('',(0.0306220647073909,0.059,0.0268203317491785));
#6708=CARTESIAN_POINT('',(0.0306220374170597,0.059,-0.00426478241255513));
#6709=CARTESIAN_POINT('',(0.0300418912559181,0.059,-0.00426478241255513));
#6710=CARTESIAN_POINT('',(0.0294617450947765,0.059,-0.00426478241255513));
#6711=CARTESIAN_POINT('',(0.0287879100683633,0.059,-0.00341631470120776));
#6712=CARTESIAN_POINT('',(0.02811407504195,0.059,-0.00256784698986039));
#6713=CARTESIAN_POINT('',(-0.0250698907462349,0.059,-0.0448054823714138));
#6714=CARTESIAN_POINT('',(0.0275908869425051,0.059,-0.00191731905330249));
#6715=CARTESIAN_POINT('',(-0.000444285866898923,0.059,-0.0247498761283889));
#6716=CARTESIAN_POINT('',(0.0271355849567619,0.059,-0.00136938634758223));
#6717=CARTESIAN_POINT('',(-0.0682429925213481,0.059,-0.082225593001752));
#6718=CARTESIAN_POINT('',(0.0267336921043957,0.059,-0.000897685283972609));
#6719=CARTESIAN_POINT('',(0.0266755176125236,0.059,-0.000947499801922234));
#6720=CARTESIAN_POINT('',(0.0266755175521179,0.059,-0.000870911567165651));
#6721=CARTESIAN_POINT('',(0.0266755175631318,0.059,-0.000947323868332377));
#6722=CARTESIAN_POINT('',(0.0266196551804121,0.059,-0.000895187182913476));
#6723=CARTESIAN_POINT('',(0.0405000000000198,0.059,-0.0138498447312856));
#6724=CARTESIAN_POINT('',(0.0264060224650089,0.059,-0.00112793757278872));
#6725=CARTESIAN_POINT('',(0.0340072546225949,0.059,-0.0079891847936194));
#6726=CARTESIAN_POINT('',(0.0261601594308886,0.059,-0.00141054201633038));
#6727=CARTESIAN_POINT('',(0.0401723095044999,0.059,-0.0131576817561218));
#6728=CARTESIAN_POINT('',(0.0258857165043208,0.059,-0.0017458938944927));
#6729=CARTESIAN_POINT('',(-0.526347935554913,0.059,0.439364504431302));
#6730=CARTESIAN_POINT('',(0.025608590298616,0.059,-0.00209260961888847));
#6731=CARTESIAN_POINT('',(-0.366110539283388,0.059,0.311206532300067));
#6732=CARTESIAN_POINT('',(0.0253540622879938,0.059,-0.00241058222686075));
#6733=CARTESIAN_POINT('',(-0.410052689608975,0.059,0.346410909572606));
#6734=CARTESIAN_POINT('',(0.0251405020105213,0.059,-0.00267698581580487));
#6735=CARTESIAN_POINT('',(0.0109146275294342,0.059,0.00873420142286879));
#6736=CARTESIAN_POINT('',(0.0250572827065154,0.059,-0.00277996391769724));
#6737=CARTESIAN_POINT('',(0.0321077517752163,0.059,-0.00852004955836502));
#6738=CARTESIAN_POINT('',(0.0249792402221918,0.059,-0.0028771761511987));
#6739=CARTESIAN_POINT('',(0.144135003876686,0.059,-0.0972002693353596));
#6740=CARTESIAN_POINT('',(0.0248134162229784,0.059,-0.00308703626098179));
#6741=CARTESIAN_POINT('',(0.1460296549091,0.059,-0.0986946201047335));
#6742=CARTESIAN_POINT('',(0.0246171033850255,0.059,-0.00333645872320963));
#6743=CARTESIAN_POINT('',(0.179570424786305,0.059,-0.125037502817116));
#6744=CARTESIAN_POINT('',(0.024408978391712,0.059,-0.003601917013065));
#6745=CARTESIAN_POINT('',(0.0241495862747882,0.059,-0.00393334971281007));
#6746=CARTESIAN_POINT('',(0.0238901941578643,0.059,-0.00426478241255513));
#6747=CARTESIAN_POINT('',(0.0234207537304131,0.059,-0.00426478241255513));
#6748=CARTESIAN_POINT('',(0.00641375136704409,0.059,0.0142810955182424));
#6749=CARTESIAN_POINT('',(0.0247053278000606,0.059,-0.000490806411100679));
#6750=CARTESIAN_POINT('',(0.0238534042797249,0.059,-0.000965317864916441));
#6751=CARTESIAN_POINT('',(0.0238684556726904,0.059,-0.00152707895042548));
#6752=CARTESIAN_POINT('',(0.0242868917363755,0.059,-0.00100894268076308));
#6753=CARTESIAN_POINT('',(-1.61387757090876E-17,0.059,0.0019255016053379));
#6754=CARTESIAN_POINT('',(0.0195730878839943,0.059,0.00321877317131949));
#6755=CARTESIAN_POINT('',(0.0195730878839943,0.059,-0.00426478241255513));
#6756=CARTESIAN_POINT('',(0.0183578715422648,0.059,-0.00426478241255513));
#6757=CARTESIAN_POINT('',(0.0147122226231346,0.059,-0.00426478241255513));
#6758=CARTESIAN_POINT('',(0.014535967137644,0.059,-0.00403940817672849));
#6759=CARTESIAN_POINT('',(0.0143597116521534,0.059,-0.00381403394090184));
#6760=CARTESIAN_POINT('',(0.00199046162492795,0.059,-0.0134875042011473));
#6761=CARTESIAN_POINT('',(0.0142071889751923,0.059,-0.00362211287788127));
#6762=CARTESIAN_POINT('',(-0.00210169116425583,0.059,-0.0167920755839329));
#6763=CARTESIAN_POINT('',(0.0140403322847158,0.059,-0.00341812448283607));
#6764=CARTESIAN_POINT('',(-0.00071677973456718,0.059,-0.0156446719731612));
#6765=CARTESIAN_POINT('',(0.0138838201125759,0.059,-0.00323164241602062));
#6766=CARTESIAN_POINT('',(0.00975498247635838,0.059,-0.00674186855559772));
#6767=CARTESIAN_POINT('',(0.0137674781139375,0.059,-0.00309922301483682));
#6768=CARTESIAN_POINT('',(0.0144097537441859,0.059,-0.00251614932779673));
#6769=CARTESIAN_POINT('',(0.0135910699042589,0.059,-0.0028029413778467));
#6770=CARTESIAN_POINT('',(0.013709469382146,0.059,-0.00276146515641693));
#6771=CARTESIAN_POINT('',(0.0136753504292548,0.059,-0.00264073980546843));
#6772=CARTESIAN_POINT('',(0.0141361955249959,0.059,-0.00427137925460542));
#6773=CARTESIAN_POINT('',(0.014115965544973,0.059,-0.00257699029003475));
#6774=CARTESIAN_POINT('',(0.015647586120404,0.059,-0.130855507549816));
#6775=CARTESIAN_POINT('',(0.0156476792744709,0.059,-0.00256784698986039));
#6776=CARTESIAN_POINT('',(0.016707641138355,0.059,-0.00256784698986039));
#6777=CARTESIAN_POINT('',(0.017767603002239,0.059,-0.00256784698986039));
#6778=CARTESIAN_POINT('',(0.017781483085529,0.059,-0.000512964251440976));
#6779=CARTESIAN_POINT('',(0.0195730878839943,0.059,0.00321877317131949));
#6780=CARTESIAN_POINT('',(0.0195730878839943,0.059,-0.00426478241255513));
#6781=CARTESIAN_POINT('',(0.017781483085529,0.059,-0.000512964251440976));
#6782=CARTESIAN_POINT('',(0.017767603002239,0.059,-0.00256784698986039));
#6783=CARTESIAN_POINT('',(0.0183578715422648,0.059,-0.00426478241255513));
#6784=CARTESIAN_POINT('',(0.0147122226231346,0.059,-0.00426478241255513));
#6785=CARTESIAN_POINT('',(0.014535967137644,0.059,-0.00403940817672849));
#6786=CARTESIAN_POINT('',(0.0143597116521534,0.059,-0.00381403394090184));
#6787=CARTESIAN_POINT('',(0.00199046162492795,0.059,-0.0134875042011473));
#6788=CARTESIAN_POINT('',(0.0142071889751923,0.059,-0.00362211287788127));
#6789=CARTESIAN_POINT('',(-0.00210169116425583,0.059,-0.0167920755839329));
#6790=CARTESIAN_POINT('',(0.0140403322847158,0.059,-0.00341812448283607));
#6791=CARTESIAN_POINT('',(-0.00071677973456718,0.059,-0.0156446719731612));
#6792=CARTESIAN_POINT('',(0.0138838201125759,0.059,-0.00323164241602062));
#6793=CARTESIAN_POINT('',(0.00975498247635838,0.059,-0.00674186855559772));
#6794=CARTESIAN_POINT('',(0.0137674781139375,0.059,-0.00309922301483682));
#6795=CARTESIAN_POINT('',(0.0144097537441859,0.059,-0.00251614932779673));
#6796=CARTESIAN_POINT('',(0.0135910699042589,0.059,-0.0028029413778467));
#6797=CARTESIAN_POINT('',(0.013709469382146,0.059,-0.00276146515641693));
#6798=CARTESIAN_POINT('',(0.0136753504292548,0.059,-0.00264073980546843));
#6799=CARTESIAN_POINT('',(0.0141361955249959,0.059,-0.00427137925460542));
#6800=CARTESIAN_POINT('',(0.014115965544973,0.059,-0.00257699029003475));
#6801=CARTESIAN_POINT('',(0.015647586120404,0.059,-0.130855507549816));
#6802=CARTESIAN_POINT('',(0.0156476792744709,0.059,-0.00256784698986039));
#6803=CARTESIAN_POINT('',(0.016707641138355,0.059,-0.00256784698986039));
#6804=CARTESIAN_POINT('',(-0.00630015151967085,0.059,-0.00422680457356138));
#6805=CARTESIAN_POINT('',(-0.00686747192471233,0.059,-0.00424185596652682));
#6806=CARTESIAN_POINT('',(-0.00686747192471233,0.059,-0.00424185596652682));
#6807=CARTESIAN_POINT('',(-0.00630015151967085,0.059,-0.00422680457356138));
#6808=CARTESIAN_POINT('',(-0.00573283111462936,0.059,-0.00421175318059592));
#6809=CARTESIAN_POINT('',(-0.00573283111462936,0.059,-0.00421175318059592));
#6810=CARTESIAN_POINT('',(-0.00486836225677216,0.059,-0.00313266855143349));
#6811=CARTESIAN_POINT('',(-0.00486836225677216,0.059,-0.00313266855143349));
#6812=CARTESIAN_POINT('',(-0.00400389339891495,0.059,-0.00205358392227106));
#6813=CARTESIAN_POINT('',(-0.00400389339891495,0.059,-0.00205358392227106));
#6814=CARTESIAN_POINT('',(-1.61387757090876E-17,0.059,0.0019255016053379));
#6815=CARTESIAN_POINT('',(-0.429434565155881,0.059,0.330414150981996));
#6816=CARTESIAN_POINT('',(-0.00278325328036987,0.059,-0.000509090890280214));
#6817=CARTESIAN_POINT('',(-0.0763248961844202,0.059,0.0565318135689375));
#6818=CARTESIAN_POINT('',(-0.00334115505746457,0.059,-0.00122120846165404));
#6819=CARTESIAN_POINT('',(-0.142494003592537,0.059,0.108892432406556));
#6820=CARTESIAN_POINT('',(-0.00728777735464845,0.059,0.0116004123668869));
#6821=CARTESIAN_POINT('',(-0.00730240739757078,0.059,-0.00424742371770714));
#6822=CARTESIAN_POINT('',(-0.0072950418574461,0.059,0.00373332892170122));
#6823=CARTESIAN_POINT('',(-0.00766825267498652,0.059,-0.00423869595459437));
#6824=CARTESIAN_POINT('',(-0.00698598619089289,0.059,0.0103347360928908));
#6825=CARTESIAN_POINT('',(-0.00797045099550326,0.059,-0.00422140481898789));
#6826=CARTESIAN_POINT('',(-0.00796829707040087,0.059,-0.00418955760884848));
#6827=CARTESIAN_POINT('',(-0.00800020866719257,0.059,-0.00418882673456761));
#6828=CARTESIAN_POINT('',(-0.00790034110716,0.059,-0.00419111397023649));
#6829=CARTESIAN_POINT('',(-0.00797962971920463,0.059,-0.00413035150654461));
#6830=CARTESIAN_POINT('',(0.196668955044776,0.059,-0.160962264573584));
#6831=CARTESIAN_POINT('',(-0.00756047436701721,0.059,-0.00358490799297253));
#6832=CARTESIAN_POINT('',(0.0412441449076432,0.059,-0.041193351313354));
#6833=CARTESIAN_POINT('',(-0.00707816130562484,0.059,-0.00296717450010134));
#6834=CARTESIAN_POINT('',(0.0834368437373948,0.059,-0.0745707803361549));
#6835=CARTESIAN_POINT('',(-0.00650591437887582,0.059,-0.00224967159810516));
#6836=CARTESIAN_POINT('',(-0.251578250294007,0.059,0.194807946170365));
#6837=CARTESIAN_POINT('',(-0.0059189865213759,0.059,-0.00151749964390591));
#6838=CARTESIAN_POINT('',(-0.17073807764827,0.059,0.130202054811126));
#6839=CARTESIAN_POINT('',(-0.00539028306363179,0.059,-0.000853203197562158));
#6840=CARTESIAN_POINT('',(-0.210691968971538,0.059,0.161869548056177));
#6841=CARTESIAN_POINT('',(-0.00494843724549828,0.059,-0.000294181443088398));
#6842=CARTESIAN_POINT('',(-0.00926453359611496,0.059,0.00310769961934273));
#6843=CARTESIAN_POINT('',(-0.00480371739578614,0.059,-0.000102066929429641));
#6844=CARTESIAN_POINT('',(-0.00469881412065672,0.059,4.37237925926837E-5));
#6845=CARTESIAN_POINT('',(-0.00469881412065672,0.059,4.37237925926837E-5));
#6846=CARTESIAN_POINT('',(-0.00480371739578614,0.059,-0.000102066929429641));
#6847=CARTESIAN_POINT('',(-0.429434565155881,0.059,0.330414150981996));
#6848=CARTESIAN_POINT('',(-0.00278325328036987,0.059,-0.000509090890280214));
#6849=CARTESIAN_POINT('',(-0.00926453359611496,0.059,0.00310769961934273));
#6850=CARTESIAN_POINT('',(-0.00494843724549828,0.059,-0.000294181443088398));
#6851=CARTESIAN_POINT('',(-0.210691968971538,0.059,0.161869548056177));
#6852=CARTESIAN_POINT('',(-0.00539028306363179,0.059,-0.000853203197562158));
#6853=CARTESIAN_POINT('',(-0.17073807764827,0.059,0.130202054811126));
#6854=CARTESIAN_POINT('',(-0.0059189865213759,0.059,-0.00151749964390591));
#6855=CARTESIAN_POINT('',(-0.251578250294007,0.059,0.194807946170365));
#6856=CARTESIAN_POINT('',(-0.00650591437887582,0.059,-0.00224967159810516));
#6857=CARTESIAN_POINT('',(0.0834368437373948,0.059,-0.0745707803361549));
#6858=CARTESIAN_POINT('',(-0.00707816130562484,0.059,-0.00296717450010134));
#6859=CARTESIAN_POINT('',(0.0412441449076432,0.059,-0.041193351313354));
#6860=CARTESIAN_POINT('',(-0.00756047436701721,0.059,-0.00358490799297253));
#6861=CARTESIAN_POINT('',(0.196668955044776,0.059,-0.160962264573584));
#6862=CARTESIAN_POINT('',(-0.00797962971920463,0.059,-0.00413035150654461));
#6863=CARTESIAN_POINT('',(-0.00790034110716,0.059,-0.00419111397023649));
#6864=CARTESIAN_POINT('',(-0.00800020866719257,0.059,-0.00418882673456761));
#6865=CARTESIAN_POINT('',(-0.00796829707040087,0.059,-0.00418955760884848));
#6866=CARTESIAN_POINT('',(-0.00797045099550326,0.059,-0.00422140481898789));
#6867=CARTESIAN_POINT('',(-0.00698598619089289,0.059,0.0103347360928908));
#6868=CARTESIAN_POINT('',(-0.00766825267498652,0.059,-0.00423869595459437));
#6869=CARTESIAN_POINT('',(-0.0072950418574461,0.059,0.00373332892170122));
#6870=CARTESIAN_POINT('',(-0.00730240739757078,0.059,-0.00424742371770714));
#6871=CARTESIAN_POINT('',(-0.00728777735464845,0.059,0.0116004123668869));
#6872=CARTESIAN_POINT('',(-0.142494003592537,0.059,0.108892432406556));
#6873=CARTESIAN_POINT('',(-0.00334115505746457,0.059,-0.00122120846165404));
#6874=CARTESIAN_POINT('',(-0.0763248961844202,0.059,0.0565318135689375));
#6875=CARTESIAN_POINT('',(-1.61387757090876E-17,0.059,0.0019255016053379));
#6876=CARTESIAN_POINT('',(0.00101285669827053,0.059,-0.00180776134945479));
#6877=CARTESIAN_POINT('',(0.00101285669827053,0.059,-0.00426478241255513));
#6878=CARTESIAN_POINT('',(0.000562108226617238,0.059,-0.00426478241255513));
#6879=CARTESIAN_POINT('',(-0.000790137188342636,0.059,-0.00426478241255513));
#6880=CARTESIAN_POINT('',(-0.000790137188342636,0.059,-0.00222149265968048));
#6881=CARTESIAN_POINT('',(-0.000790137188342532,0.059,-0.000178202906805831));
#6882=CARTESIAN_POINT('',(-0.394643724291524,0.059,-0.000178577275999162));
#6883=CARTESIAN_POINT('',(0.00101285669827053,0.059,-0.00180776134945479));
#6884=CARTESIAN_POINT('',(0.00101285669827053,0.059,-0.00426478241255513));
#6885=CARTESIAN_POINT('',(-0.394643724291524,0.059,-0.000178577275999162));
#6886=CARTESIAN_POINT('',(-0.000790137188342532,0.059,-0.000178202906805831));
#6887=CARTESIAN_POINT('',(0.000562108226617238,0.059,-0.00426478241255513));
#6888=CARTESIAN_POINT('',(-0.000790137188342636,0.059,-0.00426478241255513));
#6889=CARTESIAN_POINT('',(-0.000790137188342636,0.059,-0.00222149265968048));
#6890=CARTESIAN_POINT('',(-0.0255948599993948,0.059,-0.000674016044011915));
#6891=CARTESIAN_POINT('',(-0.0255547885132941,0.059,-0.00129776421843041));
#6892=CARTESIAN_POINT('',(-0.0255547885132941,0.059,-0.00129776421843041));
#6893=CARTESIAN_POINT('',(-0.0255948599993948,0.059,-0.000674016044011915));
#6894=CARTESIAN_POINT('',(-0.0256349314854956,0.059,-5.02678695934188E-5));
#6895=CARTESIAN_POINT('',(-0.0256349314854956,0.059,-5.02678695934188E-5));
#6896=CARTESIAN_POINT('',(-0.026032051600927,0.059,-0.00424726128916965));
#6897=CARTESIAN_POINT('',(-0.0274638408638256,0.059,-0.00421175318059592));
#6898=CARTESIAN_POINT('',(-0.0274638408638256,0.059,-0.00421175318059592));
#6899=CARTESIAN_POINT('',(-0.026032051600927,0.059,-0.00424726128916965));
#6900=CARTESIAN_POINT('',(-0.0255547885132941,0.059,-0.00425909736071371));
#6901=CARTESIAN_POINT('',(-0.0255547885132941,0.059,-0.00425909736071371));
#6902=CARTESIAN_POINT('',(-0.0252631277375184,0.059,-0.0038852121093237));
#6903=CARTESIAN_POINT('',(-0.0252631277375184,0.059,-0.0038852121093237));
#6904=CARTESIAN_POINT('',(-0.0249714669617427,0.059,-0.00351132685793369));
#6905=CARTESIAN_POINT('',(-0.0249714669617427,0.059,-0.00351132685793369));
#6906=CARTESIAN_POINT('',(-1.61387757090876E-17,0.059,0.0019255016053379));
#6907=CARTESIAN_POINT('',(-0.0105836988121123,0.059,0.000916658447323751));
#6908=CARTESIAN_POINT('',(-0.0248123792658651,0.059,-0.000361586687714823));
#6909=CARTESIAN_POINT('',(-0.239806042382952,0.059,0.17232724496871));
#6910=CARTESIAN_POINT('',(-0.0222371107047343,0.059,-8.08916146991523E-5));
#6911=CARTESIAN_POINT('',(-0.273389329475437,0.059,0.198940023733325));
#6912=CARTESIAN_POINT('',(-0.0225415077232665,0.059,-0.000464419701628561));
#6913=CARTESIAN_POINT('',(-0.0295628882337935,0.059,0.00511703773648714));
#6914=CARTESIAN_POINT('',(-0.0226555167538742,0.059,-0.000604908667098066));
#6915=CARTESIAN_POINT('',(0.00336177398222528,0.059,-0.0221571779592189));
#6916=CARTESIAN_POINT('',(-0.0230090901124884,0.059,-0.00103900436903914));
#6917=CARTESIAN_POINT('',(0.34206035352297,0.059,-0.2933924560387));
#6918=CARTESIAN_POINT('',(-0.0237178474335499,0.059,-0.00192625373647834));
#6919=CARTESIAN_POINT('',(0.287217529551172,0.059,-0.249691541369952));
#6920=CARTESIAN_POINT('',(-0.0244449323995857,0.059,-0.00284147305413903));
#6921=CARTESIAN_POINT('',(0.0659102413603405,0.059,-0.0744064816642886));
#6922=CARTESIAN_POINT('',(-0.0274638408638256,0.059,-0.00174589389449263));
#6923=CARTESIAN_POINT('',(-0.0248123792658651,0.059,-0.000361586687714823));
#6924=CARTESIAN_POINT('',(-0.0105836988121123,0.059,0.000916658447323751));
#6925=CARTESIAN_POINT('',(-0.0274638408638256,0.059,-0.00174589389449263));
#6926=CARTESIAN_POINT('',(-0.239806042382952,0.059,0.17232724496871));
#6927=CARTESIAN_POINT('',(-0.0222371107047343,0.059,-8.08916146991523E-5));
#6928=CARTESIAN_POINT('',(0.0659102413603405,0.059,-0.0744064816642886));
#6929=CARTESIAN_POINT('',(-0.0244449323995857,0.059,-0.00284147305413903));
#6930=CARTESIAN_POINT('',(0.287217529551172,0.059,-0.249691541369952));
#6931=CARTESIAN_POINT('',(-0.0237178474335499,0.059,-0.00192625373647834));
#6932=CARTESIAN_POINT('',(0.34206035352297,0.059,-0.2933924560387));
#6933=CARTESIAN_POINT('',(-0.0230090901124884,0.059,-0.00103900436903914));
#6934=CARTESIAN_POINT('',(0.00336177398222528,0.059,-0.0221571779592189));
#6935=CARTESIAN_POINT('',(-0.0226555167538742,0.059,-0.000604908667098066));
#6936=CARTESIAN_POINT('',(-0.0295628882337935,0.059,0.00511703773648714));
#6937=CARTESIAN_POINT('',(-0.0225415077232665,0.059,-0.000464419701628561));
#6938=CARTESIAN_POINT('',(-0.273389329475437,0.059,0.198940023733325));
#6939=CARTESIAN_POINT('',(-1.61387757090876E-17,0.059,0.0019255016053379));
#6940=CARTESIAN_POINT('',(-0.0486468242470373,0.059,-0.0282029584461075));
#6941=CARTESIAN_POINT('',(-0.0126272681504026,0.059,-0.000234658675617304));
#6942=CARTESIAN_POINT('',(-0.0598559473793925,0.059,-0.0369065484210949));
#6943=CARTESIAN_POINT('',(-0.0123505097554506,0.059,-0.000593891738100073));
#6944=CARTESIAN_POINT('',(0.00538768141621057,0.059,0.0129650166175315));
#6945=CARTESIAN_POINT('',(-0.0120805330568569,0.059,-0.000939979066097074));
#6946=CARTESIAN_POINT('',(-0.0023855591598962,0.059,0.00677738874039649));
#6947=CARTESIAN_POINT('',(-0.0118402690611638,0.059,-0.00123252670274801));
#6948=CARTESIAN_POINT('',(0.00825736653588359,0.059,0.0157939004285252));
#6949=CARTESIAN_POINT('',(-0.0116305732359413,0.059,-0.0014770007952248));
#6950=CARTESIAN_POINT('',(-0.0115764140236176,0.059,-0.00142996827857915));
#6951=CARTESIAN_POINT('',(-0.011581585892042,0.059,-0.00150151217893791));
#6952=CARTESIAN_POINT('',(-0.0115794108319083,0.059,-0.00147142362649191));
#6953=CARTESIAN_POINT('',(-0.0115492664842152,0.059,-0.00147259417210745));
#6954=CARTESIAN_POINT('',(-0.139083819565243,0.059,0.00347979203986713));
#6955=CARTESIAN_POINT('',(-0.0115263925371265,0.059,-0.000843536392809813));
#6956=CARTESIAN_POINT('',(-0.0443242115563116,0.059,0.000268067812778806));
#6957=CARTESIAN_POINT('',(-0.011509823341484,0.059,-0.000117318242599573));
#6958=CARTESIAN_POINT('',(-0.0767878985060101,0.059,0.000649352299393228));
#6959=CARTESIAN_POINT('',(-0.00969904815749003,0.059,0.00321233929369357));
#6960=CARTESIAN_POINT('',(-0.00969904815749003,0.059,-0.00426478241255513));
#6961=CARTESIAN_POINT('',(-0.0101713889127248,0.059,-0.00426478241255513));
#6962=CARTESIAN_POINT('',(-0.011588411178429,0.059,-0.00426478241255513));
#6963=CARTESIAN_POINT('',(-0.0122869816900896,0.059,-0.00339061869748191));
#6964=CARTESIAN_POINT('',(-0.0143826931190129,0.059,-0.000768127658320708));
#6965=CARTESIAN_POINT('',(-0.0146568284230061,0.059,-0.00110400521525936));
#6966=CARTESIAN_POINT('',(-0.0149309637269992,0.059,-0.00143988277219802));
#6967=CARTESIAN_POINT('',(0.0293905366719867,0.059,-0.03761407075113));
#6968=CARTESIAN_POINT('',(-0.0152000171866645,0.059,-0.00177205936600898));
#6969=CARTESIAN_POINT('',(0.139502724587551,0.059,-0.126122877003058));
#6970=CARTESIAN_POINT('',(-0.0155674172811613,0.059,-0.00223052348485389));
#6971=CARTESIAN_POINT('',(0.153716204167241,0.059,-0.137479006884645));
#6972=CARTESIAN_POINT('',(-0.0159626985549453,0.059,-0.00272676488613726));
#6973=CARTESIAN_POINT('',(0.109493363979348,0.059,-0.102359204872723));
#6974=CARTESIAN_POINT('',(-0.0163277021523914,0.059,-0.00318811008315453));
#6975=CARTESIAN_POINT('',(-0.016751936008065,0.059,-0.00372634623472336));
#6976=CARTESIAN_POINT('',(-0.0171761698637387,0.059,-0.00426458238629218));
#6977=CARTESIAN_POINT('',(-0.0177493637334828,0.059,-0.00426463239285792));
#6978=CARTESIAN_POINT('',(-0.0183225576032269,0.059,-0.00426468239942366));
#6979=CARTESIAN_POINT('',(-0.0183251979237692,0.059,0.0259110716999194));
#6980=CARTESIAN_POINT('',(-0.0189003237063796,0.059,-0.00425920129800836));
#6981=CARTESIAN_POINT('',(-0.01884305960214,0.059,-0.00125499940366901));
#6982=CARTESIAN_POINT('',(-0.0192124145240599,0.059,-0.00423695935330617));
#6983=CARTESIAN_POINT('',(-0.0191333041564012,0.059,-0.00359826748376865));
#6984=CARTESIAN_POINT('',(-0.0193695772588174,0.059,-0.00419689990484109));
#6985=CARTESIAN_POINT('',(-0.0193529896775794,0.059,-0.00415487277113902));
#6986=CARTESIAN_POINT('',(-0.01939207671347,0.059,-0.00413220933265711));
#6987=CARTESIAN_POINT('',(-0.0180875130366136,0.059,-0.00488862337286755));
#6988=CARTESIAN_POINT('',(-0.0192759084385956,0.059,-0.00396031041068856));
#6989=CARTESIAN_POINT('',(0.762355826476638,0.059,-0.614531246629099));
#6990=CARTESIAN_POINT('',(-0.0183885358312213,0.059,-0.00282602521463548));
#6991=CARTESIAN_POINT('',(0.365241657044857,0.059,-0.303397230937638));
#6992=CARTESIAN_POINT('',(-0.0175394009060773,0.059,-0.00174538481386582));
#6993=CARTESIAN_POINT('',(-0.0125855375446416,0.059,-0.00564930776831351));
#6994=CARTESIAN_POINT('',(-0.0172833057755921,0.059,-0.00144070345259182));
#6995=CARTESIAN_POINT('',(-0.0189836411232798,0.059,8.25807030987214E-5));
#6996=CARTESIAN_POINT('',(-0.0172020007208009,0.059,-0.00134475681474067));
#6997=CARTESIAN_POINT('',(-4.00285238953967,0.059,3.19170501182673));
#6998=CARTESIAN_POINT('',(-0.0163847105918581,0.059,-0.000324325697878769));
#6999=CARTESIAN_POINT('',(-0.973760137953607,0.059,0.766261647852366));
#7000=CARTESIAN_POINT('',(-0.0486468242470373,0.059,-0.0282029584461075));
#7001=CARTESIAN_POINT('',(-0.0126272681504026,0.059,-0.000234658675617304));
#7002=CARTESIAN_POINT('',(-0.0767878985060101,0.059,0.000649352299393228));
#7003=CARTESIAN_POINT('',(-0.011509823341484,0.059,-0.000117318242599573));
#7004=CARTESIAN_POINT('',(-0.973760137953607,0.059,0.766261647852366));
#7005=CARTESIAN_POINT('',(-0.0163847105918581,0.059,-0.000324325697878769));
#7006=CARTESIAN_POINT('',(-0.00969904815749003,0.059,0.00321233929369357));
#7007=CARTESIAN_POINT('',(-0.00969904815749003,0.059,-0.00426478241255513));
#7008=CARTESIAN_POINT('',(-0.0598559473793925,0.059,-0.0369065484210949));
#7009=CARTESIAN_POINT('',(-0.0123505097554506,0.059,-0.000593891738100073));
#7010=CARTESIAN_POINT('',(0.00538768141621057,0.059,0.0129650166175315));
#7011=CARTESIAN_POINT('',(-0.0120805330568569,0.059,-0.000939979066097074));
#7012=CARTESIAN_POINT('',(-0.0023855591598962,0.059,0.00677738874039649));
#7013=CARTESIAN_POINT('',(-0.0118402690611638,0.059,-0.00123252670274801));
#7014=CARTESIAN_POINT('',(0.00825736653588359,0.059,0.0157939004285252));
#7015=CARTESIAN_POINT('',(-0.0116305732359413,0.059,-0.0014770007952248));
#7016=CARTESIAN_POINT('',(-0.0115764140236176,0.059,-0.00142996827857915));
#7017=CARTESIAN_POINT('',(-0.011581585892042,0.059,-0.00150151217893791));
#7018=CARTESIAN_POINT('',(-0.0115794108319083,0.059,-0.00147142362649191));
#7019=CARTESIAN_POINT('',(-0.0115492664842152,0.059,-0.00147259417210745));
#7020=CARTESIAN_POINT('',(-0.139083819565243,0.059,0.00347979203986713));
#7021=CARTESIAN_POINT('',(-0.0115263925371265,0.059,-0.000843536392809813));
#7022=CARTESIAN_POINT('',(-0.0443242115563116,0.059,0.000268067812778806));
#7023=CARTESIAN_POINT('',(-4.00285238953967,0.059,3.19170501182673));
#7024=CARTESIAN_POINT('',(-0.0172020007208009,0.059,-0.00134475681474067));
#7025=CARTESIAN_POINT('',(-0.0101713889127248,0.059,-0.00426478241255513));
#7026=CARTESIAN_POINT('',(-0.011588411178429,0.059,-0.00426478241255513));
#7027=CARTESIAN_POINT('',(-0.0122869816900896,0.059,-0.00339061869748191));
#7028=CARTESIAN_POINT('',(-0.0143826931190129,0.059,-0.000768127658320708));
#7029=CARTESIAN_POINT('',(-0.0146568284230061,0.059,-0.00110400521525936));
#7030=CARTESIAN_POINT('',(-0.0149309637269992,0.059,-0.00143988277219802));
#7031=CARTESIAN_POINT('',(0.0293905366719867,0.059,-0.03761407075113));
#7032=CARTESIAN_POINT('',(-0.0152000171866645,0.059,-0.00177205936600898));
#7033=CARTESIAN_POINT('',(0.139502724587551,0.059,-0.126122877003058));
#7034=CARTESIAN_POINT('',(-0.0155674172811613,0.059,-0.00223052348485389));
#7035=CARTESIAN_POINT('',(0.153716204167241,0.059,-0.137479006884645));
#7036=CARTESIAN_POINT('',(-0.0159626985549453,0.059,-0.00272676488613726));
#7037=CARTESIAN_POINT('',(0.109493363979348,0.059,-0.102359204872723));
#7038=CARTESIAN_POINT('',(-0.0163277021523914,0.059,-0.00318811008315453));
#7039=CARTESIAN_POINT('',(-0.016751936008065,0.059,-0.00372634623472336));
#7040=CARTESIAN_POINT('',(-0.0171761698637387,0.059,-0.00426458238629218));
#7041=CARTESIAN_POINT('',(-0.0177493637334828,0.059,-0.00426463239285792));
#7042=CARTESIAN_POINT('',(-0.0183225576032269,0.059,-0.00426468239942366));
#7043=CARTESIAN_POINT('',(-0.0183251979237692,0.059,0.0259110716999194));
#7044=CARTESIAN_POINT('',(-0.0189003237063796,0.059,-0.00425920129800836));
#7045=CARTESIAN_POINT('',(-0.01884305960214,0.059,-0.00125499940366901));
#7046=CARTESIAN_POINT('',(-0.0192124145240599,0.059,-0.00423695935330617));
#7047=CARTESIAN_POINT('',(-0.0191333041564012,0.059,-0.00359826748376865));
#7048=CARTESIAN_POINT('',(-0.0193695772588174,0.059,-0.00419689990484109));
#7049=CARTESIAN_POINT('',(-0.0193529896775794,0.059,-0.00415487277113902));
#7050=CARTESIAN_POINT('',(-0.01939207671347,0.059,-0.00413220933265711));
#7051=CARTESIAN_POINT('',(-0.0180875130366136,0.059,-0.00488862337286755));
#7052=CARTESIAN_POINT('',(-0.0192759084385956,0.059,-0.00396031041068856));
#7053=CARTESIAN_POINT('',(0.762355826476638,0.059,-0.614531246629099));
#7054=CARTESIAN_POINT('',(-0.0183885358312213,0.059,-0.00282602521463548));
#7055=CARTESIAN_POINT('',(0.365241657044857,0.059,-0.303397230937638));
#7056=CARTESIAN_POINT('',(-0.0175394009060773,0.059,-0.00174538481386582));
#7057=CARTESIAN_POINT('',(-0.0125855375446416,0.059,-0.00564930776831351));
#7058=CARTESIAN_POINT('',(-0.0172833057755921,0.059,-0.00144070345259182));
#7059=CARTESIAN_POINT('',(-0.0189836411232798,0.059,8.25807030987214E-5));
#7060=CARTESIAN_POINT('',(-1.61387757090876E-17,0.059,0.0019255016053379));
#7061=CARTESIAN_POINT('',(-0.0316645392767511,0.059,0.00195289503466232));
#7062=CARTESIAN_POINT('',(-0.0317061794205625,0.059,-0.00421175318059592));
#7063=CARTESIAN_POINT('',(-0.0321701852002056,0.059,-0.0042270750756736));
#7064=CARTESIAN_POINT('',(-0.0335622025391348,0.059,-0.0042730407609066));
#7065=CARTESIAN_POINT('',(-0.0335622025391348,0.059,0.00193757313958465));
#7066=CARTESIAN_POINT('',(-0.0316645392767511,0.059,0.00195289503466232));
#7067=CARTESIAN_POINT('',(-0.0317061794205625,0.059,-0.00421175318059592));
#7068=CARTESIAN_POINT('',(-0.0335622025391348,0.059,0.00193757313958465));
#7069=CARTESIAN_POINT('',(-0.0335622025391348,0.059,-0.0042730407609066));
#7070=CARTESIAN_POINT('',(-0.0321701852002056,0.059,-0.0042270750756736));
#7071=CARTESIAN_POINT('',(-1.61387757090876E-17,0.059,0.0019255016053379));
#7072=CARTESIAN_POINT('',(0.00715911949765647,0.059,0.000229833340412401));
#7073=CARTESIAN_POINT('',(0.00472221339882877,0.059,-0.000219990153706617));
#7074=CARTESIAN_POINT('',(0.00640311645275033,0.059,9.02829123452622E-5));
#7075=CARTESIAN_POINT('',(0.00480789601671765,0.059,-0.000523700973977293));
#7076=CARTESIAN_POINT('',(0.00905198310779775,0.059,0.0011098051258046));
#7077=CARTESIAN_POINT('',(0.00496999863654909,0.059,-0.000894694859523965));
#7078=CARTESIAN_POINT('',(0.00768077354199185,0.059,0.000436455677418889));
#7079=CARTESIAN_POINT('',(0.00525093976520112,0.059,-0.00135691270558232));
#7080=CARTESIAN_POINT('',(0.0082758268804562,0.059,0.000875634521164981));
#7081=CARTESIAN_POINT('',(0.00562434446569112,0.059,-0.00178967037394266));
#7082=CARTESIAN_POINT('',(0.00846901696188528,0.059,0.00106983279092456));
#7083=CARTESIAN_POINT('',(0.00607367048122634,0.059,-0.00217535367491743));
#7084=CARTESIAN_POINT('',(0.00861092596463974,0.059,0.00126209719280933));
#7085=CARTESIAN_POINT('',(0.00658092605398766,0.059,-0.00249726900628585));
#7086=CARTESIAN_POINT('',(0.00744855122316906,0.059,-0.00089051163343297));
#7087=CARTESIAN_POINT('',(0.00684609088007336,0.059,-0.00261431099078613));
#7088=CARTESIAN_POINT('',(0.00736554569379286,0.059,-0.00112801418311995));
#7089=CARTESIAN_POINT('',(0.0071168102000314,0.059,-0.00268269812467151));
#7090=CARTESIAN_POINT('',(0.00756921750682955,0.059,0.000145031666399455));
#7091=CARTESIAN_POINT('',(0.0074676234931806,0.059,-0.00271685701049651));
#7092=CARTESIAN_POINT('',(0.00801912097063161,0.059,0.0128193983537358));
#7093=CARTESIAN_POINT('',(0.0080145899002361,0.059,-0.00272664164620222));
#7094=CARTESIAN_POINT('',(0.00802010629559394,0.059,0.0162402512180507));
#7095=CARTESIAN_POINT('',(0.0086426472300436,0.059,-0.00271642301926214));
#7096=CARTESIAN_POINT('',(0.00858593200117494,0.059,-0.000989355877729833));
#7097=CARTESIAN_POINT('',(0.00897102788537249,0.059,-0.0026738969691017));
#7098=CARTESIAN_POINT('',(0.00869389048824252,0.059,-0.00146159859881669));
#7099=CARTESIAN_POINT('',(0.00925224285697836,0.059,-0.00257277595091254));
#7100=CARTESIAN_POINT('',(0.00628119384375897,0.059,0.00333990909592757));
#7101=CARTESIAN_POINT('',(0.00965758865475435,0.059,-0.00235104291426914));
#7102=CARTESIAN_POINT('',(0.00766206269680217,0.059,0.00101243203843851));
#7103=CARTESIAN_POINT('',(0.0104055693654099,0.059,-0.00177472758484427));
#7104=CARTESIAN_POINT('',(0.00809048507986679,0.059,0.000577187777865042));
#7105=CARTESIAN_POINT('',(0.0109570633022316,0.059,-0.00105800347014862));
#7106=CARTESIAN_POINT('',(0.00810336680621028,0.059,0.000569833262831438));
#7107=CARTESIAN_POINT('',(0.0112923283185119,0.059,-0.000220078500407062));
#7108=CARTESIAN_POINT('',(0.00756238923257088,0.059,0.000703833005806295));
#7109=CARTESIAN_POINT('',(0.00297240714329196,0.059,0.000858827405656837));
#7110=CARTESIAN_POINT('',(0.0131809739600009,0.059,-0.000150257986381822));
#7111=CARTESIAN_POINT('',(0.00985753115327547,0.059,0.000178251519343157));
#7112=CARTESIAN_POINT('',(0.0130612390450433,0.059,-0.000764853103247228));
#7113=CARTESIAN_POINT('',(0.00805775401348313,0.059,0.000708058287428054));
#7114=CARTESIAN_POINT('',(0.012074539610514,0.059,-0.00261906718260055));
#7115=CARTESIAN_POINT('',(0.00799410609810594,0.059,0.000760773917764352));
#7116=CARTESIAN_POINT('',(0.0104328664807363,0.059,-0.00394302362347946));
#7117=CARTESIAN_POINT('',(0.00798791914665929,0.059,0.000772710260852475));
#7118=CARTESIAN_POINT('',(0.00840268868272661,0.059,-0.00452293698629276));
#7119=CARTESIAN_POINT('',(0.0079919651655998,0.059,0.000721084061513831));
#7120=CARTESIAN_POINT('',(0.00631269815340552,0.059,-0.00426374420625184));
#7121=CARTESIAN_POINT('',(0.00800590138991293,0.059,0.000762455220721602));
#7122=CARTESIAN_POINT('',(0.00536151091070081,0.059,-0.00383502418361287));
#7123=CARTESIAN_POINT('',(0.00781134835129794,0.059,0.000424207003886421));
#7124=CARTESIAN_POINT('',(0.00453235867286073,0.059,-0.0032351618600873));
#7125=CARTESIAN_POINT('',(0.00785698955848858,0.059,0.000475138189816974));
#7126=CARTESIAN_POINT('',(0.00384041267891494,0.059,-0.00247216687692871));
#7127=CARTESIAN_POINT('',(0.00837748984969985,0.059,0.000857077339638916));
#7128=CARTESIAN_POINT('',(0.00329563351556083,0.059,-0.00156029158263539));
#7129=CARTESIAN_POINT('',(0.00925434275819007,0.059,0.00127418815103678));
#7130=CARTESIAN_POINT('',(0.00287278637430287,0.059,-0.000403974331579849));
#7131=CARTESIAN_POINT('',(0.00718808674386607,0.059,0.000730825228219897));
#7132=CARTESIAN_POINT('',(0.00715911949765647,0.059,0.000229833340412401));
#7133=CARTESIAN_POINT('',(0.00472221339882877,0.059,-0.000219990153706617));
#7134=CARTESIAN_POINT('',(0.00756238923257088,0.059,0.000703833005806295));
#7135=CARTESIAN_POINT('',(0.0112923283185119,0.059,-0.000220078500407062));
#7136=CARTESIAN_POINT('',(0.00718808674386607,0.059,0.000730825228219897));
#7137=CARTESIAN_POINT('',(0.00287278637430287,0.059,-0.000403974331579849));
#7138=CARTESIAN_POINT('',(0.00297240714329196,0.059,0.000858827405656837));
#7139=CARTESIAN_POINT('',(0.0131809739600009,0.059,-0.000150257986381822));
#7140=CARTESIAN_POINT('',(0.00640311645275033,0.059,9.02829123452622E-5));
#7141=CARTESIAN_POINT('',(0.00480789601671765,0.059,-0.000523700973977293));
#7142=CARTESIAN_POINT('',(0.00905198310779775,0.059,0.0011098051258046));
#7143=CARTESIAN_POINT('',(0.00496999863654909,0.059,-0.000894694859523965));
#7144=CARTESIAN_POINT('',(0.00768077354199185,0.059,0.000436455677418889));
#7145=CARTESIAN_POINT('',(0.00525093976520112,0.059,-0.00135691270558232));
#7146=CARTESIAN_POINT('',(0.0082758268804562,0.059,0.000875634521164981));
#7147=CARTESIAN_POINT('',(0.00562434446569112,0.059,-0.00178967037394266));
#7148=CARTESIAN_POINT('',(0.00846901696188528,0.059,0.00106983279092456));
#7149=CARTESIAN_POINT('',(0.00607367048122634,0.059,-0.00217535367491743));
#7150=CARTESIAN_POINT('',(0.00861092596463974,0.059,0.00126209719280933));
#7151=CARTESIAN_POINT('',(0.00658092605398766,0.059,-0.00249726900628585));
#7152=CARTESIAN_POINT('',(0.00744855122316906,0.059,-0.00089051163343297));
#7153=CARTESIAN_POINT('',(0.00684609088007336,0.059,-0.00261431099078613));
#7154=CARTESIAN_POINT('',(0.00736554569379286,0.059,-0.00112801418311995));
#7155=CARTESIAN_POINT('',(0.0071168102000314,0.059,-0.00268269812467151));
#7156=CARTESIAN_POINT('',(0.00756921750682955,0.059,0.000145031666399455));
#7157=CARTESIAN_POINT('',(0.0074676234931806,0.059,-0.00271685701049651));
#7158=CARTESIAN_POINT('',(0.00801912097063161,0.059,0.0128193983537358));
#7159=CARTESIAN_POINT('',(0.0080145899002361,0.059,-0.00272664164620222));
#7160=CARTESIAN_POINT('',(0.00802010629559394,0.059,0.0162402512180507));
#7161=CARTESIAN_POINT('',(0.0086426472300436,0.059,-0.00271642301926214));
#7162=CARTESIAN_POINT('',(0.00858593200117494,0.059,-0.000989355877729833));
#7163=CARTESIAN_POINT('',(0.00897102788537249,0.059,-0.0026738969691017));
#7164=CARTESIAN_POINT('',(0.00869389048824252,0.059,-0.00146159859881669));
#7165=CARTESIAN_POINT('',(0.00925224285697836,0.059,-0.00257277595091254));
#7166=CARTESIAN_POINT('',(0.00628119384375897,0.059,0.00333990909592757));
#7167=CARTESIAN_POINT('',(0.00965758865475435,0.059,-0.00235104291426914));
#7168=CARTESIAN_POINT('',(0.00766206269680217,0.059,0.00101243203843851));
#7169=CARTESIAN_POINT('',(0.0104055693654099,0.059,-0.00177472758484427));
#7170=CARTESIAN_POINT('',(0.00809048507986679,0.059,0.000577187777865042));
#7171=CARTESIAN_POINT('',(0.0109570633022316,0.059,-0.00105800347014862));
#7172=CARTESIAN_POINT('',(0.00810336680621028,0.059,0.000569833262831438));
#7173=CARTESIAN_POINT('',(0.00925434275819007,0.059,0.00127418815103678));
#7174=CARTESIAN_POINT('',(0.00329563351556083,0.059,-0.00156029158263539));
#7175=CARTESIAN_POINT('',(0.00985753115327547,0.059,0.000178251519343157));
#7176=CARTESIAN_POINT('',(0.0130612390450433,0.059,-0.000764853103247228));
#7177=CARTESIAN_POINT('',(0.00805775401348313,0.059,0.000708058287428054));
#7178=CARTESIAN_POINT('',(0.012074539610514,0.059,-0.00261906718260055));
#7179=CARTESIAN_POINT('',(0.00799410609810594,0.059,0.000760773917764352));
#7180=CARTESIAN_POINT('',(0.0104328664807363,0.059,-0.00394302362347946));
#7181=CARTESIAN_POINT('',(0.00798791914665929,0.059,0.000772710260852475));
#7182=CARTESIAN_POINT('',(0.00840268868272661,0.059,-0.00452293698629276));
#7183=CARTESIAN_POINT('',(0.0079919651655998,0.059,0.000721084061513831));
#7184=CARTESIAN_POINT('',(0.00631269815340552,0.059,-0.00426374420625184));
#7185=CARTESIAN_POINT('',(0.00800590138991293,0.059,0.000762455220721602));
#7186=CARTESIAN_POINT('',(0.00536151091070081,0.059,-0.00383502418361287));
#7187=CARTESIAN_POINT('',(0.00781134835129794,0.059,0.000424207003886421));
#7188=CARTESIAN_POINT('',(0.00453235867286073,0.059,-0.0032351618600873));
#7189=CARTESIAN_POINT('',(0.00785698955848858,0.059,0.000475138189816974));
#7190=CARTESIAN_POINT('',(0.00384041267891494,0.059,-0.00247216687692871));
#7191=CARTESIAN_POINT('',(0.00837748984969985,0.059,0.000857077339638916));
#7192=CARTESIAN_POINT('',(-1.61387757090876E-17,0.059,0.0019255016053379));
#7193=CARTESIAN_POINT('',(-0.0185151579707088,0.059,0.000183009365701336));
#7194=CARTESIAN_POINT('',(-0.0198276314616993,0.059,-0.00144915132741832));
#7195=CARTESIAN_POINT('',(-0.0198541460776789,0.059,-0.00039947962690822));
#7196=CARTESIAN_POINT('',(-0.0185151579707088,0.059,0.000183009365701336));
#7197=CARTESIAN_POINT('',(-0.0198276314616993,0.059,-0.00144915132741832));
#7198=CARTESIAN_POINT('',(-0.0198541460776789,0.059,-0.00039947962690822));
#7199=MECHANICAL_DESIGN_GEOMETRIC_PRESENTATION_REPRESENTATION('',(#3998),
#7200);
#7200=(
GEOMETRIC_REPRESENTATION_CONTEXT(3)
GLOBAL_UNCERTAINTY_ASSIGNED_CONTEXT((#7201))
GLOBAL_UNIT_ASSIGNED_CONTEXT((#7204,#7203,#7202))
REPRESENTATION_CONTEXT('Top Case','TOP_LEVEL_ASSEMBLY_PART')
);
#7201=UNCERTAINTY_MEASURE_WITH_UNIT(LENGTH_MEASURE(2.E-5),#7204,
'DISTANCE_ACCURACY_VALUE','Maximum Tolerance applied to model');
#7202=(
NAMED_UNIT(*)
SI_UNIT($,.STERADIAN.)
SOLID_ANGLE_UNIT()
);
#7203=(
NAMED_UNIT(*)
PLANE_ANGLE_UNIT()
SI_UNIT($,.RADIAN.)
);
#7204=(
LENGTH_UNIT()
NAMED_UNIT(*)
SI_UNIT($,.METRE.)
);
#7205=PRODUCT_DEFINITION_SHAPE('','',#7206);
#7206=PRODUCT_DEFINITION('','',#7208,#7207);
#7207=PRODUCT_DEFINITION_CONTEXT('',#7214,'design');
#7208=PRODUCT_DEFINITION_FORMATION_WITH_SPECIFIED_SOURCE('','',#7210,
 .NOT_KNOWN.);
#7209=PRODUCT_RELATED_PRODUCT_CATEGORY('','',(#7210));
#7210=PRODUCT('Top Case','Top Case','Top Case',(#7212));
#7211=PRODUCT_CATEGORY('','');
#7212=PRODUCT_CONTEXT('',#7214,'mechanical');
#7213=APPLICATION_PROTOCOL_DEFINITION('international standard',
'ap242_managed_model_based_3d_engineering',2020,#7214);
#7214=APPLICATION_CONTEXT('managed model based 3d engineering');
ENDSEC;
END-ISO-10303-21;
