ISO-10303-21;
HEADER;
/* Generated by software containing ST-Developer
 * from STEP Tools, Inc. (www.steptools.com) 
 */
/* OPTION: using custom renumber hook */

FILE_DESCRIPTION(
/* description */ ('STEP AP242 Edition 2',
'CAx-IF Rec.Pracs.---Representation and Presentation of Product Manufa
cturing Information (PMI)---4.0---2014-10-13',
'CAx-IF Rec.Pracs.---3D Tessellated Geometry---0.4---2014-09-14','2;1',
'CAx-IF Rec.Pracs.---User Defined Attributes---1.5---2016-08-15'),
/* implementation_level */ '2;1');

FILE_NAME(
/* name */ 'Part Studio 1 - Bottom Case',
/* time_stamp */ '2026-07-04T16:40:45Z',
/* author */ (''),
/* organization */ (''),
/* preprocessor_version */ 'ST-DEVELOPER v20',
/* originating_system */ 'ONSHAPE BY PTC INC, 1.217',
/* authorisation */ '  ');

FILE_SCHEMA (('AP242_MANAGED_MODEL_BASED_3D_ENGINEERING_MIM_LF { 1 0 10303 442 3 1 4 }'));
ENDSEC;

DATA;
#10=SHAPE_REPRESENTATION_RELATIONSHIP('','',#2202,#11);
#11=ADVANCED_BREP_SHAPE_REPRESENTATION('',(#2200),#4023);
#12=CONICAL_SURFACE('',#2266,0.004375,0.785398163397448);
#13=CONICAL_SURFACE('',#2268,0.002,0.785398163397449);
#14=CONICAL_SURFACE('',#2269,0.002,0.785398163397448);
#15=CONICAL_SURFACE('',#2272,0.002,0.785398163397448);
#16=CONICAL_SURFACE('',#2273,0.002,0.785398163397448);
#17=CONICAL_SURFACE('',#2348,0.0025,0.785398163397448);
#18=CONICAL_SURFACE('',#2349,0.0025,0.785398163397448);
#19=CONICAL_SURFACE('',#2352,0.0035,0.785398163397448);
#20=CONICAL_SURFACE('',#2353,0.0035,0.785398163397448);
#21=CYLINDRICAL_SURFACE('',#2235,0.002);
#22=CYLINDRICAL_SURFACE('',#2238,0.002);
#23=CYLINDRICAL_SURFACE('',#2241,0.002);
#24=CYLINDRICAL_SURFACE('',#2244,0.002);
#25=CYLINDRICAL_SURFACE('',#2246,0.002);
#26=CYLINDRICAL_SURFACE('',#2248,0.002);
#27=CYLINDRICAL_SURFACE('',#2250,0.002);
#28=CYLINDRICAL_SURFACE('',#2252,0.002);
#29=CYLINDRICAL_SURFACE('',#2258,0.004375);
#30=CYLINDRICAL_SURFACE('',#2275,0.0021);
#31=CYLINDRICAL_SURFACE('',#2278,0.0021);
#32=CYLINDRICAL_SURFACE('',#2281,0.0021);
#33=CYLINDRICAL_SURFACE('',#2284,0.0021);
#34=B_SPLINE_SURFACE_WITH_KNOTS('',3,1,((#3278,#3279),(#3280,#3281),(#3282,
#3283),(#3284,#3285),(#3286,#3287),(#3288,#3289),(#3290,#3291),(#3292,#3293),
(#3294,#3295),(#3296,#3297),(#3298,#3299),(#3300,#3301),(#3302,#3303),(#3304,
#3305),(#3306,#3307),(#3308,#3309),(#3310,#3311)),
 .SURF_OF_LINEAR_EXTRUSION.,.F.,.F.,.F.,(4,1,1,1,1,1,1,1,1,1,1,1,1,1,4),
(2,2),(0.,0.0625,0.125,0.15625,0.1875,0.25,0.375,0.5,0.625,0.75,0.8125,
0.875,0.90625,0.9375,1.),(0.,1.),.UNSPECIFIED.);
#35=B_SPLINE_SURFACE_WITH_KNOTS('',3,1,((#3337,#3338),(#3339,#3340),(#3341,
#3342),(#3343,#3344),(#3345,#3346),(#3347,#3348),(#3349,#3350),(#3351,#3352),
(#3353,#3354),(#3355,#3356),(#3357,#3358),(#3359,#3360),(#3361,#3362),(#3363,
#3364),(#3365,#3366),(#3367,#3368),(#3369,#3370)),
 .SURF_OF_LINEAR_EXTRUSION.,.F.,.F.,.F.,(4,1,1,1,1,1,1,1,1,1,1,1,1,1,4),
(2,2),(0.,0.0625,0.125,0.15625,0.1875,0.25,0.375,0.5,0.625,0.75,0.8125,
0.875,0.90625,0.9375,1.),(0.,1.),.UNSPECIFIED.);
#36=B_SPLINE_SURFACE_WITH_KNOTS('',3,1,((#3394,#3395),(#3396,#3397),(#3398,
#3399),(#3400,#3401),(#3402,#3403),(#3404,#3405),(#3406,#3407),(#3408,#3409),
(#3410,#3411),(#3412,#3413),(#3414,#3415),(#3416,#3417),(#3418,#3419),(#3420,
#3421),(#3422,#3423),(#3424,#3425),(#3426,#3427)),
 .SURF_OF_LINEAR_EXTRUSION.,.F.,.F.,.F.,(4,1,1,1,1,1,1,1,1,1,1,1,1,1,4),
(2,2),(0.,0.0625,0.125,0.15625,0.1875,0.25,0.375,0.5,0.625,0.75,0.8125,
0.875,0.90625,0.9375,1.),(0.,1.),.UNSPECIFIED.);
#37=B_SPLINE_SURFACE_WITH_KNOTS('',3,1,((#3451,#3452),(#3453,#3454),(#3455,
#3456),(#3457,#3458),(#3459,#3460),(#3461,#3462),(#3463,#3464),(#3465,#3466),
(#3467,#3468),(#3469,#3470),(#3471,#3472),(#3473,#3474),(#3475,#3476),(#3477,
#3478),(#3479,#3480),(#3481,#3482),(#3483,#3484)),
 .SURF_OF_LINEAR_EXTRUSION.,.F.,.F.,.F.,(4,1,1,1,1,1,1,1,1,1,1,1,1,1,4),
(2,2),(0.,0.0625,0.125,0.15625,0.1875,0.25,0.375,0.5,0.625,0.75,0.8125,
0.875,0.90625,0.9375,1.),(0.,1.),.UNSPECIFIED.);
#38=B_SPLINE_SURFACE_WITH_KNOTS('',1,3,((#3808,#3809,#3810,#3811,#3812,
#3813,#3814,#3815,#3816,#3817,#3818,#3819,#3820,#3821,#3822,#3823,#3824,
#3825),(#3826,#3827,#3828,#3829,#3830,#3831,#3832,#3833,#3834,#3835,#3836,
#3837,#3838,#3839,#3840,#3841,#3842,#3843)),.RULED_SURF.,.F.,.F.,.F.,(2,
2),(4,2,2,2,2,2,2,2,4),(0.,1.),(0.,0.000612952040686014,0.000919428061029022,
0.00122590408137203,0.00183885612205804,0.00245180816274406,0.00367771224411609,
0.0042906642848021,0.00490361632548812),.UNSPECIFIED.);
#39=B_SPLINE_SURFACE_WITH_KNOTS('',1,3,((#3862,#3863,#3864,#3865,#3866,
#3867,#3868,#3869,#3870,#3871,#3872,#3873,#3874,#3875,#3876,#3877,#3878,
#3879),(#3880,#3881,#3882,#3883,#3884,#3885,#3886,#3887,#3888,#3889,#3890,
#3891,#3892,#3893,#3894,#3895,#3896,#3897)),.RULED_SURF.,.F.,.F.,.F.,(2,
2),(4,2,2,2,2,2,2,2,4),(0.,1.),(0.,0.000612952040687163,0.000919428061030744,
0.00122590408137433,0.00183885612206149,0.00245180816274865,0.00367771224412297,
0.00429066428481014,0.0049036163254973),.UNSPECIFIED.);
#40=B_SPLINE_SURFACE_WITH_KNOTS('',1,3,((#3902,#3903,#3904,#3905,#3906,
#3907,#3908,#3909,#3910,#3911,#3912,#3913,#3914,#3915,#3916,#3917,#3918,
#3919),(#3920,#3921,#3922,#3923,#3924,#3925,#3926,#3927,#3928,#3929,#3930,
#3931,#3932,#3933,#3934,#3935,#3936,#3937)),.RULED_SURF.,.F.,.F.,.F.,(2,
2),(4,2,2,2,2,2,2,2,4),(0.,1.),(0.,0.000612952040687163,0.000919428061030744,
0.00122590408137433,0.00183885612206149,0.00245180816274865,0.00367771224412297,
0.00429066428481014,0.0049036163254973),.UNSPECIFIED.);
#41=B_SPLINE_SURFACE_WITH_KNOTS('',1,3,((#3952,#3953,#3954,#3955,#3956,
#3957,#3958,#3959,#3960,#3961,#3962,#3963,#3964,#3965,#3966,#3967,#3968,
#3969),(#3970,#3971,#3972,#3973,#3974,#3975,#3976,#3977,#3978,#3979,#3980,
#3981,#3982,#3983,#3984,#3985,#3986,#3987)),.RULED_SURF.,.F.,.F.,.F.,(2,
2),(4,2,2,2,2,2,2,2,4),(0.,1.),(0.,0.000612952040686014,0.000919428061029022,
0.00122590408137203,0.00183885612205804,0.00245180816274406,0.00367771224411609,
0.0042906642848021,0.00490361632548812),.UNSPECIFIED.);
#42=B_SPLINE_CURVE_WITH_KNOTS('',3,(#2924,#2925,#2926,#2927,#2928,#2929,
#2930,#2931,#2932,#2933,#2934,#2935,#2936,#2937,#2938,#2939,#2940,#2941,
#2942),.UNSPECIFIED.,.F.,.F.,(4,1,1,1,1,1,1,1,1,1,1,1,1,1,1,1,4),(0.,0.0625,
0.125,0.1875,0.25,0.3125,0.375,0.5,0.625,0.6875,0.75,0.8125,0.84375,0.875,
0.90625,0.9375,1.),.UNSPECIFIED.);
#43=B_SPLINE_CURVE_WITH_KNOTS('',3,(#2946,#2947,#2948,#2949,#2950,#2951,
#2952,#2953,#2954,#2955,#2956,#2957,#2958,#2959,#2960,#2961,#2962,#2963,
#2964),.UNSPECIFIED.,.F.,.F.,(4,1,1,1,1,1,1,1,1,1,1,1,1,1,1,1,4),(0.,0.0625,
0.125,0.1875,0.25,0.3125,0.375,0.5,0.625,0.6875,0.75,0.8125,0.84375,0.875,
0.90625,0.9375,1.),.UNSPECIFIED.);
#44=B_SPLINE_CURVE_WITH_KNOTS('',3,(#2968,#2969,#2970,#2971,#2972,#2973,
#2974,#2975,#2976,#2977,#2978,#2979,#2980,#2981,#2982,#2983,#2984,#2985,
#2986),.UNSPECIFIED.,.F.,.F.,(4,1,1,1,1,1,1,1,1,1,1,1,1,1,1,1,4),(0.,0.0625,
0.125,0.1875,0.25,0.3125,0.375,0.5,0.625,0.6875,0.75,0.8125,0.84375,0.875,
0.90625,0.9375,1.),.UNSPECIFIED.);
#45=B_SPLINE_CURVE_WITH_KNOTS('',3,(#2990,#2991,#2992,#2993,#2994,#2995,
#2996,#2997,#2998,#2999,#3000,#3001,#3002,#3003,#3004,#3005,#3006,#3007,
#3008),.UNSPECIFIED.,.F.,.F.,(4,1,1,1,1,1,1,1,1,1,1,1,1,1,1,1,4),(0.,0.0625,
0.125,0.1875,0.25,0.3125,0.375,0.5,0.625,0.6875,0.75,0.8125,0.84375,0.875,
0.90625,0.9375,1.),.UNSPECIFIED.);
#46=B_SPLINE_CURVE_WITH_KNOTS('',3,(#3194,#3195,#3196,#3197,#3198,#3199,
#3200,#3201,#3202,#3203,#3204,#3205,#3206,#3207,#3208,#3209,#3210),
 .UNSPECIFIED.,.F.,.F.,(4,1,1,1,1,1,1,1,1,1,1,1,1,1,4),(0.,0.0625,0.125,
0.15625,0.1875,0.25,0.375,0.5,0.625,0.75,0.8125,0.875,0.90625,0.9375,1.),
 .UNSPECIFIED.);
#47=B_SPLINE_CURVE_WITH_KNOTS('',3,(#3215,#3216,#3217,#3218,#3219,#3220,
#3221,#3222,#3223,#3224,#3225,#3226,#3227,#3228,#3229,#3230,#3231),
 .UNSPECIFIED.,.F.,.F.,(4,1,1,1,1,1,1,1,1,1,1,1,1,1,4),(0.,0.0625,0.125,
0.15625,0.1875,0.25,0.375,0.5,0.625,0.75,0.8125,0.875,0.90625,0.9375,1.),
 .UNSPECIFIED.);
#48=B_SPLINE_CURVE_WITH_KNOTS('',3,(#3235,#3236,#3237,#3238,#3239,#3240,
#3241,#3242,#3243,#3244,#3245,#3246,#3247,#3248,#3249,#3250,#3251),
 .UNSPECIFIED.,.F.,.F.,(4,1,1,1,1,1,1,1,1,1,1,1,1,1,4),(0.,0.0625,0.125,
0.15625,0.1875,0.25,0.375,0.5,0.625,0.75,0.8125,0.875,0.90625,0.9375,1.),
 .UNSPECIFIED.);
#49=B_SPLINE_CURVE_WITH_KNOTS('',3,(#3255,#3256,#3257,#3258,#3259,#3260,
#3261,#3262,#3263,#3264,#3265,#3266,#3267,#3268,#3269,#3270,#3271),
 .UNSPECIFIED.,.F.,.F.,(4,1,1,1,1,1,1,1,1,1,1,1,1,1,4),(0.,0.0625,0.125,
0.15625,0.1875,0.25,0.375,0.5,0.625,0.75,0.8125,0.875,0.90625,0.9375,1.),
 .UNSPECIFIED.);
#50=B_SPLINE_CURVE_WITH_KNOTS('',3,(#3314,#3315,#3316,#3317,#3318,#3319,
#3320,#3321,#3322,#3323,#3324,#3325,#3326,#3327,#3328,#3329,#3330),
 .UNSPECIFIED.,.F.,.F.,(4,1,1,1,1,1,1,1,1,1,1,1,1,1,4),(0.,0.0625,0.09375,
0.125,0.1875,0.25,0.375,0.5,0.625,0.75,0.8125,0.84375,0.875,0.9375,1.),
 .UNSPECIFIED.);
#51=B_SPLINE_CURVE_WITH_KNOTS('',3,(#3373,#3374,#3375,#3376,#3377,#3378,
#3379,#3380,#3381,#3382,#3383,#3384,#3385,#3386,#3387,#3388,#3389),
 .UNSPECIFIED.,.F.,.F.,(4,1,1,1,1,1,1,1,1,1,1,1,1,1,4),(0.,0.0625,0.09375,
0.125,0.1875,0.25,0.375,0.5,0.625,0.75,0.8125,0.84375,0.875,0.9375,1.),
 .UNSPECIFIED.);
#52=B_SPLINE_CURVE_WITH_KNOTS('',3,(#3430,#3431,#3432,#3433,#3434,#3435,
#3436,#3437,#3438,#3439,#3440,#3441,#3442,#3443,#3444,#3445,#3446),
 .UNSPECIFIED.,.F.,.F.,(4,1,1,1,1,1,1,1,1,1,1,1,1,1,4),(0.,0.0625,0.09375,
0.125,0.1875,0.25,0.375,0.5,0.625,0.75,0.8125,0.84375,0.875,0.9375,1.),
 .UNSPECIFIED.);
#53=B_SPLINE_CURVE_WITH_KNOTS('',3,(#3487,#3488,#3489,#3490,#3491,#3492,
#3493,#3494,#3495,#3496,#3497,#3498,#3499,#3500,#3501,#3502,#3503),
 .UNSPECIFIED.,.F.,.F.,(4,1,1,1,1,1,1,1,1,1,1,1,1,1,4),(0.,0.0625,0.09375,
0.125,0.1875,0.25,0.375,0.5,0.625,0.75,0.8125,0.84375,0.875,0.9375,1.),
 .UNSPECIFIED.);
#54=B_SPLINE_CURVE_WITH_KNOTS('',3,(#3844,#3845,#3846,#3847),
 .UNSPECIFIED.,.F.,.F.,(4,4),(0.,1.),.UNSPECIFIED.);
#55=B_SPLINE_CURVE_WITH_KNOTS('',3,(#3848,#3849,#3850,#3851),
 .UNSPECIFIED.,.F.,.F.,(4,4),(0.,1.),.UNSPECIFIED.);
#56=B_SPLINE_CURVE_WITH_KNOTS('',3,(#3853,#3854,#3855,#3856),
 .UNSPECIFIED.,.F.,.F.,(4,4),(0.,1.),.UNSPECIFIED.);
#57=B_SPLINE_CURVE_WITH_KNOTS('',3,(#3858,#3859,#3860,#3861),
 .UNSPECIFIED.,.F.,.F.,(4,4),(0.,1.),.UNSPECIFIED.);
#58=B_SPLINE_CURVE_WITH_KNOTS('',3,(#3898,#3899,#3900,#3901),
 .UNSPECIFIED.,.F.,.F.,(4,4),(0.,1.),.UNSPECIFIED.);
#59=B_SPLINE_CURVE_WITH_KNOTS('',3,(#3938,#3939,#3940,#3941),
 .UNSPECIFIED.,.F.,.F.,(4,4),(0.,1.),.UNSPECIFIED.);
#60=B_SPLINE_CURVE_WITH_KNOTS('',3,(#3943,#3944,#3945,#3946),
 .UNSPECIFIED.,.F.,.F.,(4,4),(0.,1.),.UNSPECIFIED.);
#61=B_SPLINE_CURVE_WITH_KNOTS('',3,(#3948,#3949,#3950,#3951),
 .UNSPECIFIED.,.F.,.F.,(4,4),(0.,1.),.UNSPECIFIED.);
#62=LINE('',#2908,#306);
#63=LINE('',#2912,#307);
#64=LINE('',#2916,#308);
#65=LINE('',#2920,#309);
#66=LINE('',#2921,#310);
#67=LINE('',#2944,#311);
#68=LINE('',#2966,#312);
#69=LINE('',#2988,#313);
#70=LINE('',#3009,#314);
#71=LINE('',#3012,#315);
#72=LINE('',#3014,#316);
#73=LINE('',#3016,#317);
#74=LINE('',#3022,#318);
#75=LINE('',#3026,#319);
#76=LINE('',#3030,#320);
#77=LINE('',#3034,#321);
#78=LINE('',#3038,#322);
#79=LINE('',#3042,#323);
#80=LINE('',#3046,#324);
#81=LINE('',#3050,#325);
#82=LINE('',#3051,#326);
#83=LINE('',#3054,#327);
#84=LINE('',#3056,#328);
#85=LINE('',#3058,#329);
#86=LINE('',#3060,#330);
#87=LINE('',#3062,#331);
#88=LINE('',#3064,#332);
#89=LINE('',#3066,#333);
#90=LINE('',#3068,#334);
#91=LINE('',#3070,#335);
#92=LINE('',#3072,#336);
#93=LINE('',#3074,#337);
#94=LINE('',#3076,#338);
#95=LINE('',#3078,#339);
#96=LINE('',#3080,#340);
#97=LINE('',#3082,#341);
#98=LINE('',#3084,#342);
#99=LINE('',#3086,#343);
#100=LINE('',#3088,#344);
#101=LINE('',#3090,#345);
#102=LINE('',#3092,#346);
#103=LINE('',#3094,#347);
#104=LINE('',#3096,#348);
#105=LINE('',#3097,#349);
#106=LINE('',#3100,#350);
#107=LINE('',#3102,#351);
#108=LINE('',#3104,#352);
#109=LINE('',#3106,#353);
#110=LINE('',#3108,#354);
#111=LINE('',#3110,#355);
#112=LINE('',#3112,#356);
#113=LINE('',#3114,#357);
#114=LINE('',#3116,#358);
#115=LINE('',#3118,#359);
#116=LINE('',#3120,#360);
#117=LINE('',#3122,#361);
#118=LINE('',#3124,#362);
#119=LINE('',#3126,#363);
#120=LINE('',#3128,#364);
#121=LINE('',#3130,#365);
#122=LINE('',#3132,#366);
#123=LINE('',#3134,#367);
#124=LINE('',#3136,#368);
#125=LINE('',#3138,#369);
#126=LINE('',#3140,#370);
#127=LINE('',#3142,#371);
#128=LINE('',#3144,#372);
#129=LINE('',#3146,#373);
#130=LINE('',#3152,#374);
#131=LINE('',#3155,#375);
#132=LINE('',#3157,#376);
#133=LINE('',#3159,#377);
#134=LINE('',#3165,#378);
#135=LINE('',#3169,#379);
#136=LINE('',#3173,#380);
#137=LINE('',#3177,#381);
#138=LINE('',#3181,#382);
#139=LINE('',#3185,#383);
#140=LINE('',#3189,#384);
#141=LINE('',#3193,#385);
#142=LINE('',#3213,#386);
#143=LINE('',#3233,#387);
#144=LINE('',#3253,#388);
#145=LINE('',#3273,#389);
#146=LINE('',#3312,#390);
#147=LINE('',#3332,#391);
#148=LINE('',#3334,#392);
#149=LINE('',#3336,#393);
#150=LINE('',#3371,#394);
#151=LINE('',#3391,#395);
#152=LINE('',#3393,#396);
#153=LINE('',#3428,#397);
#154=LINE('',#3448,#398);
#155=LINE('',#3450,#399);
#156=LINE('',#3485,#400);
#157=LINE('',#3505,#401);
#158=LINE('',#3509,#402);
#159=LINE('',#3511,#403);
#160=LINE('',#3513,#404);
#161=LINE('',#3515,#405);
#162=LINE('',#3519,#406);
#163=LINE('',#3521,#407);
#164=LINE('',#3523,#408);
#165=LINE('',#3527,#409);
#166=LINE('',#3529,#410);
#167=LINE('',#3531,#411);
#168=LINE('',#3535,#412);
#169=LINE('',#3536,#413);
#170=LINE('',#3538,#414);
#171=LINE('',#3540,#415);
#172=LINE('',#3542,#416);
#173=LINE('',#3544,#417);
#174=LINE('',#3546,#418);
#175=LINE('',#3548,#419);
#176=LINE('',#3550,#420);
#177=LINE('',#3552,#421);
#178=LINE('',#3554,#422);
#179=LINE('',#3556,#423);
#180=LINE('',#3558,#424);
#181=LINE('',#3560,#425);
#182=LINE('',#3562,#426);
#183=LINE('',#3564,#427);
#184=LINE('',#3570,#428);
#185=LINE('',#3572,#429);
#186=LINE('',#3574,#430);
#187=LINE('',#3575,#431);
#188=LINE('',#3577,#432);
#189=LINE('',#3579,#433);
#190=LINE('',#3583,#434);
#191=LINE('',#3584,#435);
#192=LINE('',#3586,#436);
#193=LINE('',#3588,#437);
#194=LINE('',#3590,#438);
#195=LINE('',#3592,#439);
#196=LINE('',#3594,#440);
#197=LINE('',#3596,#441);
#198=LINE('',#3615,#442);
#199=LINE('',#3617,#443);
#200=LINE('',#3619,#444);
#201=LINE('',#3621,#445);
#202=LINE('',#3623,#446);
#203=LINE('',#3625,#447);
#204=LINE('',#3627,#448);
#205=LINE('',#3629,#449);
#206=LINE('',#3631,#450);
#207=LINE('',#3633,#451);
#208=LINE('',#3635,#452);
#209=LINE('',#3637,#453);
#210=LINE('',#3639,#454);
#211=LINE('',#3641,#455);
#212=LINE('',#3643,#456);
#213=LINE('',#3645,#457);
#214=LINE('',#3647,#458);
#215=LINE('',#3649,#459);
#216=LINE('',#3651,#460);
#217=LINE('',#3653,#461);
#218=LINE('',#3655,#462);
#219=LINE('',#3657,#463);
#220=LINE('',#3659,#464);
#221=LINE('',#3661,#465);
#222=LINE('',#3663,#466);
#223=LINE('',#3665,#467);
#224=LINE('',#3667,#468);
#225=LINE('',#3669,#469);
#226=LINE('',#3671,#470);
#227=LINE('',#3673,#471);
#228=LINE('',#3675,#472);
#229=LINE('',#3677,#473);
#230=LINE('',#3679,#474);
#231=LINE('',#3681,#475);
#232=LINE('',#3683,#476);
#233=LINE('',#3685,#477);
#234=LINE('',#3687,#478);
#235=LINE('',#3689,#479);
#236=LINE('',#3691,#480);
#237=LINE('',#3693,#481);
#238=LINE('',#3695,#482);
#239=LINE('',#3697,#483);
#240=LINE('',#3699,#484);
#241=LINE('',#3701,#485);
#242=LINE('',#3703,#486);
#243=LINE('',#3705,#487);
#244=LINE('',#3708,#488);
#245=LINE('',#3710,#489);
#246=LINE('',#3712,#490);
#247=LINE('',#3714,#491);
#248=LINE('',#3716,#492);
#249=LINE('',#3718,#493);
#250=LINE('',#3720,#494);
#251=LINE('',#3722,#495);
#252=LINE('',#3724,#496);
#253=LINE('',#3726,#497);
#254=LINE('',#3728,#498);
#255=LINE('',#3730,#499);
#256=LINE('',#3732,#500);
#257=LINE('',#3734,#501);
#258=LINE('',#3736,#502);
#259=LINE('',#3738,#503);
#260=LINE('',#3740,#504);
#261=LINE('',#3742,#505);
#262=LINE('',#3744,#506);
#263=LINE('',#3746,#507);
#264=LINE('',#3748,#508);
#265=LINE('',#3750,#509);
#266=LINE('',#3752,#510);
#267=LINE('',#3754,#511);
#268=LINE('',#3756,#512);
#269=LINE('',#3758,#513);
#270=LINE('',#3760,#514);
#271=LINE('',#3762,#515);
#272=LINE('',#3764,#516);
#273=LINE('',#3766,#517);
#274=LINE('',#3768,#518);
#275=LINE('',#3770,#519);
#276=LINE('',#3772,#520);
#277=LINE('',#3774,#521);
#278=LINE('',#3776,#522);
#279=LINE('',#3778,#523);
#280=LINE('',#3780,#524);
#281=LINE('',#3782,#525);
#282=LINE('',#3784,#526);
#283=LINE('',#3786,#527);
#284=LINE('',#3788,#528);
#285=LINE('',#3790,#529);
#286=LINE('',#3792,#530);
#287=LINE('',#3794,#531);
#288=LINE('',#3796,#532);
#289=LINE('',#3798,#533);
#290=LINE('',#3800,#534);
#291=LINE('',#3802,#535);
#292=LINE('',#3804,#536);
#293=LINE('',#3806,#537);
#294=LINE('',#3989,#538);
#295=LINE('',#3994,#539);
#296=LINE('',#3998,#540);
#297=LINE('',#4003,#541);
#298=LINE('',#4007,#542);
#299=LINE('',#4008,#543);
#300=LINE('',#4010,#544);
#301=LINE('',#4012,#545);
#302=LINE('',#4015,#546);
#303=LINE('',#4016,#547);
#304=LINE('',#4018,#548);
#305=LINE('',#4020,#549);
#306=VECTOR('',#2361,1.);
#307=VECTOR('',#2364,1.);
#308=VECTOR('',#2367,1.);
#309=VECTOR('',#2370,1.);
#310=VECTOR('',#2371,1.);
#311=VECTOR('',#2372,1.);
#312=VECTOR('',#2373,1.);
#313=VECTOR('',#2374,1.);
#314=VECTOR('',#2375,1.);
#315=VECTOR('',#2376,1.);
#316=VECTOR('',#2377,1.);
#317=VECTOR('',#2378,1.);
#318=VECTOR('',#2383,1.);
#319=VECTOR('',#2386,1.);
#320=VECTOR('',#2389,1.);
#321=VECTOR('',#2392,1.);
#322=VECTOR('',#2395,1.);
#323=VECTOR('',#2398,1.);
#324=VECTOR('',#2401,1.);
#325=VECTOR('',#2404,1.);
#326=VECTOR('',#2405,1.);
#327=VECTOR('',#2406,1.);
#328=VECTOR('',#2407,1.);
#329=VECTOR('',#2408,1.);
#330=VECTOR('',#2409,1.);
#331=VECTOR('',#2410,1.);
#332=VECTOR('',#2411,1.);
#333=VECTOR('',#2412,1.);
#334=VECTOR('',#2413,1.);
#335=VECTOR('',#2414,1.);
#336=VECTOR('',#2415,1.);
#337=VECTOR('',#2416,1.);
#338=VECTOR('',#2417,1.);
#339=VECTOR('',#2418,1.);
#340=VECTOR('',#2419,1.);
#341=VECTOR('',#2420,1.);
#342=VECTOR('',#2421,1.);
#343=VECTOR('',#2422,1.);
#344=VECTOR('',#2423,1.);
#345=VECTOR('',#2424,1.);
#346=VECTOR('',#2425,1.);
#347=VECTOR('',#2426,1.);
#348=VECTOR('',#2427,1.);
#349=VECTOR('',#2428,1.);
#350=VECTOR('',#2429,1.);
#351=VECTOR('',#2430,1.);
#352=VECTOR('',#2431,1.);
#353=VECTOR('',#2432,1.);
#354=VECTOR('',#2433,1.);
#355=VECTOR('',#2434,1.);
#356=VECTOR('',#2435,1.);
#357=VECTOR('',#2436,1.);
#358=VECTOR('',#2437,1.);
#359=VECTOR('',#2438,1.);
#360=VECTOR('',#2439,1.);
#361=VECTOR('',#2440,1.);
#362=VECTOR('',#2441,1.);
#363=VECTOR('',#2442,1.);
#364=VECTOR('',#2443,1.);
#365=VECTOR('',#2444,1.);
#366=VECTOR('',#2445,1.);
#367=VECTOR('',#2446,1.);
#368=VECTOR('',#2447,1.);
#369=VECTOR('',#2448,1.);
#370=VECTOR('',#2449,1.);
#371=VECTOR('',#2450,1.);
#372=VECTOR('',#2451,1.);
#373=VECTOR('',#2452,1.);
#374=VECTOR('',#2459,1.);
#375=VECTOR('',#2460,1.);
#376=VECTOR('',#2461,1.);
#377=VECTOR('',#2462,1.);
#378=VECTOR('',#2467,1.);
#379=VECTOR('',#2470,1.);
#380=VECTOR('',#2473,1.);
#381=VECTOR('',#2476,1.);
#382=VECTOR('',#2479,1.);
#383=VECTOR('',#2482,1.);
#384=VECTOR('',#2485,1.);
#385=VECTOR('',#2488,1.);
#386=VECTOR('',#2489,1.);
#387=VECTOR('',#2490,1.);
#388=VECTOR('',#2491,1.);
#389=VECTOR('',#2492,1.);
#390=VECTOR('',#2497,1.);
#391=VECTOR('',#2498,1.);
#392=VECTOR('',#2501,1.);
#393=VECTOR('',#2502,1.);
#394=VECTOR('',#2503,1.);
#395=VECTOR('',#2506,1.);
#396=VECTOR('',#2507,1.);
#397=VECTOR('',#2508,1.);
#398=VECTOR('',#2511,1.);
#399=VECTOR('',#2512,1.);
#400=VECTOR('',#2513,1.);
#401=VECTOR('',#2516,1.);
#402=VECTOR('',#2519,1.);
#403=VECTOR('',#2522,1.);
#404=VECTOR('',#2523,1.);
#405=VECTOR('',#2526,1.);
#406=VECTOR('',#2531,1.);
#407=VECTOR('',#2532,1.);
#408=VECTOR('',#2535,1.);
#409=VECTOR('',#2540,1.);
#410=VECTOR('',#2541,1.);
#411=VECTOR('',#2544,1.);
#412=VECTOR('',#2549,1.);
#413=VECTOR('',#2550,1.);
#414=VECTOR('',#2553,1.);
#415=VECTOR('',#2556,1.);
#416=VECTOR('',#2559,1.);
#417=VECTOR('',#2562,1.);
#418=VECTOR('',#2565,1.);
#419=VECTOR('',#2568,1.);
#420=VECTOR('',#2571,1.);
#421=VECTOR('',#2572,1.);
#422=VECTOR('',#2573,1.);
#423=VECTOR('',#2576,1.);
#424=VECTOR('',#2577,1.);
#425=VECTOR('',#2580,1.);
#426=VECTOR('',#2581,1.);
#427=VECTOR('',#2584,1.);
#428=VECTOR('',#2593,1.);
#429=VECTOR('',#2596,1.);
#430=VECTOR('',#2599,1.);
#431=VECTOR('',#2600,1.);
#432=VECTOR('',#2603,1.);
#433=VECTOR('',#2606,1.);
#434=VECTOR('',#2613,1.);
#435=VECTOR('',#2614,1.);
#436=VECTOR('',#2617,1.);
#437=VECTOR('',#2620,1.);
#438=VECTOR('',#2623,1.);
#439=VECTOR('',#2626,1.);
#440=VECTOR('',#2629,1.);
#441=VECTOR('',#2632,1.);
#442=VECTOR('',#2661,1.);
#443=VECTOR('',#2662,1.);
#444=VECTOR('',#2663,1.);
#445=VECTOR('',#2666,1.);
#446=VECTOR('',#2667,1.);
#447=VECTOR('',#2670,1.);
#448=VECTOR('',#2671,1.);
#449=VECTOR('',#2674,1.);
#450=VECTOR('',#2675,1.);
#451=VECTOR('',#2678,1.);
#452=VECTOR('',#2679,1.);
#453=VECTOR('',#2682,1.);
#454=VECTOR('',#2683,1.);
#455=VECTOR('',#2686,1.);
#456=VECTOR('',#2687,1.);
#457=VECTOR('',#2690,1.);
#458=VECTOR('',#2691,1.);
#459=VECTOR('',#2694,1.);
#460=VECTOR('',#2695,1.);
#461=VECTOR('',#2698,1.);
#462=VECTOR('',#2699,1.);
#463=VECTOR('',#2702,1.);
#464=VECTOR('',#2703,1.);
#465=VECTOR('',#2706,1.);
#466=VECTOR('',#2707,1.);
#467=VECTOR('',#2710,1.);
#468=VECTOR('',#2711,1.);
#469=VECTOR('',#2714,1.);
#470=VECTOR('',#2715,1.);
#471=VECTOR('',#2718,1.);
#472=VECTOR('',#2719,1.);
#473=VECTOR('',#2722,1.);
#474=VECTOR('',#2723,1.);
#475=VECTOR('',#2726,1.);
#476=VECTOR('',#2727,1.);
#477=VECTOR('',#2730,1.);
#478=VECTOR('',#2731,1.);
#479=VECTOR('',#2734,1.);
#480=VECTOR('',#2735,1.);
#481=VECTOR('',#2738,1.);
#482=VECTOR('',#2739,1.);
#483=VECTOR('',#2742,1.);
#484=VECTOR('',#2743,1.);
#485=VECTOR('',#2746,1.);
#486=VECTOR('',#2747,1.);
#487=VECTOR('',#2750,1.);
#488=VECTOR('',#2755,1.);
#489=VECTOR('',#2756,1.);
#490=VECTOR('',#2757,1.);
#491=VECTOR('',#2760,1.);
#492=VECTOR('',#2761,1.);
#493=VECTOR('',#2764,1.);
#494=VECTOR('',#2765,1.);
#495=VECTOR('',#2768,1.);
#496=VECTOR('',#2769,1.);
#497=VECTOR('',#2772,1.);
#498=VECTOR('',#2773,1.);
#499=VECTOR('',#2776,1.);
#500=VECTOR('',#2777,1.);
#501=VECTOR('',#2780,1.);
#502=VECTOR('',#2781,1.);
#503=VECTOR('',#2784,1.);
#504=VECTOR('',#2785,1.);
#505=VECTOR('',#2788,1.);
#506=VECTOR('',#2789,1.);
#507=VECTOR('',#2792,1.);
#508=VECTOR('',#2793,1.);
#509=VECTOR('',#2796,1.);
#510=VECTOR('',#2797,1.);
#511=VECTOR('',#2800,1.);
#512=VECTOR('',#2801,1.);
#513=VECTOR('',#2804,1.);
#514=VECTOR('',#2805,1.);
#515=VECTOR('',#2808,1.);
#516=VECTOR('',#2809,1.);
#517=VECTOR('',#2812,1.);
#518=VECTOR('',#2813,1.);
#519=VECTOR('',#2816,1.);
#520=VECTOR('',#2817,1.);
#521=VECTOR('',#2820,1.);
#522=VECTOR('',#2821,1.);
#523=VECTOR('',#2824,1.);
#524=VECTOR('',#2825,1.);
#525=VECTOR('',#2828,1.);
#526=VECTOR('',#2829,1.);
#527=VECTOR('',#2832,1.);
#528=VECTOR('',#2833,1.);
#529=VECTOR('',#2836,1.);
#530=VECTOR('',#2837,1.);
#531=VECTOR('',#2840,1.);
#532=VECTOR('',#2841,1.);
#533=VECTOR('',#2844,1.);
#534=VECTOR('',#2845,1.);
#535=VECTOR('',#2848,1.);
#536=VECTOR('',#2849,1.);
#537=VECTOR('',#2852,1.);
#538=VECTOR('',#2865,1.);
#539=VECTOR('',#2868,1.);
#540=VECTOR('',#2873,1.);
#541=VECTOR('',#2876,1.);
#542=VECTOR('',#2881,1.);
#543=VECTOR('',#2882,1.);
#544=VECTOR('',#2885,1.);
#545=VECTOR('',#2888,1.);
#546=VECTOR('',#2893,1.);
#547=VECTOR('',#2894,1.);
#548=VECTOR('',#2897,1.);
#549=VECTOR('',#2900,1.);
#550=ORIENTED_EDGE('',*,*,#1156,.T.);
#551=ORIENTED_EDGE('',*,*,#1157,.T.);
#552=ORIENTED_EDGE('',*,*,#1158,.T.);
#553=ORIENTED_EDGE('',*,*,#1159,.T.);
#554=ORIENTED_EDGE('',*,*,#1160,.T.);
#555=ORIENTED_EDGE('',*,*,#1161,.T.);
#556=ORIENTED_EDGE('',*,*,#1162,.T.);
#557=ORIENTED_EDGE('',*,*,#1163,.T.);
#558=ORIENTED_EDGE('',*,*,#1164,.T.);
#559=ORIENTED_EDGE('',*,*,#1165,.T.);
#560=ORIENTED_EDGE('',*,*,#1166,.T.);
#561=ORIENTED_EDGE('',*,*,#1167,.T.);
#562=ORIENTED_EDGE('',*,*,#1168,.T.);
#563=ORIENTED_EDGE('',*,*,#1169,.T.);
#564=ORIENTED_EDGE('',*,*,#1170,.T.);
#565=ORIENTED_EDGE('',*,*,#1171,.T.);
#566=ORIENTED_EDGE('',*,*,#1172,.T.);
#567=ORIENTED_EDGE('',*,*,#1173,.T.);
#568=ORIENTED_EDGE('',*,*,#1174,.T.);
#569=ORIENTED_EDGE('',*,*,#1175,.T.);
#570=ORIENTED_EDGE('',*,*,#1176,.T.);
#571=ORIENTED_EDGE('',*,*,#1177,.T.);
#572=ORIENTED_EDGE('',*,*,#1178,.T.);
#573=ORIENTED_EDGE('',*,*,#1179,.T.);
#574=ORIENTED_EDGE('',*,*,#1180,.T.);
#575=ORIENTED_EDGE('',*,*,#1181,.T.);
#576=ORIENTED_EDGE('',*,*,#1182,.T.);
#577=ORIENTED_EDGE('',*,*,#1183,.T.);
#578=ORIENTED_EDGE('',*,*,#1184,.T.);
#579=ORIENTED_EDGE('',*,*,#1185,.F.);
#580=ORIENTED_EDGE('',*,*,#1186,.F.);
#581=ORIENTED_EDGE('',*,*,#1187,.F.);
#582=ORIENTED_EDGE('',*,*,#1188,.F.);
#583=ORIENTED_EDGE('',*,*,#1189,.F.);
#584=ORIENTED_EDGE('',*,*,#1190,.F.);
#585=ORIENTED_EDGE('',*,*,#1191,.F.);
#586=ORIENTED_EDGE('',*,*,#1192,.F.);
#587=ORIENTED_EDGE('',*,*,#1193,.T.);
#588=ORIENTED_EDGE('',*,*,#1194,.T.);
#589=ORIENTED_EDGE('',*,*,#1195,.T.);
#590=ORIENTED_EDGE('',*,*,#1196,.T.);
#591=ORIENTED_EDGE('',*,*,#1197,.T.);
#592=ORIENTED_EDGE('',*,*,#1198,.T.);
#593=ORIENTED_EDGE('',*,*,#1199,.T.);
#594=ORIENTED_EDGE('',*,*,#1200,.T.);
#595=ORIENTED_EDGE('',*,*,#1201,.T.);
#596=ORIENTED_EDGE('',*,*,#1202,.T.);
#597=ORIENTED_EDGE('',*,*,#1203,.T.);
#598=ORIENTED_EDGE('',*,*,#1204,.T.);
#599=ORIENTED_EDGE('',*,*,#1205,.T.);
#600=ORIENTED_EDGE('',*,*,#1206,.T.);
#601=ORIENTED_EDGE('',*,*,#1207,.T.);
#602=ORIENTED_EDGE('',*,*,#1208,.T.);
#603=ORIENTED_EDGE('',*,*,#1209,.T.);
#604=ORIENTED_EDGE('',*,*,#1210,.T.);
#605=ORIENTED_EDGE('',*,*,#1211,.T.);
#606=ORIENTED_EDGE('',*,*,#1212,.T.);
#607=ORIENTED_EDGE('',*,*,#1213,.T.);
#608=ORIENTED_EDGE('',*,*,#1214,.T.);
#609=ORIENTED_EDGE('',*,*,#1215,.T.);
#610=ORIENTED_EDGE('',*,*,#1216,.T.);
#611=ORIENTED_EDGE('',*,*,#1217,.T.);
#612=ORIENTED_EDGE('',*,*,#1218,.T.);
#613=ORIENTED_EDGE('',*,*,#1219,.T.);
#614=ORIENTED_EDGE('',*,*,#1220,.T.);
#615=ORIENTED_EDGE('',*,*,#1221,.T.);
#616=ORIENTED_EDGE('',*,*,#1222,.T.);
#617=ORIENTED_EDGE('',*,*,#1223,.T.);
#618=ORIENTED_EDGE('',*,*,#1224,.T.);
#619=ORIENTED_EDGE('',*,*,#1225,.T.);
#620=ORIENTED_EDGE('',*,*,#1226,.T.);
#621=ORIENTED_EDGE('',*,*,#1227,.T.);
#622=ORIENTED_EDGE('',*,*,#1228,.T.);
#623=ORIENTED_EDGE('',*,*,#1229,.T.);
#624=ORIENTED_EDGE('',*,*,#1230,.T.);
#625=ORIENTED_EDGE('',*,*,#1231,.T.);
#626=ORIENTED_EDGE('',*,*,#1232,.T.);
#627=ORIENTED_EDGE('',*,*,#1233,.T.);
#628=ORIENTED_EDGE('',*,*,#1234,.T.);
#629=ORIENTED_EDGE('',*,*,#1235,.T.);
#630=ORIENTED_EDGE('',*,*,#1236,.T.);
#631=ORIENTED_EDGE('',*,*,#1237,.T.);
#632=ORIENTED_EDGE('',*,*,#1238,.T.);
#633=ORIENTED_EDGE('',*,*,#1239,.T.);
#634=ORIENTED_EDGE('',*,*,#1240,.T.);
#635=ORIENTED_EDGE('',*,*,#1241,.F.);
#636=ORIENTED_EDGE('',*,*,#1242,.T.);
#637=ORIENTED_EDGE('',*,*,#1243,.T.);
#638=ORIENTED_EDGE('',*,*,#1244,.T.);
#639=ORIENTED_EDGE('',*,*,#1245,.F.);
#640=ORIENTED_EDGE('',*,*,#1246,.F.);
#641=ORIENTED_EDGE('',*,*,#1247,.T.);
#642=ORIENTED_EDGE('',*,*,#1248,.T.);
#643=ORIENTED_EDGE('',*,*,#1249,.T.);
#644=ORIENTED_EDGE('',*,*,#1250,.T.);
#645=ORIENTED_EDGE('',*,*,#1251,.T.);
#646=ORIENTED_EDGE('',*,*,#1252,.T.);
#647=ORIENTED_EDGE('',*,*,#1253,.T.);
#648=ORIENTED_EDGE('',*,*,#1254,.T.);
#649=ORIENTED_EDGE('',*,*,#1255,.T.);
#650=ORIENTED_EDGE('',*,*,#1256,.T.);
#651=ORIENTED_EDGE('',*,*,#1257,.F.);
#652=ORIENTED_EDGE('',*,*,#1258,.T.);
#653=ORIENTED_EDGE('',*,*,#1259,.T.);
#654=ORIENTED_EDGE('',*,*,#1260,.T.);
#655=ORIENTED_EDGE('',*,*,#1261,.T.);
#656=ORIENTED_EDGE('',*,*,#1262,.T.);
#657=ORIENTED_EDGE('',*,*,#1263,.F.);
#658=ORIENTED_EDGE('',*,*,#1264,.F.);
#659=ORIENTED_EDGE('',*,*,#1265,.F.);
#660=ORIENTED_EDGE('',*,*,#1266,.F.);
#661=ORIENTED_EDGE('',*,*,#1267,.T.);
#662=ORIENTED_EDGE('',*,*,#1268,.F.);
#663=ORIENTED_EDGE('',*,*,#1269,.T.);
#664=ORIENTED_EDGE('',*,*,#1270,.F.);
#665=ORIENTED_EDGE('',*,*,#1271,.F.);
#666=ORIENTED_EDGE('',*,*,#1272,.T.);
#667=ORIENTED_EDGE('',*,*,#1273,.F.);
#668=ORIENTED_EDGE('',*,*,#1274,.F.);
#669=ORIENTED_EDGE('',*,*,#1275,.T.);
#670=ORIENTED_EDGE('',*,*,#1276,.T.);
#671=ORIENTED_EDGE('',*,*,#1264,.T.);
#672=ORIENTED_EDGE('',*,*,#1277,.F.);
#673=ORIENTED_EDGE('',*,*,#1278,.T.);
#674=ORIENTED_EDGE('',*,*,#1274,.T.);
#675=ORIENTED_EDGE('',*,*,#1271,.T.);
#676=ORIENTED_EDGE('',*,*,#1279,.F.);
#677=ORIENTED_EDGE('',*,*,#1280,.T.);
#678=ORIENTED_EDGE('',*,*,#1277,.T.);
#679=ORIENTED_EDGE('',*,*,#1270,.T.);
#680=ORIENTED_EDGE('',*,*,#1281,.F.);
#681=ORIENTED_EDGE('',*,*,#1282,.T.);
#682=ORIENTED_EDGE('',*,*,#1279,.T.);
#683=ORIENTED_EDGE('',*,*,#1269,.F.);
#684=ORIENTED_EDGE('',*,*,#1283,.F.);
#685=ORIENTED_EDGE('',*,*,#1284,.T.);
#686=ORIENTED_EDGE('',*,*,#1281,.T.);
#687=ORIENTED_EDGE('',*,*,#1268,.T.);
#688=ORIENTED_EDGE('',*,*,#1285,.F.);
#689=ORIENTED_EDGE('',*,*,#1286,.T.);
#690=ORIENTED_EDGE('',*,*,#1283,.T.);
#691=ORIENTED_EDGE('',*,*,#1267,.F.);
#692=ORIENTED_EDGE('',*,*,#1287,.F.);
#693=ORIENTED_EDGE('',*,*,#1288,.T.);
#694=ORIENTED_EDGE('',*,*,#1285,.T.);
#695=ORIENTED_EDGE('',*,*,#1266,.T.);
#696=ORIENTED_EDGE('',*,*,#1289,.F.);
#697=ORIENTED_EDGE('',*,*,#1290,.T.);
#698=ORIENTED_EDGE('',*,*,#1291,.T.);
#699=ORIENTED_EDGE('',*,*,#1256,.F.);
#700=ORIENTED_EDGE('',*,*,#1292,.F.);
#701=ORIENTED_EDGE('',*,*,#1293,.T.);
#702=ORIENTED_EDGE('',*,*,#1289,.T.);
#703=ORIENTED_EDGE('',*,*,#1263,.T.);
#704=ORIENTED_EDGE('',*,*,#1294,.F.);
#705=ORIENTED_EDGE('',*,*,#1295,.T.);
#706=ORIENTED_EDGE('',*,*,#1292,.T.);
#707=ORIENTED_EDGE('',*,*,#1262,.F.);
#708=ORIENTED_EDGE('',*,*,#1296,.F.);
#709=ORIENTED_EDGE('',*,*,#1297,.T.);
#710=ORIENTED_EDGE('',*,*,#1294,.T.);
#711=ORIENTED_EDGE('',*,*,#1261,.F.);
#712=ORIENTED_EDGE('',*,*,#1298,.F.);
#713=ORIENTED_EDGE('',*,*,#1299,.T.);
#714=ORIENTED_EDGE('',*,*,#1296,.T.);
#715=ORIENTED_EDGE('',*,*,#1260,.F.);
#716=ORIENTED_EDGE('',*,*,#1300,.F.);
#717=ORIENTED_EDGE('',*,*,#1301,.T.);
#718=ORIENTED_EDGE('',*,*,#1298,.T.);
#719=ORIENTED_EDGE('',*,*,#1259,.F.);
#720=ORIENTED_EDGE('',*,*,#1302,.F.);
#721=ORIENTED_EDGE('',*,*,#1303,.T.);
#722=ORIENTED_EDGE('',*,*,#1300,.T.);
#723=ORIENTED_EDGE('',*,*,#1258,.F.);
#724=ORIENTED_EDGE('',*,*,#1248,.F.);
#725=ORIENTED_EDGE('',*,*,#1304,.F.);
#726=ORIENTED_EDGE('',*,*,#1185,.T.);
#727=ORIENTED_EDGE('',*,*,#1305,.T.);
#728=ORIENTED_EDGE('',*,*,#1255,.F.);
#729=ORIENTED_EDGE('',*,*,#1306,.F.);
#730=ORIENTED_EDGE('',*,*,#1186,.T.);
#731=ORIENTED_EDGE('',*,*,#1304,.T.);
#732=ORIENTED_EDGE('',*,*,#1254,.F.);
#733=ORIENTED_EDGE('',*,*,#1307,.F.);
#734=ORIENTED_EDGE('',*,*,#1187,.T.);
#735=ORIENTED_EDGE('',*,*,#1306,.T.);
#736=ORIENTED_EDGE('',*,*,#1253,.F.);
#737=ORIENTED_EDGE('',*,*,#1308,.F.);
#738=ORIENTED_EDGE('',*,*,#1188,.T.);
#739=ORIENTED_EDGE('',*,*,#1307,.T.);
#740=ORIENTED_EDGE('',*,*,#1252,.F.);
#741=ORIENTED_EDGE('',*,*,#1309,.F.);
#742=ORIENTED_EDGE('',*,*,#1189,.T.);
#743=ORIENTED_EDGE('',*,*,#1308,.T.);
#744=ORIENTED_EDGE('',*,*,#1251,.F.);
#745=ORIENTED_EDGE('',*,*,#1310,.F.);
#746=ORIENTED_EDGE('',*,*,#1190,.T.);
#747=ORIENTED_EDGE('',*,*,#1309,.T.);
#748=ORIENTED_EDGE('',*,*,#1250,.F.);
#749=ORIENTED_EDGE('',*,*,#1311,.F.);
#750=ORIENTED_EDGE('',*,*,#1191,.T.);
#751=ORIENTED_EDGE('',*,*,#1310,.T.);
#752=ORIENTED_EDGE('',*,*,#1312,.F.);
#753=ORIENTED_EDGE('',*,*,#1313,.T.);
#754=ORIENTED_EDGE('',*,*,#1314,.T.);
#755=ORIENTED_EDGE('',*,*,#1243,.F.);
#756=ORIENTED_EDGE('',*,*,#1315,.F.);
#757=ORIENTED_EDGE('',*,*,#1316,.T.);
#758=ORIENTED_EDGE('',*,*,#1312,.T.);
#759=ORIENTED_EDGE('',*,*,#1246,.T.);
#760=ORIENTED_EDGE('',*,*,#1317,.F.);
#761=ORIENTED_EDGE('',*,*,#1318,.T.);
#762=ORIENTED_EDGE('',*,*,#1315,.T.);
#763=ORIENTED_EDGE('',*,*,#1245,.T.);
#764=ORIENTED_EDGE('',*,*,#1291,.F.);
#765=ORIENTED_EDGE('',*,*,#1319,.T.);
#766=ORIENTED_EDGE('',*,*,#1302,.T.);
#767=ORIENTED_EDGE('',*,*,#1257,.T.);
#768=ORIENTED_EDGE('',*,*,#1249,.F.);
#769=ORIENTED_EDGE('',*,*,#1305,.F.);
#770=ORIENTED_EDGE('',*,*,#1192,.T.);
#771=ORIENTED_EDGE('',*,*,#1311,.T.);
#772=ORIENTED_EDGE('',*,*,#1320,.T.);
#773=ORIENTED_EDGE('',*,*,#1247,.F.);
#774=ORIENTED_EDGE('',*,*,#1314,.F.);
#775=ORIENTED_EDGE('',*,*,#1321,.T.);
#776=ORIENTED_EDGE('',*,*,#1317,.T.);
#777=ORIENTED_EDGE('',*,*,#1244,.F.);
#778=ORIENTED_EDGE('',*,*,#1276,.F.);
#779=ORIENTED_EDGE('',*,*,#1322,.T.);
#780=ORIENTED_EDGE('',*,*,#1287,.T.);
#781=ORIENTED_EDGE('',*,*,#1265,.T.);
#782=ORIENTED_EDGE('',*,*,#1323,.F.);
#783=ORIENTED_EDGE('',*,*,#1313,.F.);
#784=ORIENTED_EDGE('',*,*,#1324,.F.);
#785=ORIENTED_EDGE('',*,*,#1175,.F.);
#786=ORIENTED_EDGE('',*,*,#1324,.T.);
#787=ORIENTED_EDGE('',*,*,#1316,.F.);
#788=ORIENTED_EDGE('',*,*,#1325,.F.);
#789=ORIENTED_EDGE('',*,*,#1172,.F.);
#790=ORIENTED_EDGE('',*,*,#1323,.T.);
#791=ORIENTED_EDGE('',*,*,#1174,.F.);
#792=ORIENTED_EDGE('',*,*,#1326,.F.);
#793=ORIENTED_EDGE('',*,*,#1321,.F.);
#794=ORIENTED_EDGE('',*,*,#1325,.T.);
#795=ORIENTED_EDGE('',*,*,#1318,.F.);
#796=ORIENTED_EDGE('',*,*,#1326,.T.);
#797=ORIENTED_EDGE('',*,*,#1173,.F.);
#798=ORIENTED_EDGE('',*,*,#1176,.F.);
#799=ORIENTED_EDGE('',*,*,#1320,.F.);
#800=ORIENTED_EDGE('',*,*,#1327,.F.);
#801=ORIENTED_EDGE('',*,*,#1301,.F.);
#802=ORIENTED_EDGE('',*,*,#1328,.F.);
#803=ORIENTED_EDGE('',*,*,#1182,.F.);
#804=ORIENTED_EDGE('',*,*,#1328,.T.);
#805=ORIENTED_EDGE('',*,*,#1303,.F.);
#806=ORIENTED_EDGE('',*,*,#1329,.F.);
#807=ORIENTED_EDGE('',*,*,#1183,.F.);
#808=ORIENTED_EDGE('',*,*,#1327,.T.);
#809=ORIENTED_EDGE('',*,*,#1181,.F.);
#810=ORIENTED_EDGE('',*,*,#1330,.F.);
#811=ORIENTED_EDGE('',*,*,#1299,.F.);
#812=ORIENTED_EDGE('',*,*,#1329,.T.);
#813=ORIENTED_EDGE('',*,*,#1319,.F.);
#814=ORIENTED_EDGE('',*,*,#1331,.F.);
#815=ORIENTED_EDGE('',*,*,#1184,.F.);
#816=ORIENTED_EDGE('',*,*,#1330,.T.);
#817=ORIENTED_EDGE('',*,*,#1180,.F.);
#818=ORIENTED_EDGE('',*,*,#1332,.F.);
#819=ORIENTED_EDGE('',*,*,#1297,.F.);
#820=ORIENTED_EDGE('',*,*,#1331,.T.);
#821=ORIENTED_EDGE('',*,*,#1290,.F.);
#822=ORIENTED_EDGE('',*,*,#1333,.F.);
#823=ORIENTED_EDGE('',*,*,#1177,.F.);
#824=ORIENTED_EDGE('',*,*,#1332,.T.);
#825=ORIENTED_EDGE('',*,*,#1179,.F.);
#826=ORIENTED_EDGE('',*,*,#1334,.F.);
#827=ORIENTED_EDGE('',*,*,#1295,.F.);
#828=ORIENTED_EDGE('',*,*,#1333,.T.);
#829=ORIENTED_EDGE('',*,*,#1293,.F.);
#830=ORIENTED_EDGE('',*,*,#1334,.T.);
#831=ORIENTED_EDGE('',*,*,#1178,.F.);
#832=ORIENTED_EDGE('',*,*,#1335,.T.);
#833=ORIENTED_EDGE('',*,*,#1242,.F.);
#834=ORIENTED_EDGE('',*,*,#1335,.F.);
#835=ORIENTED_EDGE('',*,*,#1336,.F.);
#836=ORIENTED_EDGE('',*,*,#1241,.T.);
#837=ORIENTED_EDGE('',*,*,#1336,.T.);
#838=ORIENTED_EDGE('',*,*,#1337,.T.);
#839=ORIENTED_EDGE('',*,*,#1272,.F.);
#840=ORIENTED_EDGE('',*,*,#1337,.F.);
#841=ORIENTED_EDGE('',*,*,#1338,.F.);
#842=ORIENTED_EDGE('',*,*,#1273,.T.);
#843=ORIENTED_EDGE('',*,*,#1338,.T.);
#844=ORIENTED_EDGE('',*,*,#1194,.F.);
#845=ORIENTED_EDGE('',*,*,#1339,.F.);
#846=ORIENTED_EDGE('',*,*,#1340,.T.);
#847=ORIENTED_EDGE('',*,*,#1341,.T.);
#848=ORIENTED_EDGE('',*,*,#1193,.F.);
#849=ORIENTED_EDGE('',*,*,#1342,.F.);
#850=ORIENTED_EDGE('',*,*,#1343,.T.);
#851=ORIENTED_EDGE('',*,*,#1339,.T.);
#852=ORIENTED_EDGE('',*,*,#1215,.F.);
#853=ORIENTED_EDGE('',*,*,#1344,.F.);
#854=ORIENTED_EDGE('',*,*,#1345,.T.);
#855=ORIENTED_EDGE('',*,*,#1342,.T.);
#856=ORIENTED_EDGE('',*,*,#1214,.F.);
#857=ORIENTED_EDGE('',*,*,#1346,.F.);
#858=ORIENTED_EDGE('',*,*,#1347,.T.);
#859=ORIENTED_EDGE('',*,*,#1344,.T.);
#860=ORIENTED_EDGE('',*,*,#1213,.F.);
#861=ORIENTED_EDGE('',*,*,#1348,.F.);
#862=ORIENTED_EDGE('',*,*,#1349,.T.);
#863=ORIENTED_EDGE('',*,*,#1346,.T.);
#864=ORIENTED_EDGE('',*,*,#1212,.F.);
#865=ORIENTED_EDGE('',*,*,#1350,.F.);
#866=ORIENTED_EDGE('',*,*,#1351,.T.);
#867=ORIENTED_EDGE('',*,*,#1348,.T.);
#868=ORIENTED_EDGE('',*,*,#1211,.F.);
#869=ORIENTED_EDGE('',*,*,#1352,.F.);
#870=ORIENTED_EDGE('',*,*,#1353,.T.);
#871=ORIENTED_EDGE('',*,*,#1350,.T.);
#872=ORIENTED_EDGE('',*,*,#1210,.F.);
#873=ORIENTED_EDGE('',*,*,#1354,.F.);
#874=ORIENTED_EDGE('',*,*,#1355,.T.);
#875=ORIENTED_EDGE('',*,*,#1352,.T.);
#876=ORIENTED_EDGE('',*,*,#1209,.F.);
#877=ORIENTED_EDGE('',*,*,#1356,.F.);
#878=ORIENTED_EDGE('',*,*,#1357,.T.);
#879=ORIENTED_EDGE('',*,*,#1354,.T.);
#880=ORIENTED_EDGE('',*,*,#1208,.F.);
#881=ORIENTED_EDGE('',*,*,#1358,.F.);
#882=ORIENTED_EDGE('',*,*,#1359,.T.);
#883=ORIENTED_EDGE('',*,*,#1356,.T.);
#884=ORIENTED_EDGE('',*,*,#1207,.F.);
#885=ORIENTED_EDGE('',*,*,#1360,.F.);
#886=ORIENTED_EDGE('',*,*,#1361,.T.);
#887=ORIENTED_EDGE('',*,*,#1358,.T.);
#888=ORIENTED_EDGE('',*,*,#1206,.F.);
#889=ORIENTED_EDGE('',*,*,#1362,.F.);
#890=ORIENTED_EDGE('',*,*,#1363,.T.);
#891=ORIENTED_EDGE('',*,*,#1360,.T.);
#892=ORIENTED_EDGE('',*,*,#1205,.F.);
#893=ORIENTED_EDGE('',*,*,#1364,.F.);
#894=ORIENTED_EDGE('',*,*,#1365,.T.);
#895=ORIENTED_EDGE('',*,*,#1362,.T.);
#896=ORIENTED_EDGE('',*,*,#1204,.F.);
#897=ORIENTED_EDGE('',*,*,#1366,.F.);
#898=ORIENTED_EDGE('',*,*,#1367,.T.);
#899=ORIENTED_EDGE('',*,*,#1364,.T.);
#900=ORIENTED_EDGE('',*,*,#1203,.F.);
#901=ORIENTED_EDGE('',*,*,#1368,.F.);
#902=ORIENTED_EDGE('',*,*,#1369,.T.);
#903=ORIENTED_EDGE('',*,*,#1366,.T.);
#904=ORIENTED_EDGE('',*,*,#1202,.F.);
#905=ORIENTED_EDGE('',*,*,#1370,.F.);
#906=ORIENTED_EDGE('',*,*,#1371,.T.);
#907=ORIENTED_EDGE('',*,*,#1368,.T.);
#908=ORIENTED_EDGE('',*,*,#1201,.F.);
#909=ORIENTED_EDGE('',*,*,#1372,.F.);
#910=ORIENTED_EDGE('',*,*,#1373,.T.);
#911=ORIENTED_EDGE('',*,*,#1370,.T.);
#912=ORIENTED_EDGE('',*,*,#1200,.F.);
#913=ORIENTED_EDGE('',*,*,#1374,.F.);
#914=ORIENTED_EDGE('',*,*,#1375,.T.);
#915=ORIENTED_EDGE('',*,*,#1372,.T.);
#916=ORIENTED_EDGE('',*,*,#1199,.F.);
#917=ORIENTED_EDGE('',*,*,#1376,.F.);
#918=ORIENTED_EDGE('',*,*,#1377,.T.);
#919=ORIENTED_EDGE('',*,*,#1374,.T.);
#920=ORIENTED_EDGE('',*,*,#1198,.F.);
#921=ORIENTED_EDGE('',*,*,#1378,.F.);
#922=ORIENTED_EDGE('',*,*,#1379,.T.);
#923=ORIENTED_EDGE('',*,*,#1376,.T.);
#924=ORIENTED_EDGE('',*,*,#1197,.F.);
#925=ORIENTED_EDGE('',*,*,#1380,.F.);
#926=ORIENTED_EDGE('',*,*,#1381,.T.);
#927=ORIENTED_EDGE('',*,*,#1378,.T.);
#928=ORIENTED_EDGE('',*,*,#1196,.F.);
#929=ORIENTED_EDGE('',*,*,#1382,.F.);
#930=ORIENTED_EDGE('',*,*,#1383,.T.);
#931=ORIENTED_EDGE('',*,*,#1380,.T.);
#932=ORIENTED_EDGE('',*,*,#1195,.F.);
#933=ORIENTED_EDGE('',*,*,#1341,.F.);
#934=ORIENTED_EDGE('',*,*,#1384,.T.);
#935=ORIENTED_EDGE('',*,*,#1382,.T.);
#936=ORIENTED_EDGE('',*,*,#1340,.F.);
#937=ORIENTED_EDGE('',*,*,#1343,.F.);
#938=ORIENTED_EDGE('',*,*,#1345,.F.);
#939=ORIENTED_EDGE('',*,*,#1347,.F.);
#940=ORIENTED_EDGE('',*,*,#1349,.F.);
#941=ORIENTED_EDGE('',*,*,#1351,.F.);
#942=ORIENTED_EDGE('',*,*,#1353,.F.);
#943=ORIENTED_EDGE('',*,*,#1355,.F.);
#944=ORIENTED_EDGE('',*,*,#1357,.F.);
#945=ORIENTED_EDGE('',*,*,#1359,.F.);
#946=ORIENTED_EDGE('',*,*,#1361,.F.);
#947=ORIENTED_EDGE('',*,*,#1363,.F.);
#948=ORIENTED_EDGE('',*,*,#1365,.F.);
#949=ORIENTED_EDGE('',*,*,#1367,.F.);
#950=ORIENTED_EDGE('',*,*,#1369,.F.);
#951=ORIENTED_EDGE('',*,*,#1371,.F.);
#952=ORIENTED_EDGE('',*,*,#1373,.F.);
#953=ORIENTED_EDGE('',*,*,#1375,.F.);
#954=ORIENTED_EDGE('',*,*,#1377,.F.);
#955=ORIENTED_EDGE('',*,*,#1379,.F.);
#956=ORIENTED_EDGE('',*,*,#1381,.F.);
#957=ORIENTED_EDGE('',*,*,#1383,.F.);
#958=ORIENTED_EDGE('',*,*,#1384,.F.);
#959=ORIENTED_EDGE('',*,*,#1217,.F.);
#960=ORIENTED_EDGE('',*,*,#1385,.F.);
#961=ORIENTED_EDGE('',*,*,#1386,.T.);
#962=ORIENTED_EDGE('',*,*,#1387,.T.);
#963=ORIENTED_EDGE('',*,*,#1216,.F.);
#964=ORIENTED_EDGE('',*,*,#1388,.F.);
#965=ORIENTED_EDGE('',*,*,#1389,.T.);
#966=ORIENTED_EDGE('',*,*,#1385,.T.);
#967=ORIENTED_EDGE('',*,*,#1240,.F.);
#968=ORIENTED_EDGE('',*,*,#1390,.F.);
#969=ORIENTED_EDGE('',*,*,#1391,.T.);
#970=ORIENTED_EDGE('',*,*,#1388,.T.);
#971=ORIENTED_EDGE('',*,*,#1239,.F.);
#972=ORIENTED_EDGE('',*,*,#1392,.F.);
#973=ORIENTED_EDGE('',*,*,#1393,.T.);
#974=ORIENTED_EDGE('',*,*,#1390,.T.);
#975=ORIENTED_EDGE('',*,*,#1238,.F.);
#976=ORIENTED_EDGE('',*,*,#1394,.F.);
#977=ORIENTED_EDGE('',*,*,#1395,.T.);
#978=ORIENTED_EDGE('',*,*,#1392,.T.);
#979=ORIENTED_EDGE('',*,*,#1237,.F.);
#980=ORIENTED_EDGE('',*,*,#1396,.F.);
#981=ORIENTED_EDGE('',*,*,#1397,.T.);
#982=ORIENTED_EDGE('',*,*,#1394,.T.);
#983=ORIENTED_EDGE('',*,*,#1236,.F.);
#984=ORIENTED_EDGE('',*,*,#1398,.F.);
#985=ORIENTED_EDGE('',*,*,#1399,.T.);
#986=ORIENTED_EDGE('',*,*,#1396,.T.);
#987=ORIENTED_EDGE('',*,*,#1235,.F.);
#988=ORIENTED_EDGE('',*,*,#1400,.F.);
#989=ORIENTED_EDGE('',*,*,#1401,.T.);
#990=ORIENTED_EDGE('',*,*,#1398,.T.);
#991=ORIENTED_EDGE('',*,*,#1234,.F.);
#992=ORIENTED_EDGE('',*,*,#1402,.F.);
#993=ORIENTED_EDGE('',*,*,#1403,.T.);
#994=ORIENTED_EDGE('',*,*,#1400,.T.);
#995=ORIENTED_EDGE('',*,*,#1233,.F.);
#996=ORIENTED_EDGE('',*,*,#1404,.F.);
#997=ORIENTED_EDGE('',*,*,#1405,.T.);
#998=ORIENTED_EDGE('',*,*,#1402,.T.);
#999=ORIENTED_EDGE('',*,*,#1232,.F.);
#1000=ORIENTED_EDGE('',*,*,#1406,.F.);
#1001=ORIENTED_EDGE('',*,*,#1407,.T.);
#1002=ORIENTED_EDGE('',*,*,#1404,.T.);
#1003=ORIENTED_EDGE('',*,*,#1231,.F.);
#1004=ORIENTED_EDGE('',*,*,#1408,.F.);
#1005=ORIENTED_EDGE('',*,*,#1409,.T.);
#1006=ORIENTED_EDGE('',*,*,#1406,.T.);
#1007=ORIENTED_EDGE('',*,*,#1230,.F.);
#1008=ORIENTED_EDGE('',*,*,#1410,.F.);
#1009=ORIENTED_EDGE('',*,*,#1411,.T.);
#1010=ORIENTED_EDGE('',*,*,#1408,.T.);
#1011=ORIENTED_EDGE('',*,*,#1229,.F.);
#1012=ORIENTED_EDGE('',*,*,#1412,.F.);
#1013=ORIENTED_EDGE('',*,*,#1413,.T.);
#1014=ORIENTED_EDGE('',*,*,#1410,.T.);
#1015=ORIENTED_EDGE('',*,*,#1228,.F.);
#1016=ORIENTED_EDGE('',*,*,#1414,.F.);
#1017=ORIENTED_EDGE('',*,*,#1415,.T.);
#1018=ORIENTED_EDGE('',*,*,#1412,.T.);
#1019=ORIENTED_EDGE('',*,*,#1227,.F.);
#1020=ORIENTED_EDGE('',*,*,#1416,.F.);
#1021=ORIENTED_EDGE('',*,*,#1417,.T.);
#1022=ORIENTED_EDGE('',*,*,#1414,.T.);
#1023=ORIENTED_EDGE('',*,*,#1226,.F.);
#1024=ORIENTED_EDGE('',*,*,#1418,.F.);
#1025=ORIENTED_EDGE('',*,*,#1419,.T.);
#1026=ORIENTED_EDGE('',*,*,#1416,.T.);
#1027=ORIENTED_EDGE('',*,*,#1225,.F.);
#1028=ORIENTED_EDGE('',*,*,#1420,.F.);
#1029=ORIENTED_EDGE('',*,*,#1421,.T.);
#1030=ORIENTED_EDGE('',*,*,#1418,.T.);
#1031=ORIENTED_EDGE('',*,*,#1224,.F.);
#1032=ORIENTED_EDGE('',*,*,#1422,.F.);
#1033=ORIENTED_EDGE('',*,*,#1423,.T.);
#1034=ORIENTED_EDGE('',*,*,#1420,.T.);
#1035=ORIENTED_EDGE('',*,*,#1223,.F.);
#1036=ORIENTED_EDGE('',*,*,#1424,.F.);
#1037=ORIENTED_EDGE('',*,*,#1425,.T.);
#1038=ORIENTED_EDGE('',*,*,#1422,.T.);
#1039=ORIENTED_EDGE('',*,*,#1222,.F.);
#1040=ORIENTED_EDGE('',*,*,#1426,.F.);
#1041=ORIENTED_EDGE('',*,*,#1427,.T.);
#1042=ORIENTED_EDGE('',*,*,#1424,.T.);
#1043=ORIENTED_EDGE('',*,*,#1221,.F.);
#1044=ORIENTED_EDGE('',*,*,#1428,.F.);
#1045=ORIENTED_EDGE('',*,*,#1429,.T.);
#1046=ORIENTED_EDGE('',*,*,#1426,.T.);
#1047=ORIENTED_EDGE('',*,*,#1220,.F.);
#1048=ORIENTED_EDGE('',*,*,#1430,.F.);
#1049=ORIENTED_EDGE('',*,*,#1431,.T.);
#1050=ORIENTED_EDGE('',*,*,#1428,.T.);
#1051=ORIENTED_EDGE('',*,*,#1219,.F.);
#1052=ORIENTED_EDGE('',*,*,#1432,.F.);
#1053=ORIENTED_EDGE('',*,*,#1433,.T.);
#1054=ORIENTED_EDGE('',*,*,#1430,.T.);
#1055=ORIENTED_EDGE('',*,*,#1218,.F.);
#1056=ORIENTED_EDGE('',*,*,#1387,.F.);
#1057=ORIENTED_EDGE('',*,*,#1434,.T.);
#1058=ORIENTED_EDGE('',*,*,#1432,.T.);
#1059=ORIENTED_EDGE('',*,*,#1386,.F.);
#1060=ORIENTED_EDGE('',*,*,#1389,.F.);
#1061=ORIENTED_EDGE('',*,*,#1391,.F.);
#1062=ORIENTED_EDGE('',*,*,#1393,.F.);
#1063=ORIENTED_EDGE('',*,*,#1395,.F.);
#1064=ORIENTED_EDGE('',*,*,#1397,.F.);
#1065=ORIENTED_EDGE('',*,*,#1399,.F.);
#1066=ORIENTED_EDGE('',*,*,#1401,.F.);
#1067=ORIENTED_EDGE('',*,*,#1403,.F.);
#1068=ORIENTED_EDGE('',*,*,#1405,.F.);
#1069=ORIENTED_EDGE('',*,*,#1407,.F.);
#1070=ORIENTED_EDGE('',*,*,#1409,.F.);
#1071=ORIENTED_EDGE('',*,*,#1411,.F.);
#1072=ORIENTED_EDGE('',*,*,#1413,.F.);
#1073=ORIENTED_EDGE('',*,*,#1415,.F.);
#1074=ORIENTED_EDGE('',*,*,#1417,.F.);
#1075=ORIENTED_EDGE('',*,*,#1419,.F.);
#1076=ORIENTED_EDGE('',*,*,#1421,.F.);
#1077=ORIENTED_EDGE('',*,*,#1423,.F.);
#1078=ORIENTED_EDGE('',*,*,#1425,.F.);
#1079=ORIENTED_EDGE('',*,*,#1427,.F.);
#1080=ORIENTED_EDGE('',*,*,#1429,.F.);
#1081=ORIENTED_EDGE('',*,*,#1431,.F.);
#1082=ORIENTED_EDGE('',*,*,#1433,.F.);
#1083=ORIENTED_EDGE('',*,*,#1434,.F.);
#1084=ORIENTED_EDGE('',*,*,#1435,.F.);
#1085=ORIENTED_EDGE('',*,*,#1284,.F.);
#1086=ORIENTED_EDGE('',*,*,#1436,.F.);
#1087=ORIENTED_EDGE('',*,*,#1169,.F.);
#1088=ORIENTED_EDGE('',*,*,#1436,.T.);
#1089=ORIENTED_EDGE('',*,*,#1286,.F.);
#1090=ORIENTED_EDGE('',*,*,#1437,.F.);
#1091=ORIENTED_EDGE('',*,*,#1170,.F.);
#1092=ORIENTED_EDGE('',*,*,#1435,.T.);
#1093=ORIENTED_EDGE('',*,*,#1168,.F.);
#1094=ORIENTED_EDGE('',*,*,#1438,.F.);
#1095=ORIENTED_EDGE('',*,*,#1282,.F.);
#1096=ORIENTED_EDGE('',*,*,#1437,.T.);
#1097=ORIENTED_EDGE('',*,*,#1288,.F.);
#1098=ORIENTED_EDGE('',*,*,#1439,.F.);
#1099=ORIENTED_EDGE('',*,*,#1171,.F.);
#1100=ORIENTED_EDGE('',*,*,#1438,.T.);
#1101=ORIENTED_EDGE('',*,*,#1167,.F.);
#1102=ORIENTED_EDGE('',*,*,#1440,.F.);
#1103=ORIENTED_EDGE('',*,*,#1280,.F.);
#1104=ORIENTED_EDGE('',*,*,#1439,.T.);
#1105=ORIENTED_EDGE('',*,*,#1322,.F.);
#1106=ORIENTED_EDGE('',*,*,#1441,.F.);
#1107=ORIENTED_EDGE('',*,*,#1164,.F.);
#1108=ORIENTED_EDGE('',*,*,#1440,.T.);
#1109=ORIENTED_EDGE('',*,*,#1166,.F.);
#1110=ORIENTED_EDGE('',*,*,#1442,.F.);
#1111=ORIENTED_EDGE('',*,*,#1278,.F.);
#1112=ORIENTED_EDGE('',*,*,#1441,.T.);
#1113=ORIENTED_EDGE('',*,*,#1275,.F.);
#1114=ORIENTED_EDGE('',*,*,#1442,.T.);
#1115=ORIENTED_EDGE('',*,*,#1165,.F.);
#1116=ORIENTED_EDGE('',*,*,#1443,.F.);
#1117=ORIENTED_EDGE('',*,*,#1444,.T.);
#1118=ORIENTED_EDGE('',*,*,#1445,.T.);
#1119=ORIENTED_EDGE('',*,*,#1446,.T.);
#1120=ORIENTED_EDGE('',*,*,#1447,.F.);
#1121=ORIENTED_EDGE('',*,*,#1448,.F.);
#1122=ORIENTED_EDGE('',*,*,#1449,.T.);
#1123=ORIENTED_EDGE('',*,*,#1450,.F.);
#1124=ORIENTED_EDGE('',*,*,#1451,.F.);
#1125=ORIENTED_EDGE('',*,*,#1159,.F.);
#1126=ORIENTED_EDGE('',*,*,#1452,.F.);
#1127=ORIENTED_EDGE('',*,*,#1443,.T.);
#1128=ORIENTED_EDGE('',*,*,#1452,.T.);
#1129=ORIENTED_EDGE('',*,*,#1158,.F.);
#1130=ORIENTED_EDGE('',*,*,#1453,.F.);
#1131=ORIENTED_EDGE('',*,*,#1444,.F.);
#1132=ORIENTED_EDGE('',*,*,#1451,.T.);
#1133=ORIENTED_EDGE('',*,*,#1446,.F.);
#1134=ORIENTED_EDGE('',*,*,#1454,.F.);
#1135=ORIENTED_EDGE('',*,*,#1156,.F.);
#1136=ORIENTED_EDGE('',*,*,#1453,.T.);
#1137=ORIENTED_EDGE('',*,*,#1157,.F.);
#1138=ORIENTED_EDGE('',*,*,#1454,.T.);
#1139=ORIENTED_EDGE('',*,*,#1445,.F.);
#1140=ORIENTED_EDGE('',*,*,#1455,.F.);
#1141=ORIENTED_EDGE('',*,*,#1163,.F.);
#1142=ORIENTED_EDGE('',*,*,#1456,.F.);
#1143=ORIENTED_EDGE('',*,*,#1447,.T.);
#1144=ORIENTED_EDGE('',*,*,#1456,.T.);
#1145=ORIENTED_EDGE('',*,*,#1162,.F.);
#1146=ORIENTED_EDGE('',*,*,#1457,.F.);
#1147=ORIENTED_EDGE('',*,*,#1448,.T.);
#1148=ORIENTED_EDGE('',*,*,#1455,.T.);
#1149=ORIENTED_EDGE('',*,*,#1450,.T.);
#1150=ORIENTED_EDGE('',*,*,#1458,.F.);
#1151=ORIENTED_EDGE('',*,*,#1160,.F.);
#1152=ORIENTED_EDGE('',*,*,#1457,.T.);
#1153=ORIENTED_EDGE('',*,*,#1161,.F.);
#1154=ORIENTED_EDGE('',*,*,#1458,.T.);
#1155=ORIENTED_EDGE('',*,*,#1449,.F.);
#1156=EDGE_CURVE('',#1459,#1460,#1658,.F.);
#1157=EDGE_CURVE('',#1460,#1461,#62,.T.);
#1158=EDGE_CURVE('',#1461,#1462,#1659,.F.);
#1159=EDGE_CURVE('',#1462,#1459,#63,.T.);
#1160=EDGE_CURVE('',#1463,#1464,#1660,.F.);
#1161=EDGE_CURVE('',#1464,#1465,#64,.T.);
#1162=EDGE_CURVE('',#1465,#1466,#1661,.F.);
#1163=EDGE_CURVE('',#1466,#1463,#65,.T.);
#1164=EDGE_CURVE('',#1467,#1468,#66,.T.);
#1165=EDGE_CURVE('',#1468,#1469,#42,.T.);
#1166=EDGE_CURVE('',#1469,#1470,#67,.T.);
#1167=EDGE_CURVE('',#1470,#1471,#43,.T.);
#1168=EDGE_CURVE('',#1471,#1472,#68,.T.);
#1169=EDGE_CURVE('',#1472,#1473,#44,.T.);
#1170=EDGE_CURVE('',#1473,#1474,#69,.T.);
#1171=EDGE_CURVE('',#1474,#1467,#45,.T.);
#1172=EDGE_CURVE('',#1475,#1476,#70,.T.);
#1173=EDGE_CURVE('',#1476,#1477,#71,.T.);
#1174=EDGE_CURVE('',#1477,#1478,#72,.T.);
#1175=EDGE_CURVE('',#1478,#1475,#73,.T.);
#1176=EDGE_CURVE('',#1479,#1479,#1662,.F.);
#1177=EDGE_CURVE('',#1480,#1481,#1663,.F.);
#1178=EDGE_CURVE('',#1481,#1482,#74,.T.);
#1179=EDGE_CURVE('',#1482,#1483,#1664,.F.);
#1180=EDGE_CURVE('',#1483,#1484,#75,.T.);
#1181=EDGE_CURVE('',#1484,#1485,#1665,.F.);
#1182=EDGE_CURVE('',#1485,#1486,#76,.T.);
#1183=EDGE_CURVE('',#1486,#1487,#1666,.F.);
#1184=EDGE_CURVE('',#1487,#1480,#77,.T.);
#1185=EDGE_CURVE('',#1488,#1489,#1667,.T.);
#1186=EDGE_CURVE('',#1490,#1488,#78,.T.);
#1187=EDGE_CURVE('',#1491,#1490,#1668,.T.);
#1188=EDGE_CURVE('',#1492,#1491,#79,.T.);
#1189=EDGE_CURVE('',#1493,#1492,#1669,.T.);
#1190=EDGE_CURVE('',#1494,#1493,#80,.T.);
#1191=EDGE_CURVE('',#1495,#1494,#1670,.T.);
#1192=EDGE_CURVE('',#1489,#1495,#81,.T.);
#1193=EDGE_CURVE('',#1496,#1497,#82,.T.);
#1194=EDGE_CURVE('',#1497,#1498,#83,.T.);
#1195=EDGE_CURVE('',#1498,#1499,#84,.T.);
#1196=EDGE_CURVE('',#1499,#1500,#85,.T.);
#1197=EDGE_CURVE('',#1500,#1501,#86,.T.);
#1198=EDGE_CURVE('',#1501,#1502,#87,.T.);
#1199=EDGE_CURVE('',#1502,#1503,#88,.T.);
#1200=EDGE_CURVE('',#1503,#1504,#89,.T.);
#1201=EDGE_CURVE('',#1504,#1505,#90,.T.);
#1202=EDGE_CURVE('',#1505,#1506,#91,.T.);
#1203=EDGE_CURVE('',#1506,#1507,#92,.T.);
#1204=EDGE_CURVE('',#1507,#1508,#93,.T.);
#1205=EDGE_CURVE('',#1508,#1509,#94,.T.);
#1206=EDGE_CURVE('',#1509,#1510,#95,.T.);
#1207=EDGE_CURVE('',#1510,#1511,#96,.T.);
#1208=EDGE_CURVE('',#1511,#1512,#97,.T.);
#1209=EDGE_CURVE('',#1512,#1513,#98,.T.);
#1210=EDGE_CURVE('',#1513,#1514,#99,.T.);
#1211=EDGE_CURVE('',#1514,#1515,#100,.T.);
#1212=EDGE_CURVE('',#1515,#1516,#101,.T.);
#1213=EDGE_CURVE('',#1516,#1517,#102,.T.);
#1214=EDGE_CURVE('',#1517,#1518,#103,.T.);
#1215=EDGE_CURVE('',#1518,#1496,#104,.T.);
#1216=EDGE_CURVE('',#1519,#1520,#105,.T.);
#1217=EDGE_CURVE('',#1520,#1521,#106,.T.);
#1218=EDGE_CURVE('',#1521,#1522,#107,.T.);
#1219=EDGE_CURVE('',#1522,#1523,#108,.T.);
#1220=EDGE_CURVE('',#1523,#1524,#109,.T.);
#1221=EDGE_CURVE('',#1524,#1525,#110,.T.);
#1222=EDGE_CURVE('',#1525,#1526,#111,.T.);
#1223=EDGE_CURVE('',#1526,#1527,#112,.T.);
#1224=EDGE_CURVE('',#1527,#1528,#113,.T.);
#1225=EDGE_CURVE('',#1528,#1529,#114,.T.);
#1226=EDGE_CURVE('',#1529,#1530,#115,.T.);
#1227=EDGE_CURVE('',#1530,#1531,#116,.T.);
#1228=EDGE_CURVE('',#1531,#1532,#117,.T.);
#1229=EDGE_CURVE('',#1532,#1533,#118,.T.);
#1230=EDGE_CURVE('',#1533,#1534,#119,.T.);
#1231=EDGE_CURVE('',#1534,#1535,#120,.T.);
#1232=EDGE_CURVE('',#1535,#1536,#121,.T.);
#1233=EDGE_CURVE('',#1536,#1537,#122,.T.);
#1234=EDGE_CURVE('',#1537,#1538,#123,.T.);
#1235=EDGE_CURVE('',#1538,#1539,#124,.T.);
#1236=EDGE_CURVE('',#1539,#1540,#125,.T.);
#1237=EDGE_CURVE('',#1540,#1541,#126,.T.);
#1238=EDGE_CURVE('',#1541,#1542,#127,.T.);
#1239=EDGE_CURVE('',#1542,#1543,#128,.T.);
#1240=EDGE_CURVE('',#1543,#1519,#129,.T.);
#1241=EDGE_CURVE('',#1544,#1544,#1671,.T.);
#1242=EDGE_CURVE('',#1545,#1545,#1672,.T.);
#1243=EDGE_CURVE('',#1546,#1547,#130,.T.);
#1244=EDGE_CURVE('',#1547,#1548,#131,.T.);
#1245=EDGE_CURVE('',#1549,#1548,#132,.T.);
#1246=EDGE_CURVE('',#1546,#1549,#133,.T.);
#1247=EDGE_CURVE('',#1550,#1550,#1673,.T.);
#1248=EDGE_CURVE('',#1551,#1552,#1674,.T.);
#1249=EDGE_CURVE('',#1552,#1553,#134,.T.);
#1250=EDGE_CURVE('',#1553,#1554,#1675,.T.);
#1251=EDGE_CURVE('',#1554,#1555,#135,.T.);
#1252=EDGE_CURVE('',#1555,#1556,#1676,.T.);
#1253=EDGE_CURVE('',#1556,#1557,#136,.T.);
#1254=EDGE_CURVE('',#1557,#1558,#1677,.T.);
#1255=EDGE_CURVE('',#1558,#1551,#137,.T.);
#1256=EDGE_CURVE('',#1559,#1560,#1678,.T.);
#1257=EDGE_CURVE('',#1561,#1560,#138,.T.);
#1258=EDGE_CURVE('',#1561,#1562,#1679,.T.);
#1259=EDGE_CURVE('',#1562,#1563,#139,.T.);
#1260=EDGE_CURVE('',#1563,#1564,#1680,.T.);
#1261=EDGE_CURVE('',#1564,#1565,#140,.T.);
#1262=EDGE_CURVE('',#1565,#1566,#1681,.T.);
#1263=EDGE_CURVE('',#1559,#1566,#141,.T.);
#1264=EDGE_CURVE('',#1567,#1568,#46,.T.);
#1265=EDGE_CURVE('',#1569,#1567,#142,.T.);
#1266=EDGE_CURVE('',#1570,#1569,#47,.T.);
#1267=EDGE_CURVE('',#1570,#1571,#143,.T.);
#1268=EDGE_CURVE('',#1572,#1571,#48,.T.);
#1269=EDGE_CURVE('',#1572,#1573,#144,.T.);
#1270=EDGE_CURVE('',#1574,#1573,#49,.T.);
#1271=EDGE_CURVE('',#1568,#1574,#145,.T.);
#1272=EDGE_CURVE('',#1575,#1575,#1682,.T.);
#1273=EDGE_CURVE('',#1576,#1576,#1683,.T.);
#1274=EDGE_CURVE('',#1577,#1568,#146,.T.);
#1275=EDGE_CURVE('',#1577,#1578,#50,.T.);
#1276=EDGE_CURVE('',#1578,#1567,#147,.T.);
#1277=EDGE_CURVE('',#1579,#1574,#148,.T.);
#1278=EDGE_CURVE('',#1579,#1577,#149,.T.);
#1279=EDGE_CURVE('',#1580,#1573,#150,.T.);
#1280=EDGE_CURVE('',#1580,#1579,#51,.T.);
#1281=EDGE_CURVE('',#1581,#1572,#151,.T.);
#1282=EDGE_CURVE('',#1581,#1580,#152,.T.);
#1283=EDGE_CURVE('',#1582,#1571,#153,.T.);
#1284=EDGE_CURVE('',#1582,#1581,#52,.T.);
#1285=EDGE_CURVE('',#1583,#1570,#154,.T.);
#1286=EDGE_CURVE('',#1583,#1582,#155,.T.);
#1287=EDGE_CURVE('',#1584,#1569,#156,.T.);
#1288=EDGE_CURVE('',#1584,#1583,#53,.T.);
#1289=EDGE_CURVE('',#1585,#1559,#157,.T.);
#1290=EDGE_CURVE('',#1585,#1586,#1684,.T.);
#1291=EDGE_CURVE('',#1586,#1560,#158,.T.);
#1292=EDGE_CURVE('',#1587,#1566,#159,.T.);
#1293=EDGE_CURVE('',#1587,#1585,#160,.T.);
#1294=EDGE_CURVE('',#1588,#1565,#161,.T.);
#1295=EDGE_CURVE('',#1588,#1587,#1685,.T.);
#1296=EDGE_CURVE('',#1589,#1564,#162,.T.);
#1297=EDGE_CURVE('',#1589,#1588,#163,.T.);
#1298=EDGE_CURVE('',#1590,#1563,#164,.T.);
#1299=EDGE_CURVE('',#1590,#1589,#1686,.T.);
#1300=EDGE_CURVE('',#1591,#1562,#165,.T.);
#1301=EDGE_CURVE('',#1591,#1590,#166,.T.);
#1302=EDGE_CURVE('',#1592,#1561,#167,.T.);
#1303=EDGE_CURVE('',#1592,#1591,#1687,.T.);
#1304=EDGE_CURVE('',#1488,#1551,#168,.T.);
#1305=EDGE_CURVE('',#1489,#1552,#169,.T.);
#1306=EDGE_CURVE('',#1490,#1558,#170,.T.);
#1307=EDGE_CURVE('',#1491,#1557,#171,.T.);
#1308=EDGE_CURVE('',#1492,#1556,#172,.T.);
#1309=EDGE_CURVE('',#1493,#1555,#173,.T.);
#1310=EDGE_CURVE('',#1494,#1554,#174,.T.);
#1311=EDGE_CURVE('',#1495,#1553,#175,.T.);
#1312=EDGE_CURVE('',#1593,#1546,#176,.T.);
#1313=EDGE_CURVE('',#1593,#1594,#177,.T.);
#1314=EDGE_CURVE('',#1594,#1547,#178,.T.);
#1315=EDGE_CURVE('',#1595,#1549,#179,.T.);
#1316=EDGE_CURVE('',#1595,#1593,#180,.T.);
#1317=EDGE_CURVE('',#1596,#1548,#181,.T.);
#1318=EDGE_CURVE('',#1596,#1595,#182,.T.);
#1319=EDGE_CURVE('',#1586,#1592,#183,.T.);
#1320=EDGE_CURVE('',#1597,#1597,#1688,.T.);
#1321=EDGE_CURVE('',#1594,#1596,#184,.T.);
#1322=EDGE_CURVE('',#1578,#1584,#185,.T.);
#1323=EDGE_CURVE('',#1594,#1478,#186,.T.);
#1324=EDGE_CURVE('',#1475,#1593,#187,.T.);
#1325=EDGE_CURVE('',#1476,#1595,#188,.F.);
#1326=EDGE_CURVE('',#1596,#1477,#189,.T.);
#1327=EDGE_CURVE('',#1590,#1485,#190,.T.);
#1328=EDGE_CURVE('',#1486,#1591,#191,.T.);
#1329=EDGE_CURVE('',#1487,#1592,#192,.T.);
#1330=EDGE_CURVE('',#1589,#1484,#193,.T.);
#1331=EDGE_CURVE('',#1480,#1586,#194,.T.);
#1332=EDGE_CURVE('',#1588,#1483,#195,.T.);
#1333=EDGE_CURVE('',#1481,#1585,#196,.T.);
#1334=EDGE_CURVE('',#1587,#1482,#197,.T.);
#1335=EDGE_CURVE('',#1598,#1598,#1689,.T.);
#1336=EDGE_CURVE('',#1599,#1599,#1690,.T.);
#1337=EDGE_CURVE('',#1600,#1600,#1691,.T.);
#1338=EDGE_CURVE('',#1601,#1601,#1692,.T.);
#1339=EDGE_CURVE('',#1602,#1497,#198,.T.);
#1340=EDGE_CURVE('',#1602,#1603,#199,.T.);
#1341=EDGE_CURVE('',#1603,#1498,#200,.T.);
#1342=EDGE_CURVE('',#1604,#1496,#201,.T.);
#1343=EDGE_CURVE('',#1604,#1602,#202,.T.);
#1344=EDGE_CURVE('',#1605,#1518,#203,.T.);
#1345=EDGE_CURVE('',#1605,#1604,#204,.T.);
#1346=EDGE_CURVE('',#1606,#1517,#205,.T.);
#1347=EDGE_CURVE('',#1606,#1605,#206,.T.);
#1348=EDGE_CURVE('',#1607,#1516,#207,.T.);
#1349=EDGE_CURVE('',#1607,#1606,#208,.T.);
#1350=EDGE_CURVE('',#1608,#1515,#209,.T.);
#1351=EDGE_CURVE('',#1608,#1607,#210,.T.);
#1352=EDGE_CURVE('',#1609,#1514,#211,.T.);
#1353=EDGE_CURVE('',#1609,#1608,#212,.T.);
#1354=EDGE_CURVE('',#1610,#1513,#213,.T.);
#1355=EDGE_CURVE('',#1610,#1609,#214,.T.);
#1356=EDGE_CURVE('',#1611,#1512,#215,.T.);
#1357=EDGE_CURVE('',#1611,#1610,#216,.T.);
#1358=EDGE_CURVE('',#1612,#1511,#217,.T.);
#1359=EDGE_CURVE('',#1612,#1611,#218,.T.);
#1360=EDGE_CURVE('',#1613,#1510,#219,.T.);
#1361=EDGE_CURVE('',#1613,#1612,#220,.T.);
#1362=EDGE_CURVE('',#1614,#1509,#221,.T.);
#1363=EDGE_CURVE('',#1614,#1613,#222,.T.);
#1364=EDGE_CURVE('',#1615,#1508,#223,.T.);
#1365=EDGE_CURVE('',#1615,#1614,#224,.T.);
#1366=EDGE_CURVE('',#1616,#1507,#225,.T.);
#1367=EDGE_CURVE('',#1616,#1615,#226,.T.);
#1368=EDGE_CURVE('',#1617,#1506,#227,.T.);
#1369=EDGE_CURVE('',#1617,#1616,#228,.T.);
#1370=EDGE_CURVE('',#1618,#1505,#229,.T.);
#1371=EDGE_CURVE('',#1618,#1617,#230,.T.);
#1372=EDGE_CURVE('',#1619,#1504,#231,.T.);
#1373=EDGE_CURVE('',#1619,#1618,#232,.T.);
#1374=EDGE_CURVE('',#1620,#1503,#233,.T.);
#1375=EDGE_CURVE('',#1620,#1619,#234,.T.);
#1376=EDGE_CURVE('',#1621,#1502,#235,.T.);
#1377=EDGE_CURVE('',#1621,#1620,#236,.T.);
#1378=EDGE_CURVE('',#1622,#1501,#237,.T.);
#1379=EDGE_CURVE('',#1622,#1621,#238,.T.);
#1380=EDGE_CURVE('',#1623,#1500,#239,.T.);
#1381=EDGE_CURVE('',#1623,#1622,#240,.T.);
#1382=EDGE_CURVE('',#1624,#1499,#241,.T.);
#1383=EDGE_CURVE('',#1624,#1623,#242,.T.);
#1384=EDGE_CURVE('',#1603,#1624,#243,.T.);
#1385=EDGE_CURVE('',#1625,#1520,#244,.T.);
#1386=EDGE_CURVE('',#1625,#1626,#245,.T.);
#1387=EDGE_CURVE('',#1626,#1521,#246,.T.);
#1388=EDGE_CURVE('',#1627,#1519,#247,.T.);
#1389=EDGE_CURVE('',#1627,#1625,#248,.T.);
#1390=EDGE_CURVE('',#1628,#1543,#249,.T.);
#1391=EDGE_CURVE('',#1628,#1627,#250,.T.);
#1392=EDGE_CURVE('',#1629,#1542,#251,.T.);
#1393=EDGE_CURVE('',#1629,#1628,#252,.T.);
#1394=EDGE_CURVE('',#1630,#1541,#253,.T.);
#1395=EDGE_CURVE('',#1630,#1629,#254,.T.);
#1396=EDGE_CURVE('',#1631,#1540,#255,.T.);
#1397=EDGE_CURVE('',#1631,#1630,#256,.T.);
#1398=EDGE_CURVE('',#1632,#1539,#257,.T.);
#1399=EDGE_CURVE('',#1632,#1631,#258,.T.);
#1400=EDGE_CURVE('',#1633,#1538,#259,.T.);
#1401=EDGE_CURVE('',#1633,#1632,#260,.T.);
#1402=EDGE_CURVE('',#1634,#1537,#261,.T.);
#1403=EDGE_CURVE('',#1634,#1633,#262,.T.);
#1404=EDGE_CURVE('',#1635,#1536,#263,.T.);
#1405=EDGE_CURVE('',#1635,#1634,#264,.T.);
#1406=EDGE_CURVE('',#1636,#1535,#265,.T.);
#1407=EDGE_CURVE('',#1636,#1635,#266,.T.);
#1408=EDGE_CURVE('',#1637,#1534,#267,.T.);
#1409=EDGE_CURVE('',#1637,#1636,#268,.T.);
#1410=EDGE_CURVE('',#1638,#1533,#269,.T.);
#1411=EDGE_CURVE('',#1638,#1637,#270,.T.);
#1412=EDGE_CURVE('',#1639,#1532,#271,.T.);
#1413=EDGE_CURVE('',#1639,#1638,#272,.T.);
#1414=EDGE_CURVE('',#1640,#1531,#273,.T.);
#1415=EDGE_CURVE('',#1640,#1639,#274,.T.);
#1416=EDGE_CURVE('',#1641,#1530,#275,.T.);
#1417=EDGE_CURVE('',#1641,#1640,#276,.T.);
#1418=EDGE_CURVE('',#1642,#1529,#277,.T.);
#1419=EDGE_CURVE('',#1642,#1641,#278,.T.);
#1420=EDGE_CURVE('',#1643,#1528,#279,.T.);
#1421=EDGE_CURVE('',#1643,#1642,#280,.T.);
#1422=EDGE_CURVE('',#1644,#1527,#281,.T.);
#1423=EDGE_CURVE('',#1644,#1643,#282,.T.);
#1424=EDGE_CURVE('',#1645,#1526,#283,.T.);
#1425=EDGE_CURVE('',#1645,#1644,#284,.T.);
#1426=EDGE_CURVE('',#1646,#1525,#285,.T.);
#1427=EDGE_CURVE('',#1646,#1645,#286,.T.);
#1428=EDGE_CURVE('',#1647,#1524,#287,.T.);
#1429=EDGE_CURVE('',#1647,#1646,#288,.T.);
#1430=EDGE_CURVE('',#1648,#1523,#289,.T.);
#1431=EDGE_CURVE('',#1648,#1647,#290,.T.);
#1432=EDGE_CURVE('',#1649,#1522,#291,.T.);
#1433=EDGE_CURVE('',#1649,#1648,#292,.T.);
#1434=EDGE_CURVE('',#1626,#1649,#293,.T.);
#1435=EDGE_CURVE('',#1581,#1472,#54,.T.);
#1436=EDGE_CURVE('',#1473,#1582,#55,.T.);
#1437=EDGE_CURVE('',#1474,#1583,#56,.F.);
#1438=EDGE_CURVE('',#1580,#1471,#57,.F.);
#1439=EDGE_CURVE('',#1467,#1584,#58,.T.);
#1440=EDGE_CURVE('',#1579,#1470,#59,.T.);
#1441=EDGE_CURVE('',#1468,#1578,#60,.F.);
#1442=EDGE_CURVE('',#1577,#1469,#61,.F.);
#1443=EDGE_CURVE('',#1650,#1651,#294,.T.);
#1444=EDGE_CURVE('',#1650,#1652,#1693,.T.);
#1445=EDGE_CURVE('',#1652,#1653,#295,.T.);
#1446=EDGE_CURVE('',#1653,#1651,#1694,.T.);
#1447=EDGE_CURVE('',#1654,#1655,#296,.T.);
#1448=EDGE_CURVE('',#1656,#1654,#1695,.T.);
#1449=EDGE_CURVE('',#1656,#1657,#297,.T.);
#1450=EDGE_CURVE('',#1655,#1657,#1696,.T.);
#1451=EDGE_CURVE('',#1459,#1651,#298,.T.);
#1452=EDGE_CURVE('',#1650,#1462,#299,.T.);
#1453=EDGE_CURVE('',#1652,#1461,#300,.T.);
#1454=EDGE_CURVE('',#1460,#1653,#301,.T.);
#1455=EDGE_CURVE('',#1463,#1655,#302,.T.);
#1456=EDGE_CURVE('',#1654,#1466,#303,.T.);
#1457=EDGE_CURVE('',#1656,#1465,#304,.T.);
#1458=EDGE_CURVE('',#1464,#1657,#305,.T.);
#1459=VERTEX_POINT('',#2906);
#1460=VERTEX_POINT('',#2907);
#1461=VERTEX_POINT('',#2909);
#1462=VERTEX_POINT('',#2911);
#1463=VERTEX_POINT('',#2914);
#1464=VERTEX_POINT('',#2915);
#1465=VERTEX_POINT('',#2917);
#1466=VERTEX_POINT('',#2919);
#1467=VERTEX_POINT('',#2922);
#1468=VERTEX_POINT('',#2923);
#1469=VERTEX_POINT('',#2943);
#1470=VERTEX_POINT('',#2945);
#1471=VERTEX_POINT('',#2965);
#1472=VERTEX_POINT('',#2967);
#1473=VERTEX_POINT('',#2987);
#1474=VERTEX_POINT('',#2989);
#1475=VERTEX_POINT('',#3010);
#1476=VERTEX_POINT('',#3011);
#1477=VERTEX_POINT('',#3013);
#1478=VERTEX_POINT('',#3015);
#1479=VERTEX_POINT('',#3018);
#1480=VERTEX_POINT('',#3020);
#1481=VERTEX_POINT('',#3021);
#1482=VERTEX_POINT('',#3023);
#1483=VERTEX_POINT('',#3025);
#1484=VERTEX_POINT('',#3027);
#1485=VERTEX_POINT('',#3029);
#1486=VERTEX_POINT('',#3031);
#1487=VERTEX_POINT('',#3033);
#1488=VERTEX_POINT('',#3036);
#1489=VERTEX_POINT('',#3037);
#1490=VERTEX_POINT('',#3039);
#1491=VERTEX_POINT('',#3041);
#1492=VERTEX_POINT('',#3043);
#1493=VERTEX_POINT('',#3045);
#1494=VERTEX_POINT('',#3047);
#1495=VERTEX_POINT('',#3049);
#1496=VERTEX_POINT('',#3052);
#1497=VERTEX_POINT('',#3053);
#1498=VERTEX_POINT('',#3055);
#1499=VERTEX_POINT('',#3057);
#1500=VERTEX_POINT('',#3059);
#1501=VERTEX_POINT('',#3061);
#1502=VERTEX_POINT('',#3063);
#1503=VERTEX_POINT('',#3065);
#1504=VERTEX_POINT('',#3067);
#1505=VERTEX_POINT('',#3069);
#1506=VERTEX_POINT('',#3071);
#1507=VERTEX_POINT('',#3073);
#1508=VERTEX_POINT('',#3075);
#1509=VERTEX_POINT('',#3077);
#1510=VERTEX_POINT('',#3079);
#1511=VERTEX_POINT('',#3081);
#1512=VERTEX_POINT('',#3083);
#1513=VERTEX_POINT('',#3085);
#1514=VERTEX_POINT('',#3087);
#1515=VERTEX_POINT('',#3089);
#1516=VERTEX_POINT('',#3091);
#1517=VERTEX_POINT('',#3093);
#1518=VERTEX_POINT('',#3095);
#1519=VERTEX_POINT('',#3098);
#1520=VERTEX_POINT('',#3099);
#1521=VERTEX_POINT('',#3101);
#1522=VERTEX_POINT('',#3103);
#1523=VERTEX_POINT('',#3105);
#1524=VERTEX_POINT('',#3107);
#1525=VERTEX_POINT('',#3109);
#1526=VERTEX_POINT('',#3111);
#1527=VERTEX_POINT('',#3113);
#1528=VERTEX_POINT('',#3115);
#1529=VERTEX_POINT('',#3117);
#1530=VERTEX_POINT('',#3119);
#1531=VERTEX_POINT('',#3121);
#1532=VERTEX_POINT('',#3123);
#1533=VERTEX_POINT('',#3125);
#1534=VERTEX_POINT('',#3127);
#1535=VERTEX_POINT('',#3129);
#1536=VERTEX_POINT('',#3131);
#1537=VERTEX_POINT('',#3133);
#1538=VERTEX_POINT('',#3135);
#1539=VERTEX_POINT('',#3137);
#1540=VERTEX_POINT('',#3139);
#1541=VERTEX_POINT('',#3141);
#1542=VERTEX_POINT('',#3143);
#1543=VERTEX_POINT('',#3145);
#1544=VERTEX_POINT('',#3149);
#1545=VERTEX_POINT('',#3151);
#1546=VERTEX_POINT('',#3153);
#1547=VERTEX_POINT('',#3154);
#1548=VERTEX_POINT('',#3156);
#1549=VERTEX_POINT('',#3158);
#1550=VERTEX_POINT('',#3161);
#1551=VERTEX_POINT('',#3163);
#1552=VERTEX_POINT('',#3164);
#1553=VERTEX_POINT('',#3166);
#1554=VERTEX_POINT('',#3168);
#1555=VERTEX_POINT('',#3170);
#1556=VERTEX_POINT('',#3172);
#1557=VERTEX_POINT('',#3174);
#1558=VERTEX_POINT('',#3176);
#1559=VERTEX_POINT('',#3179);
#1560=VERTEX_POINT('',#3180);
#1561=VERTEX_POINT('',#3182);
#1562=VERTEX_POINT('',#3184);
#1563=VERTEX_POINT('',#3186);
#1564=VERTEX_POINT('',#3188);
#1565=VERTEX_POINT('',#3190);
#1566=VERTEX_POINT('',#3192);
#1567=VERTEX_POINT('',#3211);
#1568=VERTEX_POINT('',#3212);
#1569=VERTEX_POINT('',#3214);
#1570=VERTEX_POINT('',#3232);
#1571=VERTEX_POINT('',#3234);
#1572=VERTEX_POINT('',#3252);
#1573=VERTEX_POINT('',#3254);
#1574=VERTEX_POINT('',#3272);
#1575=VERTEX_POINT('',#3275);
#1576=VERTEX_POINT('',#3277);
#1577=VERTEX_POINT('',#3313);
#1578=VERTEX_POINT('',#3331);
#1579=VERTEX_POINT('',#3335);
#1580=VERTEX_POINT('',#3372);
#1581=VERTEX_POINT('',#3392);
#1582=VERTEX_POINT('',#3429);
#1583=VERTEX_POINT('',#3449);
#1584=VERTEX_POINT('',#3486);
#1585=VERTEX_POINT('',#3506);
#1586=VERTEX_POINT('',#3508);
#1587=VERTEX_POINT('',#3512);
#1588=VERTEX_POINT('',#3516);
#1589=VERTEX_POINT('',#3520);
#1590=VERTEX_POINT('',#3524);
#1591=VERTEX_POINT('',#3528);
#1592=VERTEX_POINT('',#3532);
#1593=VERTEX_POINT('',#3551);
#1594=VERTEX_POINT('',#3553);
#1595=VERTEX_POINT('',#3557);
#1596=VERTEX_POINT('',#3561);
#1597=VERTEX_POINT('',#3568);
#1598=VERTEX_POINT('',#3600);
#1599=VERTEX_POINT('',#3604);
#1600=VERTEX_POINT('',#3608);
#1601=VERTEX_POINT('',#3612);
#1602=VERTEX_POINT('',#3616);
#1603=VERTEX_POINT('',#3618);
#1604=VERTEX_POINT('',#3622);
#1605=VERTEX_POINT('',#3626);
#1606=VERTEX_POINT('',#3630);
#1607=VERTEX_POINT('',#3634);
#1608=VERTEX_POINT('',#3638);
#1609=VERTEX_POINT('',#3642);
#1610=VERTEX_POINT('',#3646);
#1611=VERTEX_POINT('',#3650);
#1612=VERTEX_POINT('',#3654);
#1613=VERTEX_POINT('',#3658);
#1614=VERTEX_POINT('',#3662);
#1615=VERTEX_POINT('',#3666);
#1616=VERTEX_POINT('',#3670);
#1617=VERTEX_POINT('',#3674);
#1618=VERTEX_POINT('',#3678);
#1619=VERTEX_POINT('',#3682);
#1620=VERTEX_POINT('',#3686);
#1621=VERTEX_POINT('',#3690);
#1622=VERTEX_POINT('',#3694);
#1623=VERTEX_POINT('',#3698);
#1624=VERTEX_POINT('',#3702);
#1625=VERTEX_POINT('',#3709);
#1626=VERTEX_POINT('',#3711);
#1627=VERTEX_POINT('',#3715);
#1628=VERTEX_POINT('',#3719);
#1629=VERTEX_POINT('',#3723);
#1630=VERTEX_POINT('',#3727);
#1631=VERTEX_POINT('',#3731);
#1632=VERTEX_POINT('',#3735);
#1633=VERTEX_POINT('',#3739);
#1634=VERTEX_POINT('',#3743);
#1635=VERTEX_POINT('',#3747);
#1636=VERTEX_POINT('',#3751);
#1637=VERTEX_POINT('',#3755);
#1638=VERTEX_POINT('',#3759);
#1639=VERTEX_POINT('',#3763);
#1640=VERTEX_POINT('',#3767);
#1641=VERTEX_POINT('',#3771);
#1642=VERTEX_POINT('',#3775);
#1643=VERTEX_POINT('',#3779);
#1644=VERTEX_POINT('',#3783);
#1645=VERTEX_POINT('',#3787);
#1646=VERTEX_POINT('',#3791);
#1647=VERTEX_POINT('',#3795);
#1648=VERTEX_POINT('',#3799);
#1649=VERTEX_POINT('',#3803);
#1650=VERTEX_POINT('',#3990);
#1651=VERTEX_POINT('',#3991);
#1652=VERTEX_POINT('',#3993);
#1653=VERTEX_POINT('',#3995);
#1654=VERTEX_POINT('',#3999);
#1655=VERTEX_POINT('',#4000);
#1656=VERTEX_POINT('',#4002);
#1657=VERTEX_POINT('',#4004);
#1658=CIRCLE('',#2205,0.0035);
#1659=CIRCLE('',#2206,0.0035);
#1660=CIRCLE('',#2207,0.0035);
#1661=CIRCLE('',#2208,0.0035);
#1662=CIRCLE('',#2209,0.005375);
#1663=CIRCLE('',#2210,0.003);
#1664=CIRCLE('',#2211,0.003);
#1665=CIRCLE('',#2212,0.003);
#1666=CIRCLE('',#2213,0.003);
#1667=CIRCLE('',#2214,0.002);
#1668=CIRCLE('',#2215,0.002);
#1669=CIRCLE('',#2216,0.002);
#1670=CIRCLE('',#2217,0.002);
#1671=CIRCLE('',#2219,0.0021);
#1672=CIRCLE('',#2220,0.0021);
#1673=CIRCLE('',#2221,0.004375);
#1674=CIRCLE('',#2222,0.002);
#1675=CIRCLE('',#2223,0.002);
#1676=CIRCLE('',#2224,0.002);
#1677=CIRCLE('',#2225,0.002);
#1678=CIRCLE('',#2226,0.002);
#1679=CIRCLE('',#2227,0.002);
#1680=CIRCLE('',#2228,0.002);
#1681=CIRCLE('',#2229,0.002);
#1682=CIRCLE('',#2230,0.0021);
#1683=CIRCLE('',#2231,0.0021);
#1684=CIRCLE('',#2236,0.002);
#1685=CIRCLE('',#2239,0.002);
#1686=CIRCLE('',#2242,0.002);
#1687=CIRCLE('',#2245,0.002);
#1688=CIRCLE('',#2259,0.004375);
#1689=CIRCLE('',#2276,0.0021);
#1690=CIRCLE('',#2279,0.0021);
#1691=CIRCLE('',#2282,0.0021);
#1692=CIRCLE('',#2285,0.0021);
#1693=CIRCLE('',#2342,0.0025);
#1694=CIRCLE('',#2343,0.0025);
#1695=CIRCLE('',#2345,0.0025);
#1696=CIRCLE('',#2346,0.0025);
#1697=EDGE_LOOP('',(#550,#551,#552,#553));
#1698=EDGE_LOOP('',(#554,#555,#556,#557));
#1699=EDGE_LOOP('',(#558,#559,#560,#561,#562,#563,#564,#565));
#1700=EDGE_LOOP('',(#566,#567,#568,#569));
#1701=EDGE_LOOP('',(#570));
#1702=EDGE_LOOP('',(#571,#572,#573,#574,#575,#576,#577,#578));
#1703=EDGE_LOOP('',(#579,#580,#581,#582,#583,#584,#585,#586));
#1704=EDGE_LOOP('',(#587,#588,#589,#590,#591,#592,#593,#594,#595,#596,#597,
#598,#599,#600,#601,#602,#603,#604,#605,#606,#607,#608,#609));
#1705=EDGE_LOOP('',(#610,#611,#612,#613,#614,#615,#616,#617,#618,#619,#620,
#621,#622,#623,#624,#625,#626,#627,#628,#629,#630,#631,#632,#633,#634));
#1706=EDGE_LOOP('',(#635));
#1707=EDGE_LOOP('',(#636));
#1708=EDGE_LOOP('',(#637,#638,#639,#640));
#1709=EDGE_LOOP('',(#641));
#1710=EDGE_LOOP('',(#642,#643,#644,#645,#646,#647,#648,#649));
#1711=EDGE_LOOP('',(#650,#651,#652,#653,#654,#655,#656,#657));
#1712=EDGE_LOOP('',(#658,#659,#660,#661,#662,#663,#664,#665));
#1713=EDGE_LOOP('',(#666));
#1714=EDGE_LOOP('',(#667));
#1715=EDGE_LOOP('',(#668,#669,#670,#671));
#1716=EDGE_LOOP('',(#672,#673,#674,#675));
#1717=EDGE_LOOP('',(#676,#677,#678,#679));
#1718=EDGE_LOOP('',(#680,#681,#682,#683));
#1719=EDGE_LOOP('',(#684,#685,#686,#687));
#1720=EDGE_LOOP('',(#688,#689,#690,#691));
#1721=EDGE_LOOP('',(#692,#693,#694,#695));
#1722=EDGE_LOOP('',(#696,#697,#698,#699));
#1723=EDGE_LOOP('',(#700,#701,#702,#703));
#1724=EDGE_LOOP('',(#704,#705,#706,#707));
#1725=EDGE_LOOP('',(#708,#709,#710,#711));
#1726=EDGE_LOOP('',(#712,#713,#714,#715));
#1727=EDGE_LOOP('',(#716,#717,#718,#719));
#1728=EDGE_LOOP('',(#720,#721,#722,#723));
#1729=EDGE_LOOP('',(#724,#725,#726,#727));
#1730=EDGE_LOOP('',(#728,#729,#730,#731));
#1731=EDGE_LOOP('',(#732,#733,#734,#735));
#1732=EDGE_LOOP('',(#736,#737,#738,#739));
#1733=EDGE_LOOP('',(#740,#741,#742,#743));
#1734=EDGE_LOOP('',(#744,#745,#746,#747));
#1735=EDGE_LOOP('',(#748,#749,#750,#751));
#1736=EDGE_LOOP('',(#752,#753,#754,#755));
#1737=EDGE_LOOP('',(#756,#757,#758,#759));
#1738=EDGE_LOOP('',(#760,#761,#762,#763));
#1739=EDGE_LOOP('',(#764,#765,#766,#767));
#1740=EDGE_LOOP('',(#768,#769,#770,#771));
#1741=EDGE_LOOP('',(#772));
#1742=EDGE_LOOP('',(#773));
#1743=EDGE_LOOP('',(#774,#775,#776,#777));
#1744=EDGE_LOOP('',(#778,#779,#780,#781));
#1745=EDGE_LOOP('',(#782,#783,#784,#785));
#1746=EDGE_LOOP('',(#786,#787,#788,#789));
#1747=EDGE_LOOP('',(#790,#791,#792,#793));
#1748=EDGE_LOOP('',(#794,#795,#796,#797));
#1749=EDGE_LOOP('',(#798));
#1750=EDGE_LOOP('',(#799));
#1751=EDGE_LOOP('',(#800,#801,#802,#803));
#1752=EDGE_LOOP('',(#804,#805,#806,#807));
#1753=EDGE_LOOP('',(#808,#809,#810,#811));
#1754=EDGE_LOOP('',(#812,#813,#814,#815));
#1755=EDGE_LOOP('',(#816,#817,#818,#819));
#1756=EDGE_LOOP('',(#820,#821,#822,#823));
#1757=EDGE_LOOP('',(#824,#825,#826,#827));
#1758=EDGE_LOOP('',(#828,#829,#830,#831));
#1759=EDGE_LOOP('',(#832));
#1760=EDGE_LOOP('',(#833));
#1761=EDGE_LOOP('',(#834));
#1762=EDGE_LOOP('',(#835));
#1763=EDGE_LOOP('',(#836));
#1764=EDGE_LOOP('',(#837));
#1765=EDGE_LOOP('',(#838));
#1766=EDGE_LOOP('',(#839));
#1767=EDGE_LOOP('',(#840));
#1768=EDGE_LOOP('',(#841));
#1769=EDGE_LOOP('',(#842));
#1770=EDGE_LOOP('',(#843));
#1771=EDGE_LOOP('',(#844,#845,#846,#847));
#1772=EDGE_LOOP('',(#848,#849,#850,#851));
#1773=EDGE_LOOP('',(#852,#853,#854,#855));
#1774=EDGE_LOOP('',(#856,#857,#858,#859));
#1775=EDGE_LOOP('',(#860,#861,#862,#863));
#1776=EDGE_LOOP('',(#864,#865,#866,#867));
#1777=EDGE_LOOP('',(#868,#869,#870,#871));
#1778=EDGE_LOOP('',(#872,#873,#874,#875));
#1779=EDGE_LOOP('',(#876,#877,#878,#879));
#1780=EDGE_LOOP('',(#880,#881,#882,#883));
#1781=EDGE_LOOP('',(#884,#885,#886,#887));
#1782=EDGE_LOOP('',(#888,#889,#890,#891));
#1783=EDGE_LOOP('',(#892,#893,#894,#895));
#1784=EDGE_LOOP('',(#896,#897,#898,#899));
#1785=EDGE_LOOP('',(#900,#901,#902,#903));
#1786=EDGE_LOOP('',(#904,#905,#906,#907));
#1787=EDGE_LOOP('',(#908,#909,#910,#911));
#1788=EDGE_LOOP('',(#912,#913,#914,#915));
#1789=EDGE_LOOP('',(#916,#917,#918,#919));
#1790=EDGE_LOOP('',(#920,#921,#922,#923));
#1791=EDGE_LOOP('',(#924,#925,#926,#927));
#1792=EDGE_LOOP('',(#928,#929,#930,#931));
#1793=EDGE_LOOP('',(#932,#933,#934,#935));
#1794=EDGE_LOOP('',(#936,#937,#938,#939,#940,#941,#942,#943,#944,#945,#946,
#947,#948,#949,#950,#951,#952,#953,#954,#955,#956,#957,#958));
#1795=EDGE_LOOP('',(#959,#960,#961,#962));
#1796=EDGE_LOOP('',(#963,#964,#965,#966));
#1797=EDGE_LOOP('',(#967,#968,#969,#970));
#1798=EDGE_LOOP('',(#971,#972,#973,#974));
#1799=EDGE_LOOP('',(#975,#976,#977,#978));
#1800=EDGE_LOOP('',(#979,#980,#981,#982));
#1801=EDGE_LOOP('',(#983,#984,#985,#986));
#1802=EDGE_LOOP('',(#987,#988,#989,#990));
#1803=EDGE_LOOP('',(#991,#992,#993,#994));
#1804=EDGE_LOOP('',(#995,#996,#997,#998));
#1805=EDGE_LOOP('',(#999,#1000,#1001,#1002));
#1806=EDGE_LOOP('',(#1003,#1004,#1005,#1006));
#1807=EDGE_LOOP('',(#1007,#1008,#1009,#1010));
#1808=EDGE_LOOP('',(#1011,#1012,#1013,#1014));
#1809=EDGE_LOOP('',(#1015,#1016,#1017,#1018));
#1810=EDGE_LOOP('',(#1019,#1020,#1021,#1022));
#1811=EDGE_LOOP('',(#1023,#1024,#1025,#1026));
#1812=EDGE_LOOP('',(#1027,#1028,#1029,#1030));
#1813=EDGE_LOOP('',(#1031,#1032,#1033,#1034));
#1814=EDGE_LOOP('',(#1035,#1036,#1037,#1038));
#1815=EDGE_LOOP('',(#1039,#1040,#1041,#1042));
#1816=EDGE_LOOP('',(#1043,#1044,#1045,#1046));
#1817=EDGE_LOOP('',(#1047,#1048,#1049,#1050));
#1818=EDGE_LOOP('',(#1051,#1052,#1053,#1054));
#1819=EDGE_LOOP('',(#1055,#1056,#1057,#1058));
#1820=EDGE_LOOP('',(#1059,#1060,#1061,#1062,#1063,#1064,#1065,#1066,#1067,
#1068,#1069,#1070,#1071,#1072,#1073,#1074,#1075,#1076,#1077,#1078,#1079,
#1080,#1081,#1082,#1083));
#1821=EDGE_LOOP('',(#1084,#1085,#1086,#1087));
#1822=EDGE_LOOP('',(#1088,#1089,#1090,#1091));
#1823=EDGE_LOOP('',(#1092,#1093,#1094,#1095));
#1824=EDGE_LOOP('',(#1096,#1097,#1098,#1099));
#1825=EDGE_LOOP('',(#1100,#1101,#1102,#1103));
#1826=EDGE_LOOP('',(#1104,#1105,#1106,#1107));
#1827=EDGE_LOOP('',(#1108,#1109,#1110,#1111));
#1828=EDGE_LOOP('',(#1112,#1113,#1114,#1115));
#1829=EDGE_LOOP('',(#1116,#1117,#1118,#1119));
#1830=EDGE_LOOP('',(#1120,#1121,#1122,#1123));
#1831=EDGE_LOOP('',(#1124,#1125,#1126,#1127));
#1832=EDGE_LOOP('',(#1128,#1129,#1130,#1131));
#1833=EDGE_LOOP('',(#1132,#1133,#1134,#1135));
#1834=EDGE_LOOP('',(#1136,#1137,#1138,#1139));
#1835=EDGE_LOOP('',(#1140,#1141,#1142,#1143));
#1836=EDGE_LOOP('',(#1144,#1145,#1146,#1147));
#1837=EDGE_LOOP('',(#1148,#1149,#1150,#1151));
#1838=EDGE_LOOP('',(#1152,#1153,#1154,#1155));
#1839=FACE_BOUND('',#1697,.T.);
#1840=FACE_BOUND('',#1698,.T.);
#1841=FACE_BOUND('',#1699,.T.);
#1842=FACE_BOUND('',#1700,.T.);
#1843=FACE_BOUND('',#1701,.T.);
#1844=FACE_BOUND('',#1702,.T.);
#1845=FACE_BOUND('',#1703,.T.);
#1846=FACE_BOUND('',#1704,.T.);
#1847=FACE_BOUND('',#1705,.T.);
#1848=FACE_BOUND('',#1706,.T.);
#1849=FACE_BOUND('',#1707,.T.);
#1850=FACE_BOUND('',#1708,.T.);
#1851=FACE_BOUND('',#1709,.T.);
#1852=FACE_BOUND('',#1710,.T.);
#1853=FACE_BOUND('',#1711,.T.);
#1854=FACE_BOUND('',#1712,.T.);
#1855=FACE_BOUND('',#1713,.T.);
#1856=FACE_BOUND('',#1714,.T.);
#1857=FACE_BOUND('',#1715,.T.);
#1858=FACE_BOUND('',#1716,.T.);
#1859=FACE_BOUND('',#1717,.T.);
#1860=FACE_BOUND('',#1718,.T.);
#1861=FACE_BOUND('',#1719,.T.);
#1862=FACE_BOUND('',#1720,.T.);
#1863=FACE_BOUND('',#1721,.T.);
#1864=FACE_BOUND('',#1722,.T.);
#1865=FACE_BOUND('',#1723,.T.);
#1866=FACE_BOUND('',#1724,.T.);
#1867=FACE_BOUND('',#1725,.T.);
#1868=FACE_BOUND('',#1726,.T.);
#1869=FACE_BOUND('',#1727,.T.);
#1870=FACE_BOUND('',#1728,.T.);
#1871=FACE_BOUND('',#1729,.T.);
#1872=FACE_BOUND('',#1730,.T.);
#1873=FACE_BOUND('',#1731,.T.);
#1874=FACE_BOUND('',#1732,.T.);
#1875=FACE_BOUND('',#1733,.T.);
#1876=FACE_BOUND('',#1734,.T.);
#1877=FACE_BOUND('',#1735,.T.);
#1878=FACE_BOUND('',#1736,.T.);
#1879=FACE_BOUND('',#1737,.T.);
#1880=FACE_BOUND('',#1738,.T.);
#1881=FACE_BOUND('',#1739,.T.);
#1882=FACE_BOUND('',#1740,.T.);
#1883=FACE_BOUND('',#1741,.T.);
#1884=FACE_BOUND('',#1742,.T.);
#1885=FACE_BOUND('',#1743,.T.);
#1886=FACE_BOUND('',#1744,.T.);
#1887=FACE_BOUND('',#1745,.T.);
#1888=FACE_BOUND('',#1746,.T.);
#1889=FACE_BOUND('',#1747,.T.);
#1890=FACE_BOUND('',#1748,.T.);
#1891=FACE_BOUND('',#1749,.T.);
#1892=FACE_BOUND('',#1750,.T.);
#1893=FACE_BOUND('',#1751,.T.);
#1894=FACE_BOUND('',#1752,.T.);
#1895=FACE_BOUND('',#1753,.T.);
#1896=FACE_BOUND('',#1754,.T.);
#1897=FACE_BOUND('',#1755,.T.);
#1898=FACE_BOUND('',#1756,.T.);
#1899=FACE_BOUND('',#1757,.T.);
#1900=FACE_BOUND('',#1758,.T.);
#1901=FACE_BOUND('',#1759,.T.);
#1902=FACE_BOUND('',#1760,.T.);
#1903=FACE_BOUND('',#1761,.T.);
#1904=FACE_BOUND('',#1762,.T.);
#1905=FACE_BOUND('',#1763,.T.);
#1906=FACE_BOUND('',#1764,.T.);
#1907=FACE_BOUND('',#1765,.T.);
#1908=FACE_BOUND('',#1766,.T.);
#1909=FACE_BOUND('',#1767,.T.);
#1910=FACE_BOUND('',#1768,.T.);
#1911=FACE_BOUND('',#1769,.T.);
#1912=FACE_BOUND('',#1770,.T.);
#1913=FACE_BOUND('',#1771,.T.);
#1914=FACE_BOUND('',#1772,.T.);
#1915=FACE_BOUND('',#1773,.T.);
#1916=FACE_BOUND('',#1774,.T.);
#1917=FACE_BOUND('',#1775,.T.);
#1918=FACE_BOUND('',#1776,.T.);
#1919=FACE_BOUND('',#1777,.T.);
#1920=FACE_BOUND('',#1778,.T.);
#1921=FACE_BOUND('',#1779,.T.);
#1922=FACE_BOUND('',#1780,.T.);
#1923=FACE_BOUND('',#1781,.T.);
#1924=FACE_BOUND('',#1782,.T.);
#1925=FACE_BOUND('',#1783,.T.);
#1926=FACE_BOUND('',#1784,.T.);
#1927=FACE_BOUND('',#1785,.T.);
#1928=FACE_BOUND('',#1786,.T.);
#1929=FACE_BOUND('',#1787,.T.);
#1930=FACE_BOUND('',#1788,.T.);
#1931=FACE_BOUND('',#1789,.T.);
#1932=FACE_BOUND('',#1790,.T.);
#1933=FACE_BOUND('',#1791,.T.);
#1934=FACE_BOUND('',#1792,.T.);
#1935=FACE_BOUND('',#1793,.T.);
#1936=FACE_BOUND('',#1794,.T.);
#1937=FACE_BOUND('',#1795,.T.);
#1938=FACE_BOUND('',#1796,.T.);
#1939=FACE_BOUND('',#1797,.T.);
#1940=FACE_BOUND('',#1798,.T.);
#1941=FACE_BOUND('',#1799,.T.);
#1942=FACE_BOUND('',#1800,.T.);
#1943=FACE_BOUND('',#1801,.T.);
#1944=FACE_BOUND('',#1802,.T.);
#1945=FACE_BOUND('',#1803,.T.);
#1946=FACE_BOUND('',#1804,.T.);
#1947=FACE_BOUND('',#1805,.T.);
#1948=FACE_BOUND('',#1806,.T.);
#1949=FACE_BOUND('',#1807,.T.);
#1950=FACE_BOUND('',#1808,.T.);
#1951=FACE_BOUND('',#1809,.T.);
#1952=FACE_BOUND('',#1810,.T.);
#1953=FACE_BOUND('',#1811,.T.);
#1954=FACE_BOUND('',#1812,.T.);
#1955=FACE_BOUND('',#1813,.T.);
#1956=FACE_BOUND('',#1814,.T.);
#1957=FACE_BOUND('',#1815,.T.);
#1958=FACE_BOUND('',#1816,.T.);
#1959=FACE_BOUND('',#1817,.T.);
#1960=FACE_BOUND('',#1818,.T.);
#1961=FACE_BOUND('',#1819,.T.);
#1962=FACE_BOUND('',#1820,.T.);
#1963=FACE_BOUND('',#1821,.T.);
#1964=FACE_BOUND('',#1822,.T.);
#1965=FACE_BOUND('',#1823,.T.);
#1966=FACE_BOUND('',#1824,.T.);
#1967=FACE_BOUND('',#1825,.T.);
#1968=FACE_BOUND('',#1826,.T.);
#1969=FACE_BOUND('',#1827,.T.);
#1970=FACE_BOUND('',#1828,.T.);
#1971=FACE_BOUND('',#1829,.T.);
#1972=FACE_BOUND('',#1830,.T.);
#1973=FACE_BOUND('',#1831,.T.);
#1974=FACE_BOUND('',#1832,.T.);
#1975=FACE_BOUND('',#1833,.T.);
#1976=FACE_BOUND('',#1834,.T.);
#1977=FACE_BOUND('',#1835,.T.);
#1978=FACE_BOUND('',#1836,.T.);
#1979=FACE_BOUND('',#1837,.T.);
#1980=FACE_BOUND('',#1838,.T.);
#1981=PLANE('',#2204);
#1982=PLANE('',#2218);
#1983=PLANE('',#2232);
#1984=PLANE('',#2233);
#1985=PLANE('',#2234);
#1986=PLANE('',#2237);
#1987=PLANE('',#2240);
#1988=PLANE('',#2243);
#1989=PLANE('',#2247);
#1990=PLANE('',#2249);
#1991=PLANE('',#2251);
#1992=PLANE('',#2253);
#1993=PLANE('',#2254);
#1994=PLANE('',#2255);
#1995=PLANE('',#2256);
#1996=PLANE('',#2257);
#1997=PLANE('',#2260);
#1998=PLANE('',#2261);
#1999=PLANE('',#2262);
#2000=PLANE('',#2263);
#2001=PLANE('',#2264);
#2002=PLANE('',#2265);
#2003=PLANE('',#2267);
#2004=PLANE('',#2270);
#2005=PLANE('',#2271);
#2006=PLANE('',#2274);
#2007=PLANE('',#2277);
#2008=PLANE('',#2280);
#2009=PLANE('',#2283);
#2010=PLANE('',#2286);
#2011=PLANE('',#2287);
#2012=PLANE('',#2288);
#2013=PLANE('',#2289);
#2014=PLANE('',#2290);
#2015=PLANE('',#2291);
#2016=PLANE('',#2292);
#2017=PLANE('',#2293);
#2018=PLANE('',#2294);
#2019=PLANE('',#2295);
#2020=PLANE('',#2296);
#2021=PLANE('',#2297);
#2022=PLANE('',#2298);
#2023=PLANE('',#2299);
#2024=PLANE('',#2300);
#2025=PLANE('',#2301);
#2026=PLANE('',#2302);
#2027=PLANE('',#2303);
#2028=PLANE('',#2304);
#2029=PLANE('',#2305);
#2030=PLANE('',#2306);
#2031=PLANE('',#2307);
#2032=PLANE('',#2308);
#2033=PLANE('',#2309);
#2034=PLANE('',#2310);
#2035=PLANE('',#2311);
#2036=PLANE('',#2312);
#2037=PLANE('',#2313);
#2038=PLANE('',#2314);
#2039=PLANE('',#2315);
#2040=PLANE('',#2316);
#2041=PLANE('',#2317);
#2042=PLANE('',#2318);
#2043=PLANE('',#2319);
#2044=PLANE('',#2320);
#2045=PLANE('',#2321);
#2046=PLANE('',#2322);
#2047=PLANE('',#2323);
#2048=PLANE('',#2324);
#2049=PLANE('',#2325);
#2050=PLANE('',#2326);
#2051=PLANE('',#2327);
#2052=PLANE('',#2328);
#2053=PLANE('',#2329);
#2054=PLANE('',#2330);
#2055=PLANE('',#2331);
#2056=PLANE('',#2332);
#2057=PLANE('',#2333);
#2058=PLANE('',#2334);
#2059=PLANE('',#2335);
#2060=PLANE('',#2336);
#2061=PLANE('',#2337);
#2062=PLANE('',#2338);
#2063=PLANE('',#2339);
#2064=PLANE('',#2340);
#2065=PLANE('',#2341);
#2066=PLANE('',#2344);
#2067=PLANE('',#2347);
#2068=PLANE('',#2350);
#2069=PLANE('',#2351);
#2070=PLANE('',#2354);
#2071=ADVANCED_FACE('',(#1839,#1840,#1841,#1842,#1843,#1844,#1845,#1846,
#1847),#1981,.T.);
#2072=ADVANCED_FACE('',(#1848,#1849,#1850,#1851,#1852,#1853,#1854,#1855,
#1856),#1982,.F.);
#2073=ADVANCED_FACE('',(#1857),#34,.F.);
#2074=ADVANCED_FACE('',(#1858),#1983,.F.);
#2075=ADVANCED_FACE('',(#1859),#35,.F.);
#2076=ADVANCED_FACE('',(#1860),#1984,.T.);
#2077=ADVANCED_FACE('',(#1861),#36,.F.);
#2078=ADVANCED_FACE('',(#1862),#1985,.T.);
#2079=ADVANCED_FACE('',(#1863),#37,.F.);
#2080=ADVANCED_FACE('',(#1864),#21,.F.);
#2081=ADVANCED_FACE('',(#1865),#1986,.F.);
#2082=ADVANCED_FACE('',(#1866),#22,.F.);
#2083=ADVANCED_FACE('',(#1867),#1987,.T.);
#2084=ADVANCED_FACE('',(#1868),#23,.F.);
#2085=ADVANCED_FACE('',(#1869),#1988,.T.);
#2086=ADVANCED_FACE('',(#1870),#24,.F.);
#2087=ADVANCED_FACE('',(#1871),#25,.F.);
#2088=ADVANCED_FACE('',(#1872),#1989,.T.);
#2089=ADVANCED_FACE('',(#1873),#26,.F.);
#2090=ADVANCED_FACE('',(#1874),#1990,.T.);
#2091=ADVANCED_FACE('',(#1875),#27,.F.);
#2092=ADVANCED_FACE('',(#1876),#1991,.T.);
#2093=ADVANCED_FACE('',(#1877),#28,.F.);
#2094=ADVANCED_FACE('',(#1878),#1992,.T.);
#2095=ADVANCED_FACE('',(#1879),#1993,.F.);
#2096=ADVANCED_FACE('',(#1880),#1994,.F.);
#2097=ADVANCED_FACE('',(#1881),#1995,.F.);
#2098=ADVANCED_FACE('',(#1882),#1996,.T.);
#2099=ADVANCED_FACE('',(#1883,#1884),#29,.F.);
#2100=ADVANCED_FACE('',(#1885),#1997,.T.);
#2101=ADVANCED_FACE('',(#1886),#1998,.F.);
#2102=ADVANCED_FACE('',(#1887),#1999,.F.);
#2103=ADVANCED_FACE('',(#1888),#2000,.T.);
#2104=ADVANCED_FACE('',(#1889),#2001,.F.);
#2105=ADVANCED_FACE('',(#1890),#2002,.T.);
#2106=ADVANCED_FACE('',(#1891,#1892),#12,.F.);
#2107=ADVANCED_FACE('',(#1893),#2003,.F.);
#2108=ADVANCED_FACE('',(#1894),#13,.F.);
#2109=ADVANCED_FACE('',(#1895),#14,.F.);
#2110=ADVANCED_FACE('',(#1896),#2004,.T.);
#2111=ADVANCED_FACE('',(#1897),#2005,.F.);
#2112=ADVANCED_FACE('',(#1898),#15,.F.);
#2113=ADVANCED_FACE('',(#1899),#16,.F.);
#2114=ADVANCED_FACE('',(#1900),#2006,.T.);
#2115=ADVANCED_FACE('',(#1901,#1902),#30,.F.);
#2116=ADVANCED_FACE('',(#1903),#2007,.F.);
#2117=ADVANCED_FACE('',(#1904,#1905),#31,.F.);
#2118=ADVANCED_FACE('',(#1906),#2008,.F.);
#2119=ADVANCED_FACE('',(#1907,#1908),#32,.F.);
#2120=ADVANCED_FACE('',(#1909),#2009,.F.);
#2121=ADVANCED_FACE('',(#1910,#1911),#33,.F.);
#2122=ADVANCED_FACE('',(#1912),#2010,.F.);
#2123=ADVANCED_FACE('',(#1913),#2011,.T.);
#2124=ADVANCED_FACE('',(#1914),#2012,.T.);
#2125=ADVANCED_FACE('',(#1915),#2013,.T.);
#2126=ADVANCED_FACE('',(#1916),#2014,.T.);
#2127=ADVANCED_FACE('',(#1917),#2015,.T.);
#2128=ADVANCED_FACE('',(#1918),#2016,.T.);
#2129=ADVANCED_FACE('',(#1919),#2017,.T.);
#2130=ADVANCED_FACE('',(#1920),#2018,.T.);
#2131=ADVANCED_FACE('',(#1921),#2019,.T.);
#2132=ADVANCED_FACE('',(#1922),#2020,.T.);
#2133=ADVANCED_FACE('',(#1923),#2021,.T.);
#2134=ADVANCED_FACE('',(#1924),#2022,.T.);
#2135=ADVANCED_FACE('',(#1925),#2023,.T.);
#2136=ADVANCED_FACE('',(#1926),#2024,.T.);
#2137=ADVANCED_FACE('',(#1927),#2025,.T.);
#2138=ADVANCED_FACE('',(#1928),#2026,.T.);
#2139=ADVANCED_FACE('',(#1929),#2027,.T.);
#2140=ADVANCED_FACE('',(#1930),#2028,.T.);
#2141=ADVANCED_FACE('',(#1931),#2029,.T.);
#2142=ADVANCED_FACE('',(#1932),#2030,.T.);
#2143=ADVANCED_FACE('',(#1933),#2031,.T.);
#2144=ADVANCED_FACE('',(#1934),#2032,.T.);
#2145=ADVANCED_FACE('',(#1935),#2033,.T.);
#2146=ADVANCED_FACE('',(#1936),#2034,.T.);
#2147=ADVANCED_FACE('',(#1937),#2035,.T.);
#2148=ADVANCED_FACE('',(#1938),#2036,.T.);
#2149=ADVANCED_FACE('',(#1939),#2037,.T.);
#2150=ADVANCED_FACE('',(#1940),#2038,.T.);
#2151=ADVANCED_FACE('',(#1941),#2039,.T.);
#2152=ADVANCED_FACE('',(#1942),#2040,.T.);
#2153=ADVANCED_FACE('',(#1943),#2041,.T.);
#2154=ADVANCED_FACE('',(#1944),#2042,.T.);
#2155=ADVANCED_FACE('',(#1945),#2043,.T.);
#2156=ADVANCED_FACE('',(#1946),#2044,.T.);
#2157=ADVANCED_FACE('',(#1947),#2045,.T.);
#2158=ADVANCED_FACE('',(#1948),#2046,.T.);
#2159=ADVANCED_FACE('',(#1949),#2047,.T.);
#2160=ADVANCED_FACE('',(#1950),#2048,.T.);
#2161=ADVANCED_FACE('',(#1951),#2049,.T.);
#2162=ADVANCED_FACE('',(#1952),#2050,.T.);
#2163=ADVANCED_FACE('',(#1953),#2051,.T.);
#2164=ADVANCED_FACE('',(#1954),#2052,.T.);
#2165=ADVANCED_FACE('',(#1955),#2053,.T.);
#2166=ADVANCED_FACE('',(#1956),#2054,.T.);
#2167=ADVANCED_FACE('',(#1957),#2055,.T.);
#2168=ADVANCED_FACE('',(#1958),#2056,.T.);
#2169=ADVANCED_FACE('',(#1959),#2057,.T.);
#2170=ADVANCED_FACE('',(#1960),#2058,.T.);
#2171=ADVANCED_FACE('',(#1961),#2059,.T.);
#2172=ADVANCED_FACE('',(#1962),#2060,.T.);
#2173=ADVANCED_FACE('',(#1963),#38,.T.);
#2174=ADVANCED_FACE('',(#1964),#2061,.F.);
#2175=ADVANCED_FACE('',(#1965),#2062,.F.);
#2176=ADVANCED_FACE('',(#1966),#39,.T.);
#2177=ADVANCED_FACE('',(#1967),#40,.T.);
#2178=ADVANCED_FACE('',(#1968),#2063,.T.);
#2179=ADVANCED_FACE('',(#1969),#2064,.T.);
#2180=ADVANCED_FACE('',(#1970),#41,.T.);
#2181=ADVANCED_FACE('',(#1971),#2065,.T.);
#2182=ADVANCED_FACE('',(#1972),#2066,.T.);
#2183=ADVANCED_FACE('',(#1973),#2067,.F.);
#2184=ADVANCED_FACE('',(#1974),#17,.F.);
#2185=ADVANCED_FACE('',(#1975),#18,.F.);
#2186=ADVANCED_FACE('',(#1976),#2068,.T.);
#2187=ADVANCED_FACE('',(#1977),#2069,.F.);
#2188=ADVANCED_FACE('',(#1978),#19,.F.);
#2189=ADVANCED_FACE('',(#1979),#20,.F.);
#2190=ADVANCED_FACE('',(#1980),#2070,.T.);
#2191=CLOSED_SHELL('',(#2071,#2072,#2073,#2074,#2075,#2076,#2077,#2078,
#2079,#2080,#2081,#2082,#2083,#2084,#2085,#2086,#2087,#2088,#2089,#2090,
#2091,#2092,#2093,#2094,#2095,#2096,#2097,#2098,#2099,#2100,#2101,#2102,
#2103,#2104,#2105,#2106,#2107,#2108,#2109,#2110,#2111,#2112,#2113,#2114,
#2115,#2116,#2117,#2118,#2119,#2120,#2121,#2122,#2123,#2124,#2125,#2126,
#2127,#2128,#2129,#2130,#2131,#2132,#2133,#2134,#2135,#2136,#2137,#2138,
#2139,#2140,#2141,#2142,#2143,#2144,#2145,#2146,#2147,#2148,#2149,#2150,
#2151,#2152,#2153,#2154,#2155,#2156,#2157,#2158,#2159,#2160,#2161,#2162,
#2163,#2164,#2165,#2166,#2167,#2168,#2169,#2170,#2171,#2172,#2173,#2174,
#2175,#2176,#2177,#2178,#2179,#2180,#2181,#2182,#2183,#2184,#2185,#2186,
#2187,#2188,#2189,#2190));
#2192=STYLED_ITEM('',(#2193),#2200);
#2193=PRESENTATION_STYLE_ASSIGNMENT((#2194));
#2194=SURFACE_STYLE_USAGE(.BOTH.,#2195);
#2195=SURFACE_SIDE_STYLE('',(#2196));
#2196=SURFACE_STYLE_FILL_AREA(#2197);
#2197=FILL_AREA_STYLE('',(#2198));
#2198=FILL_AREA_STYLE_COLOUR('',#2199);
#2199=COLOUR_RGB('',0.231372549019608,0.87843137254902,0.764705882352941);
#2200=MANIFOLD_SOLID_BREP('Bottom Case',#2191);
#2201=SHAPE_DEFINITION_REPRESENTATION(#4028,#2202);
#2202=SHAPE_REPRESENTATION('Bottom Case',(#2203),#4023);
#2203=AXIS2_PLACEMENT_3D('',#2903,#2355,#2356);
#2204=AXIS2_PLACEMENT_3D('',#2904,#2357,#2358);
#2205=AXIS2_PLACEMENT_3D('',#2905,#2359,#2360);
#2206=AXIS2_PLACEMENT_3D('',#2910,#2362,#2363);
#2207=AXIS2_PLACEMENT_3D('',#2913,#2365,#2366);
#2208=AXIS2_PLACEMENT_3D('',#2918,#2368,#2369);
#2209=AXIS2_PLACEMENT_3D('',#3017,#2379,#2380);
#2210=AXIS2_PLACEMENT_3D('',#3019,#2381,#2382);
#2211=AXIS2_PLACEMENT_3D('',#3024,#2384,#2385);
#2212=AXIS2_PLACEMENT_3D('',#3028,#2387,#2388);
#2213=AXIS2_PLACEMENT_3D('',#3032,#2390,#2391);
#2214=AXIS2_PLACEMENT_3D('',#3035,#2393,#2394);
#2215=AXIS2_PLACEMENT_3D('',#3040,#2396,#2397);
#2216=AXIS2_PLACEMENT_3D('',#3044,#2399,#2400);
#2217=AXIS2_PLACEMENT_3D('',#3048,#2402,#2403);
#2218=AXIS2_PLACEMENT_3D('',#3147,#2453,#2454);
#2219=AXIS2_PLACEMENT_3D('',#3148,#2455,#2456);
#2220=AXIS2_PLACEMENT_3D('',#3150,#2457,#2458);
#2221=AXIS2_PLACEMENT_3D('',#3160,#2463,#2464);
#2222=AXIS2_PLACEMENT_3D('',#3162,#2465,#2466);
#2223=AXIS2_PLACEMENT_3D('',#3167,#2468,#2469);
#2224=AXIS2_PLACEMENT_3D('',#3171,#2471,#2472);
#2225=AXIS2_PLACEMENT_3D('',#3175,#2474,#2475);
#2226=AXIS2_PLACEMENT_3D('',#3178,#2477,#2478);
#2227=AXIS2_PLACEMENT_3D('',#3183,#2480,#2481);
#2228=AXIS2_PLACEMENT_3D('',#3187,#2483,#2484);
#2229=AXIS2_PLACEMENT_3D('',#3191,#2486,#2487);
#2230=AXIS2_PLACEMENT_3D('',#3274,#2493,#2494);
#2231=AXIS2_PLACEMENT_3D('',#3276,#2495,#2496);
#2232=AXIS2_PLACEMENT_3D('',#3333,#2499,#2500);
#2233=AXIS2_PLACEMENT_3D('',#3390,#2504,#2505);
#2234=AXIS2_PLACEMENT_3D('',#3447,#2509,#2510);
#2235=AXIS2_PLACEMENT_3D('',#3504,#2514,#2515);
#2236=AXIS2_PLACEMENT_3D('',#3507,#2517,#2518);
#2237=AXIS2_PLACEMENT_3D('',#3510,#2520,#2521);
#2238=AXIS2_PLACEMENT_3D('',#3514,#2524,#2525);
#2239=AXIS2_PLACEMENT_3D('',#3517,#2527,#2528);
#2240=AXIS2_PLACEMENT_3D('',#3518,#2529,#2530);
#2241=AXIS2_PLACEMENT_3D('',#3522,#2533,#2534);
#2242=AXIS2_PLACEMENT_3D('',#3525,#2536,#2537);
#2243=AXIS2_PLACEMENT_3D('',#3526,#2538,#2539);
#2244=AXIS2_PLACEMENT_3D('',#3530,#2542,#2543);
#2245=AXIS2_PLACEMENT_3D('',#3533,#2545,#2546);
#2246=AXIS2_PLACEMENT_3D('',#3534,#2547,#2548);
#2247=AXIS2_PLACEMENT_3D('',#3537,#2551,#2552);
#2248=AXIS2_PLACEMENT_3D('',#3539,#2554,#2555);
#2249=AXIS2_PLACEMENT_3D('',#3541,#2557,#2558);
#2250=AXIS2_PLACEMENT_3D('',#3543,#2560,#2561);
#2251=AXIS2_PLACEMENT_3D('',#3545,#2563,#2564);
#2252=AXIS2_PLACEMENT_3D('',#3547,#2566,#2567);
#2253=AXIS2_PLACEMENT_3D('',#3549,#2569,#2570);
#2254=AXIS2_PLACEMENT_3D('',#3555,#2574,#2575);
#2255=AXIS2_PLACEMENT_3D('',#3559,#2578,#2579);
#2256=AXIS2_PLACEMENT_3D('',#3563,#2582,#2583);
#2257=AXIS2_PLACEMENT_3D('',#3565,#2585,#2586);
#2258=AXIS2_PLACEMENT_3D('',#3566,#2587,#2588);
#2259=AXIS2_PLACEMENT_3D('',#3567,#2589,#2590);
#2260=AXIS2_PLACEMENT_3D('',#3569,#2591,#2592);
#2261=AXIS2_PLACEMENT_3D('',#3571,#2594,#2595);
#2262=AXIS2_PLACEMENT_3D('',#3573,#2597,#2598);
#2263=AXIS2_PLACEMENT_3D('',#3576,#2601,#2602);
#2264=AXIS2_PLACEMENT_3D('',#3578,#2604,#2605);
#2265=AXIS2_PLACEMENT_3D('',#3580,#2607,#2608);
#2266=AXIS2_PLACEMENT_3D('',#3581,#2609,#2610);
#2267=AXIS2_PLACEMENT_3D('',#3582,#2611,#2612);
#2268=AXIS2_PLACEMENT_3D('',#3585,#2615,#2616);
#2269=AXIS2_PLACEMENT_3D('',#3587,#2618,#2619);
#2270=AXIS2_PLACEMENT_3D('',#3589,#2621,#2622);
#2271=AXIS2_PLACEMENT_3D('',#3591,#2624,#2625);
#2272=AXIS2_PLACEMENT_3D('',#3593,#2627,#2628);
#2273=AXIS2_PLACEMENT_3D('',#3595,#2630,#2631);
#2274=AXIS2_PLACEMENT_3D('',#3597,#2633,#2634);
#2275=AXIS2_PLACEMENT_3D('',#3598,#2635,#2636);
#2276=AXIS2_PLACEMENT_3D('',#3599,#2637,#2638);
#2277=AXIS2_PLACEMENT_3D('',#3601,#2639,#2640);
#2278=AXIS2_PLACEMENT_3D('',#3602,#2641,#2642);
#2279=AXIS2_PLACEMENT_3D('',#3603,#2643,#2644);
#2280=AXIS2_PLACEMENT_3D('',#3605,#2645,#2646);
#2281=AXIS2_PLACEMENT_3D('',#3606,#2647,#2648);
#2282=AXIS2_PLACEMENT_3D('',#3607,#2649,#2650);
#2283=AXIS2_PLACEMENT_3D('',#3609,#2651,#2652);
#2284=AXIS2_PLACEMENT_3D('',#3610,#2653,#2654);
#2285=AXIS2_PLACEMENT_3D('',#3611,#2655,#2656);
#2286=AXIS2_PLACEMENT_3D('',#3613,#2657,#2658);
#2287=AXIS2_PLACEMENT_3D('',#3614,#2659,#2660);
#2288=AXIS2_PLACEMENT_3D('',#3620,#2664,#2665);
#2289=AXIS2_PLACEMENT_3D('',#3624,#2668,#2669);
#2290=AXIS2_PLACEMENT_3D('',#3628,#2672,#2673);
#2291=AXIS2_PLACEMENT_3D('',#3632,#2676,#2677);
#2292=AXIS2_PLACEMENT_3D('',#3636,#2680,#2681);
#2293=AXIS2_PLACEMENT_3D('',#3640,#2684,#2685);
#2294=AXIS2_PLACEMENT_3D('',#3644,#2688,#2689);
#2295=AXIS2_PLACEMENT_3D('',#3648,#2692,#2693);
#2296=AXIS2_PLACEMENT_3D('',#3652,#2696,#2697);
#2297=AXIS2_PLACEMENT_3D('',#3656,#2700,#2701);
#2298=AXIS2_PLACEMENT_3D('',#3660,#2704,#2705);
#2299=AXIS2_PLACEMENT_3D('',#3664,#2708,#2709);
#2300=AXIS2_PLACEMENT_3D('',#3668,#2712,#2713);
#2301=AXIS2_PLACEMENT_3D('',#3672,#2716,#2717);
#2302=AXIS2_PLACEMENT_3D('',#3676,#2720,#2721);
#2303=AXIS2_PLACEMENT_3D('',#3680,#2724,#2725);
#2304=AXIS2_PLACEMENT_3D('',#3684,#2728,#2729);
#2305=AXIS2_PLACEMENT_3D('',#3688,#2732,#2733);
#2306=AXIS2_PLACEMENT_3D('',#3692,#2736,#2737);
#2307=AXIS2_PLACEMENT_3D('',#3696,#2740,#2741);
#2308=AXIS2_PLACEMENT_3D('',#3700,#2744,#2745);
#2309=AXIS2_PLACEMENT_3D('',#3704,#2748,#2749);
#2310=AXIS2_PLACEMENT_3D('',#3706,#2751,#2752);
#2311=AXIS2_PLACEMENT_3D('',#3707,#2753,#2754);
#2312=AXIS2_PLACEMENT_3D('',#3713,#2758,#2759);
#2313=AXIS2_PLACEMENT_3D('',#3717,#2762,#2763);
#2314=AXIS2_PLACEMENT_3D('',#3721,#2766,#2767);
#2315=AXIS2_PLACEMENT_3D('',#3725,#2770,#2771);
#2316=AXIS2_PLACEMENT_3D('',#3729,#2774,#2775);
#2317=AXIS2_PLACEMENT_3D('',#3733,#2778,#2779);
#2318=AXIS2_PLACEMENT_3D('',#3737,#2782,#2783);
#2319=AXIS2_PLACEMENT_3D('',#3741,#2786,#2787);
#2320=AXIS2_PLACEMENT_3D('',#3745,#2790,#2791);
#2321=AXIS2_PLACEMENT_3D('',#3749,#2794,#2795);
#2322=AXIS2_PLACEMENT_3D('',#3753,#2798,#2799);
#2323=AXIS2_PLACEMENT_3D('',#3757,#2802,#2803);
#2324=AXIS2_PLACEMENT_3D('',#3761,#2806,#2807);
#2325=AXIS2_PLACEMENT_3D('',#3765,#2810,#2811);
#2326=AXIS2_PLACEMENT_3D('',#3769,#2814,#2815);
#2327=AXIS2_PLACEMENT_3D('',#3773,#2818,#2819);
#2328=AXIS2_PLACEMENT_3D('',#3777,#2822,#2823);
#2329=AXIS2_PLACEMENT_3D('',#3781,#2826,#2827);
#2330=AXIS2_PLACEMENT_3D('',#3785,#2830,#2831);
#2331=AXIS2_PLACEMENT_3D('',#3789,#2834,#2835);
#2332=AXIS2_PLACEMENT_3D('',#3793,#2838,#2839);
#2333=AXIS2_PLACEMENT_3D('',#3797,#2842,#2843);
#2334=AXIS2_PLACEMENT_3D('',#3801,#2846,#2847);
#2335=AXIS2_PLACEMENT_3D('',#3805,#2850,#2851);
#2336=AXIS2_PLACEMENT_3D('',#3807,#2853,#2854);
#2337=AXIS2_PLACEMENT_3D('',#3852,#2855,#2856);
#2338=AXIS2_PLACEMENT_3D('',#3857,#2857,#2858);
#2339=AXIS2_PLACEMENT_3D('',#3942,#2859,#2860);
#2340=AXIS2_PLACEMENT_3D('',#3947,#2861,#2862);
#2341=AXIS2_PLACEMENT_3D('',#3988,#2863,#2864);
#2342=AXIS2_PLACEMENT_3D('',#3992,#2866,#2867);
#2343=AXIS2_PLACEMENT_3D('',#3996,#2869,#2870);
#2344=AXIS2_PLACEMENT_3D('',#3997,#2871,#2872);
#2345=AXIS2_PLACEMENT_3D('',#4001,#2874,#2875);
#2346=AXIS2_PLACEMENT_3D('',#4005,#2877,#2878);
#2347=AXIS2_PLACEMENT_3D('',#4006,#2879,#2880);
#2348=AXIS2_PLACEMENT_3D('',#4009,#2883,#2884);
#2349=AXIS2_PLACEMENT_3D('',#4011,#2886,#2887);
#2350=AXIS2_PLACEMENT_3D('',#4013,#2889,#2890);
#2351=AXIS2_PLACEMENT_3D('',#4014,#2891,#2892);
#2352=AXIS2_PLACEMENT_3D('',#4017,#2895,#2896);
#2353=AXIS2_PLACEMENT_3D('',#4019,#2898,#2899);
#2354=AXIS2_PLACEMENT_3D('',#4021,#2901,#2902);
#2355=DIRECTION('',(0.,0.,1.));
#2356=DIRECTION('',(1.,0.,0.));
#2357=DIRECTION('',(0.,0.,1.));
#2358=DIRECTION('',(1.,0.,0.));
#2359=DIRECTION('',(0.,0.,1.));
#2360=DIRECTION('',(1.,0.,0.));
#2361=DIRECTION('',(-7.61818177922112E-16,1.,0.));
#2362=DIRECTION('',(0.,0.,1.));
#2363=DIRECTION('',(1.,0.,0.));
#2364=DIRECTION('',(7.61818177922112E-16,-1.,0.));
#2365=DIRECTION('',(0.,0.,1.));
#2366=DIRECTION('',(1.,0.,0.));
#2367=DIRECTION('',(2.53939392640704E-16,1.,0.));
#2368=DIRECTION('',(0.,0.,1.));
#2369=DIRECTION('',(1.,0.,0.));
#2370=DIRECTION('',(-2.53939392640704E-16,-1.,0.));
#2371=DIRECTION('',(-2.31296463463574E-16,1.,0.));
#2372=DIRECTION('',(-1.,-1.55930200087803E-16,0.));
#2373=DIRECTION('',(2.31296463463574E-16,-1.,0.));
#2374=DIRECTION('',(1.,1.55930200087803E-16,0.));
#2375=DIRECTION('',(-1.,1.20362426780698E-16,0.));
#2376=DIRECTION('',(3.00906066951744E-16,1.,0.));
#2377=DIRECTION('',(1.,-1.20362426780698E-16,0.));
#2378=DIRECTION('',(-3.00906066951744E-16,-1.,0.));
#2379=DIRECTION('',(0.,0.,1.));
#2380=DIRECTION('',(1.,0.,0.));
#2381=DIRECTION('',(0.,0.,1.));
#2382=DIRECTION('',(1.,0.,0.));
#2383=DIRECTION('',(1.,0.,0.));
#2384=DIRECTION('',(0.,0.,1.));
#2385=DIRECTION('',(1.,0.,0.));
#2386=DIRECTION('',(0.,-1.,0.));
#2387=DIRECTION('',(0.,0.,1.));
#2388=DIRECTION('',(1.,0.,0.));
#2389=DIRECTION('',(-1.,0.,0.));
#2390=DIRECTION('',(0.,0.,1.));
#2391=DIRECTION('',(1.,0.,0.));
#2392=DIRECTION('',(0.,1.,0.));
#2393=DIRECTION('',(0.,0.,1.));
#2394=DIRECTION('',(1.,0.,0.));
#2395=DIRECTION('',(1.,0.,0.));
#2396=DIRECTION('',(0.,0.,1.));
#2397=DIRECTION('',(1.,0.,0.));
#2398=DIRECTION('',(0.,-1.,0.));
#2399=DIRECTION('',(0.,0.,1.));
#2400=DIRECTION('',(1.,0.,0.));
#2401=DIRECTION('',(-1.,0.,0.));
#2402=DIRECTION('',(0.,0.,1.));
#2403=DIRECTION('',(1.,0.,0.));
#2404=DIRECTION('',(0.,1.,0.));
#2405=DIRECTION('',(0.,-1.,0.));
#2406=DIRECTION('',(-1.,0.,0.));
#2407=DIRECTION('',(-0.995893230401747,0.0905354827676534,0.));
#2408=DIRECTION('',(-0.948683298050518,0.316227766016825,0.));
#2409=DIRECTION('',(-0.813733534538079,0.581238105055204,0.));
#2410=DIRECTION('',(-0.581238105055213,0.813733534538073,0.));
#2411=DIRECTION('',(-0.621307748326917,0.783566641625929,0.));
#2412=DIRECTION('',(-0.628073878104992,0.778153714661927,0.));
#2413=DIRECTION('',(-0.621307748326918,0.783566641625928,0.));
#2414=DIRECTION('',(-0.481918851474524,0.876215852740337,0.));
#2415=DIRECTION('',(-0.364873456550802,0.931057120001061,0.));
#2416=DIRECTION('',(-0.126873274207168,0.991918934334834,0.));
#2417=DIRECTION('',(0.,1.,0.));
#2418=DIRECTION('',(0.0905354498583899,0.995893233393489,0.));
#2419=DIRECTION('',(0.548027738604499,0.836460159075158,0.));
#2420=DIRECTION('',(0.958536337773944,0.284970330327416,0.));
#2421=DIRECTION('',(1.,0.,0.));
#2422=DIRECTION('',(0.624084041192302,-0.781357222740716,0.));
#2423=DIRECTION('',(0.621782512923537,-0.783189955644537,0.));
#2424=DIRECTION('',(0.618999306845829,-0.785391531737122,0.));
#2425=DIRECTION('',(0.242534934837097,-0.97014267269488,0.));
#2426=DIRECTION('',(0.653621430211127,-0.756821660610187,0.));
#2427=DIRECTION('',(0.965363203994844,-0.260909724565433,0.));
#2428=DIRECTION('',(-0.554700325240997,-0.832050208327317,0.));
#2429=DIRECTION('',(-0.628170947567729,-0.778075356653751,0.));
#2430=DIRECTION('',(-0.621725528425219,-0.783235192840811,0.));
#2431=DIRECTION('',(-0.593667122470382,-0.804710722991645,0.));
#2432=DIRECTION('',(-0.752576553746169,-0.658504768966437,0.));
#2433=DIRECTION('',(-0.847998255989587,-0.529999016827975,0.));
#2434=DIRECTION('',(-0.936329216351326,-0.351123338168957,0.));
#2435=DIRECTION('',(-0.992277922871671,-0.124034365324627,0.));
#2436=DIRECTION('',(-1.,0.,0.));
#2437=DIRECTION('',(-0.97257894195131,0.232573002889135,0.));
#2438=DIRECTION('',(-0.760834517912509,0.648945942550564,0.));
#2439=DIRECTION('',(-0.236954174568803,0.971520827957084,0.));
#2440=DIRECTION('',(0.484061121048265,0.875034188526081,0.));
#2441=DIRECTION('',(0.242534934837132,0.970142672694871,0.));
#2442=DIRECTION('',(0.653621430211127,0.756821660610187,0.));
#2443=DIRECTION('',(0.965363203994844,0.260909724565433,0.));
#2444=DIRECTION('',(0.623623310195823,0.78172499447082,0.));
#2445=DIRECTION('',(0.626619635782711,0.779325241508026,0.));
#2446=DIRECTION('',(0.606851914432705,0.794814918046561,0.));
#2447=DIRECTION('',(0.284970330327392,0.958536337773951,0.));
#2448=DIRECTION('',(0.836460159075181,0.548027738604465,0.));
#2449=DIRECTION('',(0.995893233393489,0.0905354498583974,0.));
#2450=DIRECTION('',(1.,0.,0.));
#2451=DIRECTION('',(0.,-1.,0.));
#2452=DIRECTION('',(-0.371390611817005,-0.928476716700096,0.));
#2453=DIRECTION('',(0.,0.,1.));
#2454=DIRECTION('',(1.,0.,0.));
#2455=DIRECTION('',(0.,0.,-1.));
#2456=DIRECTION('',(1.,0.,0.));
#2457=DIRECTION('',(0.,0.,1.));
#2458=DIRECTION('',(1.,0.,0.));
#2459=DIRECTION('',(3.00906066951744E-16,1.,0.));
#2460=DIRECTION('',(-1.,1.20362426780698E-16,0.));
#2461=DIRECTION('',(3.00906066951744E-16,1.,0.));
#2462=DIRECTION('',(-1.,1.20362426780698E-16,0.));
#2463=DIRECTION('',(0.,0.,1.));
#2464=DIRECTION('',(1.,0.,0.));
#2465=DIRECTION('',(0.,0.,1.));
#2466=DIRECTION('',(1.,0.,0.));
#2467=DIRECTION('',(0.,1.,0.));
#2468=DIRECTION('',(0.,0.,1.));
#2469=DIRECTION('',(1.,0.,0.));
#2470=DIRECTION('',(-1.,0.,0.));
#2471=DIRECTION('',(0.,0.,1.));
#2472=DIRECTION('',(1.,0.,0.));
#2473=DIRECTION('',(0.,-1.,0.));
#2474=DIRECTION('',(0.,0.,1.));
#2475=DIRECTION('',(1.,0.,0.));
#2476=DIRECTION('',(1.,0.,0.));
#2477=DIRECTION('',(0.,0.,1.));
#2478=DIRECTION('',(1.,0.,0.));
#2479=DIRECTION('',(0.,1.,0.));
#2480=DIRECTION('',(0.,0.,1.));
#2481=DIRECTION('',(1.,0.,0.));
#2482=DIRECTION('',(1.,0.,0.));
#2483=DIRECTION('',(0.,0.,1.));
#2484=DIRECTION('',(1.,0.,0.));
#2485=DIRECTION('',(0.,1.,0.));
#2486=DIRECTION('',(0.,0.,1.));
#2487=DIRECTION('',(1.,0.,0.));
#2488=DIRECTION('',(1.,0.,0.));
#2489=DIRECTION('',(-2.31296463463574E-16,1.,0.));
#2490=DIRECTION('',(-1.,-1.55930200087803E-16,0.));
#2491=DIRECTION('',(-2.31296463463574E-16,1.,0.));
#2492=DIRECTION('',(-1.,-1.55930200087803E-16,0.));
#2493=DIRECTION('',(0.,0.,1.));
#2494=DIRECTION('',(1.,0.,0.));
#2495=DIRECTION('',(0.,0.,-1.));
#2496=DIRECTION('',(1.,0.,0.));
#2497=DIRECTION('',(0.,0.,-1.));
#2498=DIRECTION('',(0.,0.,-1.));
#2499=DIRECTION('',(1.55930200087803E-16,-1.,0.));
#2500=DIRECTION('',(1.,1.55930200087803E-16,0.));
#2501=DIRECTION('',(0.,0.,-1.));
#2502=DIRECTION('',(1.,1.55930200087803E-16,0.));
#2503=DIRECTION('',(0.,0.,-1.));
#2504=DIRECTION('',(-1.,-2.31296463463574E-16,0.));
#2505=DIRECTION('',(2.31296463463574E-16,-1.,0.));
#2506=DIRECTION('',(0.,0.,-1.));
#2507=DIRECTION('',(-2.31296463463574E-16,1.,0.));
#2508=DIRECTION('',(0.,0.,-1.));
#2509=DIRECTION('',(1.55930200087803E-16,-1.,0.));
#2510=DIRECTION('',(1.,1.55930200087803E-16,0.));
#2511=DIRECTION('',(0.,0.,-1.));
#2512=DIRECTION('',(-1.,-1.55930200087803E-16,0.));
#2513=DIRECTION('',(0.,0.,-1.));
#2514=DIRECTION('',(0.,0.,-1.));
#2515=DIRECTION('',(-1.,0.,0.));
#2516=DIRECTION('',(0.,0.,-1.));
#2517=DIRECTION('',(0.,0.,1.));
#2518=DIRECTION('',(1.,0.,0.));
#2519=DIRECTION('',(0.,0.,-1.));
#2520=DIRECTION('',(0.,1.,0.));
#2521=DIRECTION('',(0.,0.,1.));
#2522=DIRECTION('',(0.,0.,-1.));
#2523=DIRECTION('',(-1.,0.,0.));
#2524=DIRECTION('',(0.,0.,-1.));
#2525=DIRECTION('',(-1.,0.,0.));
#2526=DIRECTION('',(0.,0.,-1.));
#2527=DIRECTION('',(0.,0.,1.));
#2528=DIRECTION('',(1.,0.,0.));
#2529=DIRECTION('',(-1.,0.,0.));
#2530=DIRECTION('',(0.,0.,1.));
#2531=DIRECTION('',(0.,0.,-1.));
#2532=DIRECTION('',(0.,1.,0.));
#2533=DIRECTION('',(0.,0.,-1.));
#2534=DIRECTION('',(-1.,0.,0.));
#2535=DIRECTION('',(0.,0.,-1.));
#2536=DIRECTION('',(0.,0.,1.));
#2537=DIRECTION('',(1.,0.,0.));
#2538=DIRECTION('',(0.,1.,0.));
#2539=DIRECTION('',(0.,0.,1.));
#2540=DIRECTION('',(0.,0.,-1.));
#2541=DIRECTION('',(1.,0.,0.));
#2542=DIRECTION('',(0.,0.,-1.));
#2543=DIRECTION('',(-1.,0.,0.));
#2544=DIRECTION('',(0.,0.,-1.));
#2545=DIRECTION('',(0.,0.,1.));
#2546=DIRECTION('',(1.,0.,0.));
#2547=DIRECTION('',(0.,0.,-1.));
#2548=DIRECTION('',(-1.,0.,0.));
#2549=DIRECTION('',(0.,0.,-1.));
#2550=DIRECTION('',(0.,0.,-1.));
#2551=DIRECTION('',(0.,1.,0.));
#2552=DIRECTION('',(0.,0.,1.));
#2553=DIRECTION('',(0.,0.,-1.));
#2554=DIRECTION('',(0.,0.,-1.));
#2555=DIRECTION('',(-1.,0.,0.));
#2556=DIRECTION('',(0.,0.,-1.));
#2557=DIRECTION('',(1.,0.,0.));
#2558=DIRECTION('',(0.,0.,-1.));
#2559=DIRECTION('',(0.,0.,-1.));
#2560=DIRECTION('',(0.,0.,-1.));
#2561=DIRECTION('',(-1.,0.,0.));
#2562=DIRECTION('',(0.,0.,-1.));
#2563=DIRECTION('',(0.,-1.,0.));
#2564=DIRECTION('',(0.,0.,-1.));
#2565=DIRECTION('',(0.,0.,-1.));
#2566=DIRECTION('',(0.,0.,-1.));
#2567=DIRECTION('',(-1.,0.,0.));
#2568=DIRECTION('',(0.,0.,-1.));
#2569=DIRECTION('',(-1.,3.00906066951744E-16,0.));
#2570=DIRECTION('',(-3.00906066951744E-16,-1.,0.));
#2571=DIRECTION('',(0.,0.,-1.));
#2572=DIRECTION('',(3.00906066951744E-16,1.,0.));
#2573=DIRECTION('',(0.,0.,-1.));
#2574=DIRECTION('',(-1.20362426780698E-16,-1.,0.));
#2575=DIRECTION('',(1.,-1.20362426780698E-16,0.));
#2576=DIRECTION('',(0.,0.,-1.));
#2577=DIRECTION('',(1.,-1.20362426780698E-16,0.));
#2578=DIRECTION('',(-1.,3.00906066951744E-16,0.));
#2579=DIRECTION('',(-3.00906066951744E-16,-1.,0.));
#2580=DIRECTION('',(0.,0.,-1.));
#2581=DIRECTION('',(-3.00906066951744E-16,-1.,0.));
#2582=DIRECTION('',(-1.,0.,0.));
#2583=DIRECTION('',(0.,0.,1.));
#2584=DIRECTION('',(0.,-1.,0.));
#2585=DIRECTION('',(-1.,0.,0.));
#2586=DIRECTION('',(0.,0.,1.));
#2587=DIRECTION('',(0.,0.,-1.));
#2588=DIRECTION('',(-1.,0.,0.));
#2589=DIRECTION('',(0.,0.,1.));
#2590=DIRECTION('',(1.,0.,0.));
#2591=DIRECTION('',(-1.20362426780698E-16,-1.,0.));
#2592=DIRECTION('',(1.,-1.20362426780698E-16,0.));
#2593=DIRECTION('',(-1.,1.20362426780698E-16,0.));
#2594=DIRECTION('',(-1.,-2.31296463463574E-16,0.));
#2595=DIRECTION('',(2.31296463463574E-16,-1.,0.));
#2596=DIRECTION('',(2.31296463463574E-16,-1.,0.));
#2597=DIRECTION('',(0.707106781186548,-2.12772720441752E-16,-0.707106781186547));
#2598=DIRECTION('',(3.00906066951744E-16,1.,0.));
#2599=DIRECTION('',(0.577350269189626,0.577350269189626,0.577350269189626));
#2600=DIRECTION('',(-0.577350269189625,0.577350269189626,-0.577350269189626));
#2601=DIRECTION('',(8.51090881767007E-17,0.707106781186548,0.707106781186548));
#2602=DIRECTION('',(1.,-1.20362426780698E-16,0.));
#2603=DIRECTION('',(-0.577350269189627,-0.577350269189625,0.577350269189626));
#2604=DIRECTION('',(8.51090881767007E-17,0.707106781186548,-0.707106781186548));
#2605=DIRECTION('',(-1.,1.20362426780698E-16,0.));
#2606=DIRECTION('',(-0.577350269189626,0.577350269189626,0.577350269189626));
#2607=DIRECTION('',(0.707106781186547,-2.12772720441751E-16,0.707106781186548));
#2608=DIRECTION('',(-3.00906066951744E-16,-1.,0.));
#2609=DIRECTION('',(0.,0.,1.));
#2610=DIRECTION('',(1.,0.,0.));
#2611=DIRECTION('',(0.,-0.707106781186548,-0.707106781186548));
#2612=DIRECTION('',(1.,0.,0.));
#2613=DIRECTION('',(1.2266347333467E-15,-0.707106781186548,0.707106781186548));
#2614=DIRECTION('',(0.,0.707106781186548,-0.707106781186548));
#2615=DIRECTION('',(0.,0.,1.));
#2616=DIRECTION('',(1.,0.,0.));
#2617=DIRECTION('',(0.707106781186548,2.4532694666934E-15,-0.707106781186548));
#2618=DIRECTION('',(0.,0.,1.));
#2619=DIRECTION('',(1.,0.,0.));
#2620=DIRECTION('',(0.707106781186548,0.,0.707106781186548));
#2621=DIRECTION('',(0.707106781186548,0.,0.707106781186548));
#2622=DIRECTION('',(0.,-1.,0.));
#2623=DIRECTION('',(0.707106781186548,0.,-0.707106781186548));
#2624=DIRECTION('',(0.707106781186548,0.,-0.707106781186548));
#2625=DIRECTION('',(0.,1.,0.));
#2626=DIRECTION('',(0.707106781186548,0.,0.707106781186548));
#2627=DIRECTION('',(0.,0.,1.));
#2628=DIRECTION('',(1.,0.,0.));
#2629=DIRECTION('',(0.,-0.707106781186548,-0.707106781186548));
#2630=DIRECTION('',(0.,0.,1.));
#2631=DIRECTION('',(1.,0.,0.));
#2632=DIRECTION('',(0.,0.707106781186548,0.707106781186548));
#2633=DIRECTION('',(0.,-0.707106781186548,0.707106781186548));
#2634=DIRECTION('',(-1.,0.,0.));
#2635=DIRECTION('',(0.,0.,-1.));
#2636=DIRECTION('',(-1.,0.,0.));
#2637=DIRECTION('',(0.,0.,1.));
#2638=DIRECTION('',(1.,0.,0.));
#2639=DIRECTION('',(0.,0.,1.));
#2640=DIRECTION('',(1.,0.,0.));
#2641=DIRECTION('',(0.,0.,-1.));
#2642=DIRECTION('',(-1.,0.,0.));
#2643=DIRECTION('',(0.,0.,-1.));
#2644=DIRECTION('',(1.,0.,0.));
#2645=DIRECTION('',(0.,0.,1.));
#2646=DIRECTION('',(1.,0.,0.));
#2647=DIRECTION('',(0.,0.,-1.));
#2648=DIRECTION('',(-1.,0.,0.));
#2649=DIRECTION('',(0.,0.,1.));
#2650=DIRECTION('',(1.,0.,0.));
#2651=DIRECTION('',(0.,0.,1.));
#2652=DIRECTION('',(1.,0.,0.));
#2653=DIRECTION('',(0.,0.,-1.));
#2654=DIRECTION('',(-1.,0.,0.));
#2655=DIRECTION('',(0.,0.,-1.));
#2656=DIRECTION('',(1.,0.,0.));
#2657=DIRECTION('',(0.,0.,1.));
#2658=DIRECTION('',(1.,0.,0.));
#2659=DIRECTION('',(0.,1.,0.));
#2660=DIRECTION('',(0.,0.,1.));
#2661=DIRECTION('',(0.,0.,1.));
#2662=DIRECTION('',(-1.,0.,0.));
#2663=DIRECTION('',(0.,0.,1.));
#2664=DIRECTION('',(-1.,0.,0.));
#2665=DIRECTION('',(0.,0.,1.));
#2666=DIRECTION('',(0.,0.,1.));
#2667=DIRECTION('',(0.,-1.,0.));
#2668=DIRECTION('',(-0.260909724565433,-0.965363203994844,0.));
#2669=DIRECTION('',(0.965363203994844,-0.260909724565433,0.));
#2670=DIRECTION('',(0.,0.,1.));
#2671=DIRECTION('',(0.965363203994844,-0.260909724565433,0.));
#2672=DIRECTION('',(-0.756821660610187,-0.653621430211127,0.));
#2673=DIRECTION('',(0.653621430211127,-0.756821660610187,0.));
#2674=DIRECTION('',(0.,0.,1.));
#2675=DIRECTION('',(0.653621430211127,-0.756821660610187,0.));
#2676=DIRECTION('',(-0.97014267269488,-0.242534934837097,0.));
#2677=DIRECTION('',(0.242534934837097,-0.97014267269488,0.));
#2678=DIRECTION('',(0.,0.,1.));
#2679=DIRECTION('',(0.242534934837097,-0.97014267269488,0.));
#2680=DIRECTION('',(-0.785391531737122,-0.618999306845829,0.));
#2681=DIRECTION('',(0.618999306845829,-0.785391531737122,0.));
#2682=DIRECTION('',(0.,0.,1.));
#2683=DIRECTION('',(0.618999306845829,-0.785391531737122,0.));
#2684=DIRECTION('',(-0.783189955644537,-0.621782512923537,0.));
#2685=DIRECTION('',(0.621782512923537,-0.783189955644537,0.));
#2686=DIRECTION('',(0.,0.,1.));
#2687=DIRECTION('',(0.621782512923537,-0.783189955644537,0.));
#2688=DIRECTION('',(-0.781357222740716,-0.624084041192302,0.));
#2689=DIRECTION('',(0.624084041192302,-0.781357222740716,0.));
#2690=DIRECTION('',(0.,0.,1.));
#2691=DIRECTION('',(0.624084041192302,-0.781357222740716,0.));
#2692=DIRECTION('',(0.,-1.,0.));
#2693=DIRECTION('',(0.,0.,-1.));
#2694=DIRECTION('',(0.,0.,1.));
#2695=DIRECTION('',(1.,0.,0.));
#2696=DIRECTION('',(0.284970330327416,-0.958536337773944,0.));
#2697=DIRECTION('',(0.958536337773944,0.284970330327416,0.));
#2698=DIRECTION('',(0.,0.,1.));
#2699=DIRECTION('',(0.958536337773944,0.284970330327416,0.));
#2700=DIRECTION('',(0.836460159075158,-0.548027738604499,0.));
#2701=DIRECTION('',(0.548027738604499,0.836460159075158,0.));
#2702=DIRECTION('',(0.,0.,1.));
#2703=DIRECTION('',(0.548027738604499,0.836460159075158,0.));
#2704=DIRECTION('',(0.995893233393489,-0.0905354498583899,0.));
#2705=DIRECTION('',(0.0905354498583899,0.995893233393489,0.));
#2706=DIRECTION('',(0.,0.,1.));
#2707=DIRECTION('',(0.0905354498583899,0.995893233393489,0.));
#2708=DIRECTION('',(1.,0.,0.));
#2709=DIRECTION('',(0.,0.,-1.));
#2710=DIRECTION('',(0.,0.,1.));
#2711=DIRECTION('',(0.,1.,0.));
#2712=DIRECTION('',(0.991918934334834,0.126873274207168,0.));
#2713=DIRECTION('',(-0.126873274207168,0.991918934334834,0.));
#2714=DIRECTION('',(0.,0.,1.));
#2715=DIRECTION('',(-0.126873274207168,0.991918934334834,0.));
#2716=DIRECTION('',(0.931057120001061,0.364873456550802,0.));
#2717=DIRECTION('',(-0.364873456550802,0.931057120001061,0.));
#2718=DIRECTION('',(0.,0.,1.));
#2719=DIRECTION('',(-0.364873456550802,0.931057120001061,0.));
#2720=DIRECTION('',(0.876215852740337,0.481918851474524,0.));
#2721=DIRECTION('',(-0.481918851474524,0.876215852740337,0.));
#2722=DIRECTION('',(0.,0.,1.));
#2723=DIRECTION('',(-0.481918851474524,0.876215852740337,0.));
#2724=DIRECTION('',(0.783566641625928,0.621307748326918,0.));
#2725=DIRECTION('',(-0.621307748326918,0.783566641625928,0.));
#2726=DIRECTION('',(0.,0.,1.));
#2727=DIRECTION('',(-0.621307748326918,0.783566641625928,0.));
#2728=DIRECTION('',(0.778153714661927,0.628073878104992,0.));
#2729=DIRECTION('',(-0.628073878104992,0.778153714661927,0.));
#2730=DIRECTION('',(0.,0.,1.));
#2731=DIRECTION('',(-0.628073878104992,0.778153714661927,0.));
#2732=DIRECTION('',(0.783566641625929,0.621307748326917,0.));
#2733=DIRECTION('',(-0.621307748326917,0.783566641625929,0.));
#2734=DIRECTION('',(0.,0.,1.));
#2735=DIRECTION('',(-0.621307748326917,0.783566641625929,0.));
#2736=DIRECTION('',(0.813733534538073,0.581238105055213,0.));
#2737=DIRECTION('',(-0.581238105055213,0.813733534538073,0.));
#2738=DIRECTION('',(0.,0.,1.));
#2739=DIRECTION('',(-0.581238105055213,0.813733534538073,0.));
#2740=DIRECTION('',(0.581238105055204,0.813733534538079,0.));
#2741=DIRECTION('',(-0.813733534538079,0.581238105055204,0.));
#2742=DIRECTION('',(0.,0.,1.));
#2743=DIRECTION('',(-0.813733534538079,0.581238105055204,0.));
#2744=DIRECTION('',(0.316227766016825,0.948683298050518,0.));
#2745=DIRECTION('',(-0.948683298050518,0.316227766016825,0.));
#2746=DIRECTION('',(0.,0.,1.));
#2747=DIRECTION('',(-0.948683298050518,0.316227766016825,0.));
#2748=DIRECTION('',(0.0905354827676534,0.995893230401747,0.));
#2749=DIRECTION('',(-0.995893230401747,0.0905354827676534,0.));
#2750=DIRECTION('',(-0.995893230401747,0.0905354827676534,0.));
#2751=DIRECTION('',(0.,0.,1.));
#2752=DIRECTION('',(1.,0.,0.));
#2753=DIRECTION('',(-0.778075356653751,0.628170947567729,0.));
#2754=DIRECTION('',(-0.628170947567729,-0.778075356653751,0.));
#2755=DIRECTION('',(0.,0.,1.));
#2756=DIRECTION('',(-0.628170947567729,-0.778075356653751,0.));
#2757=DIRECTION('',(0.,0.,1.));
#2758=DIRECTION('',(-0.832050208327317,0.554700325240997,0.));
#2759=DIRECTION('',(-0.554700325240997,-0.832050208327317,0.));
#2760=DIRECTION('',(0.,0.,1.));
#2761=DIRECTION('',(-0.554700325240997,-0.832050208327317,0.));
#2762=DIRECTION('',(-0.928476716700096,0.371390611817005,0.));
#2763=DIRECTION('',(-0.371390611817005,-0.928476716700096,0.));
#2764=DIRECTION('',(0.,0.,1.));
#2765=DIRECTION('',(-0.371390611817005,-0.928476716700096,0.));
#2766=DIRECTION('',(-1.,0.,0.));
#2767=DIRECTION('',(0.,0.,1.));
#2768=DIRECTION('',(0.,0.,1.));
#2769=DIRECTION('',(0.,-1.,0.));
#2770=DIRECTION('',(0.,-1.,0.));
#2771=DIRECTION('',(0.,0.,-1.));
#2772=DIRECTION('',(0.,0.,1.));
#2773=DIRECTION('',(1.,0.,0.));
#2774=DIRECTION('',(0.0905354498583974,-0.995893233393489,0.));
#2775=DIRECTION('',(0.995893233393489,0.0905354498583974,0.));
#2776=DIRECTION('',(0.,0.,1.));
#2777=DIRECTION('',(0.995893233393489,0.0905354498583974,0.));
#2778=DIRECTION('',(0.548027738604465,-0.836460159075181,0.));
#2779=DIRECTION('',(0.836460159075181,0.548027738604465,0.));
#2780=DIRECTION('',(0.,0.,1.));
#2781=DIRECTION('',(0.836460159075181,0.548027738604465,0.));
#2782=DIRECTION('',(0.958536337773951,-0.284970330327392,0.));
#2783=DIRECTION('',(0.284970330327392,0.958536337773951,0.));
#2784=DIRECTION('',(0.,0.,1.));
#2785=DIRECTION('',(0.284970330327392,0.958536337773951,0.));
#2786=DIRECTION('',(0.794814918046561,-0.606851914432705,0.));
#2787=DIRECTION('',(0.606851914432705,0.794814918046561,0.));
#2788=DIRECTION('',(0.,0.,1.));
#2789=DIRECTION('',(0.606851914432705,0.794814918046561,0.));
#2790=DIRECTION('',(0.779325241508026,-0.626619635782711,0.));
#2791=DIRECTION('',(0.626619635782711,0.779325241508026,0.));
#2792=DIRECTION('',(0.,0.,1.));
#2793=DIRECTION('',(0.626619635782711,0.779325241508026,0.));
#2794=DIRECTION('',(0.78172499447082,-0.623623310195823,0.));
#2795=DIRECTION('',(0.623623310195823,0.78172499447082,0.));
#2796=DIRECTION('',(0.,0.,1.));
#2797=DIRECTION('',(0.623623310195823,0.78172499447082,0.));
#2798=DIRECTION('',(0.260909724565433,-0.965363203994844,0.));
#2799=DIRECTION('',(0.965363203994844,0.260909724565433,0.));
#2800=DIRECTION('',(0.,0.,1.));
#2801=DIRECTION('',(0.965363203994844,0.260909724565433,0.));
#2802=DIRECTION('',(0.756821660610187,-0.653621430211127,0.));
#2803=DIRECTION('',(0.653621430211127,0.756821660610187,0.));
#2804=DIRECTION('',(0.,0.,1.));
#2805=DIRECTION('',(0.653621430211127,0.756821660610187,0.));
#2806=DIRECTION('',(0.970142672694871,-0.242534934837132,0.));
#2807=DIRECTION('',(0.242534934837132,0.970142672694872,0.));
#2808=DIRECTION('',(0.,0.,1.));
#2809=DIRECTION('',(0.242534934837132,0.970142672694871,0.));
#2810=DIRECTION('',(0.875034188526081,-0.484061121048265,0.));
#2811=DIRECTION('',(0.484061121048265,0.875034188526081,0.));
#2812=DIRECTION('',(0.,0.,1.));
#2813=DIRECTION('',(0.484061121048265,0.875034188526081,0.));
#2814=DIRECTION('',(0.971520827957084,0.236954174568803,0.));
#2815=DIRECTION('',(-0.236954174568803,0.971520827957084,0.));
#2816=DIRECTION('',(0.,0.,1.));
#2817=DIRECTION('',(-0.236954174568803,0.971520827957084,0.));
#2818=DIRECTION('',(0.648945942550564,0.760834517912509,0.));
#2819=DIRECTION('',(-0.760834517912509,0.648945942550564,0.));
#2820=DIRECTION('',(0.,0.,1.));
#2821=DIRECTION('',(-0.760834517912509,0.648945942550564,0.));
#2822=DIRECTION('',(0.232573002889135,0.97257894195131,0.));
#2823=DIRECTION('',(-0.97257894195131,0.232573002889135,0.));
#2824=DIRECTION('',(0.,0.,1.));
#2825=DIRECTION('',(-0.97257894195131,0.232573002889135,0.));
#2826=DIRECTION('',(0.,1.,0.));
#2827=DIRECTION('',(0.,0.,1.));
#2828=DIRECTION('',(0.,0.,1.));
#2829=DIRECTION('',(-1.,0.,0.));
#2830=DIRECTION('',(-0.124034365324627,0.99227792287167,0.));
#2831=DIRECTION('',(-0.992277922871671,-0.124034365324627,0.));
#2832=DIRECTION('',(0.,0.,1.));
#2833=DIRECTION('',(-0.992277922871671,-0.124034365324627,0.));
#2834=DIRECTION('',(-0.351123338168957,0.936329216351326,0.));
#2835=DIRECTION('',(-0.936329216351326,-0.351123338168957,0.));
#2836=DIRECTION('',(0.,0.,1.));
#2837=DIRECTION('',(-0.936329216351326,-0.351123338168957,0.));
#2838=DIRECTION('',(-0.529999016827975,0.847998255989586,0.));
#2839=DIRECTION('',(-0.847998255989586,-0.529999016827975,0.));
#2840=DIRECTION('',(0.,0.,1.));
#2841=DIRECTION('',(-0.847998255989587,-0.529999016827975,0.));
#2842=DIRECTION('',(-0.658504768966437,0.752576553746169,0.));
#2843=DIRECTION('',(-0.752576553746169,-0.658504768966437,0.));
#2844=DIRECTION('',(0.,0.,1.));
#2845=DIRECTION('',(-0.752576553746169,-0.658504768966437,0.));
#2846=DIRECTION('',(-0.804710722991645,0.593667122470382,0.));
#2847=DIRECTION('',(-0.593667122470382,-0.804710722991645,0.));
#2848=DIRECTION('',(0.,0.,1.));
#2849=DIRECTION('',(-0.593667122470382,-0.804710722991645,0.));
#2850=DIRECTION('',(-0.783235192840811,0.621725528425219,0.));
#2851=DIRECTION('',(-0.621725528425219,-0.783235192840811,0.));
#2852=DIRECTION('',(-0.621725528425219,-0.783235192840811,0.));
#2853=DIRECTION('',(0.,0.,1.));
#2854=DIRECTION('',(1.,0.,0.));
#2855=DIRECTION('',(-1.10259301873861E-16,0.707106781186548,-0.707106781186548));
#2856=DIRECTION('',(-1.,-1.55930200087803E-16,0.));
#2857=DIRECTION('',(0.707106781186548,1.6355129777956E-16,-0.707106781186548));
#2858=DIRECTION('',(-2.31296463463574E-16,1.,0.));
#2859=DIRECTION('',(0.707106781186548,1.6355129777956E-16,0.707106781186548));
#2860=DIRECTION('',(2.31296463463574E-16,-1.,0.));
#2861=DIRECTION('',(-1.10259301873861E-16,0.707106781186548,0.707106781186548));
#2862=DIRECTION('',(1.,1.55930200087803E-16,0.));
#2863=DIRECTION('',(0.,0.,1.));
#2864=DIRECTION('',(1.,0.,0.));
#2865=DIRECTION('',(7.61818177922112E-16,-1.,0.));
#2866=DIRECTION('',(0.,0.,1.));
#2867=DIRECTION('',(1.,0.,0.));
#2868=DIRECTION('',(7.61818177922112E-16,-1.,0.));
#2869=DIRECTION('',(0.,0.,1.));
#2870=DIRECTION('',(1.,0.,0.));
#2871=DIRECTION('',(0.,0.,1.));
#2872=DIRECTION('',(1.,0.,0.));
#2873=DIRECTION('',(-2.53939392640704E-16,-1.,0.));
#2874=DIRECTION('',(0.,0.,-1.));
#2875=DIRECTION('',(1.,0.,0.));
#2876=DIRECTION('',(-2.53939392640704E-16,-1.,0.));
#2877=DIRECTION('',(0.,0.,-1.));
#2878=DIRECTION('',(1.,0.,0.));
#2879=DIRECTION('',(0.707106781186548,5.38686799639906E-16,-0.707106781186547));
#2880=DIRECTION('',(7.61818177922112E-16,-1.,0.));
#2881=DIRECTION('',(-0.707106781186548,0.,-0.707106781186548));
#2882=DIRECTION('',(0.707106781186548,0.,0.707106781186548));
#2883=DIRECTION('',(0.,0.,1.));
#2884=DIRECTION('',(1.,0.,0.));
#2885=DIRECTION('',(-0.707106781186548,0.,0.707106781186548));
#2886=DIRECTION('',(0.,0.,1.));
#2887=DIRECTION('',(1.,0.,0.));
#2888=DIRECTION('',(0.707106781186548,0.,-0.707106781186548));
#2889=DIRECTION('',(0.707106781186547,5.38686799639905E-16,0.707106781186548));
#2890=DIRECTION('',(-7.61818177922112E-16,1.,0.));
#2891=DIRECTION('',(0.707106781186547,-1.79562266546635E-16,-0.707106781186549));
#2892=DIRECTION('',(-2.53939392640704E-16,-1.,0.));
#2893=DIRECTION('',(-0.707106781186548,0.,-0.707106781186548));
#2894=DIRECTION('',(0.707106781186548,0.,0.707106781186548));
#2895=DIRECTION('',(0.,0.,1.));
#2896=DIRECTION('',(1.,0.,0.));
#2897=DIRECTION('',(-0.707106781186548,0.,0.707106781186548));
#2898=DIRECTION('',(0.,0.,1.));
#2899=DIRECTION('',(1.,0.,0.));
#2900=DIRECTION('',(0.707106781186548,0.,-0.707106781186548));
#2901=DIRECTION('',(0.707106781186549,-1.79562266546636E-16,0.707106781186547));
#2902=DIRECTION('',(2.53939392640704E-16,1.,0.));
#2903=CARTESIAN_POINT('',(0.,0.,0.));
#2904=CARTESIAN_POINT('',(5.86496725160715E-5,0.,0.016));
#2905=CARTESIAN_POINT('',(0.03668125,-0.0431225034624699,0.016));
#2906=CARTESIAN_POINT('',(0.04018125,-0.0431225034624699,0.016));
#2907=CARTESIAN_POINT('',(0.03318125,-0.0431225034624699,0.016));
#2908=CARTESIAN_POINT('',(0.03318125,0.01152749653753,0.016));
#2909=CARTESIAN_POINT('',(0.03318125,0.01152749653753,0.016));
#2910=CARTESIAN_POINT('',(0.03668125,0.01152749653753,0.016));
#2911=CARTESIAN_POINT('',(0.04018125,0.01152749653753,0.016));
#2912=CARTESIAN_POINT('',(0.04018125,3.05661262749809E-17,0.016));
#2913=CARTESIAN_POINT('',(-0.03668125,-0.04312250346247,0.016));
#2914=CARTESIAN_POINT('',(-0.03318125,-0.04312250346247,0.016));
#2915=CARTESIAN_POINT('',(-0.04018125,-0.04312250346247,0.016));
#2916=CARTESIAN_POINT('',(-0.04018125,0.01152749653753,0.016));
#2917=CARTESIAN_POINT('',(-0.04018125,0.01152749653753,0.016));
#2918=CARTESIAN_POINT('',(-0.03668125,0.01152749653753,0.016));
#2919=CARTESIAN_POINT('',(-0.03318125,0.01152749653753,0.016));
#2920=CARTESIAN_POINT('',(-0.03318125,8.44091993427666E-18,0.016));
#2921=CARTESIAN_POINT('',(0.0435,0.056,0.016));
#2922=CARTESIAN_POINT('',(0.0435,-0.056,0.016));
#2923=CARTESIAN_POINT('',(0.0435,0.056,0.016));
#2924=CARTESIAN_POINT('',(0.0435,0.056,0.016));
#2925=CARTESIAN_POINT('',(0.0434998714672621,0.0561198611012442,0.016));
#2926=CARTESIAN_POINT('',(0.0434958179973675,0.0563480423990449,0.016));
#2927=CARTESIAN_POINT('',(0.0434860909978104,0.0566033473805199,0.016));
#2928=CARTESIAN_POINT('',(0.043449489947913,0.0569287181502568,0.016));
#2929=CARTESIAN_POINT('',(0.0433875387790221,0.0572137936401898,0.016));
#2930=CARTESIAN_POINT('',(0.0432803810149482,0.0575464138057954,0.016));
#2931=CARTESIAN_POINT('',(0.0431046142005795,0.0579195962937644,0.016));
#2932=CARTESIAN_POINT('',(0.0428137623864761,0.0583132873626859,0.016));
#2933=CARTESIAN_POINT('',(0.0424177627503209,0.0586047570803348,0.016));
#2934=CARTESIAN_POINT('',(0.0420447149435434,0.0587803901358859,0.016));
#2935=CARTESIAN_POINT('',(0.0417115752209036,0.0588886006313247,0.016));
#2936=CARTESIAN_POINT('',(0.0414768045766939,0.0589380913517353,0.016));
#2937=CARTESIAN_POINT('',(0.0412765957221916,0.0589680571688635,0.016));
#2938=CARTESIAN_POINT('',(0.0411006839175013,0.0589848838303931,0.016));
#2939=CARTESIAN_POINT('',(0.0410091724666839,0.0589898221471954,0.016));
#2940=CARTESIAN_POINT('',(0.040813818520863,0.0589974599015229,0.016));
#2941=CARTESIAN_POINT('',(0.0406370736845829,0.0589996188368071,0.016));
#2942=CARTESIAN_POINT('',(0.0405,0.059,0.016));
#2943=CARTESIAN_POINT('',(0.0405,0.059,0.016));
#2944=CARTESIAN_POINT('',(-0.0405,0.059,0.016));
#2945=CARTESIAN_POINT('',(-0.0405,0.059,0.016));
#2946=CARTESIAN_POINT('',(-0.0405,0.059,0.016));
#2947=CARTESIAN_POINT('',(-0.0406198611012514,0.0589998714672621,0.016));
#2948=CARTESIAN_POINT('',(-0.0408480423990606,0.0589958179973675,0.016));
#2949=CARTESIAN_POINT('',(-0.0411033473805181,0.0589860909978121,0.016));
#2950=CARTESIAN_POINT('',(-0.0414287181502451,0.0589494899479139,0.016));
#2951=CARTESIAN_POINT('',(-0.0417137936401823,0.0588875387790192,0.016));
#2952=CARTESIAN_POINT('',(-0.0420464138058241,0.0587803810149345,0.016));
#2953=CARTESIAN_POINT('',(-0.0424195962938062,0.0586046142005631,0.016));
#2954=CARTESIAN_POINT('',(-0.0428132873626771,0.0583137623864986,0.016));
#2955=CARTESIAN_POINT('',(-0.0431047570803365,0.0579177627503119,0.016));
#2956=CARTESIAN_POINT('',(-0.0432803901358838,0.0575447149435417,0.016));
#2957=CARTESIAN_POINT('',(-0.043388600631327,0.0572115752208963,0.016));
#2958=CARTESIAN_POINT('',(-0.0434380913517264,0.0569768045767299,0.016));
#2959=CARTESIAN_POINT('',(-0.0434680571688568,0.0567765957222238,0.016));
#2960=CARTESIAN_POINT('',(-0.043484883830395,0.0566006839174816,0.016));
#2961=CARTESIAN_POINT('',(-0.0434898221471937,0.0565091724667371,0.016));
#2962=CARTESIAN_POINT('',(-0.0434974599015218,0.0563138185209235,0.016));
#2963=CARTESIAN_POINT('',(-0.0434996188368063,0.0561370736846197,0.016));
#2964=CARTESIAN_POINT('',(-0.0435,0.056,0.016));
#2965=CARTESIAN_POINT('',(-0.0435,0.056,0.016));
#2966=CARTESIAN_POINT('',(-0.0435,-1.00749616225017E-17,0.016));
#2967=CARTESIAN_POINT('',(-0.0435,-0.056,0.016));
#2968=CARTESIAN_POINT('',(-0.0435,-0.056,0.016));
#2969=CARTESIAN_POINT('',(-0.0434998714672622,-0.0561198611012442,0.016));
#2970=CARTESIAN_POINT('',(-0.0434958179973676,-0.0563480423990449,0.016));
#2971=CARTESIAN_POINT('',(-0.0434860909978104,-0.0566033473805199,0.016));
#2972=CARTESIAN_POINT('',(-0.043449489947913,-0.0569287181502568,0.016));
#2973=CARTESIAN_POINT('',(-0.0433875387790222,-0.0572137936401898,0.016));
#2974=CARTESIAN_POINT('',(-0.0432803810149482,-0.0575464138057954,0.016));
#2975=CARTESIAN_POINT('',(-0.0431046142005795,-0.0579195962937644,0.016));
#2976=CARTESIAN_POINT('',(-0.0428137623864762,-0.0583132873626859,0.016));
#2977=CARTESIAN_POINT('',(-0.0424177627503209,-0.0586047570803348,0.016));
#2978=CARTESIAN_POINT('',(-0.0420447149435434,-0.0587803901358859,0.016));
#2979=CARTESIAN_POINT('',(-0.0417115752209036,-0.0588886006313247,0.016));
#2980=CARTESIAN_POINT('',(-0.0414768045766939,-0.0589380913517353,0.016));
#2981=CARTESIAN_POINT('',(-0.0412765957221916,-0.0589680571688635,0.016));
#2982=CARTESIAN_POINT('',(-0.0411006839175013,-0.0589848838303931,0.016));
#2983=CARTESIAN_POINT('',(-0.0410091724666839,-0.0589898221471954,0.016));
#2984=CARTESIAN_POINT('',(-0.040813818520863,-0.0589974599015229,0.016));
#2985=CARTESIAN_POINT('',(-0.0406370736845829,-0.0589996188368071,0.016));
#2986=CARTESIAN_POINT('',(-0.0405,-0.059,0.016));
#2987=CARTESIAN_POINT('',(-0.0405,-0.059,0.016));
#2988=CARTESIAN_POINT('',(5.86496725160807E-5,-0.059,0.016));
#2989=CARTESIAN_POINT('',(0.0405,-0.059,0.016));
#2990=CARTESIAN_POINT('',(0.0405,-0.059,0.016));
#2991=CARTESIAN_POINT('',(0.0406198611012514,-0.0589998714672621,0.016));
#2992=CARTESIAN_POINT('',(0.0408480423990606,-0.0589958179973675,0.016));
#2993=CARTESIAN_POINT('',(0.0411033473805181,-0.0589860909978121,0.016));
#2994=CARTESIAN_POINT('',(0.0414287181502451,-0.0589494899479139,0.016));
#2995=CARTESIAN_POINT('',(0.0417137936401823,-0.0588875387790192,0.016));
#2996=CARTESIAN_POINT('',(0.042046413805824,-0.0587803810149345,0.016));
#2997=CARTESIAN_POINT('',(0.0424195962938061,-0.0586046142005631,0.016));
#2998=CARTESIAN_POINT('',(0.0428132873626771,-0.0583137623864986,0.016));
#2999=CARTESIAN_POINT('',(0.0431047570803365,-0.0579177627503119,0.016));
#3000=CARTESIAN_POINT('',(0.0432803901358838,-0.0575447149435417,0.016));
#3001=CARTESIAN_POINT('',(0.043388600631327,-0.0572115752208963,0.016));
#3002=CARTESIAN_POINT('',(0.0434380913517264,-0.0569768045767299,0.016));
#3003=CARTESIAN_POINT('',(0.0434680571688568,-0.0567765957222238,0.016));
#3004=CARTESIAN_POINT('',(0.043484883830395,-0.0566006839174816,0.016));
#3005=CARTESIAN_POINT('',(0.0434898221471937,-0.0565091724667371,0.016));
#3006=CARTESIAN_POINT('',(0.0434974599015218,-0.0563138185209235,0.016));
#3007=CARTESIAN_POINT('',(0.0434996188368063,-0.0561370736846197,0.016));
#3008=CARTESIAN_POINT('',(0.0435,-0.056,0.016));
#3009=CARTESIAN_POINT('',(-0.0288625,-0.04562250346247,0.016));
#3010=CARTESIAN_POINT('',(0.0297875,-0.04562250346247,0.016));
#3011=CARTESIAN_POINT('',(-0.0298625,-0.04562250346247,0.016));
#3012=CARTESIAN_POINT('',(-0.0298625,0.01302749653753,0.016));
#3013=CARTESIAN_POINT('',(-0.0298625,0.01402749653753,0.016));
#3014=CARTESIAN_POINT('',(5.86496725160732E-5,0.01402749653753,0.016));
#3015=CARTESIAN_POINT('',(0.0297875,0.01402749653753,0.016));
#3016=CARTESIAN_POINT('',(0.0297875,-8.94559142704027E-18,0.016));
#3017=CARTESIAN_POINT('',(0.01885625,0.02454124653753,0.016));
#3018=CARTESIAN_POINT('',(0.02423125,0.02454124653753,0.016));
#3019=CARTESIAN_POINT('',(-0.0279208350479603,0.0320908579528331,0.016));
#3020=CARTESIAN_POINT('',(-0.0309208350479603,0.0320908579528332,0.016));
#3021=CARTESIAN_POINT('',(-0.0279208350479603,0.0350908579528332,0.016));
#3022=CARTESIAN_POINT('',(-0.0101176348030567,0.0350908579528332,0.016));
#3023=CARTESIAN_POINT('',(-0.0101176348030567,0.0350908579528332,0.016));
#3024=CARTESIAN_POINT('',(-0.0101176348030567,0.0320908579528332,0.016));
#3025=CARTESIAN_POINT('',(-0.00711763480305672,0.0320908579528332,0.016));
#3026=CARTESIAN_POINT('',(-0.00711763480305672,0.,0.016));
#3027=CARTESIAN_POINT('',(-0.00711763480305672,0.0174865840449929,0.016));
#3028=CARTESIAN_POINT('',(-0.0101176348030567,0.0174865840449929,0.016));
#3029=CARTESIAN_POINT('',(-0.0101176348030567,0.0144865840449929,0.016));
#3030=CARTESIAN_POINT('',(5.86496725160715E-5,0.0144865840449929,0.016));
#3031=CARTESIAN_POINT('',(-0.0279208350479603,0.0144865840449929,0.016));
#3032=CARTESIAN_POINT('',(-0.0279208350479603,0.0174865840449929,0.016));
#3033=CARTESIAN_POINT('',(-0.0309208350479603,0.0174865840449929,0.016));
#3034=CARTESIAN_POINT('',(-0.0309208350479603,0.0320908579528332,0.016));
#3035=CARTESIAN_POINT('',(0.01681875,0.03754374653753,0.016));
#3036=CARTESIAN_POINT('',(0.01681875,0.03554374653753,0.016));
#3037=CARTESIAN_POINT('',(0.01881875,0.03754374653753,0.016));
#3038=CARTESIAN_POINT('',(0.00591875,0.03554374653753,0.016));
#3039=CARTESIAN_POINT('',(-0.00498125,0.03554374653753,0.016));
#3040=CARTESIAN_POINT('',(-0.00498125,0.03754374653753,0.016));
#3041=CARTESIAN_POINT('',(-0.00698125,0.03754374653753,0.016));
#3042=CARTESIAN_POINT('',(-0.00698125,0.04119374653753,0.016));
#3043=CARTESIAN_POINT('',(-0.00698125,0.04484374653753,0.016));
#3044=CARTESIAN_POINT('',(-0.00498125,0.04484374653753,0.016));
#3045=CARTESIAN_POINT('',(-0.00498125,0.04684374653753,0.016));
#3046=CARTESIAN_POINT('',(0.00591875,0.04684374653753,0.016));
#3047=CARTESIAN_POINT('',(0.01681875,0.04684374653753,0.016));
#3048=CARTESIAN_POINT('',(0.01681875,0.04484374653753,0.016));
#3049=CARTESIAN_POINT('',(0.01881875,0.04484374653753,0.016));
#3050=CARTESIAN_POINT('',(0.01881875,0.04119374653753,0.016));
#3051=CARTESIAN_POINT('',(-0.0254656536753084,0.0388362774612441,0.016));
#3052=CARTESIAN_POINT('',(-0.0254656536753084,0.0388815276202307,0.016));
#3053=CARTESIAN_POINT('',(-0.0254656536753084,0.0387910273022576,0.016));
#3054=CARTESIAN_POINT('',(-0.0255561539932815,0.0387910273022576,0.016));
#3055=CARTESIAN_POINT('',(-0.0321626772053235,0.0387910273022576,0.016));
#3056=CARTESIAN_POINT('',(-0.0322560056496821,0.0387995116814139,0.016));
#3057=CARTESIAN_POINT('',(-0.0323493340940407,0.0388079960605702,0.016));
#3058=CARTESIAN_POINT('',(-0.032425693711677,0.038833449266449,0.016));
#3059=CARTESIAN_POINT('',(-0.0325020533293132,0.0388589024723277,0.016));
#3060=CARTESIAN_POINT('',(-0.0325614441886368,0.0389013245049288,0.016));
#3061=CARTESIAN_POINT('',(-0.0326208350479603,0.03894374653753,0.016));
#3062=CARTESIAN_POINT('',(-0.0326632570805614,0.0390031373968536,0.016));
#3063=CARTESIAN_POINT('',(-0.0327056791131626,0.0390625282561771,0.016));
#3064=CARTESIAN_POINT('',(-0.0335611899101247,0.0401414617216867,0.016));
#3065=CARTESIAN_POINT('',(-0.0344167007070868,0.0412203951871965,0.016));
#3066=CARTESIAN_POINT('',(-0.0370086864406715,0.0444317424462564,0.016));
#3067=CARTESIAN_POINT('',(-0.0378726816851997,0.0455021915326097,0.016));
#3068=CARTESIAN_POINT('',(-0.0387281924821619,0.0465811249981193,0.016));
#3069=CARTESIAN_POINT('',(-0.039583703279124,0.047660058463629,0.016));
#3070=CARTESIAN_POINT('',(-0.0396459222648331,0.0477731838610954,0.016));
#3071=CARTESIAN_POINT('',(-0.039708141250542,0.0478863092585619,0.016));
#3072=CARTESIAN_POINT('',(-0.0397286452181438,0.047938629767717,0.016));
#3073=CARTESIAN_POINT('',(-0.0397491491857456,0.047990950276872,0.016));
#3074=CARTESIAN_POINT('',(-0.039756926550408,0.0480517551651834,0.016));
#3075=CARTESIAN_POINT('',(-0.0397647039150704,0.0481125600534949,0.016));
#3076=CARTESIAN_POINT('',(-0.0397647039150704,0.052275574680261,0.016));
#3077=CARTESIAN_POINT('',(-0.0397647039150704,0.0564385893070272,0.016));
#3078=CARTESIAN_POINT('',(-0.0397590476622995,0.0565008082927362,0.016));
#3079=CARTESIAN_POINT('',(-0.0397533914095286,0.0565630272784452,0.016));
#3080=CARTESIAN_POINT('',(-0.0397399577236856,0.0565835312460469,0.016));
#3081=CARTESIAN_POINT('',(-0.0397265240378425,0.0566040352136487,0.016));
#3082=CARTESIAN_POINT('',(-0.0397003638174699,0.0566118125783111,0.016));
#3083=CARTESIAN_POINT('',(-0.0396742035970972,0.0566195899429735,0.016));
#3084=CARTESIAN_POINT('',(-0.0396289534381106,0.0566195899429735,0.016));
#3085=CARTESIAN_POINT('',(-0.039583703279124,0.0566195899429735,0.016));
#3086=CARTESIAN_POINT('',(-0.036059847130941,0.0522076994417811,0.016));
#3087=CARTESIAN_POINT('',(-0.032535990982758,0.0477958089405887,0.016));
#3088=CARTESIAN_POINT('',(-0.0307846684681241,0.0455898636557877,0.016));
#3089=CARTESIAN_POINT('',(-0.0290333459534901,0.0433839183709866,0.016));
#3090=CARTESIAN_POINT('',(-0.0272947499733859,0.0411779731545953,0.016));
#3091=CARTESIAN_POINT('',(-0.0255561539932815,0.0389720279382039,0.016));
#3092=CARTESIAN_POINT('',(-0.0255504977405107,0.0389494028587106,0.016));
#3093=CARTESIAN_POINT('',(-0.0255448414877398,0.0389267777792173,0.016));
#3094=CARTESIAN_POINT('',(-0.0255314078018967,0.0389112230498926,0.016));
#3095=CARTESIAN_POINT('',(-0.0255179741160537,0.0388956683205677,0.016));
#3096=CARTESIAN_POINT('',(-0.025491813895681,0.0388885979703993,0.016));
#3097=CARTESIAN_POINT('',(-0.0181577529989743,0.0477618712871439,0.016));
#3098=CARTESIAN_POINT('',(-0.0180898777604944,0.0478636841106589,0.016));
#3099=CARTESIAN_POINT('',(-0.0182256282374542,0.047660058463629,0.016));
#3100=CARTESIAN_POINT('',(-0.0187233799863066,0.0470435250645391,0.016));
#3101=CARTESIAN_POINT('',(-0.0192211317351592,0.0464269916654493,0.016));
#3102=CARTESIAN_POINT('',(-0.0194742498333684,0.0461081194406516,0.016));
#3103=CARTESIAN_POINT('',(-0.0197273679315777,0.045789247215854,0.016));
#3104=CARTESIAN_POINT('',(-0.0199720015822209,0.045457648388117,0.016));
#3105=CARTESIAN_POINT('',(-0.0202166352328641,0.04512604956038,0.016));
#3106=CARTESIAN_POINT('',(-0.0202845104713439,0.0450666587010564,0.016));
#3107=CARTESIAN_POINT('',(-0.0203523857098238,0.0450072678417329,0.016));
#3108=CARTESIAN_POINT('',(-0.0204202609483038,0.0449648458091318,0.016));
#3109=CARTESIAN_POINT('',(-0.0204881361867837,0.0449224237765306,0.016));
#3110=CARTESIAN_POINT('',(-0.0205560114252635,0.0448969705706519,0.016));
#3111=CARTESIAN_POINT('',(-0.0206238866637434,0.0448715173647731,0.016));
#3112=CARTESIAN_POINT('',(-0.0206917619022233,0.0448630329856168,0.016));
#3113=CARTESIAN_POINT('',(-0.0207596371407031,0.0448545486064605,0.016));
#3114=CARTESIAN_POINT('',(-0.0272304098757854,0.0448545486064605,0.016));
#3115=CARTESIAN_POINT('',(-0.0272756600347719,0.0448545486064605,0.016));
#3116=CARTESIAN_POINT('',(-0.0273081835908192,0.0448623259711229,0.016));
#3117=CARTESIAN_POINT('',(-0.0273407071468664,0.0448701033357853,0.016));
#3118=CARTESIAN_POINT('',(-0.0273647463237572,0.0448906073033871,0.016));
#3119=CARTESIAN_POINT('',(-0.0273887855006481,0.0449111112709888,0.016));
#3120=CARTESIAN_POINT('',(-0.0273958557824068,0.0449400996861567,0.016));
#3121=CARTESIAN_POINT('',(-0.0274029260641656,0.0449690881013245,0.016));
#3122=CARTESIAN_POINT('',(-0.0273845432084554,0.0450023186718657,0.016));
#3123=CARTESIAN_POINT('',(-0.0273661603527451,0.0450355492424068,0.016));
#3124=CARTESIAN_POINT('',(-0.0273605040999742,0.0450581743219001,0.016));
#3125=CARTESIAN_POINT('',(-0.0273548478472033,0.0450807994013934,0.016));
#3126=CARTESIAN_POINT('',(-0.0273414141613603,0.0450963541307182,0.016));
#3127=CARTESIAN_POINT('',(-0.0273279804755172,0.045111908860043,0.016));
#3128=CARTESIAN_POINT('',(-0.0273018202551446,0.0451189792102115,0.016));
#3129=CARTESIAN_POINT('',(-0.0272756600347719,0.04512604956038,0.016));
#3130=CARTESIAN_POINT('',(-0.0240628987467242,0.0491533137101864,0.016));
#3131=CARTESIAN_POINT('',(-0.0208501374586764,0.0531805778599928,0.016));
#3132=CARTESIAN_POINT('',(-0.0201770413266484,0.0540177058012447,0.016));
#3133=CARTESIAN_POINT('',(-0.0195039451946204,0.0548548337424966,0.016));
#3134=CARTESIAN_POINT('',(-0.0188647867160374,0.0556919616837485,0.016));
#3135=CARTESIAN_POINT('',(-0.0182256282374542,0.0565290896250003,0.016));
#3136=CARTESIAN_POINT('',(-0.0182178508727918,0.056555249845373,0.016));
#3137=CARTESIAN_POINT('',(-0.0182100735081294,0.0565814100657457,0.016));
#3138=CARTESIAN_POINT('',(-0.0181895695405276,0.0565948437515887,0.016));
#3139=CARTESIAN_POINT('',(-0.0181690655729258,0.0566082774374317,0.016));
#3140=CARTESIAN_POINT('',(-0.0181068465872168,0.0566139336902026,0.016));
#3141=CARTESIAN_POINT('',(-0.0180446276015079,0.0566195899429735,0.016));
#3142=CARTESIAN_POINT('',(-0.0179993774425212,0.0566195899429735,0.016));
#3143=CARTESIAN_POINT('',(-0.0179541272835346,0.0566195899429735,0.016));
#3144=CARTESIAN_POINT('',(-0.0179541272835346,0.0523208248392476,0.016));
#3145=CARTESIAN_POINT('',(-0.0179541272835346,0.048203060371468,0.016));
#3146=CARTESIAN_POINT('',(-0.0180220025220146,0.0480333722410635,0.016));
#3147=CARTESIAN_POINT('',(5.86496725160715E-5,0.,0.00934));
#3148=CARTESIAN_POINT('',(0.0395138021878497,0.0551102723327891,0.00934));
#3149=CARTESIAN_POINT('',(0.0416138021878497,0.0551102723327891,0.00934));
#3150=CARTESIAN_POINT('',(-0.0395,0.055,0.00934));
#3151=CARTESIAN_POINT('',(-0.0374,0.055,0.00934));
#3152=CARTESIAN_POINT('',(0.0287875,-0.01579750346247,0.00934));
#3153=CARTESIAN_POINT('',(0.0287875,-0.04462250346247,0.00934));
#3154=CARTESIAN_POINT('',(0.0287875,0.01302749653753,0.00934));
#3155=CARTESIAN_POINT('',(-3.74999999999854E-5,0.01302749653753,0.00934));
#3156=CARTESIAN_POINT('',(-0.0288625,0.01302749653753,0.00934));
#3157=CARTESIAN_POINT('',(-0.0288625,-0.01579750346247,0.00934));
#3158=CARTESIAN_POINT('',(-0.0288625,-0.04462250346247,0.00934));
#3159=CARTESIAN_POINT('',(-3.75000000000063E-5,-0.04462250346247,0.00934));
#3160=CARTESIAN_POINT('',(0.01885625,0.02454124653753,0.00934));
#3161=CARTESIAN_POINT('',(0.02323125,0.02454124653753,0.00934));
#3162=CARTESIAN_POINT('',(0.01681875,0.03754374653753,0.00934));
#3163=CARTESIAN_POINT('',(0.01681875,0.03554374653753,0.00934));
#3164=CARTESIAN_POINT('',(0.01881875,0.03754374653753,0.00934));
#3165=CARTESIAN_POINT('',(0.01881875,0.04119374653753,0.00934));
#3166=CARTESIAN_POINT('',(0.01881875,0.04484374653753,0.00934));
#3167=CARTESIAN_POINT('',(0.01681875,0.04484374653753,0.00934));
#3168=CARTESIAN_POINT('',(0.01681875,0.04684374653753,0.00934));
#3169=CARTESIAN_POINT('',(0.00591875,0.04684374653753,0.00934));
#3170=CARTESIAN_POINT('',(-0.00498125,0.04684374653753,0.00934));
#3171=CARTESIAN_POINT('',(-0.00498125,0.04484374653753,0.00934));
#3172=CARTESIAN_POINT('',(-0.00698125,0.04484374653753,0.00934));
#3173=CARTESIAN_POINT('',(-0.00698125,0.04119374653753,0.00934));
#3174=CARTESIAN_POINT('',(-0.00698125,0.03754374653753,0.00934));
#3175=CARTESIAN_POINT('',(-0.00498125,0.03754374653753,0.00934));
#3176=CARTESIAN_POINT('',(-0.00498125,0.03554374653753,0.00934));
#3177=CARTESIAN_POINT('',(0.00591875,0.03554374653753,0.00934));
#3178=CARTESIAN_POINT('',(-0.0279208350479603,0.0320908579528331,0.00934));
#3179=CARTESIAN_POINT('',(-0.0279208350479603,0.0340908579528332,0.00934));
#3180=CARTESIAN_POINT('',(-0.0299208350479603,0.0320908579528332,0.00934));
#3181=CARTESIAN_POINT('',(-0.0299208350479603,0.024788720998913,0.00934));
#3182=CARTESIAN_POINT('',(-0.0299208350479603,0.0174865840449929,0.00934));
#3183=CARTESIAN_POINT('',(-0.0279208350479603,0.0174865840449929,0.00934));
#3184=CARTESIAN_POINT('',(-0.0279208350479603,0.0154865840449929,0.00934));
#3185=CARTESIAN_POINT('',(-0.0190192349255085,0.0154865840449929,0.00934));
#3186=CARTESIAN_POINT('',(-0.0101176348030567,0.0154865840449929,0.00934));
#3187=CARTESIAN_POINT('',(-0.0101176348030567,0.0174865840449929,0.00934));
#3188=CARTESIAN_POINT('',(-0.00811763480305672,0.0174865840449929,0.00934));
#3189=CARTESIAN_POINT('',(-0.00811763480305672,0.024788720998913,0.00934));
#3190=CARTESIAN_POINT('',(-0.00811763480305672,0.0320908579528332,0.00934));
#3191=CARTESIAN_POINT('',(-0.0101176348030567,0.0320908579528332,0.00934));
#3192=CARTESIAN_POINT('',(-0.0101176348030567,0.0340908579528332,0.00934));
#3193=CARTESIAN_POINT('',(-0.0190192349255085,0.0340908579528332,0.00934));
#3194=CARTESIAN_POINT('',(0.0445,0.056,0.00934));
#3195=CARTESIAN_POINT('',(0.0445,0.0561697844731542,0.00934));
#3196=CARTESIAN_POINT('',(0.0444939600289841,0.0564820212068907,0.00934));
#3197=CARTESIAN_POINT('',(0.0444741177667052,0.0567794777215077,0.00934));
#3198=CARTESIAN_POINT('',(0.0444458148455215,0.0570058552596925,0.00934));
#3199=CARTESIAN_POINT('',(0.0443965206005783,0.0572904112552797,0.00934));
#3200=CARTESIAN_POINT('',(0.0442849030456029,0.0577345707195853,0.00934));
#3201=CARTESIAN_POINT('',(0.0440057092986735,0.0583995738139305,0.00934));
#3202=CARTESIAN_POINT('',(0.0435179067498179,0.0590313485018723,0.00934));
#3203=CARTESIAN_POINT('',(0.0428864245207698,0.0595098865004845,0.00934));
#3204=CARTESIAN_POINT('',(0.0422525106535547,0.0597803115672456,0.00934));
#3205=CARTESIAN_POINT('',(0.0417168455707932,0.059914643162789,0.00934));
#3206=CARTESIAN_POINT('',(0.0413734224354957,0.0599650008530117,0.00934));
#3207=CARTESIAN_POINT('',(0.0411265070869049,0.0599857143847589,0.00934));
#3208=CARTESIAN_POINT('',(0.0409046884591958,0.0599961112058901,0.00934));
#3209=CARTESIAN_POINT('',(0.0406730483560791,0.06,0.00934));
#3210=CARTESIAN_POINT('',(0.0405,0.06,0.00934));
#3211=CARTESIAN_POINT('',(0.0445,0.056,0.00934));
#3212=CARTESIAN_POINT('',(0.0405,0.06,0.00934));
#3213=CARTESIAN_POINT('',(0.0445,6.93889390390723E-18,0.00934));
#3214=CARTESIAN_POINT('',(0.0445,-0.056,0.00934));
#3215=CARTESIAN_POINT('',(0.0405,-0.06,0.00934));
#3216=CARTESIAN_POINT('',(0.040669784473165,-0.06,0.00934));
#3217=CARTESIAN_POINT('',(0.0409820212069138,-0.059993960028984,0.00934));
#3218=CARTESIAN_POINT('',(0.0412794777215217,-0.0599741177667055,0.00934));
#3219=CARTESIAN_POINT('',(0.0415058552596868,-0.059945814845521,0.00934));
#3220=CARTESIAN_POINT('',(0.0417904112552667,-0.0598965206005764,0.00934));
#3221=CARTESIAN_POINT('',(0.0422345707195773,-0.0597849030456001,0.00934));
#3222=CARTESIAN_POINT('',(0.0428995738139366,-0.0595057092986879,0.00934));
#3223=CARTESIAN_POINT('',(0.0435313485018734,-0.0590179067498321,0.00934));
#3224=CARTESIAN_POINT('',(0.044009886500487,-0.0583864245207555,0.00934));
#3225=CARTESIAN_POINT('',(0.0442803115672541,-0.0577525106535188,0.00934));
#3226=CARTESIAN_POINT('',(0.0444146431627808,-0.0572168455708299,0.00934));
#3227=CARTESIAN_POINT('',(0.0444650008530046,-0.0568734224355146,0.00934));
#3228=CARTESIAN_POINT('',(0.0444857143847601,-0.0566265070869173,0.00934));
#3229=CARTESIAN_POINT('',(0.0444961112058894,-0.0564046884592595,0.00934));
#3230=CARTESIAN_POINT('',(0.0445,-0.0561730483561139,0.00934));
#3231=CARTESIAN_POINT('',(0.0445,-0.056,0.00934));
#3232=CARTESIAN_POINT('',(0.0405,-0.06,0.00934));
#3233=CARTESIAN_POINT('',(1.38777878078145E-17,-0.06,0.00934));
#3234=CARTESIAN_POINT('',(-0.0405,-0.06,0.00934));
#3235=CARTESIAN_POINT('',(-0.0445,-0.056,0.00934));
#3236=CARTESIAN_POINT('',(-0.0445,-0.0561697844731542,0.00934));
#3237=CARTESIAN_POINT('',(-0.0444939600289841,-0.0564820212068907,0.00934));
#3238=CARTESIAN_POINT('',(-0.0444741177667052,-0.0567794777215077,0.00934));
#3239=CARTESIAN_POINT('',(-0.0444458148455215,-0.0570058552596925,0.00934));
#3240=CARTESIAN_POINT('',(-0.0443965206005783,-0.0572904112552797,0.00934));
#3241=CARTESIAN_POINT('',(-0.0442849030456029,-0.0577345707195853,0.00934));
#3242=CARTESIAN_POINT('',(-0.0440057092986735,-0.0583995738139305,0.00934));
#3243=CARTESIAN_POINT('',(-0.0435179067498178,-0.0590313485018723,0.00934));
#3244=CARTESIAN_POINT('',(-0.0428864245207698,-0.0595098865004845,0.00934));
#3245=CARTESIAN_POINT('',(-0.0422525106535547,-0.0597803115672456,0.00934));
#3246=CARTESIAN_POINT('',(-0.0417168455707932,-0.059914643162789,0.00934));
#3247=CARTESIAN_POINT('',(-0.0413734224354957,-0.0599650008530117,0.00934));
#3248=CARTESIAN_POINT('',(-0.041126507086905,-0.0599857143847589,0.00934));
#3249=CARTESIAN_POINT('',(-0.0409046884591958,-0.0599961112058901,0.00934));
#3250=CARTESIAN_POINT('',(-0.0406730483560792,-0.06,0.00934));
#3251=CARTESIAN_POINT('',(-0.0405,-0.06,0.00934));
#3252=CARTESIAN_POINT('',(-0.0445,-0.056,0.00934));
#3253=CARTESIAN_POINT('',(-0.0445,-6.93889390390723E-18,0.00934));
#3254=CARTESIAN_POINT('',(-0.0445,0.056,0.00934));
#3255=CARTESIAN_POINT('',(-0.0405,0.06,0.00934));
#3256=CARTESIAN_POINT('',(-0.040669784473165,0.06,0.00934));
#3257=CARTESIAN_POINT('',(-0.0409820212069138,0.059993960028984,0.00934));
#3258=CARTESIAN_POINT('',(-0.0412794777215218,0.0599741177667055,0.00934));
#3259=CARTESIAN_POINT('',(-0.0415058552596868,0.059945814845521,0.00934));
#3260=CARTESIAN_POINT('',(-0.0417904112552667,0.0598965206005764,0.00934));
#3261=CARTESIAN_POINT('',(-0.0422345707195773,0.0597849030456001,0.00934));
#3262=CARTESIAN_POINT('',(-0.0428995738139366,0.0595057092986879,0.00934));
#3263=CARTESIAN_POINT('',(-0.0435313485018734,0.0590179067498321,0.00934));
#3264=CARTESIAN_POINT('',(-0.044009886500487,0.0583864245207555,0.00934));
#3265=CARTESIAN_POINT('',(-0.0442803115672541,0.0577525106535188,0.00934));
#3266=CARTESIAN_POINT('',(-0.0444146431627808,0.0572168455708299,0.00934));
#3267=CARTESIAN_POINT('',(-0.0444650008530046,0.0568734224355146,0.00934));
#3268=CARTESIAN_POINT('',(-0.0444857143847602,0.0566265070869173,0.00934));
#3269=CARTESIAN_POINT('',(-0.0444961112058894,0.0564046884592595,0.00934));
#3270=CARTESIAN_POINT('',(-0.0445,0.0561730483561139,0.00934));
#3271=CARTESIAN_POINT('',(-0.0445,0.056,0.00934));
#3272=CARTESIAN_POINT('',(-0.0405,0.06,0.00934));
#3273=CARTESIAN_POINT('',(-1.38777878078145E-17,0.06,0.00934));
#3274=CARTESIAN_POINT('',(0.0398208354565997,-0.0548892991689757,0.00934));
#3275=CARTESIAN_POINT('',(0.0419208354565997,-0.0548892991689757,0.00934));
#3276=CARTESIAN_POINT('',(-0.0391923511444356,-0.0552201153082249,0.00934));
#3277=CARTESIAN_POINT('',(-0.0370923511444356,-0.0552201153082249,0.00934));
#3278=CARTESIAN_POINT('',(0.0445,0.056,0.015));
#3279=CARTESIAN_POINT('',(0.0445,0.056,0.00934));
#3280=CARTESIAN_POINT('',(0.0445,0.0561697844731542,0.015));
#3281=CARTESIAN_POINT('',(0.0445,0.0561697844731542,0.00934));
#3282=CARTESIAN_POINT('',(0.0444939600289841,0.0564820212068907,0.015));
#3283=CARTESIAN_POINT('',(0.0444939600289841,0.0564820212068907,0.00933999999999999));
#3284=CARTESIAN_POINT('',(0.0444741177667052,0.0567794777215077,0.015));
#3285=CARTESIAN_POINT('',(0.0444741177667052,0.0567794777215077,0.00933999999999999));
#3286=CARTESIAN_POINT('',(0.0444458148455215,0.0570058552596925,0.015));
#3287=CARTESIAN_POINT('',(0.0444458148455215,0.0570058552596925,0.00934));
#3288=CARTESIAN_POINT('',(0.0443965206005783,0.0572904112552797,0.015));
#3289=CARTESIAN_POINT('',(0.0443965206005783,0.0572904112552797,0.00934));
#3290=CARTESIAN_POINT('',(0.0442849030456029,0.0577345707195853,0.015));
#3291=CARTESIAN_POINT('',(0.0442849030456029,0.0577345707195853,0.00934));
#3292=CARTESIAN_POINT('',(0.0440057092986735,0.0583995738139305,0.015));
#3293=CARTESIAN_POINT('',(0.0440057092986735,0.0583995738139305,0.00934));
#3294=CARTESIAN_POINT('',(0.0435179067498178,0.0590313485018723,0.015));
#3295=CARTESIAN_POINT('',(0.0435179067498178,0.0590313485018723,0.00934));
#3296=CARTESIAN_POINT('',(0.0428864245207698,0.0595098865004845,0.015));
#3297=CARTESIAN_POINT('',(0.0428864245207698,0.0595098865004845,0.00934));
#3298=CARTESIAN_POINT('',(0.0422525106535546,0.0597803115672456,0.015));
#3299=CARTESIAN_POINT('',(0.0422525106535546,0.0597803115672456,0.00934));
#3300=CARTESIAN_POINT('',(0.0417168455707932,0.059914643162789,0.015));
#3301=CARTESIAN_POINT('',(0.0417168455707932,0.059914643162789,0.00934));
#3302=CARTESIAN_POINT('',(0.0413734224354957,0.0599650008530117,0.015));
#3303=CARTESIAN_POINT('',(0.0413734224354957,0.0599650008530117,0.00934));
#3304=CARTESIAN_POINT('',(0.041126507086905,0.0599857143847589,0.015));
#3305=CARTESIAN_POINT('',(0.041126507086905,0.0599857143847589,0.00934000000000001));
#3306=CARTESIAN_POINT('',(0.0409046884591958,0.0599961112058901,0.015));
#3307=CARTESIAN_POINT('',(0.0409046884591958,0.0599961112058901,0.00933999999999999));
#3308=CARTESIAN_POINT('',(0.0406730483560792,0.06,0.015));
#3309=CARTESIAN_POINT('',(0.0406730483560792,0.06,0.00934));
#3310=CARTESIAN_POINT('',(0.0405,0.06,0.015));
#3311=CARTESIAN_POINT('',(0.0405,0.06,0.00934));
#3312=CARTESIAN_POINT('',(0.0405,0.06,0.016));
#3313=CARTESIAN_POINT('',(0.0405,0.06,0.015));
#3314=CARTESIAN_POINT('',(0.0405,0.06,0.015));
#3315=CARTESIAN_POINT('',(0.0406730483560792,0.06,0.015));
#3316=CARTESIAN_POINT('',(0.0409046884591958,0.0599961112058902,0.015));
#3317=CARTESIAN_POINT('',(0.041126507086905,0.0599857143847589,0.015));
#3318=CARTESIAN_POINT('',(0.0413734224354957,0.0599650008530117,0.015));
#3319=CARTESIAN_POINT('',(0.0417168455707932,0.059914643162789,0.015));
#3320=CARTESIAN_POINT('',(0.0422525106535546,0.0597803115672456,0.015));
#3321=CARTESIAN_POINT('',(0.0428864245207698,0.0595098865004845,0.015));
#3322=CARTESIAN_POINT('',(0.0435179067498178,0.0590313485018723,0.015));
#3323=CARTESIAN_POINT('',(0.0440057092986735,0.0583995738139305,0.015));
#3324=CARTESIAN_POINT('',(0.0442849030456028,0.0577345707195853,0.015));
#3325=CARTESIAN_POINT('',(0.0443965206005783,0.0572904112552797,0.015));
#3326=CARTESIAN_POINT('',(0.0444458148455215,0.0570058552596925,0.015));
#3327=CARTESIAN_POINT('',(0.0444741177667052,0.0567794777215077,0.015));
#3328=CARTESIAN_POINT('',(0.0444939600289841,0.0564820212068907,0.015));
#3329=CARTESIAN_POINT('',(0.0445,0.0561697844731542,0.015));
#3330=CARTESIAN_POINT('',(0.0445,0.056,0.015));
#3331=CARTESIAN_POINT('',(0.0445,0.056,0.015));
#3332=CARTESIAN_POINT('',(0.0445,0.056,0.016));
#3333=CARTESIAN_POINT('',(-1.38777878078145E-17,0.06,0.016));
#3334=CARTESIAN_POINT('',(-0.0405,0.06,0.016));
#3335=CARTESIAN_POINT('',(-0.0405,0.06,0.015));
#3336=CARTESIAN_POINT('',(0.0405,0.06,0.015));
#3337=CARTESIAN_POINT('',(-0.0405,0.06,0.015));
#3338=CARTESIAN_POINT('',(-0.0405,0.06,0.00934));
#3339=CARTESIAN_POINT('',(-0.040669784473165,0.06,0.015));
#3340=CARTESIAN_POINT('',(-0.040669784473165,0.06,0.00934));
#3341=CARTESIAN_POINT('',(-0.0409820212069138,0.059993960028984,0.015));
#3342=CARTESIAN_POINT('',(-0.0409820212069138,0.059993960028984,0.00933999999999999));
#3343=CARTESIAN_POINT('',(-0.0412794777215218,0.0599741177667055,0.015));
#3344=CARTESIAN_POINT('',(-0.0412794777215218,0.0599741177667055,0.00933999999999999));
#3345=CARTESIAN_POINT('',(-0.0415058552596868,0.059945814845521,0.015));
#3346=CARTESIAN_POINT('',(-0.0415058552596868,0.059945814845521,0.00934));
#3347=CARTESIAN_POINT('',(-0.0417904112552667,0.0598965206005764,0.015));
#3348=CARTESIAN_POINT('',(-0.0417904112552667,0.0598965206005764,0.00934));
#3349=CARTESIAN_POINT('',(-0.0422345707195773,0.0597849030456001,0.015));
#3350=CARTESIAN_POINT('',(-0.0422345707195773,0.0597849030456001,0.00934));
#3351=CARTESIAN_POINT('',(-0.0428995738139366,0.0595057092986879,0.015));
#3352=CARTESIAN_POINT('',(-0.0428995738139366,0.0595057092986879,0.00934));
#3353=CARTESIAN_POINT('',(-0.0435313485018734,0.0590179067498321,0.015));
#3354=CARTESIAN_POINT('',(-0.0435313485018734,0.0590179067498321,0.00934));
#3355=CARTESIAN_POINT('',(-0.044009886500487,0.0583864245207555,0.015));
#3356=CARTESIAN_POINT('',(-0.044009886500487,0.0583864245207555,0.00934));
#3357=CARTESIAN_POINT('',(-0.0442803115672541,0.0577525106535188,0.015));
#3358=CARTESIAN_POINT('',(-0.0442803115672541,0.0577525106535188,0.00934));
#3359=CARTESIAN_POINT('',(-0.0444146431627808,0.0572168455708299,0.015));
#3360=CARTESIAN_POINT('',(-0.0444146431627808,0.0572168455708299,0.00934));
#3361=CARTESIAN_POINT('',(-0.0444650008530046,0.0568734224355146,0.015));
#3362=CARTESIAN_POINT('',(-0.0444650008530046,0.0568734224355146,0.00934));
#3363=CARTESIAN_POINT('',(-0.0444857143847601,0.0566265070869173,0.015));
#3364=CARTESIAN_POINT('',(-0.0444857143847601,0.0566265070869173,0.00934000000000001));
#3365=CARTESIAN_POINT('',(-0.0444961112058894,0.0564046884592595,0.015));
#3366=CARTESIAN_POINT('',(-0.0444961112058894,0.0564046884592595,0.00933999999999999));
#3367=CARTESIAN_POINT('',(-0.0445,0.0561730483561139,0.015));
#3368=CARTESIAN_POINT('',(-0.0445,0.0561730483561139,0.00934));
#3369=CARTESIAN_POINT('',(-0.0445,0.056,0.015));
#3370=CARTESIAN_POINT('',(-0.0445,0.056,0.00934));
#3371=CARTESIAN_POINT('',(-0.0445,0.056,0.016));
#3372=CARTESIAN_POINT('',(-0.0445,0.056,0.015));
#3373=CARTESIAN_POINT('',(-0.0445,0.056,0.015));
#3374=CARTESIAN_POINT('',(-0.0445,0.0561730483561139,0.015));
#3375=CARTESIAN_POINT('',(-0.0444961112058894,0.0564046884592596,0.015));
#3376=CARTESIAN_POINT('',(-0.0444857143847601,0.0566265070869173,0.015));
#3377=CARTESIAN_POINT('',(-0.0444650008530046,0.0568734224355146,0.015));
#3378=CARTESIAN_POINT('',(-0.0444146431627808,0.0572168455708299,0.015));
#3379=CARTESIAN_POINT('',(-0.0442803115672541,0.0577525106535188,0.015));
#3380=CARTESIAN_POINT('',(-0.044009886500487,0.0583864245207555,0.015));
#3381=CARTESIAN_POINT('',(-0.0435313485018734,0.0590179067498321,0.015));
#3382=CARTESIAN_POINT('',(-0.0428995738139366,0.0595057092986879,0.015));
#3383=CARTESIAN_POINT('',(-0.0422345707195773,0.0597849030456001,0.015));
#3384=CARTESIAN_POINT('',(-0.0417904112552667,0.0598965206005764,0.015));
#3385=CARTESIAN_POINT('',(-0.0415058552596868,0.059945814845521,0.015));
#3386=CARTESIAN_POINT('',(-0.0412794777215218,0.0599741177667055,0.015));
#3387=CARTESIAN_POINT('',(-0.0409820212069138,0.059993960028984,0.015));
#3388=CARTESIAN_POINT('',(-0.040669784473165,0.06,0.015));
#3389=CARTESIAN_POINT('',(-0.0405,0.06,0.015));
#3390=CARTESIAN_POINT('',(-0.0445,-6.93889390390723E-18,0.016));
#3391=CARTESIAN_POINT('',(-0.0445,-0.056,0.016));
#3392=CARTESIAN_POINT('',(-0.0445,-0.056,0.015));
#3393=CARTESIAN_POINT('',(-0.0445,-6.93889390390723E-18,0.015));
#3394=CARTESIAN_POINT('',(-0.0445,-0.056,0.015));
#3395=CARTESIAN_POINT('',(-0.0445,-0.056,0.00934));
#3396=CARTESIAN_POINT('',(-0.0445,-0.0561697844731542,0.015));
#3397=CARTESIAN_POINT('',(-0.0445,-0.0561697844731542,0.00934));
#3398=CARTESIAN_POINT('',(-0.0444939600289841,-0.0564820212068907,0.015));
#3399=CARTESIAN_POINT('',(-0.0444939600289841,-0.0564820212068907,0.00933999999999999));
#3400=CARTESIAN_POINT('',(-0.0444741177667052,-0.0567794777215077,0.015));
#3401=CARTESIAN_POINT('',(-0.0444741177667052,-0.0567794777215077,0.00933999999999999));
#3402=CARTESIAN_POINT('',(-0.0444458148455215,-0.0570058552596925,0.015));
#3403=CARTESIAN_POINT('',(-0.0444458148455215,-0.0570058552596925,0.00934));
#3404=CARTESIAN_POINT('',(-0.0443965206005783,-0.0572904112552797,0.015));
#3405=CARTESIAN_POINT('',(-0.0443965206005783,-0.0572904112552797,0.00934));
#3406=CARTESIAN_POINT('',(-0.0442849030456029,-0.0577345707195853,0.015));
#3407=CARTESIAN_POINT('',(-0.0442849030456029,-0.0577345707195853,0.00934));
#3408=CARTESIAN_POINT('',(-0.0440057092986735,-0.0583995738139305,0.015));
#3409=CARTESIAN_POINT('',(-0.0440057092986735,-0.0583995738139305,0.00934));
#3410=CARTESIAN_POINT('',(-0.0435179067498178,-0.0590313485018723,0.015));
#3411=CARTESIAN_POINT('',(-0.0435179067498178,-0.0590313485018723,0.00934));
#3412=CARTESIAN_POINT('',(-0.0428864245207698,-0.0595098865004845,0.015));
#3413=CARTESIAN_POINT('',(-0.0428864245207698,-0.0595098865004845,0.00934));
#3414=CARTESIAN_POINT('',(-0.0422525106535546,-0.0597803115672456,0.015));
#3415=CARTESIAN_POINT('',(-0.0422525106535546,-0.0597803115672456,0.00934));
#3416=CARTESIAN_POINT('',(-0.0417168455707932,-0.059914643162789,0.015));
#3417=CARTESIAN_POINT('',(-0.0417168455707932,-0.059914643162789,0.00934));
#3418=CARTESIAN_POINT('',(-0.0413734224354957,-0.0599650008530117,0.015));
#3419=CARTESIAN_POINT('',(-0.0413734224354957,-0.0599650008530117,0.00934));
#3420=CARTESIAN_POINT('',(-0.041126507086905,-0.0599857143847589,0.015));
#3421=CARTESIAN_POINT('',(-0.041126507086905,-0.0599857143847589,0.00934000000000001));
#3422=CARTESIAN_POINT('',(-0.0409046884591958,-0.0599961112058901,0.015));
#3423=CARTESIAN_POINT('',(-0.0409046884591958,-0.0599961112058901,0.00933999999999999));
#3424=CARTESIAN_POINT('',(-0.0406730483560792,-0.06,0.015));
#3425=CARTESIAN_POINT('',(-0.0406730483560792,-0.06,0.00934));
#3426=CARTESIAN_POINT('',(-0.0405,-0.06,0.015));
#3427=CARTESIAN_POINT('',(-0.0405,-0.06,0.00934));
#3428=CARTESIAN_POINT('',(-0.0405,-0.06,0.016));
#3429=CARTESIAN_POINT('',(-0.0405,-0.06,0.015));
#3430=CARTESIAN_POINT('',(-0.0405,-0.06,0.015));
#3431=CARTESIAN_POINT('',(-0.0406730483560792,-0.06,0.015));
#3432=CARTESIAN_POINT('',(-0.0409046884591958,-0.0599961112058902,0.015));
#3433=CARTESIAN_POINT('',(-0.041126507086905,-0.0599857143847589,0.015));
#3434=CARTESIAN_POINT('',(-0.0413734224354957,-0.0599650008530117,0.015));
#3435=CARTESIAN_POINT('',(-0.0417168455707932,-0.059914643162789,0.015));
#3436=CARTESIAN_POINT('',(-0.0422525106535546,-0.0597803115672456,0.015));
#3437=CARTESIAN_POINT('',(-0.0428864245207698,-0.0595098865004845,0.015));
#3438=CARTESIAN_POINT('',(-0.0435179067498178,-0.0590313485018723,0.015));
#3439=CARTESIAN_POINT('',(-0.0440057092986735,-0.0583995738139305,0.015));
#3440=CARTESIAN_POINT('',(-0.0442849030456028,-0.0577345707195853,0.015));
#3441=CARTESIAN_POINT('',(-0.0443965206005783,-0.0572904112552797,0.015));
#3442=CARTESIAN_POINT('',(-0.0444458148455215,-0.0570058552596925,0.015));
#3443=CARTESIAN_POINT('',(-0.0444741177667052,-0.0567794777215077,0.015));
#3444=CARTESIAN_POINT('',(-0.0444939600289841,-0.0564820212068907,0.015));
#3445=CARTESIAN_POINT('',(-0.0445,-0.0561697844731542,0.015));
#3446=CARTESIAN_POINT('',(-0.0445,-0.056,0.015));
#3447=CARTESIAN_POINT('',(1.38777878078145E-17,-0.06,0.016));
#3448=CARTESIAN_POINT('',(0.0405,-0.06,0.016));
#3449=CARTESIAN_POINT('',(0.0405,-0.06,0.015));
#3450=CARTESIAN_POINT('',(1.38777878078145E-17,-0.06,0.015));
#3451=CARTESIAN_POINT('',(0.0405,-0.06,0.015));
#3452=CARTESIAN_POINT('',(0.0405,-0.06,0.00934));
#3453=CARTESIAN_POINT('',(0.040669784473165,-0.06,0.015));
#3454=CARTESIAN_POINT('',(0.040669784473165,-0.06,0.00934));
#3455=CARTESIAN_POINT('',(0.0409820212069138,-0.059993960028984,0.015));
#3456=CARTESIAN_POINT('',(0.0409820212069138,-0.059993960028984,0.00933999999999999));
#3457=CARTESIAN_POINT('',(0.0412794777215218,-0.0599741177667055,0.015));
#3458=CARTESIAN_POINT('',(0.0412794777215218,-0.0599741177667055,0.00933999999999999));
#3459=CARTESIAN_POINT('',(0.0415058552596868,-0.059945814845521,0.015));
#3460=CARTESIAN_POINT('',(0.0415058552596868,-0.059945814845521,0.00934));
#3461=CARTESIAN_POINT('',(0.0417904112552667,-0.0598965206005764,0.015));
#3462=CARTESIAN_POINT('',(0.0417904112552667,-0.0598965206005764,0.00934));
#3463=CARTESIAN_POINT('',(0.0422345707195773,-0.0597849030456001,0.015));
#3464=CARTESIAN_POINT('',(0.0422345707195773,-0.0597849030456001,0.00934));
#3465=CARTESIAN_POINT('',(0.0428995738139366,-0.0595057092986879,0.015));
#3466=CARTESIAN_POINT('',(0.0428995738139366,-0.0595057092986879,0.00934));
#3467=CARTESIAN_POINT('',(0.0435313485018734,-0.0590179067498321,0.015));
#3468=CARTESIAN_POINT('',(0.0435313485018734,-0.0590179067498321,0.00934));
#3469=CARTESIAN_POINT('',(0.044009886500487,-0.0583864245207555,0.015));
#3470=CARTESIAN_POINT('',(0.044009886500487,-0.0583864245207555,0.00934));
#3471=CARTESIAN_POINT('',(0.0442803115672541,-0.0577525106535188,0.015));
#3472=CARTESIAN_POINT('',(0.0442803115672541,-0.0577525106535188,0.00934));
#3473=CARTESIAN_POINT('',(0.0444146431627808,-0.0572168455708299,0.015));
#3474=CARTESIAN_POINT('',(0.0444146431627808,-0.0572168455708299,0.00934));
#3475=CARTESIAN_POINT('',(0.0444650008530046,-0.0568734224355146,0.015));
#3476=CARTESIAN_POINT('',(0.0444650008530046,-0.0568734224355146,0.00934));
#3477=CARTESIAN_POINT('',(0.0444857143847601,-0.0566265070869173,0.015));
#3478=CARTESIAN_POINT('',(0.0444857143847601,-0.0566265070869173,0.00934000000000001));
#3479=CARTESIAN_POINT('',(0.0444961112058894,-0.0564046884592595,0.015));
#3480=CARTESIAN_POINT('',(0.0444961112058894,-0.0564046884592595,0.00933999999999999));
#3481=CARTESIAN_POINT('',(0.0445,-0.0561730483561139,0.015));
#3482=CARTESIAN_POINT('',(0.0445,-0.0561730483561139,0.00934));
#3483=CARTESIAN_POINT('',(0.0445,-0.056,0.015));
#3484=CARTESIAN_POINT('',(0.0445,-0.056,0.00934));
#3485=CARTESIAN_POINT('',(0.0445,-0.056,0.016));
#3486=CARTESIAN_POINT('',(0.0445,-0.056,0.015));
#3487=CARTESIAN_POINT('',(0.0445,-0.056,0.015));
#3488=CARTESIAN_POINT('',(0.0445,-0.0561730483561139,0.015));
#3489=CARTESIAN_POINT('',(0.0444961112058894,-0.0564046884592596,0.015));
#3490=CARTESIAN_POINT('',(0.0444857143847601,-0.0566265070869173,0.015));
#3491=CARTESIAN_POINT('',(0.0444650008530046,-0.0568734224355146,0.015));
#3492=CARTESIAN_POINT('',(0.0444146431627808,-0.0572168455708299,0.015));
#3493=CARTESIAN_POINT('',(0.0442803115672541,-0.0577525106535188,0.015));
#3494=CARTESIAN_POINT('',(0.044009886500487,-0.0583864245207555,0.015));
#3495=CARTESIAN_POINT('',(0.0435313485018734,-0.0590179067498321,0.015));
#3496=CARTESIAN_POINT('',(0.0428995738139366,-0.0595057092986879,0.015));
#3497=CARTESIAN_POINT('',(0.0422345707195773,-0.0597849030456001,0.015));
#3498=CARTESIAN_POINT('',(0.0417904112552667,-0.0598965206005764,0.015));
#3499=CARTESIAN_POINT('',(0.0415058552596868,-0.059945814845521,0.015));
#3500=CARTESIAN_POINT('',(0.0412794777215218,-0.0599741177667055,0.015));
#3501=CARTESIAN_POINT('',(0.0409820212069138,-0.059993960028984,0.015));
#3502=CARTESIAN_POINT('',(0.040669784473165,-0.06,0.015));
#3503=CARTESIAN_POINT('',(0.0405,-0.06,0.015));
#3504=CARTESIAN_POINT('',(-0.0279208350479603,0.0320908579528331,0.016));
#3505=CARTESIAN_POINT('',(-0.0279208350479603,0.0340908579528332,0.016));
#3506=CARTESIAN_POINT('',(-0.0279208350479603,0.0340908579528332,0.015));
#3507=CARTESIAN_POINT('',(-0.0279208350479603,0.0320908579528331,0.015));
#3508=CARTESIAN_POINT('',(-0.0299208350479603,0.0320908579528332,0.015));
#3509=CARTESIAN_POINT('',(-0.0299208350479603,0.0320908579528332,0.016));
#3510=CARTESIAN_POINT('',(-0.0190192349255085,0.0340908579528332,0.016));
#3511=CARTESIAN_POINT('',(-0.0101176348030567,0.0340908579528332,0.016));
#3512=CARTESIAN_POINT('',(-0.0101176348030567,0.0340908579528332,0.015));
#3513=CARTESIAN_POINT('',(-0.0279208350479603,0.0340908579528332,0.015));
#3514=CARTESIAN_POINT('',(-0.0101176348030567,0.0320908579528332,0.016));
#3515=CARTESIAN_POINT('',(-0.00811763480305672,0.0320908579528332,0.016));
#3516=CARTESIAN_POINT('',(-0.00811763480305672,0.0320908579528332,0.015));
#3517=CARTESIAN_POINT('',(-0.0101176348030567,0.0320908579528332,0.015));
#3518=CARTESIAN_POINT('',(-0.00811763480305672,0.024788720998913,0.016));
#3519=CARTESIAN_POINT('',(-0.00811763480305672,0.0174865840449929,0.016));
#3520=CARTESIAN_POINT('',(-0.00811763480305672,0.0174865840449929,0.015));
#3521=CARTESIAN_POINT('',(-0.00811763480305672,0.024788720998913,0.015));
#3522=CARTESIAN_POINT('',(-0.0101176348030567,0.0174865840449929,0.016));
#3523=CARTESIAN_POINT('',(-0.0101176348030567,0.0154865840449929,0.016));
#3524=CARTESIAN_POINT('',(-0.0101176348030567,0.0154865840449929,0.015));
#3525=CARTESIAN_POINT('',(-0.0101176348030567,0.0174865840449929,0.015));
#3526=CARTESIAN_POINT('',(-0.0190192349255085,0.0154865840449929,0.016));
#3527=CARTESIAN_POINT('',(-0.0279208350479603,0.0154865840449929,0.016));
#3528=CARTESIAN_POINT('',(-0.0279208350479603,0.0154865840449929,0.015));
#3529=CARTESIAN_POINT('',(-0.0190192349255085,0.0154865840449929,0.015));
#3530=CARTESIAN_POINT('',(-0.0279208350479603,0.0174865840449929,0.016));
#3531=CARTESIAN_POINT('',(-0.0299208350479603,0.0174865840449929,0.016));
#3532=CARTESIAN_POINT('',(-0.0299208350479603,0.0174865840449929,0.015));
#3533=CARTESIAN_POINT('',(-0.0279208350479603,0.0174865840449929,0.015));
#3534=CARTESIAN_POINT('',(0.01681875,0.03754374653753,0.016));
#3535=CARTESIAN_POINT('',(0.01681875,0.03554374653753,0.016));
#3536=CARTESIAN_POINT('',(0.01881875,0.03754374653753,0.016));
#3537=CARTESIAN_POINT('',(0.00591875,0.03554374653753,0.016));
#3538=CARTESIAN_POINT('',(-0.00498125,0.03554374653753,0.016));
#3539=CARTESIAN_POINT('',(-0.00498125,0.03754374653753,0.016));
#3540=CARTESIAN_POINT('',(-0.00698125,0.03754374653753,0.016));
#3541=CARTESIAN_POINT('',(-0.00698125,0.04119374653753,0.016));
#3542=CARTESIAN_POINT('',(-0.00698125,0.04484374653753,0.016));
#3543=CARTESIAN_POINT('',(-0.00498125,0.04484374653753,0.016));
#3544=CARTESIAN_POINT('',(-0.00498125,0.04684374653753,0.016));
#3545=CARTESIAN_POINT('',(0.00591875,0.04684374653753,0.016));
#3546=CARTESIAN_POINT('',(0.01681875,0.04684374653753,0.016));
#3547=CARTESIAN_POINT('',(0.01681875,0.04484374653753,0.016));
#3548=CARTESIAN_POINT('',(0.01881875,0.04484374653753,0.016));
#3549=CARTESIAN_POINT('',(0.0287875,-0.01579750346247,0.016));
#3550=CARTESIAN_POINT('',(0.0287875,-0.04462250346247,0.016));
#3551=CARTESIAN_POINT('',(0.0287875,-0.04462250346247,0.015));
#3552=CARTESIAN_POINT('',(0.0287875,-0.01579750346247,0.015));
#3553=CARTESIAN_POINT('',(0.0287875,0.01302749653753,0.015));
#3554=CARTESIAN_POINT('',(0.0287875,0.01302749653753,0.016));
#3555=CARTESIAN_POINT('',(-3.75000000000063E-5,-0.04462250346247,0.016));
#3556=CARTESIAN_POINT('',(-0.0288625,-0.04462250346247,0.016));
#3557=CARTESIAN_POINT('',(-0.0288625,-0.04462250346247,0.015));
#3558=CARTESIAN_POINT('',(0.0287875,-0.04462250346247,0.015));
#3559=CARTESIAN_POINT('',(-0.0288625,-0.01579750346247,0.016));
#3560=CARTESIAN_POINT('',(-0.0288625,0.01302749653753,0.016));
#3561=CARTESIAN_POINT('',(-0.0288625,0.01302749653753,0.015));
#3562=CARTESIAN_POINT('',(-0.0288625,-0.04462250346247,0.015));
#3563=CARTESIAN_POINT('',(-0.0299208350479603,0.024788720998913,0.016));
#3564=CARTESIAN_POINT('',(-0.0299208350479603,0.0174865840449929,0.015));
#3565=CARTESIAN_POINT('',(0.01881875,0.04119374653753,0.016));
#3566=CARTESIAN_POINT('',(0.01885625,0.02454124653753,0.016));
#3567=CARTESIAN_POINT('',(0.01885625,0.02454124653753,0.015));
#3568=CARTESIAN_POINT('',(0.02323125,0.02454124653753,0.015));
#3569=CARTESIAN_POINT('',(-3.74999999999854E-5,0.01302749653753,0.016));
#3570=CARTESIAN_POINT('',(-3.74999999999854E-5,0.01302749653753,0.015));
#3571=CARTESIAN_POINT('',(0.0445,6.93889390390723E-18,0.016));
#3572=CARTESIAN_POINT('',(0.0445,-0.056,0.015));
#3573=CARTESIAN_POINT('',(0.0287875,-0.01579750346247,0.015));
#3574=CARTESIAN_POINT('',(0.0191791666666667,0.00341916320419667,0.00539166666666666));
#3575=CARTESIAN_POINT('',(0.0198778832241721,-0.035712886686642,0.00609038322417203));
#3576=CARTESIAN_POINT('',(5.8649672516066E-5,-0.04562250346247,0.016));
#3577=CARTESIAN_POINT('',(-0.0146549988458433,-0.0304150023083134,0.000792498845843356));
#3578=CARTESIAN_POINT('',(-3.74999999999854E-5,0.01302749653753,0.015));
#3579=CARTESIAN_POINT('',(-0.0251866678208233,0.00935166435835335,0.0113241678208233));
#3580=CARTESIAN_POINT('',(-0.0298625,9.00345546663129E-18,0.016));
#3581=CARTESIAN_POINT('',(0.01885625,0.02454124653753,0.015));
#3582=CARTESIAN_POINT('',(-0.0190192349255085,0.0154865840449929,0.015));
#3583=CARTESIAN_POINT('',(-0.0101176348030567,0.0154865840449929,0.015));
#3584=CARTESIAN_POINT('',(-0.0279208350479603,0.0144865840449929,0.016));
#3585=CARTESIAN_POINT('',(-0.0279208350479603,0.0174865840449929,0.015));
#3586=CARTESIAN_POINT('',(-0.0309208350479603,0.0174865840449929,0.016));
#3587=CARTESIAN_POINT('',(-0.0101176348030567,0.0174865840449929,0.015));
#3588=CARTESIAN_POINT('',(-0.00811763480305672,0.0174865840449929,0.015));
#3589=CARTESIAN_POINT('',(-0.0309208350479603,0.,0.016));
#3590=CARTESIAN_POINT('',(-0.0309208350479603,0.0320908579528332,0.016));
#3591=CARTESIAN_POINT('',(-0.00811763480305672,0.024788720998913,0.015));
#3592=CARTESIAN_POINT('',(-0.00811763480305672,0.0320908579528332,0.015));
#3593=CARTESIAN_POINT('',(-0.0279208350479603,0.0320908579528331,0.015));
#3594=CARTESIAN_POINT('',(-0.0279208350479603,0.0350908579528332,0.016));
#3595=CARTESIAN_POINT('',(-0.0101176348030567,0.0320908579528332,0.015));
#3596=CARTESIAN_POINT('',(-0.0101176348030567,0.0340908579528332,0.015));
#3597=CARTESIAN_POINT('',(5.86496725160715E-5,0.0350908579528332,0.016));
#3598=CARTESIAN_POINT('',(-0.0395,0.055,0.01434));
#3599=CARTESIAN_POINT('',(-0.0395,0.055,0.01434));
#3600=CARTESIAN_POINT('',(-0.0374,0.055,0.01434));
#3601=CARTESIAN_POINT('',(5.86496725160715E-5,0.,0.01434));
#3602=CARTESIAN_POINT('',(0.0395138021878497,0.0551102723327891,0.01434));
#3603=CARTESIAN_POINT('',(0.0395138021878497,0.0551102723327891,0.01434));
#3604=CARTESIAN_POINT('',(0.0416138021878497,0.0551102723327891,0.01434));
#3605=CARTESIAN_POINT('',(5.86496725160715E-5,0.,0.01434));
#3606=CARTESIAN_POINT('',(0.0398208354565997,-0.0548892991689757,0.01434));
#3607=CARTESIAN_POINT('',(0.0398208354565997,-0.0548892991689757,0.01434));
#3608=CARTESIAN_POINT('',(0.0419208354565997,-0.0548892991689757,0.01434));
#3609=CARTESIAN_POINT('',(5.86496725160715E-5,0.,0.01434));
#3610=CARTESIAN_POINT('',(-0.0391923511444356,-0.0552201153082249,0.01434));
#3611=CARTESIAN_POINT('',(-0.0391923511444356,-0.0552201153082249,0.01434));
#3612=CARTESIAN_POINT('',(-0.0370923511444356,-0.0552201153082249,0.01434));
#3613=CARTESIAN_POINT('',(5.86496725160715E-5,0.,0.01434));
#3614=CARTESIAN_POINT('',(-0.0255561539932815,0.0387910273022576,0.0155));
#3615=CARTESIAN_POINT('',(-0.0254656536753084,0.0387910273022576,0.0155));
#3616=CARTESIAN_POINT('',(-0.0254656536753084,0.0387910273022576,0.0155));
#3617=CARTESIAN_POINT('',(-0.0255561539932815,0.0387910273022576,0.0155));
#3618=CARTESIAN_POINT('',(-0.0321626772053235,0.0387910273022576,0.0155));
#3619=CARTESIAN_POINT('',(-0.0321626772053235,0.0387910273022576,0.0155));
#3620=CARTESIAN_POINT('',(-0.0254656536753084,0.0388362774612441,0.0155));
#3621=CARTESIAN_POINT('',(-0.0254656536753084,0.0388815276202307,0.0155));
#3622=CARTESIAN_POINT('',(-0.0254656536753084,0.0388815276202307,0.0155));
#3623=CARTESIAN_POINT('',(-0.0254656536753084,0.0388362774612441,0.0155));
#3624=CARTESIAN_POINT('',(-0.025491813895681,0.0388885979703993,0.0155));
#3625=CARTESIAN_POINT('',(-0.0255179741160537,0.0388956683205677,0.0155));
#3626=CARTESIAN_POINT('',(-0.0255179741160537,0.0388956683205677,0.0155));
#3627=CARTESIAN_POINT('',(-0.025491813895681,0.0388885979703993,0.0155));
#3628=CARTESIAN_POINT('',(-0.0255314078018967,0.0389112230498926,0.0155));
#3629=CARTESIAN_POINT('',(-0.0255448414877398,0.0389267777792173,0.0155));
#3630=CARTESIAN_POINT('',(-0.0255448414877398,0.0389267777792173,0.0155));
#3631=CARTESIAN_POINT('',(-0.0255314078018967,0.0389112230498926,0.0155));
#3632=CARTESIAN_POINT('',(-0.0255504977405107,0.0389494028587106,0.0155));
#3633=CARTESIAN_POINT('',(-0.0255561539932815,0.0389720279382039,0.0155));
#3634=CARTESIAN_POINT('',(-0.0255561539932815,0.0389720279382039,0.0155));
#3635=CARTESIAN_POINT('',(-0.0255504977405107,0.0389494028587106,0.0155));
#3636=CARTESIAN_POINT('',(-0.0272947499733859,0.0411779731545953,0.0155));
#3637=CARTESIAN_POINT('',(-0.0290333459534901,0.0433839183709866,0.0155));
#3638=CARTESIAN_POINT('',(-0.0290333459534901,0.0433839183709866,0.0155));
#3639=CARTESIAN_POINT('',(-0.0272947499733859,0.0411779731545953,0.0155));
#3640=CARTESIAN_POINT('',(-0.0307846684681241,0.0455898636557877,0.0155));
#3641=CARTESIAN_POINT('',(-0.032535990982758,0.0477958089405887,0.0155));
#3642=CARTESIAN_POINT('',(-0.032535990982758,0.0477958089405887,0.0155));
#3643=CARTESIAN_POINT('',(-0.0307846684681241,0.0455898636557877,0.0155));
#3644=CARTESIAN_POINT('',(-0.036059847130941,0.0522076994417811,0.0155));
#3645=CARTESIAN_POINT('',(-0.039583703279124,0.0566195899429735,0.0155));
#3646=CARTESIAN_POINT('',(-0.039583703279124,0.0566195899429735,0.0155));
#3647=CARTESIAN_POINT('',(-0.036059847130941,0.0522076994417811,0.0155));
#3648=CARTESIAN_POINT('',(-0.0396289534381106,0.0566195899429735,0.0155));
#3649=CARTESIAN_POINT('',(-0.0396742035970972,0.0566195899429735,0.0155));
#3650=CARTESIAN_POINT('',(-0.0396742035970972,0.0566195899429735,0.0155));
#3651=CARTESIAN_POINT('',(-0.0396289534381106,0.0566195899429735,0.0155));
#3652=CARTESIAN_POINT('',(-0.0397003638174699,0.0566118125783111,0.0155));
#3653=CARTESIAN_POINT('',(-0.0397265240378425,0.0566040352136487,0.0155));
#3654=CARTESIAN_POINT('',(-0.0397265240378425,0.0566040352136487,0.0155));
#3655=CARTESIAN_POINT('',(-0.0397003638174699,0.0566118125783111,0.0155));
#3656=CARTESIAN_POINT('',(-0.0397399577236856,0.0565835312460469,0.0155));
#3657=CARTESIAN_POINT('',(-0.0397533914095286,0.0565630272784452,0.0155));
#3658=CARTESIAN_POINT('',(-0.0397533914095286,0.0565630272784452,0.0155));
#3659=CARTESIAN_POINT('',(-0.0397399577236856,0.0565835312460469,0.0155));
#3660=CARTESIAN_POINT('',(-0.0397590476622995,0.0565008082927362,0.0155));
#3661=CARTESIAN_POINT('',(-0.0397647039150704,0.0564385893070272,0.0155));
#3662=CARTESIAN_POINT('',(-0.0397647039150704,0.0564385893070272,0.0155));
#3663=CARTESIAN_POINT('',(-0.0397590476622995,0.0565008082927362,0.0155));
#3664=CARTESIAN_POINT('',(-0.0397647039150704,0.052275574680261,0.0155));
#3665=CARTESIAN_POINT('',(-0.0397647039150704,0.0481125600534949,0.0155));
#3666=CARTESIAN_POINT('',(-0.0397647039150704,0.0481125600534949,0.0155));
#3667=CARTESIAN_POINT('',(-0.0397647039150704,0.052275574680261,0.0155));
#3668=CARTESIAN_POINT('',(-0.039756926550408,0.0480517551651834,0.0155));
#3669=CARTESIAN_POINT('',(-0.0397491491857456,0.047990950276872,0.0155));
#3670=CARTESIAN_POINT('',(-0.0397491491857456,0.047990950276872,0.0155));
#3671=CARTESIAN_POINT('',(-0.039756926550408,0.0480517551651834,0.0155));
#3672=CARTESIAN_POINT('',(-0.0397286452181438,0.047938629767717,0.0155));
#3673=CARTESIAN_POINT('',(-0.039708141250542,0.0478863092585619,0.0155));
#3674=CARTESIAN_POINT('',(-0.039708141250542,0.0478863092585619,0.0155));
#3675=CARTESIAN_POINT('',(-0.0397286452181438,0.047938629767717,0.0155));
#3676=CARTESIAN_POINT('',(-0.0396459222648331,0.0477731838610954,0.0155));
#3677=CARTESIAN_POINT('',(-0.039583703279124,0.047660058463629,0.0155));
#3678=CARTESIAN_POINT('',(-0.039583703279124,0.047660058463629,0.0155));
#3679=CARTESIAN_POINT('',(-0.0396459222648331,0.0477731838610954,0.0155));
#3680=CARTESIAN_POINT('',(-0.0387281924821619,0.0465811249981193,0.0155));
#3681=CARTESIAN_POINT('',(-0.0378726816851997,0.0455021915326097,0.0155));
#3682=CARTESIAN_POINT('',(-0.0378726816851997,0.0455021915326097,0.0155));
#3683=CARTESIAN_POINT('',(-0.0387281924821619,0.0465811249981193,0.0155));
#3684=CARTESIAN_POINT('',(-0.0370086864406715,0.0444317424462564,0.0155));
#3685=CARTESIAN_POINT('',(-0.0344167007070868,0.0412203951871965,0.0155));
#3686=CARTESIAN_POINT('',(-0.0344167007070868,0.0412203951871965,0.0155));
#3687=CARTESIAN_POINT('',(-0.0370086864406715,0.0444317424462564,0.0155));
#3688=CARTESIAN_POINT('',(-0.0335611899101247,0.0401414617216867,0.0155));
#3689=CARTESIAN_POINT('',(-0.0327056791131626,0.0390625282561771,0.0155));
#3690=CARTESIAN_POINT('',(-0.0327056791131626,0.0390625282561771,0.0155));
#3691=CARTESIAN_POINT('',(-0.0335611899101247,0.0401414617216867,0.0155));
#3692=CARTESIAN_POINT('',(-0.0326632570805614,0.0390031373968536,0.0155));
#3693=CARTESIAN_POINT('',(-0.0326208350479603,0.03894374653753,0.0155));
#3694=CARTESIAN_POINT('',(-0.0326208350479603,0.03894374653753,0.0155));
#3695=CARTESIAN_POINT('',(-0.0326632570805614,0.0390031373968536,0.0155));
#3696=CARTESIAN_POINT('',(-0.0325614441886368,0.0389013245049288,0.0155));
#3697=CARTESIAN_POINT('',(-0.0325020533293132,0.0388589024723277,0.0155));
#3698=CARTESIAN_POINT('',(-0.0325020533293132,0.0388589024723277,0.0155));
#3699=CARTESIAN_POINT('',(-0.0325614441886368,0.0389013245049288,0.0155));
#3700=CARTESIAN_POINT('',(-0.032425693711677,0.038833449266449,0.0155));
#3701=CARTESIAN_POINT('',(-0.0323493340940407,0.0388079960605702,0.0155));
#3702=CARTESIAN_POINT('',(-0.0323493340940407,0.0388079960605702,0.0155));
#3703=CARTESIAN_POINT('',(-0.032425693711677,0.038833449266449,0.0155));
#3704=CARTESIAN_POINT('',(-0.0322560056496821,0.0387995116814139,0.0155));
#3705=CARTESIAN_POINT('',(-0.0322560056496821,0.0387995116814139,0.0155));
#3706=CARTESIAN_POINT('',(0.,0.,0.0155));
#3707=CARTESIAN_POINT('',(-0.0187233799863066,0.0470435250645391,0.0155));
#3708=CARTESIAN_POINT('',(-0.0182256282374542,0.047660058463629,0.0155));
#3709=CARTESIAN_POINT('',(-0.0182256282374542,0.047660058463629,0.0155));
#3710=CARTESIAN_POINT('',(-0.0187233799863066,0.0470435250645391,0.0155));
#3711=CARTESIAN_POINT('',(-0.0192211317351592,0.0464269916654493,0.0155));
#3712=CARTESIAN_POINT('',(-0.0192211317351592,0.0464269916654493,0.0155));
#3713=CARTESIAN_POINT('',(-0.0181577529989743,0.0477618712871439,0.0155));
#3714=CARTESIAN_POINT('',(-0.0180898777604944,0.0478636841106589,0.0155));
#3715=CARTESIAN_POINT('',(-0.0180898777604944,0.0478636841106589,0.0155));
#3716=CARTESIAN_POINT('',(-0.0181577529989743,0.0477618712871439,0.0155));
#3717=CARTESIAN_POINT('',(-0.0180220025220146,0.0480333722410635,0.0155));
#3718=CARTESIAN_POINT('',(-0.0179541272835346,0.048203060371468,0.0155));
#3719=CARTESIAN_POINT('',(-0.0179541272835346,0.048203060371468,0.0155));
#3720=CARTESIAN_POINT('',(-0.0180220025220146,0.0480333722410635,0.0155));
#3721=CARTESIAN_POINT('',(-0.0179541272835346,0.0523208248392476,0.0155));
#3722=CARTESIAN_POINT('',(-0.0179541272835346,0.0566195899429735,0.0155));
#3723=CARTESIAN_POINT('',(-0.0179541272835346,0.0566195899429735,0.0155));
#3724=CARTESIAN_POINT('',(-0.0179541272835346,0.0523208248392476,0.0155));
#3725=CARTESIAN_POINT('',(-0.0179993774425212,0.0566195899429735,0.0155));
#3726=CARTESIAN_POINT('',(-0.0180446276015079,0.0566195899429735,0.0155));
#3727=CARTESIAN_POINT('',(-0.0180446276015079,0.0566195899429735,0.0155));
#3728=CARTESIAN_POINT('',(-0.0179993774425212,0.0566195899429735,0.0155));
#3729=CARTESIAN_POINT('',(-0.0181068465872168,0.0566139336902026,0.0155));
#3730=CARTESIAN_POINT('',(-0.0181690655729258,0.0566082774374317,0.0155));
#3731=CARTESIAN_POINT('',(-0.0181690655729258,0.0566082774374317,0.0155));
#3732=CARTESIAN_POINT('',(-0.0181068465872168,0.0566139336902026,0.0155));
#3733=CARTESIAN_POINT('',(-0.0181895695405276,0.0565948437515887,0.0155));
#3734=CARTESIAN_POINT('',(-0.0182100735081294,0.0565814100657457,0.0155));
#3735=CARTESIAN_POINT('',(-0.0182100735081294,0.0565814100657457,0.0155));
#3736=CARTESIAN_POINT('',(-0.0181895695405276,0.0565948437515887,0.0155));
#3737=CARTESIAN_POINT('',(-0.0182178508727918,0.056555249845373,0.0155));
#3738=CARTESIAN_POINT('',(-0.0182256282374542,0.0565290896250003,0.0155));
#3739=CARTESIAN_POINT('',(-0.0182256282374542,0.0565290896250003,0.0155));
#3740=CARTESIAN_POINT('',(-0.0182178508727918,0.056555249845373,0.0155));
#3741=CARTESIAN_POINT('',(-0.0188647867160374,0.0556919616837485,0.0155));
#3742=CARTESIAN_POINT('',(-0.0195039451946204,0.0548548337424966,0.0155));
#3743=CARTESIAN_POINT('',(-0.0195039451946204,0.0548548337424966,0.0155));
#3744=CARTESIAN_POINT('',(-0.0188647867160374,0.0556919616837485,0.0155));
#3745=CARTESIAN_POINT('',(-0.0201770413266484,0.0540177058012447,0.0155));
#3746=CARTESIAN_POINT('',(-0.0208501374586764,0.0531805778599928,0.0155));
#3747=CARTESIAN_POINT('',(-0.0208501374586764,0.0531805778599928,0.0155));
#3748=CARTESIAN_POINT('',(-0.0201770413266484,0.0540177058012447,0.0155));
#3749=CARTESIAN_POINT('',(-0.0240628987467242,0.0491533137101864,0.0155));
#3750=CARTESIAN_POINT('',(-0.0272756600347719,0.04512604956038,0.0155));
#3751=CARTESIAN_POINT('',(-0.0272756600347719,0.04512604956038,0.0155));
#3752=CARTESIAN_POINT('',(-0.0240628987467242,0.0491533137101864,0.0155));
#3753=CARTESIAN_POINT('',(-0.0273018202551446,0.0451189792102115,0.0155));
#3754=CARTESIAN_POINT('',(-0.0273279804755172,0.045111908860043,0.0155));
#3755=CARTESIAN_POINT('',(-0.0273279804755172,0.045111908860043,0.0155));
#3756=CARTESIAN_POINT('',(-0.0273018202551446,0.0451189792102115,0.0155));
#3757=CARTESIAN_POINT('',(-0.0273414141613603,0.0450963541307182,0.0155));
#3758=CARTESIAN_POINT('',(-0.0273548478472033,0.0450807994013934,0.0155));
#3759=CARTESIAN_POINT('',(-0.0273548478472033,0.0450807994013934,0.0155));
#3760=CARTESIAN_POINT('',(-0.0273414141613603,0.0450963541307182,0.0155));
#3761=CARTESIAN_POINT('',(-0.0273605040999742,0.0450581743219001,0.0155));
#3762=CARTESIAN_POINT('',(-0.0273661603527451,0.0450355492424068,0.0155));
#3763=CARTESIAN_POINT('',(-0.0273661603527451,0.0450355492424068,0.0155));
#3764=CARTESIAN_POINT('',(-0.0273605040999742,0.0450581743219001,0.0155));
#3765=CARTESIAN_POINT('',(-0.0273845432084554,0.0450023186718657,0.0155));
#3766=CARTESIAN_POINT('',(-0.0274029260641656,0.0449690881013245,0.0155));
#3767=CARTESIAN_POINT('',(-0.0274029260641656,0.0449690881013245,0.0155));
#3768=CARTESIAN_POINT('',(-0.0273845432084554,0.0450023186718657,0.0155));
#3769=CARTESIAN_POINT('',(-0.0273958557824068,0.0449400996861567,0.0155));
#3770=CARTESIAN_POINT('',(-0.0273887855006481,0.0449111112709888,0.0155));
#3771=CARTESIAN_POINT('',(-0.0273887855006481,0.0449111112709888,0.0155));
#3772=CARTESIAN_POINT('',(-0.0273958557824068,0.0449400996861567,0.0155));
#3773=CARTESIAN_POINT('',(-0.0273647463237572,0.0448906073033871,0.0155));
#3774=CARTESIAN_POINT('',(-0.0273407071468664,0.0448701033357853,0.0155));
#3775=CARTESIAN_POINT('',(-0.0273407071468664,0.0448701033357853,0.0155));
#3776=CARTESIAN_POINT('',(-0.0273647463237572,0.0448906073033871,0.0155));
#3777=CARTESIAN_POINT('',(-0.0273081835908192,0.0448623259711229,0.0155));
#3778=CARTESIAN_POINT('',(-0.0272756600347719,0.0448545486064605,0.0155));
#3779=CARTESIAN_POINT('',(-0.0272756600347719,0.0448545486064605,0.0155));
#3780=CARTESIAN_POINT('',(-0.0273081835908192,0.0448623259711229,0.0155));
#3781=CARTESIAN_POINT('',(-0.0272304098757854,0.0448545486064605,0.0155));
#3782=CARTESIAN_POINT('',(-0.0207596371407031,0.0448545486064605,0.0155));
#3783=CARTESIAN_POINT('',(-0.0207596371407031,0.0448545486064605,0.0155));
#3784=CARTESIAN_POINT('',(-0.0272304098757854,0.0448545486064605,0.0155));
#3785=CARTESIAN_POINT('',(-0.0206917619022233,0.0448630329856168,0.0155));
#3786=CARTESIAN_POINT('',(-0.0206238866637434,0.0448715173647731,0.0155));
#3787=CARTESIAN_POINT('',(-0.0206238866637434,0.0448715173647731,0.0155));
#3788=CARTESIAN_POINT('',(-0.0206917619022233,0.0448630329856168,0.0155));
#3789=CARTESIAN_POINT('',(-0.0205560114252635,0.0448969705706519,0.0155));
#3790=CARTESIAN_POINT('',(-0.0204881361867837,0.0449224237765306,0.0155));
#3791=CARTESIAN_POINT('',(-0.0204881361867837,0.0449224237765306,0.0155));
#3792=CARTESIAN_POINT('',(-0.0205560114252635,0.0448969705706519,0.0155));
#3793=CARTESIAN_POINT('',(-0.0204202609483038,0.0449648458091318,0.0155));
#3794=CARTESIAN_POINT('',(-0.0203523857098238,0.0450072678417329,0.0155));
#3795=CARTESIAN_POINT('',(-0.0203523857098238,0.0450072678417329,0.0155));
#3796=CARTESIAN_POINT('',(-0.0204202609483038,0.0449648458091318,0.0155));
#3797=CARTESIAN_POINT('',(-0.0202845104713439,0.0450666587010564,0.0155));
#3798=CARTESIAN_POINT('',(-0.0202166352328641,0.04512604956038,0.0155));
#3799=CARTESIAN_POINT('',(-0.0202166352328641,0.04512604956038,0.0155));
#3800=CARTESIAN_POINT('',(-0.0202845104713439,0.0450666587010564,0.0155));
#3801=CARTESIAN_POINT('',(-0.0199720015822209,0.045457648388117,0.0155));
#3802=CARTESIAN_POINT('',(-0.0197273679315777,0.045789247215854,0.0155));
#3803=CARTESIAN_POINT('',(-0.0197273679315777,0.045789247215854,0.0155));
#3804=CARTESIAN_POINT('',(-0.0199720015822209,0.045457648388117,0.0155));
#3805=CARTESIAN_POINT('',(-0.0194742498333684,0.0461081194406516,0.0155));
#3806=CARTESIAN_POINT('',(-0.0194742498333684,0.0461081194406516,0.0155));
#3807=CARTESIAN_POINT('',(0.,0.,0.0155));
#3808=CARTESIAN_POINT('',(-0.0435,-0.056,0.016));
#3809=CARTESIAN_POINT('',(-0.0434997795254266,-0.0562055999554114,0.016));
#3810=CARTESIAN_POINT('',(-0.043496026713096,-0.0564108461835456,0.016));
#3811=CARTESIAN_POINT('',(-0.0434744046275826,-0.0567171144260725,0.016));
#3812=CARTESIAN_POINT('',(-0.0434625304914993,-0.0568187364769622,0.016));
#3813=CARTESIAN_POINT('',(-0.0434285033000653,-0.0570209516770091,0.016));
#3814=CARTESIAN_POINT('',(-0.0434069931536916,-0.0571215738282472,0.016));
#3815=CARTESIAN_POINT('',(-0.0433260267320917,-0.0574220056019112,0.016));
#3816=CARTESIAN_POINT('',(-0.0432525231812066,-0.0576140503825144,0.016));
#3817=CARTESIAN_POINT('',(-0.0430603577624576,-0.05797753560747,0.016));
#3818=CARTESIAN_POINT('',(-0.0429381221460048,-0.0581480295409371,0.016));
#3819=CARTESIAN_POINT('',(-0.0425019541741877,-0.0585824701954199,0.016));
#3820=CARTESIAN_POINT('',(-0.0421189371975038,-0.0587726774950728,0.016));
#3821=CARTESIAN_POINT('',(-0.0415207479700007,-0.0589343567917141,0.016));
#3822=CARTESIAN_POINT('',(-0.0413185462746988,-0.0589669668064023,0.016));
#3823=CARTESIAN_POINT('',(-0.0409109550115948,-0.0589988380728081,0.016));
#3824=CARTESIAN_POINT('',(-0.0407054790998347,-0.0589994286206722,0.016));
#3825=CARTESIAN_POINT('',(-0.0405,-0.059,0.016));
#3826=CARTESIAN_POINT('',(-0.0445,-0.056,0.015));
#3827=CARTESIAN_POINT('',(-0.0444996052521317,-0.056221037446792,0.015));
#3828=CARTESIAN_POINT('',(-0.0444964004100451,-0.0564387333970152,0.015));
#3829=CARTESIAN_POINT('',(-0.0444701981643868,-0.0568129099958477,0.015));
#3830=CARTESIAN_POINT('',(-0.0444536256822781,-0.0569561772844495,0.015));
#3831=CARTESIAN_POINT('',(-0.0444100196105826,-0.0572133651782009,0.015));
#3832=CARTESIAN_POINT('',(-0.0443815258650977,-0.0573490024523262,0.015));
#3833=CARTESIAN_POINT('',(-0.0442735008828557,-0.0577482107704058,0.015));
#3834=CARTESIAN_POINT('',(-0.0441760064070859,-0.0580063066260644,0.015));
#3835=CARTESIAN_POINT('',(-0.0439033905518149,-0.0585230539465959,0.015));
#3836=CARTESIAN_POINT('',(-0.0437222446906938,-0.0587781503733143,0.015));
#3837=CARTESIAN_POINT('',(-0.0430539968061761,-0.0594445809940003,0.015));
#3838=CARTESIAN_POINT('',(-0.0425053052217983,-0.0597037559918351,0.015));
#3839=CARTESIAN_POINT('',(-0.0417155357399594,-0.0599177750638592,0.015));
#3840=CARTESIAN_POINT('',(-0.041457615170967,-0.0599594479424646,0.015));
#3841=CARTESIAN_POINT('',(-0.0409341771353824,-0.0599997614678958,0.015));
#3842=CARTESIAN_POINT('',(-0.0407214492058201,-0.0599988557776898,0.015));
#3843=CARTESIAN_POINT('',(-0.0405,-0.06,0.015));
#3844=CARTESIAN_POINT('',(-0.0445,-0.056,0.015));
#3845=CARTESIAN_POINT('',(-0.0441666666666667,-0.056,0.0153333333333333));
#3846=CARTESIAN_POINT('',(-0.0438333333333333,-0.056,0.0156666666666667));
#3847=CARTESIAN_POINT('',(-0.0435,-0.056,0.016));
#3848=CARTESIAN_POINT('',(-0.0405,-0.059,0.016));
#3849=CARTESIAN_POINT('',(-0.0405,-0.0593333333333333,0.0156666666666667));
#3850=CARTESIAN_POINT('',(-0.0405,-0.0596666666666667,0.0153333333333333));
#3851=CARTESIAN_POINT('',(-0.0405,-0.06,0.015));
#3852=CARTESIAN_POINT('',(1.38777878078145E-17,-0.06,0.015));
#3853=CARTESIAN_POINT('',(0.0405,-0.06,0.015));
#3854=CARTESIAN_POINT('',(0.0405,-0.0596666666666667,0.0153333333333333));
#3855=CARTESIAN_POINT('',(0.0405,-0.0593333333333333,0.0156666666666667));
#3856=CARTESIAN_POINT('',(0.0405,-0.059,0.016));
#3857=CARTESIAN_POINT('',(-0.0445,-6.93889390390723E-18,0.015));
#3858=CARTESIAN_POINT('',(-0.0435,0.056,0.016));
#3859=CARTESIAN_POINT('',(-0.0438333333333334,0.056,0.0156666666666667));
#3860=CARTESIAN_POINT('',(-0.0441666666666667,0.056,0.0153333333333333));
#3861=CARTESIAN_POINT('',(-0.0445,0.056,0.015));
#3862=CARTESIAN_POINT('',(0.0405,-0.059,0.016));
#3863=CARTESIAN_POINT('',(0.0407055999554111,-0.0589997795254265,0.016));
#3864=CARTESIAN_POINT('',(0.0409108461835452,-0.0589960267130965,0.016));
#3865=CARTESIAN_POINT('',(0.0412171144260719,-0.0589744046275841,0.016));
#3866=CARTESIAN_POINT('',(0.0413187364769613,-0.058962530491499,0.016));
#3867=CARTESIAN_POINT('',(0.0415209516770075,-0.0589285033000618,0.016));
#3868=CARTESIAN_POINT('',(0.0416215738282452,-0.0589069931536871,0.016));
#3869=CARTESIAN_POINT('',(0.0419220056019088,-0.0588260267320882,0.016));
#3870=CARTESIAN_POINT('',(0.0421140503825162,-0.0587525231812126,0.016));
#3871=CARTESIAN_POINT('',(0.0424775356074762,-0.0585603577624685,0.016));
#3872=CARTESIAN_POINT('',(0.042648029540945,-0.0584381221460168,0.016));
#3873=CARTESIAN_POINT('',(0.0430824701954143,-0.0580019541741889,0.016));
#3874=CARTESIAN_POINT('',(0.0432726774950714,-0.0576189371975064,0.016));
#3875=CARTESIAN_POINT('',(0.0434343567917138,-0.0570207479700026,0.016));
#3876=CARTESIAN_POINT('',(0.0434669668063962,-0.0568185462746996,0.016));
#3877=CARTESIAN_POINT('',(0.043498838072814,-0.0564109550115962,0.016));
#3878=CARTESIAN_POINT('',(0.043499428620671,-0.0562054790998349,0.016));
#3879=CARTESIAN_POINT('',(0.0435,-0.056,0.016));
#3880=CARTESIAN_POINT('',(0.0405,-0.06,0.015));
#3881=CARTESIAN_POINT('',(0.0407210374467906,-0.0599996052521315,0.015));
#3882=CARTESIAN_POINT('',(0.0409387333970033,-0.0599964004100463,0.015));
#3883=CARTESIAN_POINT('',(0.041312909995852,-0.0599701981643881,0.015));
#3884=CARTESIAN_POINT('',(0.0414561772844706,-0.0599536256822748,0.015));
#3885=CARTESIAN_POINT('',(0.0417133651782071,-0.0599100196105771,0.015));
#3886=CARTESIAN_POINT('',(0.0418490024523331,-0.0598815258650906,0.015));
#3887=CARTESIAN_POINT('',(0.0422482107703777,-0.0597735008828595,0.015));
#3888=CARTESIAN_POINT('',(0.0425063066260362,-0.0596760064071056,0.015));
#3889=CARTESIAN_POINT('',(0.0430230539466004,-0.0594033905518288,0.015));
#3890=CARTESIAN_POINT('',(0.0432781503733322,-0.0592222446907026,0.015));
#3891=CARTESIAN_POINT('',(0.0439445809940149,-0.0585539968061434,0.015));
#3892=CARTESIAN_POINT('',(0.0442037559918207,-0.0580053052218332,0.015));
#3893=CARTESIAN_POINT('',(0.0444177750638641,-0.0572155357399503,0.015));
#3894=CARTESIAN_POINT('',(0.0444594479424539,-0.0569576151710154,0.015));
#3895=CARTESIAN_POINT('',(0.0444997614679005,-0.0564341771354082,0.015));
#3896=CARTESIAN_POINT('',(0.0444988557776872,-0.0562214492058288,0.015));
#3897=CARTESIAN_POINT('',(0.0445,-0.056,0.015));
#3898=CARTESIAN_POINT('',(0.0435,-0.056,0.016));
#3899=CARTESIAN_POINT('',(0.0438333333333333,-0.056,0.0156666666666667));
#3900=CARTESIAN_POINT('',(0.0441666666666667,-0.056,0.0153333333333333));
#3901=CARTESIAN_POINT('',(0.0445,-0.056,0.015));
#3902=CARTESIAN_POINT('',(-0.0405,0.059,0.016));
#3903=CARTESIAN_POINT('',(-0.0407055999554111,0.0589997795254265,0.016));
#3904=CARTESIAN_POINT('',(-0.0409108461835452,0.0589960267130965,0.016));
#3905=CARTESIAN_POINT('',(-0.0412171144260719,0.0589744046275841,0.016));
#3906=CARTESIAN_POINT('',(-0.0413187364769613,0.058962530491499,0.016));
#3907=CARTESIAN_POINT('',(-0.0415209516770075,0.0589285033000618,0.016));
#3908=CARTESIAN_POINT('',(-0.0416215738282452,0.0589069931536871,0.016));
#3909=CARTESIAN_POINT('',(-0.0419220056019088,0.0588260267320882,0.016));
#3910=CARTESIAN_POINT('',(-0.0421140503825162,0.0587525231812126,0.016));
#3911=CARTESIAN_POINT('',(-0.0424775356074762,0.0585603577624685,0.016));
#3912=CARTESIAN_POINT('',(-0.042648029540945,0.0584381221460168,0.016));
#3913=CARTESIAN_POINT('',(-0.0430824701954143,0.0580019541741889,0.016));
#3914=CARTESIAN_POINT('',(-0.0432726774950714,0.0576189371975064,0.016));
#3915=CARTESIAN_POINT('',(-0.0434343567917138,0.0570207479700026,0.016));
#3916=CARTESIAN_POINT('',(-0.0434669668063962,0.0568185462746996,0.016));
#3917=CARTESIAN_POINT('',(-0.043498838072814,0.0564109550115962,0.016));
#3918=CARTESIAN_POINT('',(-0.043499428620671,0.0562054790998349,0.016));
#3919=CARTESIAN_POINT('',(-0.0435,0.056,0.016));
#3920=CARTESIAN_POINT('',(-0.0405,0.06,0.015));
#3921=CARTESIAN_POINT('',(-0.0407210374467906,0.0599996052521315,0.015));
#3922=CARTESIAN_POINT('',(-0.0409387333970033,0.0599964004100463,0.015));
#3923=CARTESIAN_POINT('',(-0.041312909995852,0.0599701981643881,0.015));
#3924=CARTESIAN_POINT('',(-0.0414561772844706,0.0599536256822748,0.015));
#3925=CARTESIAN_POINT('',(-0.0417133651782071,0.0599100196105771,0.015));
#3926=CARTESIAN_POINT('',(-0.0418490024523331,0.0598815258650906,0.015));
#3927=CARTESIAN_POINT('',(-0.0422482107703777,0.0597735008828595,0.015));
#3928=CARTESIAN_POINT('',(-0.0425063066260362,0.0596760064071056,0.015));
#3929=CARTESIAN_POINT('',(-0.0430230539466004,0.0594033905518288,0.015));
#3930=CARTESIAN_POINT('',(-0.0432781503733322,0.0592222446907026,0.015));
#3931=CARTESIAN_POINT('',(-0.0439445809940149,0.0585539968061434,0.015));
#3932=CARTESIAN_POINT('',(-0.0442037559918207,0.0580053052218332,0.015));
#3933=CARTESIAN_POINT('',(-0.0444177750638641,0.0572155357399503,0.015));
#3934=CARTESIAN_POINT('',(-0.0444594479424539,0.0569576151710154,0.015));
#3935=CARTESIAN_POINT('',(-0.0444997614679005,0.0564341771354082,0.015));
#3936=CARTESIAN_POINT('',(-0.0444988557776872,0.0562214492058288,0.015));
#3937=CARTESIAN_POINT('',(-0.0445,0.056,0.015));
#3938=CARTESIAN_POINT('',(-0.0405,0.06,0.015));
#3939=CARTESIAN_POINT('',(-0.0405,0.0596666666666667,0.0153333333333333));
#3940=CARTESIAN_POINT('',(-0.0405,0.0593333333333333,0.0156666666666667));
#3941=CARTESIAN_POINT('',(-0.0405,0.059,0.016));
#3942=CARTESIAN_POINT('',(0.0435,1.00478306988292E-17,0.016));
#3943=CARTESIAN_POINT('',(0.0445,0.056,0.015));
#3944=CARTESIAN_POINT('',(0.0441666666666667,0.056,0.0153333333333333));
#3945=CARTESIAN_POINT('',(0.0438333333333333,0.056,0.0156666666666667));
#3946=CARTESIAN_POINT('',(0.0435,0.056,0.016));
#3947=CARTESIAN_POINT('',(5.86496725160623E-5,0.059,0.016));
#3948=CARTESIAN_POINT('',(0.0405,0.059,0.016));
#3949=CARTESIAN_POINT('',(0.0405,0.0593333333333333,0.0156666666666667));
#3950=CARTESIAN_POINT('',(0.0405,0.0596666666666667,0.0153333333333333));
#3951=CARTESIAN_POINT('',(0.0405,0.06,0.015));
#3952=CARTESIAN_POINT('',(0.0435,0.056,0.016));
#3953=CARTESIAN_POINT('',(0.0434997795254266,0.0562055999554114,0.016));
#3954=CARTESIAN_POINT('',(0.043496026713096,0.0564108461835456,0.016));
#3955=CARTESIAN_POINT('',(0.0434744046275826,0.0567171144260725,0.016));
#3956=CARTESIAN_POINT('',(0.0434625304914993,0.0568187364769622,0.016));
#3957=CARTESIAN_POINT('',(0.0434285033000653,0.0570209516770091,0.016));
#3958=CARTESIAN_POINT('',(0.0434069931536916,0.0571215738282472,0.016));
#3959=CARTESIAN_POINT('',(0.0433260267320917,0.0574220056019112,0.016));
#3960=CARTESIAN_POINT('',(0.0432525231812066,0.0576140503825144,0.016));
#3961=CARTESIAN_POINT('',(0.0430603577624576,0.05797753560747,0.016));
#3962=CARTESIAN_POINT('',(0.0429381221460048,0.0581480295409371,0.016));
#3963=CARTESIAN_POINT('',(0.0425019541741877,0.0585824701954199,0.016));
#3964=CARTESIAN_POINT('',(0.0421189371975038,0.0587726774950728,0.016));
#3965=CARTESIAN_POINT('',(0.0415207479700007,0.0589343567917141,0.016));
#3966=CARTESIAN_POINT('',(0.0413185462746988,0.0589669668064023,0.016));
#3967=CARTESIAN_POINT('',(0.0409109550115948,0.0589988380728081,0.016));
#3968=CARTESIAN_POINT('',(0.0407054790998347,0.0589994286206722,0.016));
#3969=CARTESIAN_POINT('',(0.0405,0.059,0.016));
#3970=CARTESIAN_POINT('',(0.0445,0.056,0.015));
#3971=CARTESIAN_POINT('',(0.0444996052521317,0.056221037446792,0.015));
#3972=CARTESIAN_POINT('',(0.0444964004100451,0.0564387333970152,0.015));
#3973=CARTESIAN_POINT('',(0.0444701981643868,0.0568129099958477,0.015));
#3974=CARTESIAN_POINT('',(0.0444536256822781,0.0569561772844495,0.015));
#3975=CARTESIAN_POINT('',(0.0444100196105826,0.0572133651782009,0.015));
#3976=CARTESIAN_POINT('',(0.0443815258650977,0.0573490024523262,0.015));
#3977=CARTESIAN_POINT('',(0.0442735008828557,0.0577482107704058,0.015));
#3978=CARTESIAN_POINT('',(0.0441760064070859,0.0580063066260644,0.015));
#3979=CARTESIAN_POINT('',(0.0439033905518149,0.0585230539465959,0.015));
#3980=CARTESIAN_POINT('',(0.0437222446906938,0.0587781503733143,0.015));
#3981=CARTESIAN_POINT('',(0.0430539968061761,0.0594445809940003,0.015));
#3982=CARTESIAN_POINT('',(0.0425053052217983,0.0597037559918351,0.015));
#3983=CARTESIAN_POINT('',(0.0417155357399594,0.0599177750638592,0.015));
#3984=CARTESIAN_POINT('',(0.041457615170967,0.0599594479424646,0.015));
#3985=CARTESIAN_POINT('',(0.0409341771353824,0.0599997614678958,0.015));
#3986=CARTESIAN_POINT('',(0.0407214492058201,0.0599988557776898,0.015));
#3987=CARTESIAN_POINT('',(0.0405,0.06,0.015));
#3988=CARTESIAN_POINT('',(0.,0.,0.015));
#3989=CARTESIAN_POINT('',(0.03918125,-0.01579750346247,0.015));
#3990=CARTESIAN_POINT('',(0.03918125,0.01152749653753,0.015));
#3991=CARTESIAN_POINT('',(0.03918125,-0.0431225034624699,0.015));
#3992=CARTESIAN_POINT('',(0.03668125,0.01152749653753,0.015));
#3993=CARTESIAN_POINT('',(0.03418125,0.01152749653753,0.015));
#3994=CARTESIAN_POINT('',(0.03418125,-0.01579750346247,0.015));
#3995=CARTESIAN_POINT('',(0.03418125,-0.0431225034624699,0.015));
#3996=CARTESIAN_POINT('',(0.03668125,-0.0431225034624699,0.015));
#3997=CARTESIAN_POINT('',(0.,0.,0.015));
#3998=CARTESIAN_POINT('',(-0.03418125,-0.01579750346247,0.015));
#3999=CARTESIAN_POINT('',(-0.03418125,0.01152749653753,0.015));
#4000=CARTESIAN_POINT('',(-0.03418125,-0.04312250346247,0.015));
#4001=CARTESIAN_POINT('',(-0.03668125,0.01152749653753,0.015));
#4002=CARTESIAN_POINT('',(-0.03918125,0.01152749653753,0.015));
#4003=CARTESIAN_POINT('',(-0.03918125,-0.01579750346247,0.015));
#4004=CARTESIAN_POINT('',(-0.03918125,-0.04312250346247,0.015));
#4005=CARTESIAN_POINT('',(-0.03668125,-0.04312250346247,0.015));
#4006=CARTESIAN_POINT('',(0.04018125,3.05661262749809E-17,0.016));
#4007=CARTESIAN_POINT('',(0.04018125,-0.0431225034624699,0.016));
#4008=CARTESIAN_POINT('',(0.03918125,0.01152749653753,0.015));
#4009=CARTESIAN_POINT('',(0.03668125,0.01152749653753,0.015));
#4010=CARTESIAN_POINT('',(0.03418125,0.01152749653753,0.015));
#4011=CARTESIAN_POINT('',(0.03668125,-0.0431225034624699,0.015));
#4012=CARTESIAN_POINT('',(0.03318125,-0.0431225034624699,0.016));
#4013=CARTESIAN_POINT('',(0.03418125,-0.01579750346247,0.015));
#4014=CARTESIAN_POINT('',(-0.03318125,8.44091993427666E-18,0.016));
#4015=CARTESIAN_POINT('',(-0.03318125,-0.04312250346247,0.016));
#4016=CARTESIAN_POINT('',(-0.03418125,0.01152749653753,0.015));
#4017=CARTESIAN_POINT('',(-0.03668125,0.01152749653753,0.016));
#4018=CARTESIAN_POINT('',(-0.03918125,0.01152749653753,0.015));
#4019=CARTESIAN_POINT('',(-0.03668125,-0.04312250346247,0.016));
#4020=CARTESIAN_POINT('',(-0.04018125,-0.04312250346247,0.016));
#4021=CARTESIAN_POINT('',(-0.03918125,-0.01579750346247,0.015));
#4022=MECHANICAL_DESIGN_GEOMETRIC_PRESENTATION_REPRESENTATION('',(#2192),
#4023);
#4023=(
GEOMETRIC_REPRESENTATION_CONTEXT(3)
GLOBAL_UNCERTAINTY_ASSIGNED_CONTEXT((#4024))
GLOBAL_UNIT_ASSIGNED_CONTEXT((#4027,#4026,#4025))
REPRESENTATION_CONTEXT('Bottom Case','TOP_LEVEL_ASSEMBLY_PART')
);
#4024=UNCERTAINTY_MEASURE_WITH_UNIT(LENGTH_MEASURE(2.00000000000139E-5),
#4027,'DISTANCE_ACCURACY_VALUE','Maximum Tolerance applied to model');
#4025=(
NAMED_UNIT(*)
SI_UNIT($,.STERADIAN.)
SOLID_ANGLE_UNIT()
);
#4026=(
NAMED_UNIT(*)
PLANE_ANGLE_UNIT()
SI_UNIT($,.RADIAN.)
);
#4027=(
LENGTH_UNIT()
NAMED_UNIT(*)
SI_UNIT($,.METRE.)
);
#4028=PRODUCT_DEFINITION_SHAPE('','',#4029);
#4029=PRODUCT_DEFINITION('','',#4031,#4030);
#4030=PRODUCT_DEFINITION_CONTEXT('',#4037,'design');
#4031=PRODUCT_DEFINITION_FORMATION_WITH_SPECIFIED_SOURCE('','',#4033,
 .NOT_KNOWN.);
#4032=PRODUCT_RELATED_PRODUCT_CATEGORY('','',(#4033));
#4033=PRODUCT('Bottom Case','Bottom Case','Bottom Case',(#4035));
#4034=PRODUCT_CATEGORY('','');
#4035=PRODUCT_CONTEXT('',#4037,'mechanical');
#4036=APPLICATION_PROTOCOL_DEFINITION('international standard',
'ap242_managed_model_based_3d_engineering',2020,#4037);
#4037=APPLICATION_CONTEXT('managed model based 3d engineering');
ENDSEC;
END-ISO-10303-21;
